# vtk DataFile Version 4.2
vtk output
ASCII
DATASET POLYDATA
POINTS 14440 float
-53.3182 99.244 -7.5987 -51.9046 105.828 -4.50499 -51.4202 106.312 -4.12445 
-51.2867 106.544 -3.97217 -51.1848 106.706 -3.86445 -50.2745 108.184 -2.83509 
-49.8391 108.718 -2.4433 -49.0008 110.111 -1.56099 -48.8877 110.343 -1.40359 
-48.1262 111.311 -0.812587 -46.953 112.685 0.0165259 -45.3248 115.547 1.21188 
-44.5527 116.517 1.70514 -44.5475 116.522 1.70844 -43.1287 119.294 2.7711 
-40.5043 122.503 4.38764 -39.9417 123.148 4.91528 -39.6835 123.39 5.14759 
-37.7837 125.215 5.5887 -36.3717 126.29 6.03041 -35.4315 127.226 6.1324 
-34.5178 128.143 6.35663 -33.5139 129.126 6.71536 -33.4722 129.167 6.72727 
-30.5958 131.641 8.00763 -29.9772 132.176 7.99225 -28.8534 133.177 8.07144 
-28.0571 133.763 8.12566 -24.1604 136.353 8.83037 -23.6188 136.67 8.93022 
-23.4448 136.762 8.96557 -23.1768 136.925 9.00883 -22.4675 137.373 9.17033 
-22.0984 137.697 9.24593 -21.5719 138.181 9.21134 -19.7234 139.836 8.95894 
-18.9705 140.64 9.66866 -18.9705 140.64 9.66866 -18.0434 141.631 10.5426 
-17.9385 141.706 10.6287 -16.29 143.035 12.1733 -16.0977 143.205 12.3521 
-15.9851 143.303 12.4446 -15.7128 143.523 12.7361 -15.3912 143.718 12.9719 
-14.2427 145.01 14.7652 -13.6338 145.186 16.657 -13.4801 145.24 17.146 
-13.41 145.279 17.4538 -13.3553 145.38 17.8609 -13.3553 145.38 17.8609 
-13.328 145.43 18.0645 -13.1303 145.653 19.1125 -13.124 145.659 19.1572 
-13.0654 145.632 20.0506 -12.8545 145.779 21.6539 -12.8252 145.802 21.9393 
-12.7601 146.017 23.4891 -12.7477 146.113 24.518 -12.7369 146.102 24.6985 
-12.6536 146.095 25.2376 -12.6421 146.093 25.3297 -12.2252 146.442 27.4522 
-12.1977 146.405 27.6242 -12.0468 146.808 29.4609 -11.9989 146.825 29.776 
-11.9901 146.819 29.8966 -11.9083 146.837 30.3602 -11.7616 146.974 32.1121 
-11.7804 146.984 32.3346 -11.822 147.027 33.7168 -11.9632 146.939 35.4417 
-11.9319 146.921 35.6647 -11.9343 146.892 36.1124 -11.8146 146.901 37.0432 
-11.8627 146.904 37.4359 -11.8864 147.03 39.4262 -11.8793 147.219 40.0798 
-11.8559 147.477 40.6435 -11.8829 147.598 41.0375 -11.9823 147.868 41.8446 
-11.9746 147.957 43.267 -11.9355 148.016 43.5748 -11.8485 148.163 44.1231 
-11.8154 148.216 44.2901 -11.8083 148.223 44.3126 -11.7404 148.392 44.9175 
-11.7168 148.543 45.2862 -11.7455 148.704 45.7449 -11.7538 148.729 45.8721 
-11.7641 148.743 45.9639 -11.7878 149.046 46.8922 -11.8138 149.091 47.033 
-11.9294 149.383 47.7595 -12.279 149.709 48.4753 -12.3618 149.768 48.5976 
-12.605 149.864 48.9184 -12.606 149.864 48.9197 -13.492 150.355 49.8777 
-13.9713 150.546 50.2707 -14.2204 150.662 50.3974 -15.6549 150.93 51.1009 
-16.8389 151.158 51.5731 -17.0877 151.193 51.5931 -17.1035 151.194 51.5958 
-17.8773 151.268 51.7633 -18.6761 151.476 51.9198 -18.6782 151.477 51.9205 
-19.6227 151.835 52.0277 -19.9358 151.948 52.0159 -20.016 151.969 52.0288 
-20.1666 152 52.0408 -20.6771 152.187 52.1447 -20.901 152.279 52.1892 
-22.3194 152.573 52.0487 -22.581 152.661 51.9974 -23.2278 152.795 51.8875 
-23.3155 152.812 51.8715 -23.8901 152.894 51.7533 -24.7486 152.846 51.7065 
-24.9233 152.833 51.7204 -25.5532 152.862 51.7092 -26.0834 152.828 51.5939 
-26.8646 152.78 51.4275 -27.08 152.751 51.3693 -27.4972 152.73 51.299 
-28.169 152.649 51.0304 -28.4104 152.584 50.9083 -28.8486 152.545 50.7718 
-29.1032 152.487 50.6457 -29.6777 152.425 50.4146 -29.6876 152.422 50.4111 
-30.1782 152.308 50.2871 -30.6798 151.989 50.1562 -30.7373 151.971 50.1351 
-31.6722 151.763 49.8345 -31.8079 151.699 49.7614 -31.8145 151.696 49.7578 
-32.2397 151.579 49.5586 -32.4456 151.508 49.4836 -32.5409 151.479 49.4598 
-33.4711 151.227 49.3303 -33.8046 151.174 49.183 -34.9022 150.801 48.9507 
-34.9146 150.796 48.9494 -35.4504 150.683 48.9108 -36.2137 150.519 48.8641 
-37.1467 150.466 48.8209 -38.73 150.399 48.7447 -39.0979 150.351 48.8664 
-39.1668 150.357 48.8893 -40.3773 150.427 48.8905 -40.7988 150.479 48.8998 
-41.0118 150.518 48.9812 -42.1835 150.593 49.1545 -42.3259 150.596 49.1982 
-42.3347 150.596 49.1993 -42.9558 150.663 49.2496 -43.0301 150.676 49.2484 
-43.0969 150.679 49.2467 -43.3027 150.675 49.2767 -44.7183 150.849 49.2813 
-44.7882 150.868 49.2674 -44.7882 150.868 49.2674 -45.1108 151.012 49.2273 
-45.1149 151.015 49.2263 -45.5895 151.146 49.1326 -46.5048 151.233 48.8719 
-47.27 151.505 48.593 -47.7009 151.719 48.3092 -47.9148 151.844 48.2609 
-47.994 151.911 48.2555 -48.2655 152.116 48.181 -48.475 152.254 48.1556 
-48.743 152.456 48.1083 -49.4803 152.936 47.7981 -49.5862 152.979 47.7706 
-50.0904 153.269 47.5203 -50.3181 153.432 47.4085 -50.6651 153.64 47.2575 
-51.1155 153.958 46.9991 -52.0512 154.653 46.5124 -52.7497 155.181 46.2143 
-52.7531 155.184 46.2123 -52.8437 155.274 46.1203 -52.888 155.35 46.0554 
-53.354 155.914 45.5771 -53.5421 156.078 45.4404 -53.9177 156.35 45.2274 
-54.1632 156.601 45.044 -54.175 156.612 45.0364 -54.6927 157.316 44.5676 
-54.7086 157.331 44.5487 -55.1125 157.803 44.2838 -55.1853 157.9 44.2351 
-55.2012 157.934 44.2169 -55.3797 158.205 44.0322 -55.4972 158.421 43.8487 
-55.6307 158.643 43.6839 -55.8357 158.915 43.485 -55.907 159.025 43.4132 
-56.2582 159.527 42.9443 -56.4459 159.914 42.5461 -56.4666 159.958 42.5125 
-56.4825 160.011 42.4753 -56.5995 160.317 42.1326 -56.6135 160.389 42.046 
-56.9636 161.129 41.0543 -56.9924 161.161 40.9993 -57.0034 161.17 40.983 
-53.3182 99.244 -7.5987 -51.9046 105.828 -4.50499 -51.4202 106.312 -4.12445 
-51.2867 106.544 -3.97217 -51.1848 106.706 -3.86445 -50.2745 108.184 -2.83509 
-49.8391 108.718 -2.4433 -49.0008 110.111 -1.56099 -48.8877 110.343 -1.40359 
-48.1262 111.311 -0.812587 -46.953 112.685 0.0165259 -45.3248 115.547 1.21188 
-44.5527 116.517 1.70514 -44.5475 116.522 1.70844 -43.1287 119.294 2.7711 
-40.5043 122.503 4.38764 -39.9417 123.148 4.91528 -39.6835 123.39 5.14759 
-37.7837 125.215 5.5887 -36.3717 126.29 6.03041 -35.4315 127.226 6.1324 
-34.5178 128.143 6.35663 -33.5139 129.126 6.71536 -33.4722 129.167 6.72727 
-30.5958 131.641 8.00763 -29.9772 132.176 7.99225 -28.8534 133.177 8.07144 
-28.0571 133.763 8.12566 -24.1604 136.353 8.83037 -23.6188 136.67 8.93022 
-23.4448 136.762 8.96557 -23.1768 136.925 9.00883 -22.4675 137.373 9.17033 
-22.0984 137.697 9.24593 -21.5719 138.181 9.21134 -19.7832 139.815 8.9538 
-19.7832 139.815 8.9538 -19.0915 140.447 8.85421 -18.7369 140.675 8.66544 
-16.5097 142.091 7.45014 -15.9877 142.503 7.14325 -15.3708 143.017 6.78354 
-14.6322 143.608 6.40118 -13.2945 144.596 5.70181 -10.9451 145.84 4.21725 
-10.9451 145.84 4.21725 -8.14436 147.323 2.44751 -5.83559 147.631 1.23636 
-2.37486 148.692 -1.20702 -1.58065 149.112 -1.14445 0.489618 150.63 -0.961998 
0.501049 150.642 -0.961552 1.59589 151.612 -1.03008 1.74233 151.76 -0.995516 
3.58147 153.32 -0.477966 3.73045 153.451 -0.440435 4.23375 153.755 -0.157902 
4.23375 153.755 -0.157902 4.97034 154.2 0.255597 5.79015 154.447 0.787588 
7.26461 154.862 1.3959 7.75261 155.071 1.74794 8.40885 155.343 2.62 
9.15222 155.642 3.50184 9.56446 155.739 4.35067 9.97161 155.782 4.93377 
10.453 155.788 5.39586 10.8801 155.654 6.20349 10.8801 155.654 6.20349 
10.9475 155.633 6.33101 11.0261 155.648 6.55153 11.0892 155.645 6.73375 
11.2978 155.664 7.30421 11.3043 155.663 7.31692 11.6305 155.699 8.11439 
11.8556 155.464 9.33436 11.9212 155.388 9.553 11.9721 155.281 10.0025 
12.0016 155.216 10.3369 12.0055 155.195 10.494 12.2421 155.063 11.4008 
12.2928 154.928 12.1546 12.2858 154.819 12.6426 12.1962 154.744 13.2308 
12.1828 154.715 13.3578 12.1608 154.623 13.6522 12.0918 154.514 14.1537 
11.7228 154.361 15.0498 11.7062 154.347 15.1018 11.4701 154.131 15.6954 
11.0233 153.861 16.6621 10.887 153.795 16.8967 10.8822 153.792 16.9069 
9.89517 153.526 18.3141 9.73319 153.54 18.4629 8.83963 153.722 19.2144 
8.61993 153.742 19.6135 8.33323 153.807 20.0432 8.11931 153.868 20.2507 
7.95401 153.869 20.3674 7.36107 153.819 20.8967 6.5608 153.918 21.43 
5.93657 154.126 21.7865 5.90647 154.144 21.8061 5.86068 154.169 21.8461 
5.7399 154.242 21.9389 4.56077 154.853 23.0425 3.51029 155.039 23.4199 
2.8549 155.391 23.9207 2.23211 155.789 24.5581 2.07501 155.937 24.7269 
1.86257 156.075 24.8869 1.64815 156.231 24.9996 0.758736 156.836 25.5459 
-0.0736547 157.304 26.0597 -0.178957 157.375 26.1805 -0.436972 157.615 26.4587 
-0.789953 157.869 26.657 -1.83156 158.569 27.4484 -2.85806 159.577 28.1192 
-2.96413 159.653 28.208 -3.13731 159.782 28.3696 -3.14324 159.787 28.3762 
-3.45167 160.042 28.6059 -3.64088 160.173 28.7021 -4.57402 160.851 29.127 
-4.68833 160.96 29.2379 -4.86686 161.15 29.3543 -4.88849 161.174 29.376 
-5.10394 161.408 29.5644 -5.16986 161.479 29.6165 -5.18159 161.491 29.6259 
-5.1962 161.506 29.637 -5.2579 161.567 29.6842 -5.25942 161.568 29.6853 
-5.51436 161.768 29.8628 -5.56973 161.815 29.9117 -5.73088 161.951 30.0209 
-6.34856 162.358 30.4524 -6.53672 162.491 30.5651 -6.57096 162.509 30.5812 
-6.7832 162.642 30.7371 -6.89857 162.727 30.8213 -6.8995 162.728 30.822 
-6.9451 162.764 30.8544 -6.9451 162.764 30.8544 -7.06461 162.847 30.9284 
-7.06606 162.848 30.9293 -7.36607 163.087 31.1082 -7.42868 163.135 31.1366 
-7.7638 163.435 31.3274 -8.23573 163.695 31.4763 -8.25543 163.706 31.4842 
-8.47111 163.874 31.6408 -9.22262 164.406 32.1107 -9.71679 164.737 32.2716 
-10.7266 165.312 32.8232 -10.7278 165.313 32.8237 -11.2169 165.67 33.1136 
-11.8876 165.967 33.6364 -11.9354 165.983 33.6538 -11.9957 165.992 33.6909 
-12.1179 165.987 33.765 -12.5249 166.094 33.9286 -13.3112 166.301 34.3191 
-13.9667 166.53 34.7978 -14.1287 166.564 34.8713 -14.4955 166.725 35.2334 
-15.7114 167.122 35.9435 -16.0419 167.118 36.296 -16.144 167.09 36.3912 
-17.3711 166.924 36.953 -18.5774 166.723 37.9636 -18.6296 166.724 37.9926 
-20.1835 166.512 39.7003 -20.7536 166.495 40.0898 -21.1138 166.459 40.4468 
-21.1876 166.466 40.5273 -21.8631 166.364 41.3483 -22.1242 166.293 41.8374 
-22.5148 166.255 42.2871 -22.7828 166.102 42.7774 -22.9654 166.028 43.0339 
-23.0452 165.982 43.1661 -23.1973 165.884 43.5032 -23.3417 165.805 43.7903 
-23.4521 165.755 43.9523 -23.912 165.559 44.8056 -24.2192 165.323 45.4436 
-24.2269 165.314 45.4619 -24.4937 164.967 46.0945 -24.5313 164.938 46.2138 
-24.5399 164.931 46.244 -24.8447 164.614 47.5379 -24.867 164.615 47.5805 
-25.0013 164.548 47.906 -25.069 164.463 48.3293 -25.1078 164.416 48.475 
-25.1953 164.032 49.7879 -25.1232 163.936 50.4712 -25.1216 163.899 50.6192 
-25.121 163.898 50.622 -25.0701 163.71 51.1457 -25.049 163.622 51.4491 
-25.0481 163.591 51.5532 -25.0466 163.524 51.7268 -24.8898 163.215 52.4896 
-24.8791 163.204 52.5352 -24.8791 163.204 52.5352 -24.7463 162.831 53.4263 
-24.6753 162.622 53.8336 -24.5575 162.464 54.2655 -24.2984 162.197 55.0152 
-23.9394 161.813 55.8938 -23.9255 161.797 55.9196 -23.765 161.669 56.1483 
-23.5123 161.344 56.6524 -23.5014 161.336 56.669 -23.5014 161.336 56.669 
-23.3165 161.191 56.9803 -22.9718 160.73 58.0314 -22.6879 160.592 58.3947 
-22.6427 160.558 58.4542 -22.6185 160.537 58.4976 -22.4217 160.431 58.7831 
-22.0091 160.117 59.6457 -21.9917 160.107 59.6898 -21.78 160.031 60.1144 
-21.1898 159.783 60.8009 -20.8534 159.656 61.3875 -20.5752 159.53 61.8824 
-20.4518 159.488 62.0558 -20.3193 159.413 62.3869 -20.2547 159.357 62.5447 
-19.46 159.103 63.7615 -18.9264 159.129 64.4631 -18.8454 159.136 64.6217 
-18.4826 159.027 65.1599 -18.0212 158.899 66.1332 -18.0127 158.899 66.145 
-17.4826 158.756 66.9014 -17.4099 158.763 66.9778 -17.1354 158.858 67.3696 
-16.445 158.98 68.263 -16.2888 159.055 68.4856 -16.207 159.088 68.6224 
-16.0338 159.117 68.9714 -15.8356 159.167 69.3568 -15.6301 159.153 69.6851 
-15.4816 159.169 69.9646 -15.0074 159.361 70.9024 -14.9454 159.418 71.0947 
-14.4843 159.635 71.8667 -14.3917 159.712 72.103 -14.0862 159.842 72.5175 
-13.7758 159.966 72.9631 -13.7536 159.973 72.9994 -13.2839 160.166 74.305 
-13.2359 160.192 74.3852 -12.9591 160.404 74.9103 -12.4344 160.715 75.8101 
-12.3968 160.744 75.8879 -12.1284 160.916 76.3269 -12.1168 160.926 76.3489 
-11.879 161.112 76.9021 -11.6275 161.372 77.4821 -11.5857 161.43 77.6309 
-11.5857 161.43 77.6309 -11.5743 161.441 77.659 -11.1988 161.747 78.4494 
-11.1391 161.778 78.547 -10.8462 162 79.1322 -10.6798 162.176 79.4777 
-10.425 162.329 79.9256 -10.1022 162.919 80.9907 -10.0431 162.966 81.0878 
-9.76653 163.216 81.6248 -9.48264 163.469 82.3116 -9.22152 163.77 82.9721 
-8.76098 164.368 83.8943 -8.51371 164.622 84.3821 -8.47806 164.675 84.4755 
-8.40169 164.827 84.658 -8.0747 165.438 85.8123 -8.0649 165.447 85.8353 
-7.99785 165.515 86.0186 -7.91344 165.614 86.2382 -7.88555 165.648 86.3029 
-7.82616 165.729 86.4635 -7.59344 166.1 87.0143 -7.57381 166.123 87.0631 
-7.54044 166.189 87.1754 -7.53976 166.19 87.1777 -7.34643 166.554 87.7718 
-7.18574 166.943 88.7106 -7.16732 167.011 88.7952 -7.04672 167.288 89.1579 
-7.02982 167.335 89.2317 -6.84117 167.664 89.772 -6.7196 167.981 90.2143 
-6.43627 168.522 91.5207 -6.38708 168.557 91.6265 -6.40593 168.853 92.216 
-6.33938 169.04 92.6827 -6.28286 169.127 92.9638 -6.26477 169.167 93.0804 
-6.23287 169.315 93.3404 -6.07623 169.728 94.5553 -6.07484 169.735 94.5668 
-5.98873 170.085 95.221 -5.9876 170.13 95.2981 -5.98066 170.224 95.4371 
-5.98706 170.308 95.6151 -5.96982 170.396 95.8636 -5.96928 170.456 96.0656 
-5.91584 170.635 96.4594 -5.92187 170.718 96.6616 -5.9696 171.181 98.196 
-5.98683 171.269 98.3196 -6.0357 171.582 98.9711 -6.05134 171.712 99.397 
-5.97894 171.847 99.7315 -5.96325 171.878 99.8013 -5.94193 171.95 99.9593 
-5.86801 172.391 100.946 -5.82456 172.474 101.211 -5.80195 172.519 101.314 
-5.792 172.545 101.373 -5.74433 172.889 102.28 -5.78541 172.961 102.553 
-5.83028 173.041 102.741 -5.85783 173.445 103.804 -5.85614 173.451 103.827 
-5.84249 173.506 103.995 -5.81893 173.796 104.701 -5.83158 173.952 104.959 
-5.8622 174.104 105.188 -5.9028 174.356 105.74 -5.95329 174.41 105.898 
-6.05797 174.759 106.78 -6.19481 175.098 107.321 -6.19662 175.101 107.325 
-6.27277 175.328 107.634 -6.27598 175.557 108.06 -6.28923 175.669 108.342 
-6.32279 175.809 108.623 -6.39784 176.091 109.352 -6.4031 176.115 109.386 
-6.4031 176.115 109.386 -6.53347 176.398 109.982 -6.74877 176.646 110.711 
-6.77626 176.701 110.823 -7.1668 177.107 111.824 -7.17101 177.12 111.847 
-7.18254 177.17 111.95 -7.23174 177.294 112.176 -7.33739 177.388 112.433 
-7.46166 177.677 112.786 -7.78459 178.408 114.119 -7.78459 178.408 114.119 
-7.81707 178.482 114.253 -7.9369 178.749 114.57 -7.96506 178.791 114.601 
-8.16721 179.087 114.874 -8.26978 179.193 114.966 -8.48914 179.356 115.084 
-8.51222 179.382 115.099 -8.99055 179.799 115.312 -9.53837 180.509 115.628 
-9.57593 180.586 115.638 -9.71295 180.774 115.678 -9.78703 180.844 115.707 
-9.81099 180.87 115.723 -9.85468 180.928 115.756 -9.85468 180.928 115.756 
-9.89836 180.987 115.789 -10.2335 181.445 116.143 -10.5028 181.67 116.352 
-10.5038 181.671 116.352 -11.2032 182.5 116.737 -11.3238 182.619 116.852 
-11.6957 183.35 117.728 -12.0472 183.695 118.006 -12.4642 184.363 118.524 
-12.5153 184.474 118.644 -12.5227 184.479 118.655 -12.599 184.541 118.697 
-13.0702 185.09 119.152 -13.1425 185.182 119.236 -13.1644 185.234 119.279 
-13.2366 185.345 119.387 -13.3087 185.437 119.463 -13.6148 185.749 119.802 
-13.8161 185.937 119.982 -13.8253 185.943 119.988 -13.8253 185.943 119.988 
-14.2751 186.321 120.453 -14.286 186.336 120.469 -14.3547 186.401 120.508 
-14.3805 186.428 120.524 -14.6508 186.715 120.797 -14.7448 186.774 120.892 
-15.0976 187.193 121.46 -15.1375 187.218 121.517 -15.1993 187.272 121.594 
-15.1993 187.272 121.594 -15.7626 187.625 122.013 -15.794 187.649 122.058 
-16.2134 188.127 122.652 -16.4082 188.182 122.778 -16.9328 188.483 123.411 
-17.1572 188.549 123.572 -17.2369 188.605 123.661 -17.298 188.656 123.785 
-17.3053 188.667 123.813 -17.3294 188.693 123.905 -17.3317 188.694 123.912 
-17.6048 188.857 124.62 -17.6406 188.878 124.668 -17.868 189.056 125.086 
-18.0449 189.172 125.725 -18.0586 189.2 125.811 -18.1585 189.227 126.205 
-18.1744 189.258 126.408 -18.1769 189.26 126.431 -18.241 189.254 126.782 
-18.352 189.083 127.398 -18.3359 188.985 127.902 -18.3556 188.946 128.076 
-53.3182 99.244 -7.5987 -51.9046 105.828 -4.50499 -51.4202 106.312 -4.12445 
-51.2867 106.544 -3.97217 -51.1848 106.706 -3.86445 -50.2745 108.184 -2.83509 
-49.8391 108.718 -2.4433 -49.0008 110.111 -1.56099 -48.8877 110.343 -1.40359 
-48.1262 111.311 -0.812587 -46.953 112.685 0.0165259 -45.3248 115.547 1.21188 
-44.5527 116.517 1.70514 -44.5475 116.522 1.70844 -43.1287 119.294 2.7711 
-40.5043 122.503 4.38764 -39.9417 123.148 4.91528 -39.6835 123.39 5.14759 
-37.7837 125.215 5.5887 -36.3717 126.29 6.03041 -35.4315 127.226 6.1324 
-34.5178 128.143 6.35663 -33.5139 129.126 6.71536 -33.4722 129.167 6.72727 
-30.5958 131.641 8.00763 -29.9772 132.176 7.99225 -28.8534 133.177 8.07144 
-28.0571 133.763 8.12566 -24.1604 136.353 8.83037 -23.6188 136.67 8.93022 
-23.4448 136.762 8.96557 -23.1768 136.925 9.00883 -22.4675 137.373 9.17033 
-22.0984 137.697 9.24593 -21.5719 138.181 9.21134 -19.7832 139.815 8.9538 
-19.7832 139.815 8.9538 -19.0915 140.447 8.85421 -18.7369 140.675 8.66544 
-16.5097 142.091 7.45014 -15.9877 142.503 7.14325 -15.3708 143.017 6.78354 
-14.6322 143.608 6.40118 -13.2945 144.596 5.70181 -10.9451 145.84 4.21725 
-10.9451 145.84 4.21725 -8.14436 147.323 2.44751 -5.83559 147.631 1.23636 
-2.12709 148.391 -1.19847 -0.943853 148.658 -2.41167 -0.943853 148.658 -2.41167 
-0.728333 148.707 -2.63265 -0.499975 148.743 -2.84398 0.106442 148.815 -3.30436 
2.53934 149.356 -4.27016 2.5913 149.371 -4.29769 6.69872 150.912 -5.72749 
7.77139 151.239 -6.50774 8.61785 151.803 -7.27674 8.63976 151.821 -7.29894 
9.02483 152.063 -7.64908 9.71078 152.234 -8.17078 9.71078 152.234 -8.17078 
12.7248 152.987 -10.4631 13.2525 153.119 -10.9039 13.8222 153.11 -11.2611 
16.1776 152.912 -12.6951 17.5047 152.562 -13.4304 19.3783 152.716 -13.2912 
19.3783 152.716 -13.2912 21.1295 152.86 -13.161 21.154 152.865 -13.1522 
21.154 152.865 -13.1522 22.7055 153.106 -12.5722 25.3628 153.305 -11.5103 
26.3775 153.378 -11.1298 27.1614 153.643 -10.5398 27.3732 153.627 -10.174 
27.5627 153.546 -9.86172 28.2252 153.512 -8.45162 28.3907 153.47 -8.02264 
28.8381 153.518 -6.78485 28.8723 153.516 -6.63384 28.8806 153.51 -6.59473 
28.8806 153.51 -6.59473 29.2362 153.244 -4.91285 29.4853 153.327 -3.55915 
29.599 153.297 -3.04304 29.6197 153.278 -2.85843 29.6525 153.243 -2.10526 
29.6861 153.169 -1.60438 29.6904 153.158 -1.55039 29.7058 153.122 -1.42588 
29.6718 152.865 -0.244122 29.5587 152.67 0.638197 29.368 152.358 1.71975 
29.3412 152.356 1.81128 28.6407 151.714 3.65695 28.4615 151.589 4.02141 
28.3296 151.48 4.38373 28.2914 151.397 4.48792 27.0409 149.766 6.56685 
26.8341 149.592 6.74503 26.4991 149.299 7.09774 25.8077 148.451 8.40204 
24.3902 147.227 9.78236 24.1814 147.162 10.0273 23.1686 146.195 11.4223 
23.1011 146.154 11.469 22.2126 145.445 12.3675 21.1045 144.186 13.1427 
20.8534 143.785 13.4879 20.5206 143.351 13.9131 19.9276 142.64 14.7267 
19.8122 142.446 14.9241 19.4142 142.134 15.2995 18.5402 141.295 16.4585 
17.8138 140.25 17.4237 17.4708 139.79 17.8626 16.8483 139.053 18.6947 
16.699 138.825 18.888 16.6886 138.816 18.9032 16.2551 138.453 19.6298 
15.6406 137.82 20.7871 15.6337 137.815 20.7964 15.1257 137.223 21.629 
15.111 137.204 21.6516 15.1104 137.204 21.6525 14.2425 135.958 23.434 
14.1842 135.842 23.6352 13.8951 135.442 24.2204 13.854 135.392 24.2817 
13.7577 135.184 24.5407 13.034 134.158 26.3654 12.8794 133.924 26.7905 
12.89 133.813 26.9828 12.7573 133.612 27.6779 12.5044 133.288 29.0425 
12.495 133.269 29.1098 12.4772 133.206 29.3084 12.464 133.166 29.4702 
12.1968 132.719 30.8046 12.027 132.424 31.3268 11.9276 132.288 31.587 
11.6568 132.017 32.0426 11.6568 132.017 32.0426 11.5423 131.902 32.2352 
11.0614 130.734 33.1476 11.0545 130.705 33.176 11.0545 130.705 33.176 
11.0811 130.259 33.5484 11.1327 129.65 33.9458 11.1559 129.389 34.1081 
11.2098 129.185 34.2263 11.3455 128.726 34.5498 11.3979 128.543 34.6468 
11.5033 128.325 34.7858 11.9576 127.491 35.5687 12.0047 127.439 35.6384 
12.0047 127.439 35.6384 12.554 126.831 36.4521 13.0232 126.416 37.2538 
14.1858 125.912 38.8878 15.4152 126.011 40.103 16.311 126.427 40.7696 
16.7895 126.696 41.2794 17.592 127.284 41.8967 18.5196 128.268 42.5521 
18.8716 128.732 42.8991 19.1951 129.072 43.1892 19.3907 129.261 43.3857 
20.308 130.136 44.1311 20.3391 130.158 44.1526 20.7114 130.347 44.3337 
21.5807 131.059 45.0386 22.3364 131.558 45.6486 22.4132 131.625 45.6927 
22.4132 131.625 45.6927 23.6772 132.542 46.3231 23.6932 132.556 46.3322 
23.7546 132.602 46.3613 24.1851 133.056 46.4688 25.0003 133.998 46.883 
26.1778 135.962 47.4282 26.1869 135.981 47.4391 26.3826 136.401 47.6054 
26.5452 136.907 47.763 26.6449 137.188 47.954 26.6574 137.379 48.0945 
-53.3182 99.244 -7.5987 -51.9046 105.828 -4.50499 -51.4202 106.312 -4.12445 
-51.2867 106.544 -3.97217 -51.1848 106.706 -3.86445 -50.2745 108.184 -2.83509 
-49.8391 108.718 -2.4433 -49.0008 110.111 -1.56099 -48.8877 110.343 -1.40359 
-48.1262 111.311 -0.812587 -46.953 112.685 0.0165259 -45.3248 115.547 1.21188 
-44.5527 116.517 1.70514 -44.5475 116.522 1.70844 -43.1287 119.294 2.7711 
-40.5043 122.503 4.38764 -39.9417 123.148 4.91528 -39.6835 123.39 5.14759 
-37.7837 125.215 5.5887 -36.3717 126.29 6.03041 -35.4315 127.226 6.1324 
-34.5178 128.143 6.35663 -33.5139 129.126 6.71536 -33.4722 129.167 6.72727 
-30.5958 131.641 8.00763 -29.9772 132.176 7.99225 -28.8534 133.177 8.07144 
-28.0571 133.763 8.12566 -24.1604 136.353 8.83037 -23.6188 136.67 8.93022 
-23.4448 136.762 8.96557 -23.1768 136.925 9.00883 -22.4675 137.373 9.17033 
-22.0984 137.697 9.24593 -21.5719 138.181 9.21134 -19.7832 139.815 8.9538 
-19.7832 139.815 8.9538 -19.0915 140.447 8.85421 -18.7369 140.675 8.66544 
-16.5097 142.091 7.45014 -15.9877 142.503 7.14325 -15.3708 143.017 6.78354 
-14.6322 143.608 6.40118 -13.2945 144.596 5.70181 -10.9451 145.84 4.21725 
-10.9451 145.84 4.21725 -8.14436 147.323 2.44751 -5.83559 147.631 1.23636 
-2.12709 148.391 -1.19847 -0.943853 148.658 -2.41167 -0.943853 148.658 -2.41167 
-0.728333 148.707 -2.63265 -0.499975 148.743 -2.84398 0.106442 148.815 -3.30436 
2.53934 149.356 -4.27016 2.5913 149.371 -4.29769 6.69872 150.912 -5.72749 
7.77139 151.239 -6.50774 8.61785 151.803 -7.27674 8.63976 151.821 -7.29894 
9.02483 152.063 -7.64908 9.71078 152.234 -8.17078 9.71078 152.234 -8.17078 
12.7248 152.987 -10.4631 13.2525 153.119 -10.9039 13.8222 153.11 -11.2611 
16.1776 152.912 -12.6951 17.5047 152.562 -13.4304 19.3783 152.716 -13.2912 
19.3783 152.716 -13.2912 21.1295 152.86 -13.161 21.154 152.865 -13.1522 
21.154 152.865 -13.1522 22.7055 153.106 -12.5722 25.3628 153.305 -11.5103 
26.3775 153.378 -11.1298 27.1614 153.643 -10.5398 27.3732 153.627 -10.174 
27.5627 153.546 -9.86172 28.2252 153.512 -8.45162 28.3907 153.47 -8.02264 
28.8381 153.518 -6.78485 28.8723 153.516 -6.63384 28.8806 153.51 -6.59473 
28.8806 153.51 -6.59473 29.2362 153.244 -4.91285 29.4853 153.327 -3.55915 
29.599 153.297 -3.04304 29.6197 153.278 -2.85843 29.6525 153.243 -2.10526 
29.6861 153.169 -1.60438 29.6904 153.158 -1.55039 29.7058 153.122 -1.42588 
29.6718 152.865 -0.244122 29.5587 152.67 0.638197 29.368 152.358 1.71975 
29.3412 152.356 1.81128 28.6407 151.714 3.65695 28.4615 151.589 4.02141 
28.3296 151.48 4.38373 28.2914 151.397 4.48792 27.0409 149.766 6.56685 
26.8341 149.592 6.74503 26.4991 149.299 7.09774 25.8077 148.451 8.40204 
24.3902 147.227 9.78236 24.1814 147.162 10.0273 23.1686 146.195 11.4223 
23.1011 146.154 11.469 22.2126 145.445 12.3675 21.1045 144.186 13.1427 
20.8534 143.785 13.4879 20.5206 143.351 13.9131 19.9276 142.64 14.7267 
19.8122 142.446 14.9241 19.4142 142.134 15.2995 18.5402 141.295 16.4585 
17.8138 140.25 17.4237 17.4708 139.79 17.8626 16.8483 139.053 18.6947 
16.699 138.825 18.888 16.6886 138.816 18.9032 16.2551 138.453 19.6298 
15.6406 137.82 20.7871 15.6337 137.815 20.7964 15.1257 137.223 21.629 
15.111 137.204 21.6516 15.1104 137.204 21.6525 14.2425 135.958 23.434 
14.1842 135.842 23.6352 13.8951 135.442 24.2204 13.854 135.392 24.2817 
13.7577 135.184 24.5407 13.034 134.158 26.3654 12.8794 133.924 26.7905 
12.89 133.813 26.9828 12.7573 133.612 27.6779 12.5044 133.288 29.0425 
12.495 133.269 29.1098 12.4772 133.206 29.3084 12.464 133.166 29.4702 
12.1968 132.719 30.8046 12.027 132.424 31.3268 11.9276 132.288 31.587 
11.6568 132.017 32.0426 11.6568 132.017 32.0426 11.5423 131.902 32.2352 
11.0614 130.734 33.1476 11.0545 130.705 33.176 11.0545 130.705 33.176 
11.0811 130.259 33.5484 11.1327 129.65 33.9458 11.1559 129.389 34.1081 
11.2098 129.185 34.2263 11.3455 128.726 34.5498 11.3979 128.543 34.6468 
11.5033 128.325 34.7858 11.9576 127.491 35.5687 12.0047 127.439 35.6384 
12.0047 127.439 35.6384 12.554 126.831 36.4521 13.0232 126.416 37.2538 
14.1858 125.912 38.8878 15.4152 126.011 40.103 16.311 126.427 40.7696 
16.7895 126.696 41.2794 17.592 127.284 41.8967 18.5196 128.268 42.5521 
18.8716 128.732 42.8991 19.1951 129.072 43.1892 19.3907 129.261 43.3857 
20.308 130.136 44.1311 20.3391 130.158 44.1526 20.7114 130.347 44.3337 
21.2867 130.83 44.7354 22.0688 131.357 45.4362 22.1289 131.387 45.4765 
22.2862 131.486 45.5739 23.0251 132.065 45.9064 24.3124 132.776 46.3334 
25.3876 133.092 46.6048 25.4093 133.102 46.6073 25.4093 133.102 46.6073 
25.5482 133.166 46.6232 25.6538 133.222 46.6382 25.6576 133.224 46.6388 
26.0492 133.387 46.655 28.5571 134.044 46.4388 29.1599 134.139 46.5124 
29.2224 134.144 46.5239 30.1182 134.064 46.6222 30.2463 134.05 46.6149 
31.1309 134.02 46.4035 31.2519 133.998 46.366 31.2519 133.998 46.366 
31.4938 133.954 46.2909 31.8461 133.92 46.203 32.8632 133.858 46.0595 
33.2845 133.816 45.9746 33.4976 133.806 45.9517 33.6086 133.808 45.9338 
33.7054 133.803 45.9116 34.0249 133.8 45.8498 35.1611 133.771 45.611 
35.2665 133.746 45.5619 36.149 133.563 45.1429 36.566 133.508 45.0509 
37.2538 133.401 44.8463 38.6139 133.217 44.5671 39.296 133.093 44.329 
39.8623 133.069 44.0717 40.9719 133.069 43.8522 41.3589 133.048 43.8087 
42.5119 132.774 43.2441 43.3 132.471 42.9112 43.7243 132.191 42.6631 
45.1811 131.739 41.8143 45.3991 131.64 41.7003 45.3999 131.64 41.6999 
46.6996 131.623 40.8336 46.8843 131.61 40.7193 47.0153 131.602 40.659 
47.2436 131.602 40.503 47.6411 131.475 40.17 47.8942 131.457 39.9559 
48.189 131.427 39.7437 48.984 131.183 38.9763 49.1029 131.151 38.8853 
49.9347 131.219 38.2619 50.1448 131.236 38.0741 50.2876 131.214 37.9814 
50.6774 131.194 37.6667 50.8115 131.202 37.558 51.3922 131.256 36.9537 
52.0682 131.24 36.3856 52.0728 131.241 36.381 52.1509 131.259 36.325 
52.3136 131.291 36.1286 53.042 131.388 35.3359 53.4142 131.37 35.0271 
53.8264 131.362 34.5842 54.0319 131.319 34.2404 54.3962 131.352 33.8299 
54.4081 131.351 33.8167 54.8935 131.344 33.2356 55.4148 131.347 32.5055 
55.605 131.344 32.2838 55.8947 131.321 31.79 55.8993 131.319 31.7793 
56.0599 131.298 31.5659 56.3465 131.296 31.2017 56.7586 131.357 30.693 
56.7652 131.36 30.6851 56.8341 131.39 30.5821 57.0127 131.475 30.2998 
57.1555 131.534 30.1245 57.3649 131.601 29.8348 57.562 131.683 29.4906 
57.6373 131.713 29.339 58.0588 131.95 28.673 58.1595 132.029 28.5278 
58.1649 132.036 28.5169 58.2139 132.061 28.4447 58.2149 132.062 28.4433 
58.9704 132.414 27.5548 59.41 132.708 26.909 59.4191 132.718 26.8825 
60.1673 133.35 25.967 60.2458 133.434 25.8611 60.5607 133.713 25.5673 
60.6345 133.814 25.4848 60.8116 134.026 25.2474 61.1741 134.8 24.3811 
61.191 134.896 24.2992 61.3114 135.109 24.1586 61.534 135.641 23.7438 
61.6368 136.084 23.3556 61.6909 136.274 23.1799 61.6903 136.323 23.1323 
61.7565 136.749 22.7208 61.7757 136.788 22.6838 61.9553 137.709 21.9152 
61.9596 137.73 21.8877 61.9916 137.791 21.747 62.0166 137.803 21.6482 
-53.3182 99.244 -7.5987 -51.9046 105.828 -4.50499 -51.4202 106.312 -4.12445 
-51.2867 106.544 -3.97217 -51.1848 106.706 -3.86445 -50.2745 108.184 -2.83509 
-49.8391 108.718 -2.4433 -49.0008 110.111 -1.56099 -48.8877 110.343 -1.40359 
-48.1262 111.311 -0.812587 -46.953 112.685 0.0165259 -45.3248 115.547 1.21188 
-44.5527 116.517 1.70514 -44.5475 116.522 1.70844 -43.1287 119.294 2.7711 
-40.5043 122.503 4.38764 -39.9417 123.148 4.91528 -39.6835 123.39 5.14759 
-37.7837 125.215 5.5887 -36.3717 126.29 6.03041 -35.4315 127.226 6.1324 
-34.5178 128.143 6.35663 -33.5139 129.126 6.71536 -33.4722 129.167 6.72727 
-30.5958 131.641 8.00763 -29.9772 132.176 7.99225 -28.8534 133.177 8.07144 
-28.0571 133.763 8.12566 -24.1604 136.353 8.83037 -23.6188 136.67 8.93022 
-23.4448 136.762 8.96557 -23.1768 136.925 9.00883 -22.4675 137.373 9.17033 
-22.0984 137.697 9.24593 -21.5719 138.181 9.21134 -19.7832 139.815 8.9538 
-19.7832 139.815 8.9538 -19.0915 140.447 8.85421 -18.7369 140.675 8.66544 
-16.5097 142.091 7.45014 -15.9877 142.503 7.14325 -15.3708 143.017 6.78354 
-14.6322 143.608 6.40118 -13.2945 144.596 5.70181 -10.9451 145.84 4.21725 
-10.9451 145.84 4.21725 -8.14436 147.323 2.44751 -5.83559 147.631 1.23636 
-2.37486 148.692 -1.20702 -1.58065 149.112 -1.14445 0.489618 150.63 -0.961998 
0.501049 150.642 -0.961552 1.59589 151.612 -1.03008 1.74233 151.76 -0.995516 
3.58147 153.32 -0.477966 3.73045 153.451 -0.440435 4.23375 153.755 -0.157902 
4.23375 153.755 -0.157902 4.97034 154.2 0.255597 5.79015 154.447 0.787588 
7.26461 154.862 1.3959 7.75261 155.071 1.74794 8.40885 155.343 2.62 
9.15222 155.642 3.50184 9.56446 155.739 4.35067 9.97161 155.782 4.93377 
10.453 155.788 5.39586 10.8801 155.654 6.20349 10.8801 155.654 6.20349 
10.9475 155.633 6.33101 11.0261 155.648 6.55153 11.0892 155.645 6.73375 
11.2978 155.664 7.30421 11.3043 155.663 7.31692 11.6305 155.699 8.11439 
11.8556 155.464 9.33436 11.9212 155.388 9.553 11.9721 155.281 10.0025 
12.0016 155.216 10.3369 12.0055 155.195 10.494 12.2421 155.063 11.4008 
12.2928 154.928 12.1546 12.2858 154.819 12.6426 12.1962 154.744 13.2308 
12.1828 154.715 13.3578 12.1608 154.623 13.6522 12.0918 154.514 14.1537 
11.7228 154.361 15.0498 11.7062 154.347 15.1018 11.4701 154.131 15.6954 
11.0233 153.861 16.6621 10.887 153.795 16.8967 10.8822 153.792 16.9069 
9.89517 153.526 18.3141 9.73319 153.54 18.4629 8.83963 153.722 19.2144 
8.61993 153.742 19.6135 8.33323 153.807 20.0432 8.11931 153.868 20.2507 
7.95401 153.869 20.3674 7.36107 153.819 20.8967 6.5608 153.918 21.43 
5.93657 154.126 21.7865 5.90647 154.144 21.8061 5.86068 154.169 21.8461 
5.7399 154.242 21.9389 4.56077 154.853 23.0425 3.51029 155.039 23.4199 
2.8549 155.391 23.9207 2.23211 155.789 24.5581 2.07501 155.937 24.7269 
1.86257 156.075 24.8869 1.64815 156.231 24.9996 0.758736 156.836 25.5459 
-0.0736547 157.304 26.0597 -0.178957 157.375 26.1805 -0.436972 157.615 26.4587 
-0.789953 157.869 26.657 -1.83156 158.569 27.4484 -2.85806 159.577 28.1192 
-2.96413 159.653 28.208 -3.13731 159.782 28.3696 -3.14324 159.787 28.3762 
-3.45167 160.042 28.6059 -3.64088 160.173 28.7021 -4.57402 160.851 29.127 
-4.68833 160.96 29.2379 -4.86686 161.15 29.3543 -4.88849 161.174 29.376 
-5.10394 161.408 29.5644 -5.16986 161.479 29.6165 -5.18159 161.491 29.6259 
-5.1962 161.506 29.637 -5.2579 161.567 29.6842 -5.25942 161.568 29.6853 
-5.51436 161.768 29.8628 -5.56973 161.815 29.9117 -5.73088 161.951 30.0209 
-6.34856 162.358 30.4524 -6.53672 162.491 30.5651 -6.57096 162.509 30.5812 
-6.7832 162.642 30.7371 -6.89857 162.727 30.8213 -6.8995 162.728 30.822 
-6.9451 162.764 30.8544 -6.9451 162.764 30.8544 -7.06461 162.847 30.9284 
-7.06606 162.848 30.9293 -7.36607 163.087 31.1082 -7.42868 163.135 31.1366 
-7.7638 163.435 31.3274 -8.23573 163.695 31.4763 -8.25543 163.706 31.4842 
-8.47111 163.874 31.6408 -9.22262 164.406 32.1107 -9.71679 164.737 32.2716 
-10.7266 165.312 32.8232 -10.7278 165.313 32.8237 -11.2169 165.67 33.1136 
-11.8876 165.967 33.6364 -11.9354 165.983 33.6538 -11.9957 165.992 33.6909 
-12.1179 165.987 33.765 -12.5249 166.094 33.9286 -13.3112 166.301 34.3191 
-13.9667 166.53 34.7978 -14.1287 166.564 34.8713 -14.4955 166.725 35.2334 
-15.7114 167.122 35.9435 -16.0419 167.118 36.296 -16.144 167.09 36.3912 
-17.3711 166.924 36.953 -18.5774 166.723 37.9636 -18.6296 166.724 37.9926 
-20.1835 166.512 39.7003 -20.7536 166.495 40.0898 -21.1138 166.459 40.4468 
-21.1876 166.466 40.5273 -21.8631 166.364 41.3483 -22.1242 166.293 41.8374 
-22.5148 166.255 42.2871 -22.7828 166.102 42.7774 -22.9654 166.028 43.0339 
-23.0452 165.982 43.1661 -23.1973 165.884 43.5032 -23.3417 165.805 43.7903 
-23.4521 165.755 43.9523 -23.912 165.559 44.8056 -24.2192 165.323 45.4436 
-24.2269 165.314 45.4619 -24.4937 164.967 46.0945 -24.5313 164.938 46.2138 
-24.5399 164.931 46.244 -24.8447 164.614 47.5379 -24.867 164.615 47.5805 
-25.0013 164.548 47.906 -25.069 164.463 48.3293 -25.1078 164.416 48.475 
-25.1953 164.032 49.7879 -25.1232 163.936 50.4712 -25.1216 163.899 50.6192 
-25.121 163.898 50.622 -25.0701 163.71 51.1457 -25.049 163.622 51.4491 
-25.0481 163.591 51.5532 -25.0466 163.524 51.7268 -24.8898 163.215 52.4896 
-24.8791 163.204 52.5352 -24.8791 163.204 52.5352 -24.7463 162.831 53.4263 
-24.6753 162.622 53.8336 -24.5575 162.464 54.2655 -24.2984 162.197 55.0152 
-23.9394 161.813 55.8938 -23.9255 161.797 55.9196 -23.765 161.669 56.1483 
-23.5123 161.344 56.6524 -23.5014 161.336 56.669 -23.5014 161.336 56.669 
-23.3165 161.191 56.9803 -22.9718 160.73 58.0314 -22.6879 160.592 58.3947 
-22.6427 160.558 58.4542 -22.6185 160.537 58.4976 -22.4217 160.431 58.7831 
-22.0091 160.117 59.6457 -21.9917 160.107 59.6898 -21.78 160.031 60.1144 
-21.1898 159.783 60.8009 -20.8534 159.656 61.3875 -20.5752 159.53 61.8824 
-20.4518 159.488 62.0558 -20.3193 159.413 62.3869 -20.2547 159.357 62.5447 
-19.46 159.103 63.7615 -18.9264 159.129 64.4631 -18.8454 159.136 64.6217 
-18.4826 159.027 65.1599 -18.0212 158.899 66.1332 -18.0127 158.899 66.145 
-17.4826 158.756 66.9014 -17.4099 158.763 66.9778 -17.1354 158.858 67.3696 
-16.445 158.98 68.263 -16.2888 159.055 68.4856 -16.207 159.088 68.6224 
-16.0338 159.117 68.9714 -15.8356 159.167 69.3568 -15.6301 159.153 69.6851 
-15.4816 159.169 69.9646 -15.0074 159.361 70.9024 -14.9454 159.418 71.0947 
-14.4843 159.635 71.8667 -14.3917 159.712 72.103 -14.0862 159.842 72.5175 
-13.7758 159.966 72.9631 -13.7536 159.973 72.9994 -13.2839 160.166 74.305 
-13.2359 160.192 74.3852 -12.9591 160.404 74.9103 -12.4344 160.715 75.8101 
-12.3968 160.744 75.8879 -12.1284 160.916 76.3269 -12.1168 160.926 76.3489 
-11.879 161.112 76.9021 -11.6275 161.372 77.4821 -11.5857 161.43 77.6309 
-11.5857 161.43 77.6309 -11.5743 161.441 77.659 -11.1988 161.747 78.4494 
-11.1391 161.778 78.547 -10.8462 162 79.1322 -10.6798 162.176 79.4777 
-10.425 162.329 79.9256 -10.1022 162.919 80.9907 -10.0431 162.966 81.0878 
-9.76653 163.216 81.6248 -9.48264 163.469 82.3116 -9.22152 163.77 82.9721 
-8.76098 164.368 83.8943 -8.51371 164.622 84.3821 -8.47806 164.675 84.4755 
-8.40169 164.827 84.658 -8.0747 165.438 85.8123 -8.0649 165.447 85.8353 
-7.99785 165.515 86.0186 -7.91344 165.614 86.2382 -7.88555 165.648 86.3029 
-7.82616 165.729 86.4635 -7.59344 166.1 87.0143 -7.57381 166.123 87.0631 
-7.54044 166.189 87.1754 -7.53976 166.19 87.1777 -7.34643 166.554 87.7718 
-7.18574 166.943 88.7106 -7.16732 167.011 88.7952 -7.04672 167.288 89.1579 
-7.02982 167.335 89.2317 -6.84117 167.664 89.772 -6.7196 167.981 90.2143 
-6.43627 168.522 91.5207 -6.38708 168.557 91.6265 -6.40593 168.853 92.216 
-6.33938 169.04 92.6827 -6.28286 169.127 92.9638 -6.26477 169.167 93.0804 
-6.23287 169.315 93.3404 -6.07623 169.728 94.5553 -6.07484 169.735 94.5668 
-5.98873 170.085 95.221 -5.9876 170.13 95.2981 -5.98066 170.224 95.4371 
-5.98706 170.308 95.6151 -5.96982 170.396 95.8636 -5.96928 170.456 96.0656 
-5.91584 170.635 96.4594 -5.92187 170.718 96.6616 -5.9696 171.181 98.196 
-5.98683 171.269 98.3196 -6.0357 171.582 98.9711 -6.05134 171.712 99.397 
-5.97894 171.847 99.7315 -5.96325 171.878 99.8013 -5.94193 171.95 99.9593 
-5.86801 172.391 100.946 -5.82456 172.474 101.211 -5.80195 172.519 101.314 
-5.792 172.545 101.373 -5.74433 172.889 102.28 -5.78541 172.961 102.553 
-5.83028 173.041 102.741 -5.85783 173.445 103.804 -5.85614 173.451 103.827 
-5.84249 173.506 103.995 -5.81893 173.796 104.701 -5.83158 173.952 104.959 
-5.8622 174.104 105.188 -5.9028 174.356 105.74 -5.95329 174.41 105.898 
-6.05797 174.759 106.78 -6.19481 175.098 107.321 -6.19662 175.101 107.325 
-6.27277 175.328 107.634 -6.27598 175.557 108.06 -6.28923 175.669 108.342 
-6.32279 175.809 108.623 -6.39784 176.091 109.352 -6.4031 176.115 109.386 
-6.4031 176.115 109.386 -6.53347 176.398 109.982 -6.74877 176.646 110.711 
-6.77626 176.701 110.823 -7.16445 177.121 111.808 -7.16445 177.121 111.808 
-7.19684 177.263 112.098 -7.72541 177.741 113.835 -7.74955 177.871 114.093 
-7.62903 178.14 114.636 -7.62903 178.14 114.636 -7.59092 178.225 114.808 
-7.56572 178.271 114.928 -7.55076 178.312 115.372 -7.52811 178.185 116.709 
-7.50923 178.178 116.874 -7.36452 178.142 117.327 -7.32934 178.127 117.408 
-7.32934 178.127 117.408 -7.15587 178.148 117.755 -7.08275 178.142 118.039 
-7.04174 178.129 118.185 -7.04174 178.129 118.185 -6.77811 178.045 119.127 
-6.76029 178.01 119.225 -6.45291 178.082 120.117 -6.38971 178.144 120.313 
-6.08071 178.201 121.119 -5.91894 178.415 121.735 -5.9163 178.416 121.744 
-5.89564 178.489 122.209 -5.87872 178.525 122.351 -5.89488 178.918 123.42 
-5.91052 178.923 123.526 -6.36101 179.335 124.457 -6.37124 179.333 124.473 
-6.84238 179.506 124.754 -6.93278 179.546 124.844 -7.42311 179.691 125.403 
-7.63683 179.72 125.479 -8.01714 179.821 125.609 -8.47099 179.875 125.842 
-8.84135 179.91 125.936 -8.93948 179.905 125.951 -8.953 179.904 125.955 
-9.54431 180.007 126.143 -10.5255 180.038 126.333 -10.6196 180.084 126.29 
-11.6387 180.185 125.981 -11.9118 180.184 125.972 -12.0059 180.174 125.984 
-12.7697 180.353 125.926 -13.0472 180.395 125.922 -13.0484 180.395 125.922 
-13.5392 180.476 125.827 -13.6227 180.478 125.836 -13.6343 180.479 125.834 
-14.26 180.594 125.809 -14.5477 180.581 125.78 -14.8748 180.495 125.791 
-15.4107 180.241 125.912 -16.2357 180.192 126.255 -16.3525 180.161 126.285 
-16.3607 180.16 126.285 -17.5427 180.076 126.49 -17.6965 180.082 126.549 
-18.1313 180.028 126.685 -18.2983 179.993 126.764 -18.2996 179.993 126.765 
-18.33 179.989 126.775 -18.5477 179.972 126.865 -18.9928 179.874 127.155 
-19.5676 179.762 127.336 -19.5712 179.76 127.339 -19.948 179.613 127.488 
-19.9514 179.611 127.491 -20.01 179.588 127.535 -20.3444 179.451 127.765 
-20.3522 179.451 127.772 -20.5013 179.41 127.942 -20.9268 179.327 128.32 
-21.3207 179.273 128.616 -21.368 179.269 128.664 -21.5394 179.231 128.825 
-21.7003 179.197 129.026 -22.0501 179.161 129.346 -22.0748 179.158 129.366 
-22.147 179.133 129.432 -22.3041 179.085 129.618 -22.533 179.003 130.047 
-22.9063 178.901 130.551 -22.9148 178.889 130.587 -23.047 178.811 131.068 
-23.1299 178.765 131.288 -23.1339 178.765 131.302 -23.2333 178.644 131.874 
-23.2343 178.639 131.89 -23.239 178.622 131.92 -23.2393 178.621 131.923 
-23.4221 178.491 132.647 -23.335 178.565 133.255 -23.3218 178.576 133.534 
-23.3158 178.555 133.62 -23.3268 178.483 133.815 -23.3226 178.479 133.83 
-23.2805 178.45 134.142 -23.281 178.45 134.146 -23.2348 178.386 134.621 
-23.0771 178.555 135.308 -23.0613 178.553 135.351 -22.972 178.497 135.926 
-22.8917 178.51 136.383 -22.873 178.522 136.439 -22.8699 178.523 136.45 
-22.8407 178.535 136.571 -22.811 178.543 136.716 -22.7973 178.547 136.848 
-22.7925 178.557 136.894 -22.7601 178.654 137.126 -22.6392 178.791 137.555 
-22.5867 178.815 137.65 -22.3535 178.916 138.177 -22.2701 178.985 138.345 
-22.2314 179.033 138.497 -22.2283 179.039 138.512 -22.0804 179.146 138.819 
-22.0438 179.172 138.882 -21.9883 179.214 139.053 -21.9537 179.24 139.161 
-21.872 179.237 139.645 -21.7762 179.344 140.271 -21.7654 179.346 140.306 
-21.7651 179.346 140.31 -21.6989 179.333 140.531 -21.6361 179.353 140.709 
-21.5577 179.38 140.92 -21.4664 179.411 141.071 -21.2468 179.504 141.375 
-21.1324 179.495 141.583 -21.0795 179.51 141.699 -21.0765 179.512 141.705 
-20.9725 179.545 141.963 -20.8438 179.585 142.21 -20.8338 179.588 142.233 
-20.7067 179.621 142.668 -20.6869 179.62 142.736 -20.4572 179.608 143.37 
-20.4303 179.634 143.51 -20.2982 179.732 143.827 -20.2867 179.737 143.85 
-20.1844 179.784 144.132 -20.0445 179.899 144.533 -19.9829 179.932 144.63 
-19.7161 180.088 145.274 -19.6608 180.095 145.399 -19.6513 180.096 145.427 
-19.3789 180.248 146.024 -19.1555 180.301 146.61 -19.09 180.289 147.179 
-19.0199 180.419 147.656 -18.9891 180.447 147.922 -18.7906 180.553 148.587 
-18.5583 180.525 149.535 -18.5973 180.573 149.762 -18.5937 180.605 149.876 
-18.5259 180.647 150.378 -18.4482 180.649 150.86 -18.4091 180.797 151.499 
-18.4525 180.798 151.721 -18.5439 180.602 152.738 -18.6495 180.626 153.26 
-18.6307 180.65 153.878 -18.6132 180.677 154.057 -18.7316 180.728 154.831 
-18.8264 180.782 155.234 -18.8359 180.752 155.57 -18.8383 180.751 155.591 
-19.0317 180.54 156.599 -19.0294 180.548 156.779 -19.2773 180.54 157.447 
-19.4838 180.525 157.987 -19.5338 180.497 158.108 -19.5396 180.494 158.138 
-19.5593 180.498 158.203 -19.8951 180.522 158.952 -20.0988 180.538 159.383 
-20.1316 180.545 159.422 -20.2631 180.554 159.636 -20.4902 180.574 160.195 
-20.4931 180.575 160.203 -20.6119 180.606 160.528 -20.6903 180.605 160.706 
-20.6909 180.605 160.708 -20.7789 180.649 160.879 -20.8481 180.655 161.024 
-21.1496 180.632 161.506 -21.2451 180.654 161.723 -21.3804 180.647 161.975 
-21.7208 180.658 162.586 -21.7939 180.672 162.711 -21.8364 180.7 162.833 
-22.2751 180.7 163.644 -22.2925 180.706 163.668 -22.4474 180.793 164.03 
-22.448 180.793 164.032 -22.448 180.793 164.032 -22.8483 180.871 164.566 
-23.0796 180.886 164.826 -23.327 180.839 165.209 -23.4058 180.834 165.329 
-23.5611 180.873 165.59 -23.5923 180.877 165.64 -23.8006 180.903 165.933 
-23.8757 180.901 166.028 -23.9638 180.885 166.135 -24.1674 180.797 166.469 
-24.2563 180.793 166.582 -24.3101 180.803 166.661 -24.4148 180.803 166.838 
-24.6695 180.775 167.331 -24.6802 180.773 167.358 -24.6899 180.774 167.378 
-24.9419 180.708 168.052 -24.9767 180.688 168.135 -24.9991 180.677 168.211 
-25.0025 180.678 168.231 -25.4703 180.861 169.062 -25.5369 180.871 169.211 
-25.7261 180.93 169.605 -25.7448 180.955 169.648 -25.8011 180.997 169.725 
-25.9805 181.087 170.046 -26.2221 181.366 170.579 -26.3616 181.654 171.14 
-26.382 181.862 171.392 -26.371 182.036 171.708 -26.3517 182.091 171.772 
-26.1549 182.53 172.447 -26.137 182.656 172.534 -26.0567 183.068 172.932 
-26.0056 183.178 173.046 -25.995 183.201 173.089 -25.995 183.201 173.089 
-25.8688 183.537 173.507 -25.8683 183.539 173.509 -25.8236 183.618 173.572 
-25.766 183.714 173.652 -25.5644 183.9 173.896 -25.4197 184.105 174.073 
-25.218 184.321 174.284 -25.0153 184.477 174.423 -24.9995 184.486 174.437 
-24.9995 184.486 174.437 -24.6709 184.821 174.741 -24.6625 184.836 174.749 
-24.1785 185.159 175.044 -23.8835 185.329 175.09 -23.7016 185.499 175.161 
-23.507 185.63 175.24 -23.1568 185.89 175.345 -22.8054 186.047 175.556 
-22.6291 186.102 175.589 -22.3466 186.237 175.638 -22.3344 186.239 175.642 
-21.8593 186.435 175.726 -21.7444 186.494 175.75 -21.2947 186.768 175.717 
-21.1287 186.828 175.741 -21.0573 186.856 175.759 -20.7797 186.988 175.75 
-20.2173 187.177 175.652 -19.9605 187.202 175.547 -19.4616 187.386 175.452 
-19.4408 187.4 175.452 -19.2173 187.509 175.502 -18.6093 187.694 175.453 
-18.5185 187.738 175.433 -17.9673 187.988 175.268 -17.6151 188.187 175.223 
-17.4901 188.237 175.166 -16.6523 188.495 174.874 -16.3693 188.669 174.843 
-16.0522 188.905 174.734 -16.0102 188.927 174.733 -15.3459 189.211 174.669 
-15.3397 189.212 174.668 -15.0682 189.269 174.606 -14.8083 189.342 174.595 
-14.7815 189.346 174.592 -13.7149 189.761 174.401 -13.6629 189.81 174.375 
-13.631 189.875 174.346 -13.0118 190.193 174.28 -12.8671 190.301 174.287 
-12.531 190.488 174.331 -12.4801 190.511 174.343 -12.0586 190.809 174.326 
-11.8067 190.905 174.322 -11.4876 191.107 174.318 -11.3015 191.24 174.337 
-11.0715 191.401 174.319 -10.5425 191.728 174.424 -10.3373 191.838 174.443 
-10.1856 191.927 174.477 -10.073 192.007 174.502 -9.70891 192.28 174.57 
-9.68362 192.291 174.572 -9.40526 192.431 174.65 -8.8032 192.885 174.878 
-8.79653 192.891 174.879 -8.74904 192.939 174.892 -8.51497 193.22 174.985 
-8.45099 193.287 175.029 -8.29075 193.435 175.106 -8.10167 193.624 175.19 
-7.72613 194.041 175.327 -7.69842 194.068 175.344 -7.49322 194.254 175.429 
-7.34056 194.407 175.526 -7.34056 194.407 175.526 -7.16913 194.638 175.697 
-7.16775 194.64 175.698 -6.90184 194.886 175.861 -6.64106 195.226 176.126 
-6.33291 195.517 176.468 -6.26827 195.658 176.72 -6.26415 195.659 176.731 
-6.22892 195.686 176.881 -6.22849 195.687 176.883 -5.59187 196.25 177.976 
-5.1672 196.442 178.792 -5.13245 196.499 178.978 -5.03453 196.565 179.393 
-4.86293 196.841 179.976 -4.81835 196.895 180.123 -4.74304 196.958 180.375 
-4.72144 196.979 180.478 -4.43355 196.918 181.445 -4.404 196.962 181.883 
-4.35356 196.989 182.622 -4.25722 196.976 182.844 -4.25722 196.976 182.844 
-4.05952 196.879 183.399 -4.03389 196.838 183.528 -4.05874 196.774 183.956 
-4.03574 196.699 184.238 -4.0346 196.698 184.244 -3.77564 196.597 184.938 
-3.6761 196.513 185.412 -3.41539 196.416 185.867 -3.27781 196.432 186.017 
-2.99428 196.545 186.405 -2.93897 196.564 186.469 -2.85201 196.622 186.651 
-2.78078 196.735 186.744 -2.34397 197.18 187.346 -2.04925 197.49 187.667 
-1.72478 198.388 188.023 -1.63789 198.601 188.015 -1.57355 199.789 188.013 
-1.57059 199.824 187.993 -1.63144 200.357 187.736 -1.81205 200.768 187.335 
-2.12867 201.046 187.016 -2.13418 201.05 187.011 -2.41768 201.261 186.691 
-2.48283 201.299 186.629 -2.67481 201.39 186.49 -2.98473 201.498 186.338 
-3.59577 201.823 185.81 -4.30614 202.17 185.503 -4.32563 202.177 185.491 
-4.32563 202.177 185.491 -5.27477 202.818 185.481 -5.47436 202.987 185.542 
-6.09984 204.019 185.53 -6.13719 204.178 185.631 -6.28243 205.058 185.974 
-6.27818 205.59 186.259 -6.22923 205.933 186.335 -6.20751 206.187 186.543 
-6.02894 206.786 187.053 -6.02027 206.798 187.07 -5.85156 207.026 187.334 
-5.46657 207.495 187.751 -5.18396 207.599 188.128 -5.00411 207.65 188.277 
-4.79397 207.679 188.45 -4.12822 207.629 188.894 -3.74037 207.644 189.291 
-3.73861 207.643 189.293 -3.73861 207.643 189.293 -3.48829 207.61 189.67 
-3.36358 207.615 189.809 -2.66282 207.396 190.566 -2.5789 207.404 190.666 
-2.22498 207.25 191.153 -2.16545 207.206 191.227 -1.95471 206.978 191.564 
-1.84798 206.857 191.75 -1.45354 206.47 192.222 -1.36288 206.343 192.448 
-1.36288 206.343 192.448 -1.13275 206 192.836 -0.964212 205.628 193.211 
-0.873077 205.32 193.504 -0.863867 205.044 193.765 -0.822868 204.854 193.926 
-0.802421 204.034 194.659 -0.790177 203.929 194.715 -0.819481 203.409 195.027 
-0.923681 202.962 195.25 -0.971333 202.824 195.346 -0.995241 202.766 195.4 
-1.30677 201.957 195.857 -1.34786 201.898 195.881 -1.37597 201.837 195.906 
-1.48562 201.577 195.986 -1.48684 201.572 195.986 -1.94688 200.644 196.139 
-1.97861 200.595 196.127 -2.11022 199.933 196.08 -2.11022 199.933 196.08 
-2.11794 199.894 196.077 -2.15429 199.789 196.066 -2.18285 199.711 196.063 
-2.2395 199.355 195.882 -2.23278 199.236 195.806 -2.33452 198.749 195.453 
-2.33827 198.737 195.44 -2.35691 198.422 195.192 -2.33548 198.385 195.134 
-2.33548 198.385 195.134 -2.31741 198.334 195.053 -2.31657 198.332 195.049 
-2.31282 198.321 195.033 -2.31114 198.316 195.027 -2.30551 198.305 195.01 
-2.28975 198.277 194.965 -2.2825 198.257 194.931 -2.20416 198.093 194.733 
-2.18987 198.046 194.664 -2.16142 197.945 194.561 -2.13424 197.887 194.499 
-1.92258 197.732 194.278 -1.82664 197.666 194.212 -1.82664 197.666 194.212 
-1.79667 197.643 194.19 -1.79667 197.643 194.19 -1.42718 197.286 193.7 
-1.3449 197.234 193.681 -0.829551 196.996 193.457 -0.719513 196.987 193.422 
-0.312219 196.832 193.346 -0.237255 196.8 193.313 -0.0913722 196.714 193.299 
-0.000978842 196.648 193.295 0.0679632 196.611 193.302 0.276023 196.516 193.339 
0.280691 196.514 193.339 0.829453 196.349 193.446 0.994622 196.288 193.418 
0.994622 196.288 193.418 1.39701 196.03 193.523 1.55158 195.965 193.552 
1.90253 195.827 193.718 1.90983 195.824 193.724 2.30397 195.637 193.857 
2.32313 195.624 193.867 2.32313 195.624 193.867 2.69802 195.404 193.946 
2.75666 195.36 193.996 2.8646 195.261 194.063 3.07659 195.143 194.177 
3.40323 194.958 194.286 3.45898 194.908 194.326 3.50157 194.838 194.358 
3.55338 194.742 194.39 3.65035 194.577 194.486 3.76664 194.471 194.577 
4.05449 194.161 194.703 4.06569 194.146 194.706 4.28741 193.839 194.901 
4.44192 193.526 194.996 4.51299 193.387 195.046 4.69019 193.117 195.259 
4.70379 193.06 195.265 4.8078 192.872 195.301 4.86028 192.746 195.328 
4.86135 192.743 195.329 5.0637 192.33 195.51 5.08911 192.262 195.532 
5.10851 192.213 195.553 5.16982 192.075 195.568 5.31039 191.722 195.783 
5.33163 191.661 195.804 5.33206 191.66 195.804 5.28016 191.169 196.028 
5.27966 190.884 196.233 5.40373 190.443 196.564 5.32386 190.114 196.784 
5.29038 189.962 196.916 5.212 189.658 197.167 5.14066 189.508 197.274 
4.97392 189.21 197.419 4.74743 188.785 197.782 4.74125 188.774 197.788 
4.41279 188.366 198.136 4.07423 187.938 198.341 4.05947 187.92 198.354 
4.05892 187.919 198.355 3.67068 187.589 198.512 3.6157 187.552 198.525 
3.44824 187.477 198.592 3.0463 187.118 198.675 2.94222 187.055 198.715 
2.8591 187.007 198.755 2.54984 186.727 198.852 2.23283 186.506 198.928 
2.00021 186.389 199.072 1.62356 186.059 199.23 1.59615 186.041 199.246 
1.55365 186.002 199.263 0.967032 185.567 199.254 0.533669 185.329 199.24 
0.43058 185.278 199.262 -0.216193 184.821 199.265 -0.444119 184.686 199.228 
-0.835115 184.39 199.259 -0.995724 184.261 199.292 -1.04061 184.215 199.284 
-1.04061 184.215 199.284 -1.23096 183.999 199.278 -1.41243 183.901 199.264 
-1.64658 183.706 199.259 -1.73316 183.623 199.272 -2.25836 183 199.288 
-2.27046 182.985 199.283 -2.27046 182.985 199.283 -2.27265 182.983 199.281 
-2.29192 182.966 199.275 -2.35637 182.897 199.253 -2.4047 182.817 199.246 
-2.56077 182.576 199.272 -2.69098 182.446 199.289 -2.98578 182.17 199.238 
-3.12142 182.013 199.243 -3.26969 181.864 199.262 -3.39058 181.742 199.301 
-3.54965 181.54 199.34 -3.83559 181.129 199.321 -4.05316 180.85 199.334 
-4.19165 180.712 199.266 -4.68745 180.097 199.289 -4.91806 179.883 199.175 
-5.02389 179.754 199.173 -5.32939 179.215 199.326 -5.35037 179.187 199.324 
-5.6776 178.632 199.296 -5.70977 178.522 199.302 -5.71056 178.52 199.302 
-5.93501 178.182 199.268 -6.00356 178.052 199.26 -6.11211 177.557 199.24 
-6.15451 177.447 199.234 -6.27578 177.233 199.315 -6.37055 177.027 199.356 
-6.37055 177.027 199.356 -6.48031 176.852 199.373 -6.6345 176.61 199.338 
-6.91415 176.052 199.379 -7.0851 175.734 199.408 -7.10471 175.676 199.416 
-7.11586 175.652 199.415 -7.11586 175.652 199.415 -7.29191 175.265 199.397 
-7.33978 175.158 199.353 -7.34926 175.108 199.338 -7.35067 175.081 199.329 
-7.43283 174.866 199.294 -7.38516 174.551 199.151 -7.38516 174.551 199.151 
-7.34464 174.283 199.029 -7.31105 173.705 198.527 -7.28611 173.571 198.492 
-7.08154 173.186 198.305 -6.98061 173.036 198.114 -6.95398 173.006 198.08 
-6.72662 172.692 197.834 -6.61446 172.579 197.783 -6.5179 172.456 197.619 
-6.14316 172.066 197.32 -6.10873 172.034 197.307 -5.70549 171.72 197.042 
-5.6292 171.633 197.033 -5.43579 171.508 196.982 -5.28742 171.413 196.883 
-4.75949 170.824 196.591 -53.3182 99.244 -7.5987 -51.9046 105.828 -4.50499 
-51.4202 106.312 -4.12445 -51.2867 106.544 -3.97217 -51.1848 106.706 -3.86445 
-50.2745 108.184 -2.83509 -49.8391 108.718 -2.4433 -49.0008 110.111 -1.56099 
-48.8877 110.343 -1.40359 -48.1262 111.311 -0.812587 -46.953 112.685 0.0165259 
-45.3248 115.547 1.21188 -44.5527 116.517 1.70514 -44.5475 116.522 1.70844 
-43.1287 119.294 2.7711 -40.5043 122.503 4.38764 -39.9417 123.148 4.91528 
-39.6835 123.39 5.14759 -37.7837 125.215 5.5887 -36.3717 126.29 6.03041 
-35.4315 127.226 6.1324 -34.5178 128.143 6.35663 -33.5139 129.126 6.71536 
-33.4722 129.167 6.72727 -30.5958 131.641 8.00763 -29.9772 132.176 7.99225 
-28.8534 133.177 8.07144 -28.0571 133.763 8.12566 -24.1604 136.353 8.83037 
-23.6188 136.67 8.93022 -23.4448 136.762 8.96557 -23.1768 136.925 9.00883 
-22.4675 137.373 9.17033 -22.0984 137.697 9.24593 -21.5719 138.181 9.21134 
-19.7832 139.815 8.9538 -19.7832 139.815 8.9538 -19.0915 140.447 8.85421 
-18.7369 140.675 8.66544 -16.5097 142.091 7.45014 -15.9877 142.503 7.14325 
-15.3708 143.017 6.78354 -14.6322 143.608 6.40118 -13.2945 144.596 5.70181 
-10.9451 145.84 4.21725 -10.9451 145.84 4.21725 -8.14436 147.323 2.44751 
-5.83559 147.631 1.23636 -2.37486 148.692 -1.20702 -1.58065 149.112 -1.14445 
0.489618 150.63 -0.961998 0.501049 150.642 -0.961552 1.59589 151.612 -1.03008 
1.74233 151.76 -0.995516 3.58147 153.32 -0.477966 3.73045 153.451 -0.440435 
4.23375 153.755 -0.157902 4.23375 153.755 -0.157902 4.97034 154.2 0.255597 
5.79015 154.447 0.787588 7.26461 154.862 1.3959 7.75261 155.071 1.74794 
8.40885 155.343 2.62 9.15222 155.642 3.50184 9.56446 155.739 4.35067 
9.97161 155.782 4.93377 10.453 155.788 5.39586 10.8801 155.654 6.20349 
10.8801 155.654 6.20349 10.9475 155.633 6.33101 11.0261 155.648 6.55153 
11.0892 155.645 6.73375 11.2978 155.664 7.30421 11.3043 155.663 7.31692 
11.6305 155.699 8.11439 11.8556 155.464 9.33436 11.9212 155.388 9.553 
11.9721 155.281 10.0025 12.0016 155.216 10.3369 12.0055 155.195 10.494 
12.2421 155.063 11.4008 12.2928 154.928 12.1546 12.2858 154.819 12.6426 
12.1962 154.744 13.2308 12.1828 154.715 13.3578 12.1608 154.623 13.6522 
12.0918 154.514 14.1537 11.7228 154.361 15.0498 11.7062 154.347 15.1018 
11.4701 154.131 15.6954 11.0233 153.861 16.6621 10.887 153.795 16.8967 
10.8822 153.792 16.9069 9.89517 153.526 18.3141 9.73319 153.54 18.4629 
8.83963 153.722 19.2144 8.61993 153.742 19.6135 8.33323 153.807 20.0432 
8.11931 153.868 20.2507 7.95401 153.869 20.3674 7.36107 153.819 20.8967 
6.5608 153.918 21.43 5.93657 154.126 21.7865 5.90647 154.144 21.8061 
5.86068 154.169 21.8461 5.7399 154.242 21.9389 4.56077 154.853 23.0425 
3.51029 155.039 23.4199 2.8549 155.391 23.9207 2.23211 155.789 24.5581 
2.07501 155.937 24.7269 1.86257 156.075 24.8869 1.64815 156.231 24.9996 
0.758736 156.836 25.5459 -0.0736547 157.304 26.0597 -0.178957 157.375 26.1805 
-0.436972 157.615 26.4587 -0.789953 157.869 26.657 -1.83156 158.569 27.4484 
-2.85806 159.577 28.1192 -2.96413 159.653 28.208 -3.13731 159.782 28.3696 
-3.14324 159.787 28.3762 -3.45167 160.042 28.6059 -3.64088 160.173 28.7021 
-4.57402 160.851 29.127 -4.68833 160.96 29.2379 -4.86686 161.15 29.3543 
-4.88849 161.174 29.376 -5.10394 161.408 29.5644 -5.16986 161.479 29.6165 
-5.18159 161.491 29.6259 -5.1962 161.506 29.637 -5.2579 161.567 29.6842 
-5.25942 161.568 29.6853 -5.51436 161.768 29.8628 -5.56973 161.815 29.9117 
-5.73088 161.951 30.0209 -6.34856 162.358 30.4524 -6.53672 162.491 30.5651 
-6.57096 162.509 30.5812 -6.7832 162.642 30.7371 -6.89857 162.727 30.8213 
-6.8995 162.728 30.822 -6.9451 162.764 30.8544 -6.9451 162.764 30.8544 
-7.06461 162.847 30.9284 -7.06606 162.848 30.9293 -7.36607 163.087 31.1082 
-7.42868 163.135 31.1366 -7.7638 163.435 31.3274 -8.23573 163.695 31.4763 
-8.25543 163.706 31.4842 -8.47111 163.874 31.6408 -9.22262 164.406 32.1107 
-9.71679 164.737 32.2716 -10.7266 165.312 32.8232 -10.7278 165.313 32.8237 
-11.2169 165.67 33.1136 -11.8876 165.967 33.6364 -11.9354 165.983 33.6538 
-11.9957 165.992 33.6909 -12.1179 165.987 33.765 -12.5249 166.094 33.9286 
-13.3112 166.301 34.3191 -13.9667 166.53 34.7978 -14.1287 166.564 34.8713 
-14.4955 166.725 35.2334 -15.7114 167.122 35.9435 -16.0419 167.118 36.296 
-16.144 167.09 36.3912 -17.3711 166.924 36.953 -18.5774 166.723 37.9636 
-18.6296 166.724 37.9926 -20.1835 166.512 39.7003 -20.7536 166.495 40.0898 
-21.1138 166.459 40.4468 -21.1876 166.466 40.5273 -21.8631 166.364 41.3483 
-22.1242 166.293 41.8374 -22.5148 166.255 42.2871 -22.7828 166.102 42.7774 
-22.9654 166.028 43.0339 -23.0452 165.982 43.1661 -23.1973 165.884 43.5032 
-23.3417 165.805 43.7903 -23.4521 165.755 43.9523 -23.912 165.559 44.8056 
-24.2192 165.323 45.4436 -24.2269 165.314 45.4619 -24.4937 164.967 46.0945 
-24.5313 164.938 46.2138 -24.5399 164.931 46.244 -24.8447 164.614 47.5379 
-24.867 164.615 47.5805 -25.0013 164.548 47.906 -25.069 164.463 48.3293 
-25.1078 164.416 48.475 -25.1953 164.032 49.7879 -25.1232 163.936 50.4712 
-25.1216 163.899 50.6192 -25.121 163.898 50.622 -25.0701 163.71 51.1457 
-25.049 163.622 51.4491 -25.0481 163.591 51.5532 -25.0466 163.524 51.7268 
-24.8898 163.215 52.4896 -24.8791 163.204 52.5352 -24.8791 163.204 52.5352 
-24.7463 162.831 53.4263 -24.6753 162.622 53.8336 -24.5575 162.464 54.2655 
-24.2984 162.197 55.0152 -23.9394 161.813 55.8938 -23.9255 161.797 55.9196 
-23.765 161.669 56.1483 -23.5123 161.344 56.6524 -23.5014 161.336 56.669 
-23.5014 161.336 56.669 -23.3165 161.191 56.9803 -22.9718 160.73 58.0314 
-22.6879 160.592 58.3947 -22.6427 160.558 58.4542 -22.6185 160.537 58.4976 
-22.4217 160.431 58.7831 -22.0091 160.117 59.6457 -21.9917 160.107 59.6898 
-21.78 160.031 60.1144 -21.1898 159.783 60.8009 -20.8534 159.656 61.3875 
-20.5752 159.53 61.8824 -20.4518 159.488 62.0558 -20.3193 159.413 62.3869 
-20.2547 159.357 62.5447 -19.46 159.103 63.7615 -18.9264 159.129 64.4631 
-18.8454 159.136 64.6217 -18.4826 159.027 65.1599 -18.0212 158.899 66.1332 
-18.0127 158.899 66.145 -17.4826 158.756 66.9014 -17.4099 158.763 66.9778 
-17.1354 158.858 67.3696 -16.445 158.98 68.263 -16.2888 159.055 68.4856 
-16.207 159.088 68.6224 -16.0338 159.117 68.9714 -15.8356 159.167 69.3568 
-15.6301 159.153 69.6851 -15.4816 159.169 69.9646 -15.0074 159.361 70.9024 
-14.9454 159.418 71.0947 -14.4843 159.635 71.8667 -14.3917 159.712 72.103 
-14.0862 159.842 72.5175 -13.7758 159.966 72.9631 -13.7536 159.973 72.9994 
-13.2839 160.166 74.305 -13.2359 160.192 74.3852 -12.9591 160.404 74.9103 
-12.4344 160.715 75.8101 -12.3968 160.744 75.8879 -12.1284 160.916 76.3269 
-12.1168 160.926 76.3489 -11.879 161.112 76.9021 -11.6275 161.372 77.4821 
-11.5857 161.43 77.6309 -11.5857 161.43 77.6309 -11.5743 161.441 77.659 
-11.1988 161.747 78.4494 -11.1391 161.778 78.547 -10.8462 162 79.1322 
-10.6798 162.176 79.4777 -10.425 162.329 79.9256 -10.1022 162.919 80.9907 
-10.0431 162.966 81.0878 -9.76653 163.216 81.6248 -9.48264 163.469 82.3116 
-9.22152 163.77 82.9721 -8.76098 164.368 83.8943 -8.51371 164.622 84.3821 
-8.47806 164.675 84.4755 -8.40169 164.827 84.658 -8.0747 165.438 85.8123 
-8.0649 165.447 85.8353 -7.99785 165.515 86.0186 -7.91344 165.614 86.2382 
-7.88555 165.648 86.3029 -7.82616 165.729 86.4635 -7.59344 166.1 87.0143 
-7.57381 166.123 87.0631 -7.54044 166.189 87.1754 -7.53976 166.19 87.1777 
-7.34643 166.554 87.7718 -7.18574 166.943 88.7106 -7.16732 167.011 88.7952 
-7.04672 167.288 89.1579 -7.02982 167.335 89.2317 -6.84117 167.664 89.772 
-6.7196 167.981 90.2143 -6.43627 168.522 91.5207 -6.38708 168.557 91.6265 
-6.40593 168.853 92.216 -6.33938 169.04 92.6827 -6.28286 169.127 92.9638 
-6.26477 169.167 93.0804 -6.23287 169.315 93.3404 -6.07623 169.728 94.5553 
-6.07484 169.735 94.5668 -5.98873 170.085 95.221 -5.9876 170.13 95.2981 
-5.98066 170.224 95.4371 -5.98706 170.308 95.6151 -5.96982 170.396 95.8636 
-5.96928 170.456 96.0656 -5.91584 170.635 96.4594 -5.92187 170.718 96.6616 
-5.9696 171.181 98.196 -5.98683 171.269 98.3196 -6.0357 171.582 98.9711 
-6.05134 171.712 99.397 -5.97894 171.847 99.7315 -5.96325 171.878 99.8013 
-5.94193 171.95 99.9593 -5.86801 172.391 100.946 -5.82456 172.474 101.211 
-5.80195 172.519 101.314 -5.792 172.545 101.373 -5.74433 172.889 102.28 
-5.78541 172.961 102.553 -5.83028 173.041 102.741 -5.85783 173.445 103.804 
-5.85614 173.451 103.827 -5.84249 173.506 103.995 -5.81893 173.796 104.701 
-5.83158 173.952 104.959 -5.8622 174.104 105.188 -5.9028 174.356 105.74 
-5.95329 174.41 105.898 -6.05797 174.759 106.78 -6.19481 175.098 107.321 
-6.19662 175.101 107.325 -6.27277 175.328 107.634 -6.27598 175.557 108.06 
-6.28923 175.669 108.342 -6.32279 175.809 108.623 -6.39784 176.091 109.352 
-6.4031 176.115 109.386 -6.4031 176.115 109.386 -6.53347 176.398 109.982 
-6.74877 176.646 110.711 -6.77626 176.701 110.823 -7.16445 177.121 111.808 
-7.16445 177.121 111.808 -7.19684 177.263 112.098 -7.72541 177.741 113.835 
-7.74955 177.871 114.093 -7.62903 178.14 114.636 -7.62903 178.14 114.636 
-7.59092 178.225 114.808 -7.56572 178.271 114.928 -7.55076 178.312 115.372 
-7.52811 178.185 116.709 -7.50923 178.178 116.874 -7.36452 178.142 117.327 
-7.32934 178.127 117.408 -7.32934 178.127 117.408 -7.15587 178.148 117.755 
-7.08275 178.142 118.039 -7.04174 178.129 118.185 -7.04174 178.129 118.185 
-6.77811 178.045 119.127 -6.76029 178.01 119.225 -6.45291 178.082 120.117 
-6.38971 178.144 120.313 -6.08071 178.201 121.119 -5.91894 178.415 121.735 
-5.9163 178.416 121.744 -5.89564 178.489 122.209 -5.87872 178.525 122.351 
-5.89488 178.918 123.42 -5.91052 178.923 123.526 -6.36101 179.335 124.457 
-6.37124 179.333 124.473 -6.84238 179.506 124.754 -6.93278 179.546 124.844 
-7.42311 179.691 125.403 -7.63683 179.72 125.479 -8.01714 179.821 125.609 
-8.47099 179.875 125.842 -8.84135 179.91 125.936 -8.93948 179.905 125.951 
-8.953 179.904 125.955 -9.54431 180.007 126.143 -10.5255 180.038 126.333 
-10.6196 180.084 126.29 -11.6387 180.185 125.981 -11.9118 180.184 125.972 
-12.0059 180.174 125.984 -12.7697 180.353 125.926 -13.0472 180.395 125.922 
-13.0484 180.395 125.922 -13.5392 180.476 125.827 -13.6227 180.478 125.836 
-13.6343 180.479 125.834 -14.26 180.594 125.809 -14.5477 180.581 125.78 
-14.8748 180.495 125.791 -15.4107 180.241 125.912 -16.2357 180.192 126.255 
-16.3525 180.161 126.285 -16.3607 180.16 126.285 -17.5427 180.076 126.49 
-17.6965 180.082 126.549 -18.1313 180.028 126.685 -18.2983 179.993 126.764 
-18.2996 179.993 126.765 -18.33 179.989 126.775 -18.5477 179.972 126.865 
-18.9928 179.874 127.155 -19.5676 179.762 127.336 -19.5712 179.76 127.339 
-19.948 179.613 127.488 -19.9514 179.611 127.491 -20.01 179.588 127.535 
-20.3444 179.451 127.765 -20.3522 179.451 127.772 -20.5013 179.41 127.942 
-20.9268 179.327 128.32 -21.3207 179.273 128.616 -21.368 179.269 128.664 
-21.5394 179.231 128.825 -21.7003 179.197 129.026 -22.0501 179.161 129.346 
-22.0748 179.158 129.366 -22.147 179.133 129.432 -22.3041 179.085 129.618 
-22.533 179.003 130.047 -22.9063 178.901 130.551 -22.9148 178.889 130.587 
-23.047 178.811 131.068 -23.1299 178.765 131.288 -23.1339 178.765 131.302 
-23.2333 178.644 131.874 -23.2343 178.639 131.89 -23.239 178.622 131.92 
-23.2393 178.621 131.923 -23.4221 178.491 132.647 -23.335 178.565 133.255 
-23.3218 178.576 133.534 -23.3158 178.555 133.62 -23.3268 178.483 133.815 
-23.3226 178.479 133.83 -23.2805 178.45 134.142 -23.281 178.45 134.146 
-23.2348 178.386 134.621 -23.0771 178.555 135.308 -23.0613 178.553 135.351 
-22.972 178.497 135.926 -22.8917 178.51 136.383 -22.873 178.522 136.439 
-22.8699 178.523 136.45 -22.8407 178.535 136.571 -22.811 178.543 136.716 
-22.7973 178.547 136.848 -22.7925 178.557 136.894 -22.7601 178.654 137.126 
-22.6392 178.791 137.555 -22.5867 178.815 137.65 -22.3535 178.916 138.177 
-22.2701 178.985 138.345 -22.2314 179.033 138.497 -22.2283 179.039 138.512 
-22.0804 179.146 138.819 -22.0438 179.172 138.882 -21.9883 179.214 139.053 
-21.9537 179.24 139.161 -21.872 179.237 139.645 -21.7762 179.344 140.271 
-21.7654 179.346 140.306 -21.7651 179.346 140.31 -21.6989 179.333 140.531 
-21.6361 179.353 140.709 -21.5577 179.38 140.92 -21.4664 179.411 141.071 
-21.2468 179.504 141.375 -21.1324 179.495 141.583 -21.0795 179.51 141.699 
-21.0765 179.512 141.705 -20.9725 179.545 141.963 -20.8438 179.585 142.21 
-20.8338 179.588 142.233 -20.7067 179.621 142.668 -20.6869 179.62 142.736 
-20.4572 179.608 143.37 -20.4303 179.634 143.51 -20.2982 179.732 143.827 
-20.2867 179.737 143.85 -20.1844 179.784 144.132 -20.0445 179.899 144.533 
-19.9829 179.932 144.63 -19.7161 180.088 145.274 -19.6608 180.095 145.399 
-19.6513 180.096 145.427 -19.3789 180.248 146.024 -19.1555 180.301 146.61 
-19.09 180.289 147.179 -19.0199 180.419 147.656 -18.9891 180.447 147.922 
-18.7906 180.553 148.587 -18.5583 180.525 149.535 -18.5973 180.573 149.762 
-18.5937 180.605 149.876 -18.5259 180.647 150.378 -18.4482 180.649 150.86 
-18.4091 180.797 151.499 -18.4525 180.798 151.721 -18.5439 180.602 152.738 
-18.6495 180.626 153.26 -18.6307 180.65 153.878 -18.6132 180.677 154.057 
-18.7316 180.728 154.831 -18.8264 180.782 155.234 -18.8359 180.752 155.57 
-18.8383 180.751 155.591 -19.0317 180.54 156.599 -19.0294 180.548 156.779 
-19.2773 180.54 157.447 -19.4838 180.525 157.987 -19.5338 180.497 158.108 
-19.5396 180.494 158.138 -19.5593 180.498 158.203 -19.8951 180.522 158.952 
-20.0988 180.538 159.383 -20.1316 180.545 159.422 -20.2631 180.554 159.636 
-20.4902 180.574 160.195 -20.4931 180.575 160.203 -20.6119 180.606 160.528 
-20.6903 180.605 160.706 -20.6909 180.605 160.708 -20.7789 180.649 160.879 
-20.8481 180.655 161.024 -21.1496 180.632 161.506 -21.2451 180.654 161.723 
-21.3804 180.647 161.975 -21.7208 180.658 162.586 -21.7939 180.672 162.711 
-21.8364 180.7 162.833 -22.2751 180.7 163.644 -22.2925 180.706 163.668 
-22.4474 180.793 164.03 -22.448 180.793 164.032 -22.448 180.793 164.032 
-22.8483 180.871 164.566 -23.0796 180.886 164.826 -23.327 180.839 165.209 
-23.4058 180.834 165.329 -23.5611 180.873 165.59 -23.5923 180.877 165.64 
-23.8006 180.903 165.933 -23.8757 180.901 166.028 -23.9638 180.885 166.135 
-24.1674 180.797 166.469 -24.2563 180.793 166.582 -24.3101 180.803 166.661 
-24.4148 180.803 166.838 -24.6695 180.775 167.331 -24.6802 180.773 167.358 
-24.6899 180.774 167.378 -24.9419 180.708 168.052 -24.9767 180.688 168.135 
-24.9991 180.677 168.211 -25.0025 180.678 168.231 -25.4703 180.861 169.062 
-25.5369 180.871 169.211 -25.7261 180.93 169.605 -25.7448 180.955 169.648 
-25.8011 180.997 169.725 -25.9805 181.087 170.046 -26.2221 181.366 170.579 
-26.3616 181.654 171.14 -26.382 181.862 171.392 -26.371 182.036 171.708 
-26.3517 182.091 171.772 -26.1549 182.53 172.447 -26.137 182.656 172.534 
-26.0567 183.068 172.932 -26.0056 183.178 173.046 -25.995 183.201 173.089 
-25.995 183.201 173.089 -25.8688 183.537 173.507 -25.8683 183.539 173.509 
-25.8236 183.618 173.572 -25.766 183.714 173.652 -25.5644 183.9 173.896 
-25.4197 184.105 174.073 -25.218 184.321 174.284 -25.0153 184.477 174.423 
-24.9995 184.486 174.437 -24.9995 184.486 174.437 -24.6709 184.821 174.741 
-24.6625 184.836 174.749 -24.1785 185.159 175.044 -23.8835 185.329 175.09 
-23.7016 185.499 175.161 -23.507 185.63 175.24 -23.1568 185.89 175.345 
-22.8054 186.047 175.556 -22.6291 186.102 175.589 -22.3466 186.237 175.638 
-22.3344 186.239 175.642 -21.8593 186.435 175.726 -21.7444 186.494 175.75 
-21.2947 186.768 175.717 -21.1287 186.828 175.741 -21.0573 186.856 175.759 
-20.7797 186.988 175.75 -20.2173 187.177 175.652 -19.9605 187.202 175.547 
-19.4616 187.386 175.452 -19.4408 187.4 175.452 -19.2173 187.509 175.502 
-18.6093 187.694 175.453 -18.5185 187.738 175.433 -17.9673 187.988 175.268 
-17.6151 188.187 175.223 -17.4901 188.237 175.166 -16.6523 188.495 174.874 
-16.3693 188.669 174.843 -16.0522 188.905 174.734 -16.0102 188.927 174.733 
-15.3459 189.211 174.669 -15.3397 189.212 174.668 -15.0682 189.269 174.606 
-14.8083 189.342 174.595 -14.7815 189.346 174.592 -13.7149 189.761 174.401 
-13.6629 189.81 174.375 -13.631 189.875 174.346 -13.0118 190.193 174.28 
-12.8671 190.301 174.287 -12.531 190.488 174.331 -12.4801 190.511 174.343 
-12.0586 190.809 174.326 -11.8067 190.905 174.322 -11.4876 191.107 174.318 
-11.3015 191.24 174.337 -11.0715 191.401 174.319 -10.5425 191.728 174.424 
-10.3373 191.838 174.443 -10.1856 191.927 174.477 -10.073 192.007 174.502 
-9.70891 192.28 174.57 -9.68362 192.291 174.572 -9.40526 192.431 174.65 
-8.8032 192.885 174.878 -8.79653 192.891 174.879 -8.74904 192.939 174.892 
-8.51497 193.22 174.985 -8.45099 193.287 175.029 -8.29075 193.435 175.106 
-8.10167 193.624 175.19 -7.72613 194.041 175.327 -7.69842 194.068 175.344 
-7.49322 194.254 175.429 -7.34056 194.407 175.526 -7.34056 194.407 175.526 
-7.16913 194.638 175.697 -7.16775 194.64 175.698 -6.90184 194.886 175.861 
-6.64106 195.226 176.126 -6.33291 195.517 176.468 -6.26827 195.658 176.72 
-6.26415 195.659 176.731 -6.22892 195.686 176.881 -6.22849 195.687 176.883 
-5.59187 196.25 177.976 -5.1672 196.442 178.792 -5.13245 196.499 178.978 
-5.03453 196.565 179.393 -4.86293 196.841 179.976 -4.81835 196.895 180.123 
-4.74304 196.958 180.375 -4.72144 196.979 180.478 -4.43355 196.918 181.445 
-4.404 196.962 181.883 -4.35356 196.989 182.622 -4.25722 196.976 182.844 
-4.25722 196.976 182.844 -4.05952 196.879 183.399 -4.03389 196.838 183.528 
-4.05874 196.774 183.956 -4.03574 196.699 184.238 -4.0346 196.698 184.244 
-3.77564 196.597 184.938 -3.6761 196.513 185.412 -3.41539 196.416 185.867 
-3.27781 196.432 186.017 -2.99428 196.545 186.405 -2.93897 196.564 186.469 
-2.85201 196.622 186.651 -2.78078 196.735 186.744 -2.34397 197.18 187.346 
-2.04925 197.49 187.667 -1.72478 198.388 188.023 -1.63789 198.601 188.015 
-1.57355 199.789 188.013 -1.57059 199.824 187.993 -1.63144 200.357 187.736 
-1.81205 200.768 187.335 -2.12867 201.046 187.016 -2.13418 201.05 187.011 
-2.41768 201.261 186.691 -2.48283 201.299 186.629 -2.67481 201.39 186.49 
-2.98473 201.498 186.338 -3.59577 201.823 185.81 -4.30614 202.17 185.503 
-4.32563 202.177 185.491 -4.32563 202.177 185.491 -5.27477 202.818 185.481 
-5.47436 202.987 185.542 -6.09984 204.019 185.53 -6.13719 204.178 185.631 
-6.28243 205.058 185.974 -6.27818 205.59 186.259 -6.22923 205.933 186.335 
-6.20751 206.187 186.543 -6.02894 206.786 187.053 -6.02027 206.798 187.07 
-5.85156 207.026 187.334 -5.46657 207.495 187.751 -5.18396 207.599 188.128 
-5.00411 207.65 188.277 -4.79397 207.679 188.45 -4.12822 207.629 188.894 
-3.74037 207.644 189.291 -3.73861 207.643 189.293 -3.73861 207.643 189.293 
-3.48829 207.61 189.67 -3.36358 207.615 189.809 -2.66282 207.396 190.566 
-2.5789 207.404 190.666 -2.22498 207.25 191.153 -2.16545 207.206 191.227 
-1.95471 206.978 191.564 -1.84798 206.857 191.75 -1.45354 206.47 192.222 
-1.36288 206.343 192.448 -1.36288 206.343 192.448 -1.13275 206 192.836 
-0.964212 205.628 193.211 -0.873077 205.32 193.504 -0.863867 205.044 193.765 
-0.822868 204.854 193.926 -0.802421 204.034 194.659 -0.790177 203.929 194.715 
-0.819481 203.409 195.027 -0.923681 202.962 195.25 -0.971333 202.824 195.346 
-0.995241 202.766 195.4 -1.30677 201.957 195.857 -1.33025 201.876 195.901 
-1.42512 201.66 195.973 -1.47433 201.558 196.001 -1.4919 201.531 196.014 
-1.85254 200.743 196.419 -2.06649 200.553 196.648 -2.08785 200.529 196.656 
-2.08785 200.529 196.656 -2.15218 200.458 196.681 -2.40462 200.081 196.801 
-2.50738 199.87 196.867 -2.7394 199.536 196.91 -2.79041 199.47 196.947 
-3.06694 199.049 197.284 -3.17495 198.926 197.4 -3.17495 198.926 197.4 
-3.21096 198.885 197.438 -3.25964 198.848 197.5 -3.3662 198.733 197.623 
-3.43689 198.641 197.699 -3.5429 198.545 197.784 -3.5429 198.545 197.784 
-3.60153 198.487 197.825 -3.62234 198.463 197.842 -3.63504 198.448 197.857 
-4.12901 198.037 198.423 -4.19559 198.003 198.469 -4.22374 197.988 198.492 
-4.25463 197.967 198.515 -4.45165 197.829 198.68 -4.51325 197.795 198.731 
-4.51798 197.793 198.735 -4.51798 197.793 198.735 -4.70017 197.662 198.952 
-4.70164 197.66 198.954 -4.79795 197.587 199.076 -4.79991 197.585 199.079 
-4.88294 197.545 199.165 -5.155 197.324 199.444 -5.2008 197.293 199.513 
-5.56547 197.208 199.957 -5.57188 197.205 199.964 -5.736 197.115 200.181 
-5.76036 197.103 200.233 -6.15519 197.014 201.055 -6.42357 196.945 201.611 
-6.45788 196.912 201.677 -6.51145 196.9 201.734 -6.83098 196.813 202.101 
-7.17365 196.781 202.334 -7.51608 196.789 202.582 -7.6883 196.807 202.718 
-7.70325 196.812 202.73 -7.78399 196.825 202.8 -8.38701 196.915 203.116 
-8.4379 196.923 203.152 -8.4379 196.923 203.152 -8.67001 196.995 203.247 
-8.67475 196.997 203.249 -9.04046 197.164 203.357 -9.27994 197.278 203.452 
-9.29091 197.284 203.456 -9.67259 197.351 203.551 -10.1912 197.507 203.577 
-10.3597 197.578 203.568 -11.0732 197.781 203.452 -11.4419 197.855 203.337 
-11.6787 197.9 203.192 -11.6831 197.901 203.19 -11.9957 197.912 203.046 
-12.5131 198.029 202.929 -12.5173 198.03 202.928 -13.1314 198.285 202.592 
-13.1543 198.308 202.554 -13.1635 198.32 202.533 -53.3182 99.244 -7.5987 
-51.9046 105.828 -4.50499 -51.4202 106.312 -4.12445 -51.2867 106.544 -3.97217 
-51.1848 106.706 -3.86445 -50.2745 108.184 -2.83509 -49.8391 108.718 -2.4433 
-49.0008 110.111 -1.56099 -48.8877 110.343 -1.40359 -48.1262 111.311 -0.812587 
-46.953 112.685 0.0165259 -45.3248 115.547 1.21188 -44.5527 116.517 1.70514 
-44.5475 116.522 1.70844 -43.1287 119.294 2.7711 -40.5043 122.503 4.38764 
-39.9417 123.148 4.91528 -39.6835 123.39 5.14759 -37.7837 125.215 5.5887 
-36.3717 126.29 6.03041 -35.4315 127.226 6.1324 -34.5178 128.143 6.35663 
-33.5139 129.126 6.71536 -33.4722 129.167 6.72727 -30.5958 131.641 8.00763 
-29.9772 132.176 7.99225 -28.8534 133.177 8.07144 -28.0571 133.763 8.12566 
-24.1604 136.353 8.83037 -23.6188 136.67 8.93022 -23.4448 136.762 8.96557 
-23.1768 136.925 9.00883 -22.4675 137.373 9.17033 -22.0984 137.697 9.24593 
-21.5719 138.181 9.21134 -19.7832 139.815 8.9538 -19.7832 139.815 8.9538 
-19.0915 140.447 8.85421 -18.7369 140.675 8.66544 -16.5097 142.091 7.45014 
-15.9877 142.503 7.14325 -15.3708 143.017 6.78354 -14.6322 143.608 6.40118 
-13.2945 144.596 5.70181 -10.9451 145.84 4.21725 -10.9451 145.84 4.21725 
-8.14436 147.323 2.44751 -5.83559 147.631 1.23636 -2.37486 148.692 -1.20702 
-1.58065 149.112 -1.14445 0.489618 150.63 -0.961998 0.501049 150.642 -0.961552 
1.59589 151.612 -1.03008 1.74233 151.76 -0.995516 3.58147 153.32 -0.477966 
3.73045 153.451 -0.440435 4.23375 153.755 -0.157902 4.23375 153.755 -0.157902 
4.97034 154.2 0.255597 5.79015 154.447 0.787588 7.26461 154.862 1.3959 
7.75261 155.071 1.74794 8.40885 155.343 2.62 9.15222 155.642 3.50184 
9.56446 155.739 4.35067 9.97161 155.782 4.93377 10.453 155.788 5.39586 
10.8801 155.654 6.20349 10.8801 155.654 6.20349 10.9475 155.633 6.33101 
11.0261 155.648 6.55153 11.0892 155.645 6.73375 11.2978 155.664 7.30421 
11.3043 155.663 7.31692 11.6305 155.699 8.11439 11.8556 155.464 9.33436 
11.9212 155.388 9.553 11.9721 155.281 10.0025 12.0016 155.216 10.3369 
12.0055 155.195 10.494 12.2421 155.063 11.4008 12.2928 154.928 12.1546 
12.2858 154.819 12.6426 12.1962 154.744 13.2308 12.1828 154.715 13.3578 
12.1608 154.623 13.6522 12.0918 154.514 14.1537 11.7228 154.361 15.0498 
11.7062 154.347 15.1018 11.4701 154.131 15.6954 11.0233 153.861 16.6621 
10.887 153.795 16.8967 10.8822 153.792 16.9069 9.89517 153.526 18.3141 
9.73319 153.54 18.4629 8.83963 153.722 19.2144 8.61993 153.742 19.6135 
8.33323 153.807 20.0432 8.11931 153.868 20.2507 7.95401 153.869 20.3674 
7.36107 153.819 20.8967 6.5608 153.918 21.43 5.93657 154.126 21.7865 
5.90647 154.144 21.8061 5.86068 154.169 21.8461 5.7399 154.242 21.9389 
4.56077 154.853 23.0425 3.51029 155.039 23.4199 2.8549 155.391 23.9207 
2.23211 155.789 24.5581 2.07501 155.937 24.7269 1.86257 156.075 24.8869 
1.64815 156.231 24.9996 0.758736 156.836 25.5459 -0.0736547 157.304 26.0597 
-0.178957 157.375 26.1805 -0.436972 157.615 26.4587 -0.789953 157.869 26.657 
-1.83156 158.569 27.4484 -2.85806 159.577 28.1192 -2.96413 159.653 28.208 
-3.13731 159.782 28.3696 -3.14324 159.787 28.3762 -3.45167 160.042 28.6059 
-3.64088 160.173 28.7021 -4.57402 160.851 29.127 -4.68833 160.96 29.2379 
-4.86686 161.15 29.3543 -4.88849 161.174 29.376 -5.10394 161.408 29.5644 
-5.16986 161.479 29.6165 -5.18159 161.491 29.6259 -5.1962 161.506 29.637 
-5.2579 161.567 29.6842 -5.25942 161.568 29.6853 -5.51436 161.768 29.8628 
-5.56973 161.815 29.9117 -5.73088 161.951 30.0209 -6.34856 162.358 30.4524 
-6.53672 162.491 30.5651 -6.57096 162.509 30.5812 -6.7832 162.642 30.7371 
-6.89857 162.727 30.8213 -6.8995 162.728 30.822 -6.9451 162.764 30.8544 
-6.9451 162.764 30.8544 -7.06461 162.847 30.9284 -7.06606 162.848 30.9293 
-7.36607 163.087 31.1082 -7.42868 163.135 31.1366 -7.7638 163.435 31.3274 
-8.23573 163.695 31.4763 -8.25543 163.706 31.4842 -8.47111 163.874 31.6408 
-9.22262 164.406 32.1107 -9.71679 164.737 32.2716 -10.7266 165.312 32.8232 
-10.7278 165.313 32.8237 -11.2169 165.67 33.1136 -11.8876 165.967 33.6364 
-11.9354 165.983 33.6538 -11.9957 165.992 33.6909 -12.1179 165.987 33.765 
-12.5249 166.094 33.9286 -13.3112 166.301 34.3191 -13.9667 166.53 34.7978 
-14.1287 166.564 34.8713 -14.4955 166.725 35.2334 -15.7114 167.122 35.9435 
-16.0419 167.118 36.296 -16.144 167.09 36.3912 -17.3711 166.924 36.953 
-18.5774 166.723 37.9636 -18.6296 166.724 37.9926 -20.1835 166.512 39.7003 
-20.7536 166.495 40.0898 -21.1138 166.459 40.4468 -21.1876 166.466 40.5273 
-21.8631 166.364 41.3483 -22.1242 166.293 41.8374 -22.5148 166.255 42.2871 
-22.7828 166.102 42.7774 -22.9654 166.028 43.0339 -23.0452 165.982 43.1661 
-23.1973 165.884 43.5032 -23.3417 165.805 43.7903 -23.4521 165.755 43.9523 
-23.912 165.559 44.8056 -24.2192 165.323 45.4436 -24.2269 165.314 45.4619 
-24.4937 164.967 46.0945 -24.5313 164.938 46.2138 -24.5399 164.931 46.244 
-24.8447 164.614 47.5379 -24.867 164.615 47.5805 -25.0013 164.548 47.906 
-25.069 164.463 48.3293 -25.1078 164.416 48.475 -25.1953 164.032 49.7879 
-25.1232 163.936 50.4712 -25.1216 163.899 50.6192 -25.121 163.898 50.622 
-25.0701 163.71 51.1457 -25.049 163.622 51.4491 -25.0481 163.591 51.5532 
-25.0466 163.524 51.7268 -24.8898 163.215 52.4896 -24.8791 163.204 52.5352 
-24.8791 163.204 52.5352 -24.7463 162.831 53.4263 -24.6753 162.622 53.8336 
-24.5575 162.464 54.2655 -24.2984 162.197 55.0152 -23.9394 161.813 55.8938 
-23.9255 161.797 55.9196 -23.765 161.669 56.1483 -23.5123 161.344 56.6524 
-23.5014 161.336 56.669 -23.5014 161.336 56.669 -23.3165 161.191 56.9803 
-22.9718 160.73 58.0314 -22.6879 160.592 58.3947 -22.6427 160.558 58.4542 
-22.6185 160.537 58.4976 -22.4217 160.431 58.7831 -22.0091 160.117 59.6457 
-21.9917 160.107 59.6898 -21.78 160.031 60.1144 -21.1898 159.783 60.8009 
-20.8534 159.656 61.3875 -20.5752 159.53 61.8824 -20.4518 159.488 62.0558 
-20.3193 159.413 62.3869 -20.2547 159.357 62.5447 -19.46 159.103 63.7615 
-18.9264 159.129 64.4631 -18.8454 159.136 64.6217 -18.4826 159.027 65.1599 
-18.0212 158.899 66.1332 -18.0127 158.899 66.145 -17.4826 158.756 66.9014 
-17.4099 158.763 66.9778 -17.1354 158.858 67.3696 -16.445 158.98 68.263 
-16.2888 159.055 68.4856 -16.207 159.088 68.6224 -16.0338 159.117 68.9714 
-15.8356 159.167 69.3568 -15.6301 159.153 69.6851 -15.4816 159.169 69.9646 
-15.0074 159.361 70.9024 -14.9454 159.418 71.0947 -14.4843 159.635 71.8667 
-14.3917 159.712 72.103 -14.0862 159.842 72.5175 -13.7758 159.966 72.9631 
-13.7536 159.973 72.9994 -13.2839 160.166 74.305 -13.2359 160.192 74.3852 
-12.9591 160.404 74.9103 -12.4344 160.715 75.8101 -12.3968 160.744 75.8879 
-12.1284 160.916 76.3269 -12.1168 160.926 76.3489 -11.879 161.112 76.9021 
-11.6275 161.372 77.4821 -11.5857 161.43 77.6309 -11.5857 161.43 77.6309 
-11.5743 161.441 77.659 -11.1988 161.747 78.4494 -11.1391 161.778 78.547 
-10.8462 162 79.1322 -10.6798 162.176 79.4777 -10.425 162.329 79.9256 
-10.1022 162.919 80.9907 -10.0431 162.966 81.0878 -9.76653 163.216 81.6248 
-9.48264 163.469 82.3116 -9.22152 163.77 82.9721 -8.76098 164.368 83.8943 
-8.51371 164.622 84.3821 -8.47806 164.675 84.4755 -8.40169 164.827 84.658 
-8.0747 165.438 85.8123 -8.0649 165.447 85.8353 -7.99785 165.515 86.0186 
-7.91344 165.614 86.2382 -7.88555 165.648 86.3029 -7.82616 165.729 86.4635 
-7.59344 166.1 87.0143 -7.57381 166.123 87.0631 -7.54044 166.189 87.1754 
-7.53976 166.19 87.1777 -7.34643 166.554 87.7718 -7.18574 166.943 88.7106 
-7.16732 167.011 88.7952 -7.04672 167.288 89.1579 -7.02982 167.335 89.2317 
-6.84117 167.664 89.772 -6.7196 167.981 90.2143 -6.43627 168.522 91.5207 
-6.38708 168.557 91.6265 -6.40593 168.853 92.216 -6.33938 169.04 92.6827 
-6.28286 169.127 92.9638 -6.26477 169.167 93.0804 -6.23287 169.315 93.3404 
-6.07623 169.728 94.5553 -6.07484 169.735 94.5668 -5.98873 170.085 95.221 
-5.9876 170.13 95.2981 -5.98066 170.224 95.4371 -5.98706 170.308 95.6151 
-5.96982 170.396 95.8636 -5.96928 170.456 96.0656 -5.91584 170.635 96.4594 
-5.92187 170.718 96.6616 -5.9696 171.181 98.196 -5.98683 171.269 98.3196 
-6.0357 171.582 98.9711 -6.05134 171.712 99.397 -5.97894 171.847 99.7315 
-5.96325 171.878 99.8013 -5.94193 171.95 99.9593 -5.86801 172.391 100.946 
-5.82456 172.474 101.211 -5.80195 172.519 101.314 -5.792 172.545 101.373 
-5.74433 172.889 102.28 -5.78541 172.961 102.553 -5.83028 173.041 102.741 
-5.85783 173.445 103.804 -5.85614 173.451 103.827 -5.84249 173.506 103.995 
-5.81893 173.796 104.701 -5.83158 173.952 104.959 -5.8622 174.104 105.188 
-5.9028 174.356 105.74 -5.95329 174.41 105.898 -6.05797 174.759 106.78 
-6.19481 175.098 107.321 -6.19662 175.101 107.325 -6.27277 175.328 107.634 
-6.27598 175.557 108.06 -6.28923 175.669 108.342 -6.32279 175.809 108.623 
-6.39784 176.091 109.352 -6.4031 176.115 109.386 -6.4031 176.115 109.386 
-6.53347 176.398 109.982 -6.74877 176.646 110.711 -6.77626 176.701 110.823 
-7.16445 177.121 111.808 -7.16445 177.121 111.808 -7.19684 177.263 112.098 
-7.72541 177.741 113.835 -7.74955 177.871 114.093 -7.62903 178.14 114.636 
-7.62903 178.14 114.636 -7.59092 178.225 114.808 -7.56572 178.271 114.928 
-7.55076 178.312 115.372 -7.52811 178.185 116.709 -7.50923 178.178 116.874 
-7.36452 178.142 117.327 -7.32934 178.127 117.408 -7.32934 178.127 117.408 
-7.15587 178.148 117.755 -7.08275 178.142 118.039 -7.04174 178.129 118.185 
-7.04174 178.129 118.185 -6.77811 178.045 119.127 -6.76029 178.01 119.225 
-6.45291 178.082 120.117 -6.38971 178.144 120.313 -6.08071 178.201 121.119 
-5.91894 178.415 121.735 -5.9163 178.416 121.744 -5.89564 178.489 122.209 
-5.87872 178.525 122.351 -5.89488 178.918 123.42 -5.91052 178.923 123.526 
-6.36101 179.335 124.457 -6.37124 179.333 124.473 -6.84238 179.506 124.754 
-6.93278 179.546 124.844 -7.42311 179.691 125.403 -7.63683 179.72 125.479 
-8.01714 179.821 125.609 -8.47099 179.875 125.842 -8.84135 179.91 125.936 
-8.93948 179.905 125.951 -8.953 179.904 125.955 -9.54431 180.007 126.143 
-10.5255 180.038 126.333 -10.6196 180.084 126.29 -11.6387 180.185 125.981 
-11.9118 180.184 125.972 -12.0059 180.174 125.984 -12.7697 180.353 125.926 
-13.0472 180.395 125.922 -13.0484 180.395 125.922 -13.5392 180.476 125.827 
-13.6227 180.478 125.836 -13.6343 180.479 125.834 -14.26 180.594 125.809 
-14.5477 180.581 125.78 -14.8748 180.495 125.791 -15.4107 180.241 125.912 
-16.2357 180.192 126.255 -16.3525 180.161 126.285 -16.3607 180.16 126.285 
-17.5427 180.076 126.49 -17.6965 180.082 126.549 -18.1313 180.028 126.685 
-18.2983 179.993 126.764 -18.2996 179.993 126.765 -18.33 179.989 126.775 
-18.5477 179.972 126.865 -18.9928 179.874 127.155 -19.5676 179.762 127.336 
-19.5712 179.76 127.339 -19.948 179.613 127.488 -19.9514 179.611 127.491 
-20.01 179.588 127.535 -20.3444 179.451 127.765 -20.3522 179.451 127.772 
-20.5013 179.41 127.942 -20.9268 179.327 128.32 -21.3207 179.273 128.616 
-21.368 179.269 128.664 -21.5394 179.231 128.825 -21.7003 179.197 129.026 
-22.0501 179.161 129.346 -22.0748 179.158 129.366 -22.147 179.133 129.432 
-22.3041 179.085 129.618 -22.533 179.003 130.047 -22.9063 178.901 130.551 
-22.9148 178.889 130.587 -23.047 178.811 131.068 -23.1299 178.765 131.288 
-23.1339 178.765 131.302 -23.2333 178.644 131.874 -23.2343 178.639 131.89 
-23.239 178.622 131.92 -23.2393 178.621 131.923 -23.4221 178.491 132.647 
-23.335 178.565 133.255 -23.3218 178.576 133.534 -23.3158 178.555 133.62 
-23.3268 178.483 133.815 -23.3226 178.479 133.83 -23.2805 178.45 134.142 
-23.281 178.45 134.146 -23.2348 178.386 134.621 -23.0771 178.555 135.308 
-23.0613 178.553 135.351 -22.972 178.497 135.926 -22.8917 178.51 136.383 
-22.873 178.522 136.439 -22.8699 178.523 136.45 -22.8407 178.535 136.571 
-22.811 178.543 136.716 -22.7973 178.547 136.848 -22.7925 178.557 136.894 
-22.7601 178.654 137.126 -22.6392 178.791 137.555 -22.5867 178.815 137.65 
-22.3535 178.916 138.177 -22.2701 178.985 138.345 -22.2314 179.033 138.497 
-22.2283 179.039 138.512 -22.0804 179.146 138.819 -22.0438 179.172 138.882 
-21.9883 179.214 139.053 -21.9537 179.24 139.161 -21.872 179.237 139.645 
-21.7762 179.344 140.271 -21.7654 179.346 140.306 -21.7651 179.346 140.31 
-21.6989 179.333 140.531 -21.6361 179.353 140.709 -21.5577 179.38 140.92 
-21.4664 179.411 141.071 -21.2468 179.504 141.375 -21.1324 179.495 141.583 
-21.0795 179.51 141.699 -21.0765 179.512 141.705 -20.9725 179.545 141.963 
-20.8438 179.585 142.21 -20.8338 179.588 142.233 -20.7067 179.621 142.668 
-20.6869 179.62 142.736 -20.4572 179.608 143.37 -20.4303 179.634 143.51 
-20.2982 179.732 143.827 -20.2867 179.737 143.85 -20.1844 179.784 144.132 
-20.0445 179.899 144.533 -19.9829 179.932 144.63 -19.7161 180.088 145.274 
-19.6608 180.095 145.399 -19.6513 180.096 145.427 -19.3789 180.248 146.024 
-19.1555 180.301 146.61 -19.09 180.289 147.179 -19.0199 180.419 147.656 
-18.9891 180.447 147.922 -18.7906 180.553 148.587 -18.5583 180.525 149.535 
-18.5973 180.573 149.762 -18.5937 180.605 149.876 -18.5259 180.647 150.378 
-18.4482 180.649 150.86 -18.4091 180.797 151.499 -18.4525 180.798 151.721 
-18.5439 180.602 152.738 -18.6495 180.626 153.26 -18.6307 180.65 153.878 
-18.6132 180.677 154.057 -18.7316 180.728 154.831 -18.8264 180.782 155.234 
-18.8359 180.752 155.57 -18.8383 180.751 155.591 -19.0317 180.54 156.599 
-19.0294 180.548 156.779 -19.2773 180.54 157.447 -19.4838 180.525 157.987 
-19.5338 180.497 158.108 -19.5396 180.494 158.138 -19.5593 180.498 158.203 
-19.8951 180.522 158.952 -20.0988 180.538 159.383 -20.1316 180.545 159.422 
-20.2631 180.554 159.636 -20.4902 180.574 160.195 -20.4931 180.575 160.203 
-20.6119 180.606 160.528 -20.6903 180.605 160.706 -20.6909 180.605 160.708 
-20.7789 180.649 160.879 -20.8481 180.655 161.024 -21.1496 180.632 161.506 
-21.2451 180.654 161.723 -21.3804 180.647 161.975 -21.7208 180.658 162.586 
-21.7939 180.672 162.711 -21.8364 180.7 162.833 -22.2751 180.7 163.644 
-22.2925 180.706 163.668 -22.4474 180.793 164.03 -22.448 180.793 164.032 
-22.448 180.793 164.032 -22.8483 180.871 164.566 -23.0796 180.886 164.826 
-23.327 180.839 165.209 -23.4058 180.834 165.329 -23.5611 180.873 165.59 
-23.5923 180.877 165.64 -23.8006 180.903 165.933 -23.8757 180.901 166.028 
-23.9638 180.885 166.135 -24.1674 180.797 166.469 -24.2563 180.793 166.582 
-24.3101 180.803 166.661 -24.4148 180.803 166.838 -24.6695 180.775 167.331 
-24.6802 180.773 167.358 -24.6899 180.774 167.378 -24.9419 180.708 168.052 
-24.9767 180.688 168.135 -24.9991 180.677 168.211 -25.0025 180.678 168.231 
-25.4703 180.861 169.062 -25.5369 180.871 169.211 -25.7261 180.93 169.605 
-25.7448 180.955 169.648 -25.8011 180.997 169.725 -25.9805 181.087 170.046 
-26.2221 181.366 170.579 -26.3616 181.654 171.14 -26.382 181.862 171.392 
-26.371 182.036 171.708 -26.3517 182.091 171.772 -26.1549 182.53 172.447 
-26.137 182.656 172.534 -26.0567 183.068 172.932 -26.0056 183.178 173.046 
-25.995 183.201 173.089 -25.995 183.201 173.089 -25.8688 183.537 173.507 
-25.8683 183.539 173.509 -25.8236 183.618 173.572 -25.766 183.714 173.652 
-25.5644 183.9 173.896 -25.4197 184.105 174.073 -25.218 184.321 174.284 
-25.0153 184.477 174.423 -24.9995 184.486 174.437 -24.9995 184.486 174.437 
-24.6709 184.821 174.741 -24.6625 184.836 174.749 -24.1785 185.159 175.044 
-23.8835 185.329 175.09 -23.7016 185.499 175.161 -23.507 185.63 175.24 
-23.1568 185.89 175.345 -22.8054 186.047 175.556 -22.6291 186.102 175.589 
-22.3466 186.237 175.638 -22.3344 186.239 175.642 -21.8593 186.435 175.726 
-21.7444 186.494 175.75 -21.2947 186.768 175.717 -21.1287 186.828 175.741 
-21.0573 186.856 175.759 -20.7797 186.988 175.75 -20.2173 187.177 175.652 
-19.9605 187.202 175.547 -19.4616 187.386 175.452 -19.4408 187.4 175.452 
-19.2173 187.509 175.502 -18.6093 187.694 175.453 -18.5185 187.738 175.433 
-17.9673 187.988 175.268 -17.6151 188.187 175.223 -17.4901 188.237 175.166 
-16.6523 188.495 174.874 -16.3693 188.669 174.843 -16.0522 188.905 174.734 
-16.0102 188.927 174.733 -15.3459 189.211 174.669 -15.3397 189.212 174.668 
-15.0682 189.269 174.606 -14.8083 189.342 174.595 -14.7815 189.346 174.592 
-13.7149 189.761 174.401 -13.6629 189.81 174.375 -13.631 189.875 174.346 
-13.0118 190.193 174.28 -12.8671 190.301 174.287 -12.531 190.488 174.331 
-12.4801 190.511 174.343 -12.0586 190.809 174.326 -11.8067 190.905 174.322 
-11.4876 191.107 174.318 -11.3015 191.24 174.337 -11.0715 191.401 174.319 
-10.5425 191.728 174.424 -10.3373 191.838 174.443 -10.1856 191.927 174.477 
-10.073 192.007 174.502 -9.70891 192.28 174.57 -9.68362 192.291 174.572 
-9.40526 192.431 174.65 -8.8032 192.885 174.878 -8.79653 192.891 174.879 
-8.74904 192.939 174.892 -8.51497 193.22 174.985 -8.45099 193.287 175.029 
-8.29075 193.435 175.106 -8.10167 193.624 175.19 -7.72613 194.041 175.327 
-7.69842 194.068 175.344 -7.49322 194.254 175.429 -7.34056 194.407 175.526 
-7.34056 194.407 175.526 -7.16913 194.638 175.697 -7.16775 194.64 175.698 
-6.90184 194.886 175.861 -6.64106 195.226 176.126 -6.33291 195.517 176.468 
-6.26827 195.658 176.72 -6.26415 195.659 176.731 -6.22892 195.686 176.881 
-6.22849 195.687 176.883 -5.59187 196.25 177.976 -5.1672 196.442 178.792 
-5.13245 196.499 178.978 -5.03453 196.565 179.393 -4.86293 196.841 179.976 
-4.81835 196.895 180.123 -4.74304 196.958 180.375 -4.72144 196.979 180.478 
-4.43355 196.918 181.445 -4.404 196.962 181.883 -4.35356 196.989 182.622 
-4.25722 196.976 182.844 -4.25722 196.976 182.844 -4.05952 196.879 183.399 
-4.03389 196.838 183.528 -4.05874 196.774 183.956 -4.03574 196.699 184.238 
-4.0346 196.698 184.244 -3.77564 196.597 184.938 -3.6761 196.513 185.412 
-3.41539 196.416 185.867 -3.27781 196.432 186.017 -2.99428 196.545 186.405 
-2.93897 196.564 186.469 -2.85201 196.622 186.651 -2.78078 196.735 186.744 
-2.34397 197.18 187.346 -2.04925 197.49 187.667 -1.72478 198.388 188.023 
-1.63789 198.601 188.015 -1.57355 199.789 188.013 -1.57059 199.824 187.993 
-1.63144 200.357 187.736 -1.81205 200.768 187.335 -2.12867 201.046 187.016 
-2.13418 201.05 187.011 -2.41768 201.261 186.691 -2.48283 201.299 186.629 
-2.67481 201.39 186.49 -2.98473 201.498 186.338 -3.59577 201.823 185.81 
-4.30614 202.17 185.503 -4.32563 202.177 185.491 -4.32563 202.177 185.491 
-5.27477 202.818 185.481 -5.47436 202.987 185.542 -6.09984 204.019 185.53 
-6.13719 204.178 185.631 -6.28243 205.058 185.974 -6.27818 205.59 186.259 
-6.22923 205.933 186.335 -6.20751 206.187 186.543 -6.02894 206.786 187.053 
-6.02027 206.798 187.07 -5.85156 207.026 187.334 -5.46657 207.495 187.751 
-5.18396 207.599 188.128 -5.00411 207.65 188.277 -4.79397 207.679 188.45 
-4.12822 207.629 188.894 -3.74037 207.644 189.291 -3.73861 207.643 189.293 
-3.73861 207.643 189.293 -3.48829 207.61 189.67 -3.36358 207.615 189.809 
-2.66282 207.396 190.566 -2.5789 207.404 190.666 -2.22498 207.25 191.153 
-2.16545 207.206 191.227 -1.95471 206.978 191.564 -1.84798 206.857 191.75 
-1.45354 206.47 192.222 -1.36288 206.343 192.448 -1.36288 206.343 192.448 
-1.13275 206 192.836 -0.964212 205.628 193.211 -0.873077 205.32 193.504 
-0.863867 205.044 193.765 -0.822868 204.854 193.926 -0.802421 204.034 194.659 
-0.790177 203.929 194.715 -0.819481 203.409 195.027 -0.923681 202.962 195.25 
-0.971333 202.824 195.346 -0.995241 202.766 195.4 -1.30677 201.957 195.857 
-1.34786 201.898 195.881 -1.37597 201.837 195.906 -1.48562 201.577 195.986 
-1.48684 201.572 195.986 -1.94688 200.644 196.139 -1.97861 200.595 196.127 
-2.11022 199.933 196.08 -2.11022 199.933 196.08 -2.11794 199.894 196.077 
-2.15429 199.789 196.066 -2.18285 199.711 196.063 -2.2395 199.355 195.882 
-2.23278 199.236 195.806 -2.33452 198.749 195.453 -2.33827 198.737 195.44 
-2.35691 198.422 195.192 -2.33548 198.385 195.134 -2.33548 198.385 195.134 
-2.31741 198.334 195.053 -2.31657 198.332 195.049 -2.31282 198.321 195.033 
-2.31114 198.316 195.027 -2.30551 198.305 195.01 -2.28975 198.277 194.965 
-2.2825 198.257 194.931 -2.20416 198.093 194.733 -2.18987 198.046 194.664 
-2.16142 197.945 194.561 -2.13424 197.887 194.499 -1.92258 197.732 194.278 
-1.82664 197.666 194.212 -1.82664 197.666 194.212 -1.79667 197.643 194.19 
-1.79667 197.643 194.19 -1.42718 197.286 193.7 -1.3449 197.234 193.681 
-0.829551 196.996 193.457 -0.719513 196.987 193.422 -0.312219 196.832 193.346 
-0.237255 196.8 193.313 -0.0913722 196.714 193.299 -0.000978842 196.648 193.295 
0.0679632 196.611 193.302 0.276023 196.516 193.339 0.280691 196.514 193.339 
0.829453 196.349 193.446 0.994622 196.288 193.418 0.994622 196.288 193.418 
1.39701 196.03 193.523 1.55158 195.965 193.552 1.90253 195.827 193.718 
1.90983 195.824 193.724 2.30397 195.637 193.857 2.32313 195.624 193.867 
2.32313 195.624 193.867 2.69802 195.404 193.946 2.75666 195.36 193.996 
2.8646 195.261 194.063 3.07659 195.143 194.177 3.40323 194.958 194.286 
3.45898 194.908 194.326 3.50157 194.838 194.358 3.55338 194.742 194.39 
3.65035 194.577 194.486 3.76664 194.471 194.577 4.05449 194.161 194.703 
4.06569 194.146 194.706 4.28741 193.839 194.901 4.44192 193.526 194.996 
4.51299 193.387 195.046 4.69019 193.117 195.259 4.70379 193.06 195.265 
4.8078 192.872 195.301 4.86028 192.746 195.328 4.86135 192.743 195.329 
5.0637 192.33 195.51 5.08911 192.262 195.532 5.10851 192.213 195.553 
5.16982 192.075 195.568 5.31039 191.722 195.783 5.33163 191.661 195.804 
5.33206 191.66 195.804 5.28016 191.169 196.028 5.27966 190.884 196.233 
5.40373 190.443 196.564 5.32386 190.114 196.784 5.29038 189.962 196.916 
5.212 189.658 197.167 5.14066 189.508 197.274 4.97392 189.21 197.419 
4.74743 188.785 197.782 4.74125 188.774 197.788 4.41279 188.366 198.136 
4.07423 187.938 198.341 4.05947 187.92 198.354 4.05892 187.919 198.355 
3.67068 187.589 198.512 3.6157 187.552 198.525 3.44824 187.477 198.592 
3.0463 187.118 198.675 2.94222 187.055 198.715 2.8591 187.007 198.755 
2.54984 186.727 198.852 2.23283 186.506 198.928 2.00021 186.389 199.072 
1.62356 186.059 199.23 1.59615 186.041 199.246 1.55365 186.002 199.263 
0.967032 185.567 199.254 0.533669 185.329 199.24 0.43058 185.278 199.262 
-0.216193 184.821 199.265 -0.444119 184.686 199.228 -0.835115 184.39 199.259 
-0.995724 184.261 199.292 -1.04061 184.215 199.284 -1.04061 184.215 199.284 
-1.23096 183.999 199.278 -1.41243 183.901 199.264 -1.64658 183.706 199.259 
-1.73316 183.623 199.272 -2.25836 183 199.288 -2.27046 182.985 199.283 
-2.27046 182.985 199.283 -2.27265 182.983 199.281 -2.29192 182.966 199.275 
-2.35637 182.897 199.253 -2.4047 182.817 199.246 -2.56077 182.576 199.272 
-2.69098 182.446 199.289 -2.98578 182.17 199.238 -3.12142 182.013 199.243 
-3.26969 181.864 199.262 -3.39058 181.742 199.301 -3.54965 181.54 199.34 
-3.83559 181.129 199.321 -4.05316 180.85 199.334 -4.19165 180.712 199.266 
-4.68745 180.097 199.289 -4.91806 179.883 199.175 -5.02389 179.754 199.173 
-5.32939 179.215 199.326 -5.35037 179.187 199.324 -5.6776 178.632 199.296 
-5.70977 178.522 199.302 -5.71056 178.52 199.302 -5.93501 178.182 199.268 
-6.00356 178.052 199.26 -6.11211 177.557 199.24 -6.15451 177.447 199.234 
-6.27578 177.233 199.315 -6.37055 177.027 199.356 -6.37055 177.027 199.356 
-6.48031 176.852 199.373 -6.6345 176.61 199.338 -6.92428 176.217 199.377 
-6.98581 176.142 199.397 -7.14224 175.971 199.472 -7.17928 175.929 199.48 
-7.3525 175.648 199.666 -7.3525 175.648 199.666 -7.42304 175.534 199.742 
-7.68825 175.344 199.92 -7.84311 175.246 200.238 -7.95356 175.152 200.483 
-7.95356 175.152 200.483 -8.01282 175.13 200.542 -8.16882 175.175 200.92 
-8.17648 175.178 200.944 -8.23352 175.163 201.157 -8.29422 175.174 201.443 
-8.32308 175.195 201.711 -8.35294 175.238 201.802 -8.35294 175.238 201.802 
-8.39483 175.31 202.014 -8.39483 175.31 202.014 -8.4026 175.575 202.375 
-8.40767 175.588 202.397 -8.4442 175.751 202.764 -8.43152 175.752 202.803 
-8.30786 175.921 203.479 -8.31454 175.873 203.64 -8.33734 175.846 203.739 
-8.34019 175.839 203.753 -8.27817 175.678 204.115 -8.27492 175.65 204.153 
-8.27492 175.65 204.153 -8.27089 175.616 204.2 -8.24165 175.415 204.329 
-8.1121 175.202 204.482 -8.08057 175.117 204.528 -8.03097 174.935 204.568 
-7.95413 174.788 204.587 -7.95413 174.788 204.587 -7.89009 174.666 204.602 
-7.85373 174.624 204.617 -7.49238 174.174 204.59 -7.43634 174.14 204.618 
-7.22558 173.962 204.657 -7.18284 173.94 204.661 -7.0576 173.874 204.667 
-6.71561 173.652 204.549 -6.57903 173.521 204.591 -6.45904 173.459 204.6 
-6.0644 173.257 204.459 -5.64857 173.071 204.428 -5.55052 173.015 204.409 
-5.43428 172.904 204.423 -5.31642 172.855 204.432 -5.11189 172.736 204.514 
-4.67657 172.468 204.558 -4.59747 172.397 204.54 -4.57011 172.352 204.548 
-4.5485 172.304 204.567 -4.14852 171.884 204.606 -4.0242 171.782 204.606 
-4.02287 171.779 204.606 -4.02287 171.779 204.606 -3.85796 171.593 204.583 
-3.71642 171.473 204.537 -3.58885 171.378 204.493 -3.46702 171.205 204.466 
-3.38455 171.063 204.52 -3.04797 170.828 204.638 -2.53193 170.378 204.564 
-2.19984 169.843 204.734 -2.19967 169.842 204.734 -2.19692 169.826 204.746 
-2.19692 169.826 204.746 -1.96099 169.449 204.759 -1.83744 169.276 204.708 
-1.59313 168.877 204.751 -1.54276 168.728 204.744 -1.53179 168.706 204.745 
-1.53099 168.704 204.745 -1.48781 168.573 204.788 -1.20103 168.16 204.83 
-1.15028 168.1 204.867 -0.798067 167.723 204.948 -0.683747 167.582 204.915 
-0.631021 167.523 204.928 -0.465905 167.326 205.007 -0.231563 166.826 204.995 
-0.201167 166.742 205.002 -0.180943 166.675 205.006 -0.179489 166.635 205.015 
-0.157381 166.437 205.041 -0.135943 166.385 205.048 0.000993982 166.094 205.03 
0.0498157 165.972 205.057 0.187641 165.645 205.055 0.210739 165.572 205.081 
0.351205 165.124 205.079 0.464608 164.796 205.069 0.49165 164.647 205.017 
-53.3182 99.244 -7.5987 -51.9046 105.828 -4.50499 -51.4202 106.312 -4.12445 
-51.2867 106.544 -3.97217 -51.1848 106.706 -3.86445 -50.2745 108.184 -2.83509 
-49.8391 108.718 -2.4433 -49.0008 110.111 -1.56099 -48.8877 110.343 -1.40359 
-48.1262 111.311 -0.812587 -46.953 112.685 0.0165259 -45.3248 115.547 1.21188 
-44.5527 116.517 1.70514 -44.5475 116.522 1.70844 -43.1287 119.294 2.7711 
-40.5043 122.503 4.38764 -39.9417 123.148 4.91528 -39.6835 123.39 5.14759 
-37.7837 125.215 5.5887 -36.3717 126.29 6.03041 -35.4315 127.226 6.1324 
-34.5178 128.143 6.35663 -33.5139 129.126 6.71536 -33.4722 129.167 6.72727 
-30.5958 131.641 8.00763 -29.9772 132.176 7.99225 -28.8534 133.177 8.07144 
-28.0571 133.763 8.12566 -24.1604 136.353 8.83037 -23.6188 136.67 8.93022 
-23.4448 136.762 8.96557 -23.1768 136.925 9.00883 -22.4675 137.373 9.17033 
-22.0984 137.697 9.24593 -21.5719 138.181 9.21134 -19.7832 139.815 8.9538 
-19.7832 139.815 8.9538 -19.0915 140.447 8.85421 -18.7369 140.675 8.66544 
-16.5097 142.091 7.45014 -15.9877 142.503 7.14325 -15.3708 143.017 6.78354 
-14.6322 143.608 6.40118 -13.2945 144.596 5.70181 -10.9451 145.84 4.21725 
-10.9451 145.84 4.21725 -8.14436 147.323 2.44751 -5.83559 147.631 1.23636 
-2.37486 148.692 -1.20702 -1.58065 149.112 -1.14445 0.489618 150.63 -0.961998 
0.501049 150.642 -0.961552 1.59589 151.612 -1.03008 1.74233 151.76 -0.995516 
3.58147 153.32 -0.477966 3.73045 153.451 -0.440435 4.23375 153.755 -0.157902 
4.23375 153.755 -0.157902 4.97034 154.2 0.255597 5.79015 154.447 0.787588 
7.26461 154.862 1.3959 7.75261 155.071 1.74794 8.40885 155.343 2.62 
9.15222 155.642 3.50184 9.56446 155.739 4.35067 9.97161 155.782 4.93377 
10.453 155.788 5.39586 10.8801 155.654 6.20349 10.8801 155.654 6.20349 
10.9475 155.633 6.33101 11.0261 155.648 6.55153 11.0892 155.645 6.73375 
11.2978 155.664 7.30421 11.3043 155.663 7.31692 11.6305 155.699 8.11439 
11.8556 155.464 9.33436 11.9212 155.388 9.553 11.9721 155.281 10.0025 
12.0016 155.216 10.3369 12.0055 155.195 10.494 12.2421 155.063 11.4008 
12.2928 154.928 12.1546 12.2858 154.819 12.6426 12.1962 154.744 13.2308 
12.1828 154.715 13.3578 12.1608 154.623 13.6522 12.0918 154.514 14.1537 
11.7228 154.361 15.0498 11.7062 154.347 15.1018 11.4701 154.131 15.6954 
11.0233 153.861 16.6621 10.887 153.795 16.8967 10.8822 153.792 16.9069 
9.89517 153.526 18.3141 9.73319 153.54 18.4629 8.83963 153.722 19.2144 
8.61993 153.742 19.6135 8.33323 153.807 20.0432 8.11931 153.868 20.2507 
7.95401 153.869 20.3674 7.36107 153.819 20.8967 6.5608 153.918 21.43 
5.93657 154.126 21.7865 5.90647 154.144 21.8061 5.86068 154.169 21.8461 
5.7399 154.242 21.9389 4.56077 154.853 23.0425 3.51029 155.039 23.4199 
2.8549 155.391 23.9207 2.23211 155.789 24.5581 2.07501 155.937 24.7269 
1.86257 156.075 24.8869 1.64815 156.231 24.9996 0.758736 156.836 25.5459 
-0.0736547 157.304 26.0597 -0.178957 157.375 26.1805 -0.436972 157.615 26.4587 
-0.789953 157.869 26.657 -1.83156 158.569 27.4484 -2.85806 159.577 28.1192 
-2.96413 159.653 28.208 -3.13731 159.782 28.3696 -3.14324 159.787 28.3762 
-3.45167 160.042 28.6059 -3.64088 160.173 28.7021 -4.57402 160.851 29.127 
-4.68833 160.96 29.2379 -4.86686 161.15 29.3543 -4.88849 161.174 29.376 
-5.10394 161.408 29.5644 -5.16986 161.479 29.6165 -5.18159 161.491 29.6259 
-5.1962 161.506 29.637 -5.2579 161.567 29.6842 -5.25942 161.568 29.6853 
-5.51436 161.768 29.8628 -5.56973 161.815 29.9117 -5.73088 161.951 30.0209 
-6.34856 162.358 30.4524 -6.53672 162.491 30.5651 -6.57096 162.509 30.5812 
-6.7832 162.642 30.7371 -6.89857 162.727 30.8213 -6.8995 162.728 30.822 
-6.9451 162.764 30.8544 -6.9451 162.764 30.8544 -7.06461 162.847 30.9284 
-7.06606 162.848 30.9293 -7.36607 163.087 31.1082 -7.42868 163.135 31.1366 
-7.7638 163.435 31.3274 -8.23573 163.695 31.4763 -8.25543 163.706 31.4842 
-8.47111 163.874 31.6408 -9.22262 164.406 32.1107 -9.71679 164.737 32.2716 
-10.7266 165.312 32.8232 -10.7278 165.313 32.8237 -11.2169 165.67 33.1136 
-11.8876 165.967 33.6364 -11.9354 165.983 33.6538 -11.9957 165.992 33.6909 
-12.1179 165.987 33.765 -12.5249 166.094 33.9286 -13.3112 166.301 34.3191 
-13.9667 166.53 34.7978 -14.1287 166.564 34.8713 -14.4955 166.725 35.2334 
-15.7114 167.122 35.9435 -16.0419 167.118 36.296 -16.144 167.09 36.3912 
-17.3711 166.924 36.953 -18.5774 166.723 37.9636 -18.6296 166.724 37.9926 
-20.1835 166.512 39.7003 -20.7536 166.495 40.0898 -21.1138 166.459 40.4468 
-21.1876 166.466 40.5273 -21.8631 166.364 41.3483 -22.1242 166.293 41.8374 
-22.5148 166.255 42.2871 -22.7828 166.102 42.7774 -22.9654 166.028 43.0339 
-23.0452 165.982 43.1661 -23.1973 165.884 43.5032 -23.3417 165.805 43.7903 
-23.4521 165.755 43.9523 -23.912 165.559 44.8056 -24.2192 165.323 45.4436 
-24.2269 165.314 45.4619 -24.4937 164.967 46.0945 -24.5313 164.938 46.2138 
-24.5399 164.931 46.244 -24.8447 164.614 47.5379 -24.867 164.615 47.5805 
-25.0013 164.548 47.906 -25.069 164.463 48.3293 -25.1078 164.416 48.475 
-25.1953 164.032 49.7879 -25.1232 163.936 50.4712 -25.1216 163.899 50.6192 
-25.121 163.898 50.622 -25.0701 163.71 51.1457 -25.049 163.622 51.4491 
-25.0481 163.591 51.5532 -25.0466 163.524 51.7268 -24.8898 163.215 52.4896 
-24.8791 163.204 52.5352 -24.8791 163.204 52.5352 -24.7463 162.831 53.4263 
-24.6753 162.622 53.8336 -24.5575 162.464 54.2655 -24.2984 162.197 55.0152 
-23.9394 161.813 55.8938 -23.9255 161.797 55.9196 -23.765 161.669 56.1483 
-23.5123 161.344 56.6524 -23.5014 161.336 56.669 -23.5014 161.336 56.669 
-23.3165 161.191 56.9803 -22.9718 160.73 58.0314 -22.6879 160.592 58.3947 
-22.6427 160.558 58.4542 -22.6185 160.537 58.4976 -22.4217 160.431 58.7831 
-22.0091 160.117 59.6457 -21.9917 160.107 59.6898 -21.78 160.031 60.1144 
-21.1898 159.783 60.8009 -20.8534 159.656 61.3875 -20.5752 159.53 61.8824 
-20.4518 159.488 62.0558 -20.3193 159.413 62.3869 -20.2547 159.357 62.5447 
-19.46 159.103 63.7615 -18.9264 159.129 64.4631 -18.8454 159.136 64.6217 
-18.4826 159.027 65.1599 -18.0212 158.899 66.1332 -18.0127 158.899 66.145 
-17.4826 158.756 66.9014 -17.4099 158.763 66.9778 -17.1354 158.858 67.3696 
-16.445 158.98 68.263 -16.2888 159.055 68.4856 -16.207 159.088 68.6224 
-16.0338 159.117 68.9714 -15.8356 159.167 69.3568 -15.6301 159.153 69.6851 
-15.4816 159.169 69.9646 -15.0074 159.361 70.9024 -14.9454 159.418 71.0947 
-14.4843 159.635 71.8667 -14.3917 159.712 72.103 -14.0862 159.842 72.5175 
-13.7758 159.966 72.9631 -13.7536 159.973 72.9994 -13.2839 160.166 74.305 
-13.2359 160.192 74.3852 -12.9591 160.404 74.9103 -12.4344 160.715 75.8101 
-12.3968 160.744 75.8879 -12.1284 160.916 76.3269 -12.1168 160.926 76.3489 
-11.879 161.112 76.9021 -11.6275 161.372 77.4821 -11.5857 161.43 77.6309 
-11.5857 161.43 77.6309 -11.5743 161.441 77.659 -11.1988 161.747 78.4494 
-11.1391 161.778 78.547 -10.8462 162 79.1322 -10.6798 162.176 79.4777 
-10.425 162.329 79.9256 -10.1022 162.919 80.9907 -10.0431 162.966 81.0878 
-9.76653 163.216 81.6248 -9.48264 163.469 82.3116 -9.22152 163.77 82.9721 
-8.76098 164.368 83.8943 -8.51371 164.622 84.3821 -8.47806 164.675 84.4755 
-8.40169 164.827 84.658 -8.0747 165.438 85.8123 -8.0649 165.447 85.8353 
-7.99785 165.515 86.0186 -7.91344 165.614 86.2382 -7.88555 165.648 86.3029 
-7.82616 165.729 86.4635 -7.59344 166.1 87.0143 -7.57381 166.123 87.0631 
-7.54044 166.189 87.1754 -7.53976 166.19 87.1777 -7.34643 166.554 87.7718 
-7.18574 166.943 88.7106 -7.16732 167.011 88.7952 -7.04672 167.288 89.1579 
-7.02982 167.335 89.2317 -6.84117 167.664 89.772 -6.7196 167.981 90.2143 
-6.43627 168.522 91.5207 -6.38708 168.557 91.6265 -6.40593 168.853 92.216 
-6.33938 169.04 92.6827 -6.28286 169.127 92.9638 -6.26477 169.167 93.0804 
-6.23287 169.315 93.3404 -6.07623 169.728 94.5553 -6.07484 169.735 94.5668 
-5.98873 170.085 95.221 -5.9876 170.13 95.2981 -5.98066 170.224 95.4371 
-5.98706 170.308 95.6151 -5.96982 170.396 95.8636 -5.96928 170.456 96.0656 
-5.91584 170.635 96.4594 -5.92187 170.718 96.6616 -5.9696 171.181 98.196 
-5.98683 171.269 98.3196 -6.0357 171.582 98.9711 -6.05134 171.712 99.397 
-5.97894 171.847 99.7315 -5.96325 171.878 99.8013 -5.94193 171.95 99.9593 
-5.86801 172.391 100.946 -5.82456 172.474 101.211 -5.80195 172.519 101.314 
-5.792 172.545 101.373 -5.74433 172.889 102.28 -5.78541 172.961 102.553 
-5.83028 173.041 102.741 -5.85783 173.445 103.804 -5.85614 173.451 103.827 
-5.84249 173.506 103.995 -5.81893 173.796 104.701 -5.83158 173.952 104.959 
-5.8622 174.104 105.188 -5.9028 174.356 105.74 -5.95329 174.41 105.898 
-6.05797 174.759 106.78 -6.19481 175.098 107.321 -6.19662 175.101 107.325 
-6.27277 175.328 107.634 -6.27598 175.557 108.06 -6.28923 175.669 108.342 
-6.32279 175.809 108.623 -6.39784 176.091 109.352 -6.4031 176.115 109.386 
-6.4031 176.115 109.386 -6.53347 176.398 109.982 -6.74877 176.646 110.711 
-6.77626 176.701 110.823 -7.16445 177.121 111.808 -7.16445 177.121 111.808 
-7.19684 177.263 112.098 -7.72541 177.741 113.835 -7.74955 177.871 114.093 
-7.62903 178.14 114.636 -7.62903 178.14 114.636 -7.59092 178.225 114.808 
-7.56572 178.271 114.928 -7.55076 178.312 115.372 -7.52811 178.185 116.709 
-7.50923 178.178 116.874 -7.36452 178.142 117.327 -7.32934 178.127 117.408 
-7.32934 178.127 117.408 -7.15587 178.148 117.755 -7.08275 178.142 118.039 
-7.04174 178.129 118.185 -7.04174 178.129 118.185 -6.77811 178.045 119.127 
-6.76029 178.01 119.225 -6.45291 178.082 120.117 -6.38971 178.144 120.313 
-6.08071 178.201 121.119 -5.91894 178.415 121.735 -5.9163 178.416 121.744 
-5.89564 178.489 122.209 -5.87872 178.525 122.351 -5.89488 178.918 123.42 
-5.91052 178.923 123.526 -6.36101 179.335 124.457 -6.37124 179.333 124.473 
-6.84238 179.506 124.754 -6.93278 179.546 124.844 -7.42311 179.691 125.403 
-7.63683 179.72 125.479 -8.01714 179.821 125.609 -8.47099 179.875 125.842 
-8.84135 179.91 125.936 -8.93948 179.905 125.951 -8.953 179.904 125.955 
-9.54431 180.007 126.143 -10.5255 180.038 126.333 -10.6196 180.084 126.29 
-11.6387 180.185 125.981 -11.9118 180.184 125.972 -12.0059 180.174 125.984 
-12.7697 180.353 125.926 -13.0472 180.395 125.922 -13.0484 180.395 125.922 
-13.5392 180.476 125.827 -13.6227 180.478 125.836 -13.6343 180.479 125.834 
-14.26 180.594 125.809 -14.5477 180.581 125.78 -14.8748 180.495 125.791 
-15.4107 180.241 125.912 -16.2357 180.192 126.255 -16.3525 180.161 126.285 
-16.3607 180.16 126.285 -17.5427 180.076 126.49 -17.6965 180.082 126.549 
-18.1313 180.028 126.685 -18.2983 179.993 126.764 -18.2996 179.993 126.765 
-18.33 179.989 126.775 -18.5477 179.972 126.865 -18.9928 179.874 127.155 
-19.5676 179.762 127.336 -19.5712 179.76 127.339 -19.948 179.613 127.488 
-19.9514 179.611 127.491 -20.01 179.588 127.535 -20.3444 179.451 127.765 
-20.3522 179.451 127.772 -20.5013 179.41 127.942 -20.9268 179.327 128.32 
-21.3207 179.273 128.616 -21.368 179.269 128.664 -21.5394 179.231 128.825 
-21.7003 179.197 129.026 -22.0501 179.161 129.346 -22.0748 179.158 129.366 
-22.147 179.133 129.432 -22.3041 179.085 129.618 -22.533 179.003 130.047 
-22.9063 178.901 130.551 -22.9148 178.889 130.587 -23.047 178.811 131.068 
-23.1299 178.765 131.288 -23.1339 178.765 131.302 -23.2333 178.644 131.874 
-23.2343 178.639 131.89 -23.239 178.622 131.92 -23.2393 178.621 131.923 
-23.4221 178.491 132.647 -23.335 178.565 133.255 -23.3218 178.576 133.534 
-23.3158 178.555 133.62 -23.3268 178.483 133.815 -23.3226 178.479 133.83 
-23.2805 178.45 134.142 -23.281 178.45 134.146 -23.2348 178.386 134.621 
-23.0771 178.555 135.308 -23.0613 178.553 135.351 -22.972 178.497 135.926 
-22.8917 178.51 136.383 -22.873 178.522 136.439 -22.8699 178.523 136.45 
-22.8407 178.535 136.571 -22.811 178.543 136.716 -22.7973 178.547 136.848 
-22.7925 178.557 136.894 -22.7601 178.654 137.126 -22.6392 178.791 137.555 
-22.5867 178.815 137.65 -22.3535 178.916 138.177 -22.2701 178.985 138.345 
-22.2314 179.033 138.497 -22.2283 179.039 138.512 -22.0804 179.146 138.819 
-22.0438 179.172 138.882 -21.9883 179.214 139.053 -21.9537 179.24 139.161 
-21.872 179.237 139.645 -21.7762 179.344 140.271 -21.7654 179.346 140.306 
-21.7651 179.346 140.31 -21.6989 179.333 140.531 -21.6361 179.353 140.709 
-21.5577 179.38 140.92 -21.4664 179.411 141.071 -21.2468 179.504 141.375 
-21.1324 179.495 141.583 -21.0795 179.51 141.699 -21.0765 179.512 141.705 
-20.9725 179.545 141.963 -20.8438 179.585 142.21 -20.8338 179.588 142.233 
-20.7067 179.621 142.668 -20.6869 179.62 142.736 -20.4572 179.608 143.37 
-20.4303 179.634 143.51 -20.2982 179.732 143.827 -20.2867 179.737 143.85 
-20.1844 179.784 144.132 -20.0445 179.899 144.533 -19.9829 179.932 144.63 
-19.7161 180.088 145.274 -19.6608 180.095 145.399 -19.6513 180.096 145.427 
-19.3789 180.248 146.024 -19.1555 180.301 146.61 -19.09 180.289 147.179 
-19.0199 180.419 147.656 -18.9891 180.447 147.922 -18.7906 180.553 148.587 
-18.5583 180.525 149.535 -18.5973 180.573 149.762 -18.5937 180.605 149.876 
-18.5259 180.647 150.378 -18.4482 180.649 150.86 -18.4091 180.797 151.499 
-18.4525 180.798 151.721 -18.5439 180.602 152.738 -18.6495 180.626 153.26 
-18.6307 180.65 153.878 -18.6132 180.677 154.057 -18.7316 180.728 154.831 
-18.8264 180.782 155.234 -18.8359 180.752 155.57 -18.8383 180.751 155.591 
-19.0317 180.54 156.599 -19.0294 180.548 156.779 -19.2773 180.54 157.447 
-19.4838 180.525 157.987 -19.5338 180.497 158.108 -19.5396 180.494 158.138 
-19.5593 180.498 158.203 -19.8951 180.522 158.952 -20.0988 180.538 159.383 
-20.1316 180.545 159.422 -20.2631 180.554 159.636 -20.4902 180.574 160.195 
-20.4931 180.575 160.203 -20.6119 180.606 160.528 -20.6903 180.605 160.706 
-20.6909 180.605 160.708 -20.7789 180.649 160.879 -20.8481 180.655 161.024 
-21.1496 180.632 161.506 -21.2451 180.654 161.723 -21.3804 180.647 161.975 
-21.7208 180.658 162.586 -21.7939 180.672 162.711 -21.8364 180.7 162.833 
-22.2751 180.7 163.644 -22.2925 180.706 163.668 -22.4474 180.793 164.03 
-22.448 180.793 164.032 -22.448 180.793 164.032 -22.8483 180.871 164.566 
-23.0796 180.886 164.826 -23.327 180.839 165.209 -23.4058 180.834 165.329 
-23.5611 180.873 165.59 -23.5923 180.877 165.64 -23.8006 180.903 165.933 
-23.8757 180.901 166.028 -23.9638 180.885 166.135 -24.1674 180.797 166.469 
-24.2563 180.793 166.582 -24.3101 180.803 166.661 -24.4148 180.803 166.838 
-24.6695 180.775 167.331 -24.6802 180.773 167.358 -24.6899 180.774 167.378 
-24.9419 180.708 168.052 -24.9767 180.688 168.135 -24.9991 180.677 168.211 
-25.0025 180.678 168.231 -25.4703 180.861 169.062 -25.5369 180.871 169.211 
-25.7261 180.93 169.605 -25.7448 180.955 169.648 -25.8011 180.997 169.725 
-25.9805 181.087 170.046 -26.2221 181.366 170.579 -26.3616 181.654 171.14 
-26.382 181.862 171.392 -26.371 182.036 171.708 -26.3517 182.091 171.772 
-26.1549 182.53 172.447 -26.137 182.656 172.534 -26.0567 183.068 172.932 
-26.0056 183.178 173.046 -25.995 183.201 173.089 -25.995 183.201 173.089 
-25.8688 183.537 173.507 -25.8683 183.539 173.509 -25.8236 183.618 173.572 
-25.766 183.714 173.652 -25.5644 183.9 173.896 -25.4197 184.105 174.073 
-25.218 184.321 174.284 -25.0153 184.477 174.423 -24.9995 184.486 174.437 
-24.9995 184.486 174.437 -24.6709 184.821 174.741 -24.6625 184.836 174.749 
-24.1785 185.159 175.044 -23.8835 185.329 175.09 -23.7016 185.499 175.161 
-23.507 185.63 175.24 -23.1568 185.89 175.345 -22.8054 186.047 175.556 
-22.6291 186.102 175.589 -22.3466 186.237 175.638 -22.3344 186.239 175.642 
-21.8593 186.435 175.726 -21.7444 186.494 175.75 -21.2947 186.768 175.717 
-21.1287 186.828 175.741 -21.0573 186.856 175.759 -20.7797 186.988 175.75 
-20.2173 187.177 175.652 -19.9605 187.202 175.547 -19.4616 187.386 175.452 
-19.4408 187.4 175.452 -19.2173 187.509 175.502 -18.6093 187.694 175.453 
-18.5185 187.738 175.433 -17.9673 187.988 175.268 -17.6151 188.187 175.223 
-17.4901 188.237 175.166 -16.6523 188.495 174.874 -16.3693 188.669 174.843 
-16.0522 188.905 174.734 -16.0102 188.927 174.733 -15.3459 189.211 174.669 
-15.3397 189.212 174.668 -15.0682 189.269 174.606 -14.8083 189.342 174.595 
-14.7815 189.346 174.592 -13.7149 189.761 174.401 -13.6629 189.81 174.375 
-13.631 189.875 174.346 -13.0118 190.193 174.28 -12.8671 190.301 174.287 
-12.531 190.488 174.331 -12.4801 190.511 174.343 -12.0586 190.809 174.326 
-11.8067 190.905 174.322 -11.4876 191.107 174.318 -11.3015 191.24 174.337 
-11.0715 191.401 174.319 -10.5425 191.728 174.424 -10.3373 191.838 174.443 
-10.1856 191.927 174.477 -10.073 192.007 174.502 -9.70891 192.28 174.57 
-9.68362 192.291 174.572 -9.40526 192.431 174.65 -8.8032 192.885 174.878 
-8.79653 192.891 174.879 -8.74904 192.939 174.892 -8.51497 193.22 174.985 
-8.45099 193.287 175.029 -8.29075 193.435 175.106 -8.10167 193.624 175.19 
-7.72613 194.041 175.327 -7.69842 194.068 175.344 -7.49322 194.254 175.429 
-7.34056 194.407 175.526 -7.34056 194.407 175.526 -7.16913 194.638 175.697 
-7.16775 194.64 175.698 -6.90184 194.886 175.861 -6.64106 195.226 176.126 
-6.33291 195.517 176.468 -6.26827 195.658 176.72 -6.26415 195.659 176.731 
-6.22892 195.686 176.881 -6.22849 195.687 176.883 -5.59187 196.25 177.976 
-5.1672 196.442 178.792 -5.13245 196.499 178.978 -5.03453 196.565 179.393 
-4.86293 196.841 179.976 -4.81835 196.895 180.123 -4.74304 196.958 180.375 
-4.72144 196.979 180.478 -4.43355 196.918 181.445 -4.404 196.962 181.883 
-4.35356 196.989 182.622 -4.25722 196.976 182.844 -4.25722 196.976 182.844 
-4.05952 196.879 183.399 -4.03389 196.838 183.528 -4.05874 196.774 183.956 
-4.03574 196.699 184.238 -4.0346 196.698 184.244 -3.77564 196.597 184.938 
-3.6761 196.513 185.412 -3.41539 196.416 185.867 -3.27781 196.432 186.017 
-2.99428 196.545 186.405 -2.93897 196.564 186.469 -2.85201 196.622 186.651 
-2.78078 196.735 186.744 -2.34397 197.18 187.346 -2.04925 197.49 187.667 
-1.72478 198.388 188.023 -1.63789 198.601 188.015 -1.57355 199.789 188.013 
-1.57059 199.824 187.993 -1.63144 200.357 187.736 -1.81205 200.768 187.335 
-2.12867 201.046 187.016 -2.13418 201.05 187.011 -2.41768 201.261 186.691 
-2.48283 201.299 186.629 -2.67481 201.39 186.49 -2.98473 201.498 186.338 
-3.59577 201.823 185.81 -4.30614 202.17 185.503 -4.32563 202.177 185.491 
-4.32563 202.177 185.491 -5.27477 202.818 185.481 -5.47436 202.987 185.542 
-6.09984 204.019 185.53 -6.13719 204.178 185.631 -6.28243 205.058 185.974 
-6.27818 205.59 186.259 -6.22923 205.933 186.335 -6.20751 206.187 186.543 
-6.02894 206.786 187.053 -6.02027 206.798 187.07 -5.85156 207.026 187.334 
-5.46657 207.495 187.751 -5.18396 207.599 188.128 -5.00411 207.65 188.277 
-4.79397 207.679 188.45 -4.12822 207.629 188.894 -3.74037 207.644 189.291 
-3.73861 207.643 189.293 -3.73861 207.643 189.293 -3.48829 207.61 189.67 
-3.36358 207.615 189.809 -2.66282 207.396 190.566 -2.5789 207.404 190.666 
-2.22498 207.25 191.153 -2.16545 207.206 191.227 -1.95471 206.978 191.564 
-1.84798 206.857 191.75 -1.45354 206.47 192.222 -1.36288 206.343 192.448 
-1.36288 206.343 192.448 -1.13275 206 192.836 -0.964212 205.628 193.211 
-0.873077 205.32 193.504 -0.863867 205.044 193.765 -0.822868 204.854 193.926 
-0.802421 204.034 194.659 -0.790177 203.929 194.715 -0.819481 203.409 195.027 
-0.923681 202.962 195.25 -0.971333 202.824 195.346 -0.995241 202.766 195.4 
-1.30677 201.957 195.857 -1.34786 201.898 195.881 -1.37597 201.837 195.906 
-1.48562 201.577 195.986 -1.48684 201.572 195.986 -1.94688 200.644 196.139 
-1.97861 200.595 196.127 -2.11022 199.933 196.08 -2.11022 199.933 196.08 
-2.11794 199.894 196.077 -2.15429 199.789 196.066 -2.18285 199.711 196.063 
-2.2395 199.355 195.882 -2.23278 199.236 195.806 -2.33452 198.749 195.453 
-2.33827 198.737 195.44 -2.35691 198.422 195.192 -2.33548 198.385 195.134 
-2.33548 198.385 195.134 -2.31741 198.334 195.053 -2.31657 198.332 195.049 
-2.31282 198.321 195.033 -2.31114 198.316 195.027 -2.30551 198.305 195.01 
-2.28975 198.277 194.965 -2.2825 198.257 194.931 -2.20416 198.093 194.733 
-2.18987 198.046 194.664 -2.16142 197.945 194.561 -2.13424 197.887 194.499 
-1.92258 197.732 194.278 -1.82664 197.666 194.212 -1.82664 197.666 194.212 
-1.79667 197.643 194.19 -1.79667 197.643 194.19 -1.42718 197.286 193.7 
-1.3449 197.234 193.681 -0.829551 196.996 193.457 -0.719513 196.987 193.422 
-0.312219 196.832 193.346 -0.237255 196.8 193.313 -0.0913722 196.714 193.299 
-0.000978842 196.648 193.295 0.0679632 196.611 193.302 0.276023 196.516 193.339 
0.280691 196.514 193.339 0.829453 196.349 193.446 0.994622 196.288 193.418 
0.994622 196.288 193.418 1.39701 196.03 193.523 1.55158 195.965 193.552 
1.90253 195.827 193.718 1.90983 195.824 193.724 2.30397 195.637 193.857 
2.32313 195.624 193.867 2.32313 195.624 193.867 2.69802 195.404 193.946 
2.75666 195.36 193.996 2.8646 195.261 194.063 3.07659 195.143 194.177 
3.40323 194.958 194.286 3.45898 194.908 194.326 3.50157 194.838 194.358 
3.55338 194.742 194.39 3.65035 194.577 194.486 3.76664 194.471 194.577 
4.05449 194.161 194.703 4.06569 194.146 194.706 4.28741 193.839 194.901 
4.44192 193.526 194.996 4.51299 193.387 195.046 4.69019 193.117 195.259 
4.70379 193.06 195.265 4.8078 192.872 195.301 4.86028 192.746 195.328 
4.86135 192.743 195.329 5.0637 192.33 195.51 5.08911 192.262 195.532 
5.10851 192.213 195.553 5.16982 192.075 195.568 5.31039 191.722 195.783 
5.33163 191.661 195.804 5.33206 191.66 195.804 5.28016 191.169 196.028 
5.27966 190.884 196.233 5.40373 190.443 196.564 5.32386 190.114 196.784 
5.29038 189.962 196.916 5.212 189.658 197.167 5.14066 189.508 197.274 
4.97392 189.21 197.419 4.74743 188.785 197.782 4.74125 188.774 197.788 
4.41279 188.366 198.136 4.07423 187.938 198.341 4.05947 187.92 198.354 
4.05892 187.919 198.355 3.67068 187.589 198.512 3.6157 187.552 198.525 
3.44824 187.477 198.592 3.0463 187.118 198.675 2.94222 187.055 198.715 
2.8591 187.007 198.755 2.54984 186.727 198.852 2.23283 186.506 198.928 
2.00021 186.389 199.072 1.62356 186.059 199.23 1.59615 186.041 199.246 
1.55365 186.002 199.263 0.967032 185.567 199.254 0.533669 185.329 199.24 
0.43058 185.278 199.262 -0.216193 184.821 199.265 -0.444119 184.686 199.228 
-0.835115 184.39 199.259 -0.995724 184.261 199.292 -1.04061 184.215 199.284 
-1.04061 184.215 199.284 -1.23096 183.999 199.278 -1.41243 183.901 199.264 
-1.64658 183.706 199.259 -1.73316 183.623 199.272 -2.25836 183 199.288 
-2.27046 182.985 199.283 -2.27046 182.985 199.283 -2.27265 182.983 199.281 
-2.29192 182.966 199.275 -2.35637 182.897 199.253 -2.4047 182.817 199.246 
-2.56077 182.576 199.272 -2.69098 182.446 199.289 -2.98578 182.17 199.238 
-3.12142 182.013 199.243 -3.26969 181.864 199.262 -3.39058 181.742 199.301 
-3.54965 181.54 199.34 -3.83559 181.129 199.321 -4.05316 180.85 199.334 
-4.19165 180.712 199.266 -4.68745 180.097 199.289 -4.91806 179.883 199.175 
-5.02389 179.754 199.173 -5.32939 179.215 199.326 -5.35037 179.187 199.324 
-5.6776 178.632 199.296 -5.70977 178.522 199.302 -5.71056 178.52 199.302 
-5.93501 178.182 199.268 -6.00356 178.052 199.26 -6.11211 177.557 199.24 
-6.15451 177.447 199.234 -6.27578 177.233 199.315 -6.37055 177.027 199.356 
-6.37055 177.027 199.356 -6.48031 176.852 199.373 -6.6345 176.61 199.338 
-6.92428 176.217 199.377 -6.98581 176.142 199.397 -7.14224 175.971 199.472 
-7.17928 175.929 199.48 -7.3525 175.648 199.666 -7.3525 175.648 199.666 
-7.42304 175.534 199.742 -7.68825 175.344 199.92 -7.84311 175.246 200.238 
-7.95356 175.152 200.483 -7.95356 175.152 200.483 -8.01282 175.13 200.542 
-8.16882 175.175 200.92 -8.17648 175.178 200.944 -8.23352 175.163 201.157 
-8.29422 175.174 201.443 -8.32308 175.195 201.711 -8.35294 175.238 201.802 
-8.35294 175.238 201.802 -8.39483 175.31 202.014 -8.39483 175.31 202.014 
-8.4026 175.575 202.375 -8.40767 175.588 202.397 -8.4442 175.751 202.764 
-8.43152 175.752 202.803 -8.30786 175.921 203.479 -8.31051 175.948 203.677 
-8.31596 175.945 203.703 -8.36032 175.924 203.835 -8.38134 175.924 203.938 
-8.38134 175.924 203.938 -8.48165 175.925 204.429 -8.49215 175.953 204.508 
-8.49284 176.017 204.626 -8.4805 176.22 205.007 -8.4805 176.22 205.007 
-8.4779 176.263 205.087 -8.46427 176.281 205.13 -8.46427 176.281 205.13 
-8.39023 176.307 205.365 -8.34597 176.342 205.47 -8.31633 176.347 205.547 
-8.27383 176.405 205.748 -8.25952 176.396 205.915 -8.25777 176.377 205.998 
-8.25239 176.37 206.022 -8.21452 176.34 206.146 -8.16858 176.323 206.456 
-8.04915 176.298 206.884 -8.04312 176.307 206.962 -8.04312 176.307 206.962 
-7.96139 176.296 207.319 -7.95712 176.301 207.343 -7.92485 176.271 207.478 
-7.91892 176.257 207.697 -7.87773 176.173 207.963 -7.8703 176.167 208.014 
-7.83606 176.15 208.086 -7.75984 176.116 208.188 -7.7459 176.103 208.242 
-7.72537 176.101 208.323 -7.72465 176.061 208.437 -7.71456 176.032 208.529 
-7.66397 175.914 208.71 -7.62401 175.83 208.837 -7.60694 175.795 208.87 
-7.54395 175.534 209.231 -7.53569 175.482 209.271 -7.53415 175.474 209.276 
-7.50444 175.41 209.346 -7.49423 175.387 209.367 -7.45873 175.315 209.448 
-7.35022 175.048 209.599 -7.32355 175.013 209.645 -7.12058 174.707 209.827 
-7.12405 174.687 209.844 -6.99428 174.486 210.066 -6.99025 174.478 210.078 
-6.87273 174.27 210.255 -6.81756 174.209 210.404 -6.77965 174.058 210.539 
-6.77872 174.054 210.543 -6.6273 173.844 210.688 -6.50997 173.639 210.874 
-6.4005 173.336 211.072 -6.27041 173.186 211.224 -6.23754 173.113 211.286 
-6.14649 172.797 211.381 -6.08731 172.701 211.438 -6.05658 172.663 211.45 
-5.87937 172.314 211.592 -5.87284 172.308 211.595 -5.60768 171.906 211.736 
-5.55614 171.823 211.792 -5.36484 171.581 211.899 -5.28598 171.494 211.967 
-5.1288 171.357 211.996 -5.12147 171.352 211.995 -4.479 170.771 212.093 
-3.88029 170.323 211.765 -3.79042 170.24 211.858 -3.4914 169.923 212.068 
-2.88476 169.512 211.956 -53.3182 99.244 -7.5987 -51.9046 105.828 -4.50499 
-51.4202 106.312 -4.12445 -51.2867 106.544 -3.97217 -51.1848 106.706 -3.86445 
-50.2745 108.184 -2.83509 -49.8391 108.718 -2.4433 -49.0008 110.111 -1.56099 
-48.8877 110.343 -1.40359 -48.1262 111.311 -0.812587 -46.953 112.685 0.0165259 
-45.3248 115.547 1.21188 -44.5527 116.517 1.70514 -44.5475 116.522 1.70844 
-43.1287 119.294 2.7711 -40.5043 122.503 4.38764 -39.9417 123.148 4.91528 
-39.6835 123.39 5.14759 -37.7837 125.215 5.5887 -36.3717 126.29 6.03041 
-35.4315 127.226 6.1324 -34.5178 128.143 6.35663 -33.5139 129.126 6.71536 
-33.4722 129.167 6.72727 -30.5958 131.641 8.00763 -29.9772 132.176 7.99225 
-28.8534 133.177 8.07144 -28.0571 133.763 8.12566 -24.1604 136.353 8.83037 
-23.6188 136.67 8.93022 -23.4448 136.762 8.96557 -23.1768 136.925 9.00883 
-22.4675 137.373 9.17033 -22.0984 137.697 9.24593 -21.5719 138.181 9.21134 
-19.7832 139.815 8.9538 -19.7832 139.815 8.9538 -19.0915 140.447 8.85421 
-18.7369 140.675 8.66544 -16.5097 142.091 7.45014 -15.9877 142.503 7.14325 
-15.3708 143.017 6.78354 -14.6322 143.608 6.40118 -13.2945 144.596 5.70181 
-10.9451 145.84 4.21725 -10.9451 145.84 4.21725 -8.14436 147.323 2.44751 
-5.83559 147.631 1.23636 -2.12709 148.391 -1.19847 -0.943853 148.658 -2.41167 
-0.943853 148.658 -2.41167 -0.728333 148.707 -2.63265 -0.499975 148.743 -2.84398 
0.106442 148.815 -3.30436 2.53934 149.356 -4.27016 2.5913 149.371 -4.29769 
6.69872 150.912 -5.72749 7.77139 151.239 -6.50774 8.61785 151.803 -7.27674 
8.63976 151.821 -7.29894 9.02483 152.063 -7.64908 9.71078 152.234 -8.17078 
9.71078 152.234 -8.17078 12.7248 152.987 -10.4631 13.2525 153.119 -10.9039 
13.8222 153.11 -11.2611 16.1776 152.912 -12.6951 17.5047 152.562 -13.4304 
19.3783 152.716 -13.2912 19.3783 152.716 -13.2912 21.1295 152.86 -13.161 
21.154 152.865 -13.1522 21.154 152.865 -13.1522 22.7055 153.106 -12.5722 
25.3628 153.305 -11.5103 26.3775 153.378 -11.1298 27.1614 153.643 -10.5398 
27.3732 153.627 -10.174 27.5627 153.546 -9.86172 28.2252 153.512 -8.45162 
28.3907 153.47 -8.02264 28.8381 153.518 -6.78485 28.8723 153.516 -6.63384 
28.8806 153.51 -6.59473 28.8806 153.51 -6.59473 29.2362 153.244 -4.91285 
29.4853 153.327 -3.55915 29.599 153.297 -3.04304 29.6197 153.278 -2.85843 
29.6525 153.243 -2.10526 29.6861 153.169 -1.60438 29.6904 153.158 -1.55039 
29.7058 153.122 -1.42588 29.6718 152.865 -0.244122 29.5587 152.67 0.638197 
29.368 152.358 1.71975 29.3412 152.356 1.81128 28.6407 151.714 3.65695 
28.4615 151.589 4.02141 28.3296 151.48 4.38373 28.2914 151.397 4.48792 
27.0409 149.766 6.56685 26.8341 149.592 6.74503 26.4991 149.299 7.09774 
25.8077 148.451 8.40204 24.3902 147.227 9.78236 24.1814 147.162 10.0273 
23.1686 146.195 11.4223 23.1011 146.154 11.469 22.2126 145.445 12.3675 
21.1045 144.186 13.1427 20.8534 143.785 13.4879 20.5206 143.351 13.9131 
19.9276 142.64 14.7267 19.8122 142.446 14.9241 19.4142 142.134 15.2995 
18.5402 141.295 16.4585 17.8138 140.25 17.4237 17.4708 139.79 17.8626 
16.8483 139.053 18.6947 16.699 138.825 18.888 16.6886 138.816 18.9032 
16.2551 138.453 19.6298 15.6406 137.82 20.7871 15.6337 137.815 20.7964 
15.1257 137.223 21.629 15.111 137.204 21.6516 15.1104 137.204 21.6525 
14.2425 135.958 23.434 14.1842 135.842 23.6352 13.8951 135.442 24.2204 
13.854 135.392 24.2817 13.7577 135.184 24.5407 13.034 134.158 26.3654 
12.8794 133.924 26.7905 12.89 133.813 26.9828 12.7573 133.612 27.6779 
12.5044 133.288 29.0425 12.495 133.269 29.1098 12.4772 133.206 29.3084 
12.464 133.166 29.4702 12.1968 132.719 30.8046 12.1966 132.719 30.8059 
12.0996 132.536 31.1437 11.8706 132.295 31.7819 11.5576 132.262 32.5255 
11.4537 132.27 32.6862 11.4537 132.27 32.6862 10.6796 132.327 33.883 
10.4338 132.495 34.5869 10.3123 132.542 34.8053 10.0135 132.757 35.4119 
10.0123 132.758 35.4143 9.67563 132.845 36.0942 9.61333 132.888 36.2804 
9.55328 132.935 36.4078 9.42343 133.064 36.7658 9.36972 133.098 36.9093 
9.2819 133.191 37.187 9.12128 133.365 37.6481 9.12128 133.365 37.6481 
9.08112 133.408 37.7634 9.07275 133.428 37.8102 8.94713 133.728 38.3846 
8.92417 133.811 38.572 8.72315 134.5 39.9529 8.69128 134.566 40.0414 
8.34933 134.984 40.8109 8.28893 135.145 41.213 8.2797 135.238 41.393 
8.23842 135.422 41.7078 8.15218 136.198 42.5489 8.14223 137.009 43.8812 
8.19918 137.365 44.3169 8.1605 138.099 45.0165 8.17562 138.372 45.3958 
8.18944 138.446 45.5286 8.10015 139.731 46.8593 8.09352 139.776 46.891 
8.05545 139.954 47.0185 8.00119 140.236 47.3093 8.00918 140.5 47.595 
7.95793 140.975 48.0956 8.05772 141.668 48.5926 7.80944 142.65 49.4171 
7.72159 142.843 49.5949 7.65053 143.071 49.8161 7.5994 143.317 50.134 
7.10171 144.268 51.2732 7.10148 144.269 51.2741 7.10148 144.269 51.2741 
6.94931 144.589 51.5017 6.85722 144.809 51.6858 6.64327 145.282 52.0167 
6.49539 145.683 52.3607 6.49256 145.689 52.3652 6.19043 146.429 52.8935 
6.19002 146.433 52.8966 5.59455 147.394 53.8286 5.41424 147.566 54.0152 
4.81957 148.611 54.9893 4.47431 149.249 55.4652 4.1825 149.671 55.7466 
3.54489 150.308 56.3931 3.40696 150.421 56.5244 3.09147 150.797 56.9462 
2.87835 150.977 57.1933 1.92989 151.913 58.0648 1.74021 152.191 58.4312 
1.70925 152.24 58.4994 1.54242 152.478 58.7683 1.32474 153.029 59.4459 
0.993791 153.562 60.0712 0.880464 154.247 61.301 0.888985 154.369 61.485 
0.899694 154.428 61.579 1.3107 154.971 62.882 1.39204 155.015 63.0188 
1.67277 155.147 63.459 2.23883 155.42 64.1761 2.77661 155.506 64.6155 
3.22161 155.616 65.0073 3.88914 155.704 65.5396 4.2245 155.781 65.7357 
5.69036 155.709 66.5028 6.20653 155.73 66.8477 6.68828 155.697 67.1155 
6.70828 155.701 67.1268 7.49662 155.673 67.5909 8.36581 155.589 67.9857 
8.7486 155.607 68.192 8.77814 155.608 68.2018 9.02846 155.584 68.316 
10.2893 155.657 68.906 10.6688 155.584 69.1205 10.8054 155.57 69.1725 
10.8112 155.57 69.1748 11.9706 155.526 69.5944 12.126 155.548 69.696 
13.4703 155.452 70.3854 13.5737 155.438 70.4383 13.7528 155.44 70.5283 
14.559 155.411 71.045 14.7211 155.402 71.1724 15.2735 155.403 71.5209 
15.2996 155.405 71.5416 15.4599 155.387 71.6456 16.3803 155.334 72.3558 
16.475 155.348 72.4071 16.4774 155.349 72.4084 17.4315 155.377 73.0119 
17.6959 155.408 73.2208 18.167 155.492 73.5133 19.4429 155.422 74.6661 
20.6513 155.365 75.5678 20.7401 155.361 75.6725 21.3036 155.412 76.1495 
21.6911 155.467 76.51 21.8597 155.484 76.6624 22.3366 155.604 77.3184 
22.4585 155.633 77.4484 23.0809 155.686 78.3228 23.2013 155.724 78.4652 
23.4212 155.818 78.7585 23.8533 155.98 79.3029 23.9702 156.01 79.4274 
23.996 156.015 79.4488 24.2455 156.063 79.6383 24.498 156.131 79.9156 
24.8552 156.255 80.3878 24.8582 156.256 80.3918 25.2691 156.428 81.0024 
25.8081 156.564 81.9528 25.8476 156.583 82.0121 26.2785 156.878 82.6825 
26.5325 157.158 83.2118 26.6691 157.254 83.4728 26.6766 157.257 83.484 
26.8004 157.315 83.6591 27.0225 157.437 84.0327 27.3084 157.649 84.6274 
27.5369 157.817 85.5345 27.5598 157.825 85.5824 27.6059 157.859 85.6848 
27.9164 158.095 86.215 28.014 158.178 86.4131 28.157 158.286 86.7018 
28.3072 158.421 87.1417 28.5571 158.693 87.7638 28.7199 159.343 89.4099 
28.6971 159.396 89.5379 28.6845 159.449 89.6943 28.9281 159.859 90.8347 
29.0694 160.009 91.1756 29.1355 160.112 91.382 29.1762 160.214 91.5559 
29.2781 160.419 92.0344 29.3468 160.517 92.3848 29.4183 160.633 92.6577 
29.5088 160.807 92.9929 29.5334 160.985 93.3128 29.5913 161.241 93.9297 
29.6811 161.382 94.2085 29.8235 161.884 95.2562 29.8226 161.894 95.2733 
29.8332 162.038 95.5323 29.911 162.66 96.4228 29.9012 162.69 96.4856 
29.9228 162.988 97.1538 29.921 163.011 97.1978 29.9203 163.023 97.2235 
29.9403 163.128 97.4346 29.9403 163.128 97.4346 29.896 163.472 98.3527 
29.8813 163.648 98.6345 29.8959 163.72 98.761 29.8882 163.953 99.0437 
29.9319 164.257 99.5808 29.8891 164.836 100.398 29.9125 164.975 100.792 
29.7046 165.744 102.239 29.6933 165.761 102.267 29.5727 166.45 103.663 
29.5924 166.494 103.758 29.5203 167.125 104.78 29.5081 167.183 104.934 
29.4854 167.461 105.521 29.5577 167.581 105.8 29.5612 168.252 106.948 
29.6238 168.471 107.693 29.6792 168.594 108.291 29.6779 168.601 108.305 
29.6309 168.931 109 29.7573 169.608 110.554 29.7215 169.715 110.761 
29.866 170.01 112.237 29.8669 170.013 112.249 29.8669 170.013 112.249 
30.3623 170.247 113.99 30.4112 170.224 114.19 30.536 170.19 114.602 
30.5439 170.185 114.629 30.5901 170.173 114.772 30.6002 170.177 114.81 
30.6002 170.177 114.81 30.6666 170.205 115.061 31.1955 170.138 116.124 
31.6534 170.002 116.791 31.86 169.952 117.033 32.0279 169.851 117.265 
32.0279 169.851 117.265 32.1448 169.786 117.518 32.519 169.479 118.398 
32.5224 169.476 118.405 32.6536 169.354 118.657 32.6536 169.354 118.657 
32.7585 169.256 118.858 33.0211 169.095 119.473 33.1369 168.999 119.778 
33.4591 168.727 120.462 33.5457 168.678 120.697 33.8328 168.405 121.902 
33.8505 168.391 122.022 33.8505 168.391 122.022 33.8958 168.31 122.288 
34.0092 168.178 123.602 33.9948 168.175 124.21 33.881 168.271 124.921 
33.8545 168.351 125.733 33.9025 168.444 126.651 33.904 168.472 126.74 
33.8868 168.504 127.159 33.7674 168.693 128.281 33.767 168.966 129.033 
33.7626 169.116 130.08 33.7547 169.23 130.388 33.7438 169.33 130.577 
33.718 169.419 130.787 33.7066 169.437 130.839 33.7062 169.438 130.841 
33.6047 169.551 131.345 33.5851 169.621 131.625 33.5761 169.651 131.713 
33.5404 169.764 131.905 33.3502 170.09 132.675 33.314 170.346 133.572 
33.3226 170.449 133.85 33.3226 170.45 133.852 33.2502 170.569 134.414 
33.2477 170.586 134.538 33.2381 170.582 134.623 33.2127 170.626 135.577 
33.1876 170.706 135.774 33.1586 170.915 136.402 33.1114 171.277 137.023 
33.0732 171.562 137.875 33.0705 171.613 137.982 33.1365 171.746 138.325 
33.1205 171.808 138.537 33.0673 171.882 138.913 33.0471 172.104 139.45 
32.9684 172.368 140.396 32.9524 172.388 140.609 32.9305 172.676 141.496 
32.9317 172.68 141.517 32.9132 172.73 141.715 32.894 172.815 141.929 
32.8943 172.926 142.162 32.8694 173.056 142.552 32.8702 173.134 142.745 
32.8701 173.161 142.8 32.8704 173.162 142.803 32.8799 173.217 142.924 
32.9646 173.475 144.077 32.965 173.479 144.089 32.9141 173.736 144.836 
33.0113 173.968 145.514 33.0392 173.968 145.782 33.0894 173.943 146.094 
33.0681 173.978 146.345 33.1359 173.877 146.982 33.2442 173.807 147.724 
33.3681 173.895 148.308 33.418 173.933 148.566 33.4241 173.934 148.603 
33.4241 173.934 148.603 33.4907 173.952 148.852 33.5176 173.98 149.077 
33.5404 174.007 149.184 33.6173 174.18 149.713 33.6081 174.196 149.796 
33.5783 174.246 150.096 33.5812 174.255 150.172 33.5512 174.428 151.132 
33.5437 174.437 151.154 33.5437 174.437 151.154 33.5366 174.663 152.012 
33.5102 174.765 152.2 33.4859 174.9 152.406 33.362 175.32 153.107 
33.3573 175.349 153.137 33.3573 175.349 153.137 33.2082 175.708 153.358 
32.9579 176.123 153.582 32.8448 176.32 153.644 32.8137 176.389 153.657 
32.7048 176.557 153.693 32.467 176.956 153.74 32.4361 176.996 153.74 
32.2313 177.212 153.742 32.1549 177.308 153.745 31.8352 177.628 153.714 
31.6045 177.877 153.712 31.3386 178.142 153.7 30.9628 178.404 153.538 
30.607 178.838 153.393 30.4167 178.989 153.29 30.0528 179.284 153.19 
29.6563 179.519 152.918 29.6412 179.532 152.904 29.5015 179.644 152.805 
29.3415 179.847 152.661 29.0468 180.05 152.482 29.0456 180.051 152.481 
28.657 180.333 152.065 28.6159 180.363 151.984 28.5702 180.395 151.906 
28.5702 180.395 151.906 28.5435 180.416 151.869 28.2817 180.605 151.512 
28.1206 180.699 151.287 27.9259 180.814 151.039 27.6209 180.871 150.585 
27.3073 180.994 150.135 27.1065 181.121 149.553 26.9849 181.18 149.261 
26.886 181.196 148.893 26.6976 181.42 148.184 26.5912 181.401 147.801 
26.5858 181.403 147.758 26.4134 181.442 146.921 26.3154 181.755 146.176 
26.2864 181.774 146.07 26.2864 181.774 146.07 26.281 181.771 146.049 
26.281 181.771 146.049 26.275 181.732 145.77 26.2103 181.667 145.534 
26.21 181.667 145.534 26.022 181.577 144.543 26.0287 181.633 144.172 
26.0294 181.695 144.016 26.0294 181.695 144.016 26.0642 181.81 143.028 
26.0353 181.831 142.76 26.0473 181.816 142.626 26.0739 181.869 142.295 
26.1248 181.892 141.985 26.1855 181.883 140.806 26.3484 181.882 140.284 
26.3582 181.926 139.693 26.264 181.884 139.373 26.2586 181.877 139.346 
26.2357 181.677 138.684 26.2342 181.674 138.664 25.7495 180.93 137.889 
25.2228 179.39 137.307 25.1921 179.34 137.313 25.1747 179.313 137.318 
25.0779 179.208 137.368 25.0759 179.206 137.369 24.3454 178.247 137.54 
24.3328 178.235 137.549 24.3328 178.235 137.549 24.0796 177.666 138.073 
23.893 177.506 138.616 23.7141 177.308 139.087 23.7031 177.291 139.112 
23.6943 177.271 139.149 23.6776 177.2 139.294 23.6257 177.038 139.854 
23.6623 176.867 140.489 23.6606 176.849 140.669 23.6685 176.816 140.989 
23.6184 176.553 141.762 23.6503 176.491 142.156 23.6477 176.49 142.189 
23.6482 176.382 142.753 23.6503 176.329 142.94 23.6503 176.328 142.943 
23.7348 176.398 143.988 23.7331 176.356 144.165 23.7559 176.309 144.59 
23.8121 176.331 144.948 23.8081 176.308 145.139 23.8828 176.269 145.741 
24.0216 176.252 146.131 24.075 176.28 146.297 24.1338 176.288 146.466 
24.164 176.292 146.537 24.196 176.292 146.627 24.2056 176.294 146.653 
24.2636 176.278 146.846 24.2661 176.276 146.854 24.2852 176.263 146.96 
24.431 176.242 147.744 24.4394 176.248 147.782 24.4977 176.256 148.1 
24.4985 176.256 148.107 24.5166 176.22 148.244 24.5373 176.207 148.316 
24.5501 176.203 148.366 24.5788 176.192 148.446 24.6363 176.18 148.63 
24.638 176.179 148.635 24.7056 176.132 148.922 24.7062 176.131 148.925 
24.7209 176.128 148.988 24.7511 176.112 149.079 24.752 176.111 149.082 
24.8006 176.081 149.309 24.9266 175.995 149.732 25.0209 176.051 150.015 
25.0583 176.062 150.177 25.1314 176.071 150.376 25.2809 176.148 150.693 
25.4303 176.163 151.434 25.4739 176.317 151.765 25.6275 176.433 152.302 
25.6347 176.433 152.321 25.7052 176.435 152.606 25.8279 176.395 153.559 
26.1127 176.604 154.517 26.1741 176.592 154.818 26.1871 176.584 154.855 
26.2536 176.572 155.057 26.4033 176.632 155.785 26.4261 176.651 155.963 
26.4459 176.694 156.162 26.4515 176.786 156.687 26.5271 176.799 157.06 
26.547 176.839 157.279 26.571 176.887 157.498 26.7207 177.111 158.525 
26.7887 177.119 158.84 27.0403 177.217 159.33 27.2159 177.331 159.746 
27.6688 177.555 160.52 27.6858 177.561 160.556 27.9724 177.633 160.857 
28.436 177.828 161.457 28.7484 177.851 161.804 28.8389 177.873 161.897 
29.0074 177.872 162.082 29.1634 177.886 162.219 29.6324 177.886 162.657 
29.7073 177.866 162.702 30.5371 177.648 163.358 30.5846 177.641 163.373 
30.5846 177.641 163.373 30.8363 177.601 163.511 31.3129 177.466 163.713 
31.535 177.378 163.803 31.6299 177.352 163.844 31.8646 177.264 163.94 
32.536 177.119 164.268 32.6045 177.096 164.319 32.7072 177.051 164.366 
33.0453 176.946 164.531 33.3672 176.888 164.654 34.4313 176.402 165.284 
34.5942 176.382 165.4 34.9662 176.263 165.677 34.9956 176.26 165.701 
35.076 176.247 165.778 35.2877 176.199 165.977 35.5075 176.176 166.227 
35.5257 176.17 166.254 35.7791 176.139 166.637 35.7852 176.137 166.645 
35.8675 176.121 166.732 36.2345 176.073 167.237 36.3034 176.072 167.299 
36.3265 176.073 167.328 36.4727 176.045 167.504 36.6291 176.014 167.75 
36.7117 176.017 167.865 36.9389 176.059 168.206 37.0812 176.057 168.589 
37.1169 176.056 168.662 37.1176 176.056 168.663 37.1479 176.062 168.721 
37.3034 176.138 168.993 37.3944 176.219 169.218 37.5111 176.405 169.538 
37.5792 176.494 169.77 37.6152 176.558 169.872 37.6157 176.559 169.874 
37.6634 176.642 170.004 37.6799 176.695 170.083 37.6929 176.773 170.192 
37.7103 177.006 170.424 37.7031 177.052 170.47 37.6826 177.21 170.609 
37.6655 177.313 170.673 37.63 177.408 170.773 37.6142 177.62 171.093 
37.5902 177.668 171.171 37.4466 178.02 171.497 37.421 178.071 171.567 
37.2279 178.418 171.925 37.0847 178.707 172.336 36.9864 178.846 172.439 
36.9853 178.847 172.44 36.838 179.021 172.543 36.7965 179.064 172.562 
36.6973 179.156 172.581 36.6965 179.156 172.581 36.24 179.666 172.823 
36.1252 179.75 172.872 35.8175 180.026 173.01 35.7952 180.041 173.026 
35.404 180.25 173.134 35.4024 180.251 173.134 34.9908 180.506 173.18 
34.9535 180.531 173.196 34.5477 180.78 173.433 34.4204 180.848 173.479 
34.3628 180.874 173.499 33.889 181.288 173.732 33.8065 181.355 173.772 
33.6407 181.416 173.837 33.5249 181.487 173.886 33.015 181.804 174.021 
32.8823 181.851 174.031 32.8092 181.898 174.029 32.0906 182.31 174.108 
32.0592 182.324 174.112 32.0322 182.343 174.11 31.8747 182.413 174.1 
31.5258 182.674 174.129 31.2672 182.821 174.158 30.9689 182.99 174.125 
30.2477 183.184 174.116 30.0487 183.307 174.097 29.821 183.437 174.048 
28.9948 183.842 174.004 28.7749 183.997 174 28.7542 184.013 173.996 
28.3678 184.205 173.937 28.088 184.309 173.925 27.714 184.515 173.921 
27.454 184.73 173.929 26.737 185.097 173.976 26.6268 185.16 173.969 
26.6056 185.17 173.965 26.1075 185.463 173.872 25.8515 185.663 173.892 
25.5859 185.818 173.911 25.1974 186.119 173.971 25.09 186.194 173.98 
25.0564 186.217 173.983 25.0311 186.232 173.983 24.598 186.509 174.046 
24.0824 186.791 174.161 23.3988 187.447 174.287 23.3542 187.492 174.307 
23.286 187.551 174.331 23.2695 187.567 174.335 23.1753 187.645 174.348 
22.8791 187.866 174.354 22.7394 187.987 174.396 22.0301 188.67 174.814 
21.8427 188.888 174.831 21.8119 188.951 174.833 21.7321 189.051 174.842 
21.1088 189.65 174.955 20.5688 190.183 175.294 20.2689 190.382 175.451 
20.2261 190.436 175.458 19.9583 190.721 175.564 19.9539 190.725 175.566 
19.6755 191.028 175.714 19.6589 191.044 175.722 19.4416 191.257 175.887 
19.2646 191.431 176.002 19.1505 191.505 176.081 18.6075 191.931 176.599 
18.5513 191.966 176.662 18.2621 192.135 176.901 17.9398 192.327 177.298 
17.3051 192.868 178.013 17.1726 193.027 178.254 17.0095 193.126 178.449 
16.4664 193.592 179.368 16.4622 193.598 179.386 16.3562 193.708 179.666 
16.2241 193.931 180.121 16.0473 194.181 180.584 15.8015 194.252 181.199 
15.7894 194.265 181.236 15.7527 194.338 181.403 15.6355 194.426 182.023 
15.533 194.548 182.551 15.5232 194.572 182.815 15.4631 194.624 183.021 
15.3883 194.672 183.261 15.2484 194.629 184.132 15.2132 194.608 184.567 
15.2141 194.608 184.572 15.063 194.583 185.639 15.0577 194.578 185.665 
14.858 194.556 186.176 14.8038 194.575 186.366 14.6123 194.619 186.745 
14.5146 194.705 187.031 14.1229 194.887 187.583 13.9691 195.159 187.956 
13.8608 195.356 188.133 13.6872 195.96 188.531 13.5138 196.531 188.737 
13.5449 196.94 188.833 13.4422 197.846 188.809 13.4298 198.414 188.589 
13.5166 198.837 188.426 13.5574 199.101 188.222 13.5665 199.119 188.201 
13.6157 199.209 188.107 13.7568 199.373 187.895 13.851 199.505 187.719 
13.8554 199.513 187.708 13.8862 199.587 187.608 13.9232 199.701 187.42 
14.0759 200.011 186.858 14.1003 200.057 186.777 14.2388 200.144 186.598 
14.6168 200.434 186.067 14.7028 200.524 185.95 14.7202 200.544 185.922 
14.9102 200.797 185.748 14.9909 200.905 185.665 15.1731 201.094 185.424 
15.6508 201.516 185.109 15.6574 201.523 185.104 16.0266 201.849 184.926 
16.2782 202.142 184.786 16.2833 202.15 184.784 16.3436 202.213 184.777 
16.3641 202.236 184.777 16.402 202.281 184.774 17.1601 202.977 184.675 
17.1917 203.13 184.684 17.3973 203.756 184.783 17.5055 203.973 184.89 
17.6171 204.206 185.093 17.7391 204.377 185.267 17.8755 205.23 186.082 
17.9164 205.353 186.246 17.8527 205.556 186.707 17.844 205.561 186.729 
17.8117 205.599 186.84 17.7526 205.623 187.119 17.7499 205.622 187.131 
17.676 205.616 187.513 17.6718 205.617 187.532 17.5726 205.564 188.127 
17.487 205.573 188.354 17.0229 205.26 189.424 16.5413 205.103 190.053 
16.4729 205.069 190.202 16.0412 204.758 190.911 16.0078 204.716 190.988 
15.8865 204.62 191.192 15.6863 204.318 191.84 15.6413 204.186 191.989 
15.4436 203.537 192.71 15.4007 203.312 192.88 15.3179 203.016 193.217 
15.3071 202.8 193.386 15.3135 202.548 193.621 15.3143 202.479 193.668 
15.3919 201.897 194.159 15.3953 201.809 194.224 15.3983 201.786 194.245 
15.462 201.563 194.445 15.6191 201.116 194.736 15.7708 200.727 194.976 
15.7891 200.653 195.021 15.7891 200.653 195.021 15.9997 200.334 195.194 
16.1244 200.124 195.328 16.3906 199.775 195.517 16.3971 199.768 195.52 
16.5448 199.529 195.656 16.6834 199.3 195.736 16.8225 199.052 195.842 
16.8824 198.972 195.872 16.9313 198.912 195.888 16.9329 198.91 195.889 
17.1572 198.6 195.925 17.17 198.584 195.925 17.5229 198.122 195.989 
17.5296 198.111 195.989 18.3 197.256 195.885 18.524 197.11 195.852 
19.327 196.52 195.977 19.5675 196.385 195.936 19.9944 196.078 195.886 
20.2486 195.975 195.885 20.2496 195.975 195.885 20.6135 195.798 195.901 
20.6317 195.788 195.902 21.0375 195.538 195.828 21.1026 195.488 195.842 
22.2515 195.042 195.925 22.6001 194.956 196.07 22.6312 194.948 196.078 
23.1601 194.774 196.26 23.3701 194.746 196.334 24.3956 194.588 196.722 
24.41 194.589 196.729 24.6353 194.583 196.872 24.6353 194.583 196.872 
24.7243 194.581 196.928 24.8381 194.593 196.981 25.066 194.584 197.044 
25.279 194.578 197.073 25.566 194.525 197.105 26.0039 194.541 197.147 
26.9086 194.553 196.787 26.9086 194.553 196.787 27.909 194.766 196.648 
28.2017 194.86 196.591 28.5135 194.969 196.416 28.5794 194.995 196.382 
28.6712 195.039 196.337 28.9025 195.134 196.228 28.9125 195.138 196.225 
29.4208 195.326 196.03 29.5707 195.448 195.932 29.643 195.481 195.879 
29.8833 195.625 195.661 29.9983 195.68 195.571 30.102 195.767 195.441 
30.302 195.915 195.236 30.3566 195.955 195.165 30.6307 196.171 194.85 
30.7028 196.237 194.734 30.7161 196.252 194.714 30.7161 196.252 194.714 
30.7912 196.305 194.621 30.8161 196.325 194.592 31.0726 196.61 194.28 
31.0836 196.625 194.263 31.0836 196.625 194.263 31.3096 197.049 193.836 
31.3971 197.128 193.765 31.8649 197.499 193.26 32.1536 197.653 193.074 
32.2926 197.729 193.01 32.4208 197.776 192.969 32.6874 197.923 192.96 
32.7875 197.972 192.959 33.2306 198.225 192.828 33.8215 198.614 192.797 
33.8215 198.614 192.797 34.1624 199.005 192.674 34.7945 199.327 192.613 
34.9146 199.382 192.654 34.9165 199.383 192.655 35.2653 199.499 192.703 
35.6377 199.711 192.749 35.6778 199.727 192.755 35.951 199.83 192.816 
35.9809 199.862 192.814 35.9809 199.862 192.814 36.5649 200.228 192.742 
36.5697 200.231 192.742 36.6097 200.255 192.744 36.6097 200.255 192.744 
37.2663 200.595 192.928 37.6548 200.875 192.934 37.7847 200.978 193.045 
38.398 201.279 193.302 38.4038 201.282 193.305 38.7088 201.39 193.375 
38.7749 201.426 193.416 38.8699 201.467 193.489 39.0592 201.599 193.656 
39.2573 201.744 193.798 39.5567 201.982 193.941 39.7003 202.07 194.07 
40.2512 202.495 194.301 40.2939 202.519 194.339 40.5084 202.615 194.465 
40.8143 202.764 194.605 40.8439 202.783 194.615 41.4836 203.155 194.93 
41.5294 203.237 194.971 41.6121 203.315 195.01 41.6121 203.315 195.01 
42.2779 203.808 195.433 42.2936 203.819 195.446 42.2936 203.819 195.446 
42.4907 204.106 195.628 42.5501 204.145 195.659 42.6457 204.221 195.701 
43.0455 204.602 195.804 43.0508 204.606 195.807 43.1188 204.64 195.841 
43.7389 205.117 196.164 43.9184 205.202 196.16 43.9837 205.234 196.147 
44.3793 205.414 196.231 44.6969 205.536 196.347 44.758 205.551 196.35 
44.9915 205.605 196.408 44.9915 205.605 196.408 45.1705 205.646 196.453 
45.9898 205.586 196.392 46.0049 205.588 196.387 46.011 205.587 196.387 
46.0761 205.569 196.371 46.509 205.626 196.28 46.6416 205.674 196.204 
46.8052 205.737 196.15 46.9846 205.911 195.809 46.9846 205.911 195.809 
46.9989 205.925 195.782 47.0189 205.939 195.698 47.1238 206.116 195.421 
47.0846 206.232 195.249 47.0541 206.284 195.067 47.0416 206.299 195.047 
47.0416 206.299 195.047 46.8387 206.416 194.86 46.7056 206.449 194.75 
46.67 206.461 194.676 46.67 206.461 194.676 46.5373 206.689 194.419 
46.5005 206.685 194.407 46.2417 206.788 194.344 46.2138 206.8 194.335 
46.0855 206.863 194.223 46.0784 206.865 194.209 46.0784 206.865 194.209 
45.9599 206.887 194.122 45.8958 206.895 194.106 45.8851 206.9 194.097 
45.8851 206.9 194.097 45.8108 206.927 194.021 45.8007 206.932 194.001 
45.5525 206.942 193.778 45.2832 207.009 193.626 45.2329 207.005 193.601 
45.0901 206.983 193.427 44.8571 207.125 193.306 44.8104 207.123 193.265 
44.7041 207.138 193.184 44.6936 207.135 193.175 44.3924 207.315 192.938 
44.1767 207.381 192.772 44.1252 207.435 192.737 44.0174 207.507 192.685 
44.0144 207.508 192.685 43.8257 207.59 192.517 43.4646 207.599 192.356 
43.4003 207.604 192.36 42.8691 207.796 192.221 42.8535 207.786 192.225 
42.753 207.762 192.251 42.5757 207.799 192.28 41.7166 207.951 192.167 
41.6825 207.971 192.172 41.2312 207.977 192.091 40.962 207.961 191.896 
40.724 207.909 191.861 40.5931 207.898 191.797 40.315 207.873 191.704 
39.9451 207.881 191.796 39.5635 207.894 191.725 39.2783 207.79 191.622 
39.2699 207.79 191.619 39.0395 207.749 191.542 39.0395 207.749 191.542 
38.942 207.73 191.538 38.5413 207.65 191.475 38.4796 207.632 191.448 
38.4796 207.632 191.448 38.0579 207.61 191.378 37.9527 207.622 191.321 
37.9306 207.62 191.312 37.4168 207.499 191.21 37.2721 207.472 191.276 
37.171 207.482 191.312 -53.3182 99.244 -7.5987 -51.9046 105.828 -4.50499 
-51.4202 106.312 -4.12445 -51.2867 106.544 -3.97217 -51.1848 106.706 -3.86445 
-50.2745 108.184 -2.83509 -49.8391 108.718 -2.4433 -49.0008 110.111 -1.56099 
-48.8877 110.343 -1.40359 -48.1262 111.311 -0.812587 -46.953 112.685 0.0165259 
-45.3248 115.547 1.21188 -44.5527 116.517 1.70514 -44.5475 116.522 1.70844 
-43.1287 119.294 2.7711 -40.5043 122.503 4.38764 -39.9417 123.148 4.91528 
-39.6835 123.39 5.14759 -37.7837 125.215 5.5887 -36.3717 126.29 6.03041 
-35.4315 127.226 6.1324 -34.5178 128.143 6.35663 -33.5139 129.126 6.71536 
-33.4722 129.167 6.72727 -30.5958 131.641 8.00763 -29.9772 132.176 7.99225 
-28.8534 133.177 8.07144 -28.0571 133.763 8.12566 -24.1604 136.353 8.83037 
-23.6188 136.67 8.93022 -23.4448 136.762 8.96557 -23.1768 136.925 9.00883 
-22.4675 137.373 9.17033 -22.0984 137.697 9.24593 -21.5719 138.181 9.21134 
-19.7832 139.815 8.9538 -19.7832 139.815 8.9538 -19.0915 140.447 8.85421 
-18.7369 140.675 8.66544 -16.5097 142.091 7.45014 -15.9877 142.503 7.14325 
-15.3708 143.017 6.78354 -14.6322 143.608 6.40118 -13.2945 144.596 5.70181 
-10.9451 145.84 4.21725 -10.9451 145.84 4.21725 -8.14436 147.323 2.44751 
-5.83559 147.631 1.23636 -2.37486 148.692 -1.20702 -1.58065 149.112 -1.14445 
0.489618 150.63 -0.961998 0.501049 150.642 -0.961552 1.59589 151.612 -1.03008 
1.74233 151.76 -0.995516 3.58147 153.32 -0.477966 3.73045 153.451 -0.440435 
4.23375 153.755 -0.157902 4.23375 153.755 -0.157902 4.97034 154.2 0.255597 
5.79015 154.447 0.787588 7.26461 154.862 1.3959 7.75261 155.071 1.74794 
8.40885 155.343 2.62 9.15222 155.642 3.50184 9.56446 155.739 4.35067 
9.97161 155.782 4.93377 10.453 155.788 5.39586 10.8801 155.654 6.20349 
10.8801 155.654 6.20349 10.9475 155.633 6.33101 11.0261 155.648 6.55153 
11.0892 155.645 6.73375 11.2978 155.664 7.30421 11.3043 155.663 7.31692 
11.6305 155.699 8.11439 11.8556 155.464 9.33436 11.9212 155.388 9.553 
11.9721 155.281 10.0025 12.0016 155.216 10.3369 12.0055 155.195 10.494 
12.2421 155.063 11.4008 12.2928 154.928 12.1546 12.2858 154.819 12.6426 
12.1962 154.744 13.2308 12.1828 154.715 13.3578 12.1608 154.623 13.6522 
12.0918 154.514 14.1537 11.7228 154.361 15.0498 11.7062 154.347 15.1018 
11.4701 154.131 15.6954 11.0233 153.861 16.6621 10.887 153.795 16.8967 
10.8822 153.792 16.9069 9.89517 153.526 18.3141 9.73319 153.54 18.4629 
8.83963 153.722 19.2144 8.61993 153.742 19.6135 8.33323 153.807 20.0432 
8.11931 153.868 20.2507 7.95401 153.869 20.3674 7.36107 153.819 20.8967 
6.5608 153.918 21.43 5.93657 154.126 21.7865 5.90647 154.144 21.8061 
5.86068 154.169 21.8461 5.7399 154.242 21.9389 4.56077 154.853 23.0425 
3.51029 155.039 23.4199 2.8549 155.391 23.9207 2.23211 155.789 24.5581 
2.07501 155.937 24.7269 1.86257 156.075 24.8869 1.64815 156.231 24.9996 
0.758736 156.836 25.5459 -0.0736547 157.304 26.0597 -0.178957 157.375 26.1805 
-0.436972 157.615 26.4587 -0.789953 157.869 26.657 -1.83156 158.569 27.4484 
-2.85806 159.577 28.1192 -2.96413 159.653 28.208 -3.13731 159.782 28.3696 
-3.14324 159.787 28.3762 -3.45167 160.042 28.6059 -3.64088 160.173 28.7021 
-4.57402 160.851 29.127 -4.68833 160.96 29.2379 -4.86686 161.15 29.3543 
-4.88849 161.174 29.376 -5.10394 161.408 29.5644 -5.16986 161.479 29.6165 
-5.18159 161.491 29.6259 -5.1962 161.506 29.637 -5.2579 161.567 29.6842 
-5.25942 161.568 29.6853 -5.51436 161.768 29.8628 -5.56973 161.815 29.9117 
-5.73088 161.951 30.0209 -6.34856 162.358 30.4524 -6.53672 162.491 30.5651 
-6.57096 162.509 30.5812 -6.7832 162.642 30.7371 -6.89857 162.727 30.8213 
-6.8995 162.728 30.822 -6.9451 162.764 30.8544 -6.9451 162.764 30.8544 
-7.06461 162.847 30.9284 -7.06606 162.848 30.9293 -7.36607 163.087 31.1082 
-7.42868 163.135 31.1366 -7.7638 163.435 31.3274 -8.23573 163.695 31.4763 
-8.25543 163.706 31.4842 -8.47111 163.874 31.6408 -9.22262 164.406 32.1107 
-9.71679 164.737 32.2716 -10.7266 165.312 32.8232 -10.7278 165.313 32.8237 
-11.2169 165.67 33.1136 -11.8876 165.967 33.6364 -11.9354 165.983 33.6538 
-11.9957 165.992 33.6909 -12.1179 165.987 33.765 -12.5249 166.094 33.9286 
-13.3112 166.301 34.3191 -13.9667 166.53 34.7978 -14.1287 166.564 34.8713 
-14.4955 166.725 35.2334 -15.7114 167.122 35.9435 -16.0419 167.118 36.296 
-16.144 167.09 36.3912 -17.3711 166.924 36.953 -18.5774 166.723 37.9636 
-18.6296 166.724 37.9926 -20.1835 166.512 39.7003 -20.7536 166.495 40.0898 
-21.1138 166.459 40.4468 -21.1876 166.466 40.5273 -21.8631 166.364 41.3483 
-22.1242 166.293 41.8374 -22.5148 166.255 42.2871 -22.7828 166.102 42.7774 
-22.9654 166.028 43.0339 -23.0452 165.982 43.1661 -23.1973 165.884 43.5032 
-23.3417 165.805 43.7903 -23.4521 165.755 43.9523 -23.912 165.559 44.8056 
-24.2192 165.323 45.4436 -24.2269 165.314 45.4619 -24.4937 164.967 46.0945 
-24.5313 164.938 46.2138 -24.5399 164.931 46.244 -24.8447 164.614 47.5379 
-24.867 164.615 47.5805 -25.0013 164.548 47.906 -25.069 164.463 48.3293 
-25.1078 164.416 48.475 -25.1953 164.032 49.7879 -25.1232 163.936 50.4712 
-25.1216 163.899 50.6192 -25.121 163.898 50.622 -25.0701 163.71 51.1457 
-25.049 163.622 51.4491 -25.0481 163.591 51.5532 -25.0466 163.524 51.7268 
-24.8898 163.215 52.4896 -24.8791 163.204 52.5352 -24.8791 163.204 52.5352 
-24.7463 162.831 53.4263 -24.6753 162.622 53.8336 -24.5575 162.464 54.2655 
-24.2984 162.197 55.0152 -23.9394 161.813 55.8938 -23.9255 161.797 55.9196 
-23.765 161.669 56.1483 -23.5123 161.344 56.6524 -23.5014 161.336 56.669 
-23.5014 161.336 56.669 -23.3165 161.191 56.9803 -22.9718 160.73 58.0314 
-22.6879 160.592 58.3947 -22.6427 160.558 58.4542 -22.6185 160.537 58.4976 
-22.4217 160.431 58.7831 -22.0091 160.117 59.6457 -21.9917 160.107 59.6898 
-21.78 160.031 60.1144 -21.1898 159.783 60.8009 -20.8534 159.656 61.3875 
-20.5752 159.53 61.8824 -20.4518 159.488 62.0558 -20.3193 159.413 62.3869 
-20.2547 159.357 62.5447 -19.46 159.103 63.7615 -18.9264 159.129 64.4631 
-18.8454 159.136 64.6217 -18.4826 159.027 65.1599 -18.0212 158.899 66.1332 
-18.0127 158.899 66.145 -17.4826 158.756 66.9014 -17.4099 158.763 66.9778 
-17.1354 158.858 67.3696 -16.445 158.98 68.263 -16.2888 159.055 68.4856 
-16.207 159.088 68.6224 -16.0338 159.117 68.9714 -15.8356 159.167 69.3568 
-15.6301 159.153 69.6851 -15.4816 159.169 69.9646 -15.0074 159.361 70.9024 
-14.9454 159.418 71.0947 -14.4843 159.635 71.8667 -14.3917 159.712 72.103 
-14.0862 159.842 72.5175 -13.7758 159.966 72.9631 -13.7536 159.973 72.9994 
-13.2839 160.166 74.305 -13.2359 160.192 74.3852 -12.9591 160.404 74.9103 
-12.4344 160.715 75.8101 -12.3968 160.744 75.8879 -12.1284 160.916 76.3269 
-12.1168 160.926 76.3489 -11.879 161.112 76.9021 -11.6275 161.372 77.4821 
-11.5857 161.43 77.6309 -11.5857 161.43 77.6309 -11.5743 161.441 77.659 
-11.1988 161.747 78.4494 -11.1391 161.778 78.547 -10.8462 162 79.1322 
-10.6798 162.176 79.4777 -10.425 162.329 79.9256 -10.1022 162.919 80.9907 
-10.0431 162.966 81.0878 -9.76653 163.216 81.6248 -9.48264 163.469 82.3116 
-9.22152 163.77 82.9721 -8.76098 164.368 83.8943 -8.51371 164.622 84.3821 
-8.47806 164.675 84.4755 -8.40169 164.827 84.658 -8.0747 165.438 85.8123 
-8.0649 165.447 85.8353 -7.99785 165.515 86.0186 -7.91344 165.614 86.2382 
-7.88555 165.648 86.3029 -7.82616 165.729 86.4635 -7.59344 166.1 87.0143 
-7.57381 166.123 87.0631 -7.54044 166.189 87.1754 -7.53976 166.19 87.1777 
-7.34643 166.554 87.7718 -7.18574 166.943 88.7106 -7.16732 167.011 88.7952 
-7.04672 167.288 89.1579 -7.02982 167.335 89.2317 -6.84117 167.664 89.772 
-6.7196 167.981 90.2143 -6.43627 168.522 91.5207 -6.38708 168.557 91.6265 
-6.40593 168.853 92.216 -6.33938 169.04 92.6827 -6.28286 169.127 92.9638 
-6.26477 169.167 93.0804 -6.23287 169.315 93.3404 -6.07623 169.728 94.5553 
-6.07484 169.735 94.5668 -5.98873 170.085 95.221 -5.9876 170.13 95.2981 
-5.98066 170.224 95.4371 -5.98706 170.308 95.6151 -5.96982 170.396 95.8636 
-5.96928 170.456 96.0656 -5.91584 170.635 96.4594 -5.92187 170.718 96.6616 
-5.9696 171.181 98.196 -5.98683 171.269 98.3196 -6.0357 171.582 98.9711 
-6.05134 171.712 99.397 -5.97894 171.847 99.7315 -5.96325 171.878 99.8013 
-5.94193 171.95 99.9593 -5.86801 172.391 100.946 -5.82456 172.474 101.211 
-5.80195 172.519 101.314 -5.792 172.545 101.373 -5.74433 172.889 102.28 
-5.78541 172.961 102.553 -5.83028 173.041 102.741 -5.85783 173.445 103.804 
-5.85614 173.451 103.827 -5.84249 173.506 103.995 -5.81893 173.796 104.701 
-5.83158 173.952 104.959 -5.8622 174.104 105.188 -5.9028 174.356 105.74 
-5.95329 174.41 105.898 -6.05797 174.759 106.78 -6.19481 175.098 107.321 
-6.19662 175.101 107.325 -6.27277 175.328 107.634 -6.27598 175.557 108.06 
-6.28923 175.669 108.342 -6.32279 175.809 108.623 -6.39784 176.091 109.352 
-6.4031 176.115 109.386 -6.4031 176.115 109.386 -6.53347 176.398 109.982 
-6.74877 176.646 110.711 -6.77626 176.701 110.823 -7.16445 177.121 111.808 
-7.16445 177.121 111.808 -7.19684 177.263 112.098 -7.72541 177.741 113.835 
-7.74955 177.871 114.093 -7.62903 178.14 114.636 -7.62903 178.14 114.636 
-7.59092 178.225 114.808 -7.56572 178.271 114.928 -7.55076 178.312 115.372 
-7.52811 178.185 116.709 -7.50923 178.178 116.874 -7.36452 178.142 117.327 
-7.32934 178.127 117.408 -7.32934 178.127 117.408 -7.15587 178.148 117.755 
-7.08275 178.142 118.039 -7.04174 178.129 118.185 -7.04174 178.129 118.185 
-6.77811 178.045 119.127 -6.76029 178.01 119.225 -6.45291 178.082 120.117 
-6.38971 178.144 120.313 -6.08071 178.201 121.119 -5.91894 178.415 121.735 
-5.9163 178.416 121.744 -5.89564 178.489 122.209 -5.87872 178.525 122.351 
-5.89488 178.918 123.42 -5.91052 178.923 123.526 -6.36101 179.335 124.457 
-6.37124 179.333 124.473 -6.84238 179.506 124.754 -6.93278 179.546 124.844 
-7.42311 179.691 125.403 -7.63683 179.72 125.479 -8.01714 179.821 125.609 
-8.47099 179.875 125.842 -8.84135 179.91 125.936 -8.93948 179.905 125.951 
-8.953 179.904 125.955 -9.54431 180.007 126.143 -10.5255 180.038 126.333 
-10.6196 180.084 126.29 -11.6387 180.185 125.981 -11.9118 180.184 125.972 
-12.0059 180.174 125.984 -12.7697 180.353 125.926 -13.0472 180.395 125.922 
-13.0484 180.395 125.922 -13.5392 180.476 125.827 -13.6227 180.478 125.836 
-13.6343 180.479 125.834 -14.26 180.594 125.809 -14.5477 180.581 125.78 
-14.8748 180.495 125.791 -15.4107 180.241 125.912 -16.2357 180.192 126.255 
-16.3525 180.161 126.285 -16.3607 180.16 126.285 -17.5427 180.076 126.49 
-17.6965 180.082 126.549 -18.1313 180.028 126.685 -18.2983 179.993 126.764 
-18.2996 179.993 126.765 -18.33 179.989 126.775 -18.5477 179.972 126.865 
-18.9928 179.874 127.155 -19.5676 179.762 127.336 -19.5712 179.76 127.339 
-19.948 179.613 127.488 -19.9514 179.611 127.491 -20.01 179.588 127.535 
-20.3444 179.451 127.765 -20.3522 179.451 127.772 -20.5013 179.41 127.942 
-20.9268 179.327 128.32 -21.3207 179.273 128.616 -21.368 179.269 128.664 
-21.5394 179.231 128.825 -21.7003 179.197 129.026 -22.0501 179.161 129.346 
-22.0748 179.158 129.366 -22.147 179.133 129.432 -22.3041 179.085 129.618 
-22.533 179.003 130.047 -22.9063 178.901 130.551 -22.9148 178.889 130.587 
-23.047 178.811 131.068 -23.1299 178.765 131.288 -23.1339 178.765 131.302 
-23.2333 178.644 131.874 -23.2343 178.639 131.89 -23.239 178.622 131.92 
-23.2393 178.621 131.923 -23.4221 178.491 132.647 -23.335 178.565 133.255 
-23.3218 178.576 133.534 -23.3158 178.555 133.62 -23.3268 178.483 133.815 
-23.3226 178.479 133.83 -23.2805 178.45 134.142 -23.281 178.45 134.146 
-23.2348 178.386 134.621 -23.0771 178.555 135.308 -23.0613 178.553 135.351 
-22.972 178.497 135.926 -22.8917 178.51 136.383 -22.873 178.522 136.439 
-22.8699 178.523 136.45 -22.8407 178.535 136.571 -22.811 178.543 136.716 
-22.7973 178.547 136.848 -22.7925 178.557 136.894 -22.7601 178.654 137.126 
-22.6392 178.791 137.555 -22.5867 178.815 137.65 -22.3535 178.916 138.177 
-22.2701 178.985 138.345 -22.2314 179.033 138.497 -22.2283 179.039 138.512 
-22.0804 179.146 138.819 -22.0438 179.172 138.882 -21.9883 179.214 139.053 
-21.9537 179.24 139.161 -21.872 179.237 139.645 -21.7762 179.344 140.271 
-21.7654 179.346 140.306 -21.7651 179.346 140.31 -21.6989 179.333 140.531 
-21.6361 179.353 140.709 -21.5577 179.38 140.92 -21.4664 179.411 141.071 
-21.2468 179.504 141.375 -21.1324 179.495 141.583 -21.0795 179.51 141.699 
-21.0765 179.512 141.705 -20.9725 179.545 141.963 -20.8438 179.585 142.21 
-20.8338 179.588 142.233 -20.7067 179.621 142.668 -20.6869 179.62 142.736 
-20.4572 179.608 143.37 -20.4303 179.634 143.51 -20.2982 179.732 143.827 
-20.2867 179.737 143.85 -20.1844 179.784 144.132 -20.0445 179.899 144.533 
-19.9829 179.932 144.63 -19.7161 180.088 145.274 -19.6608 180.095 145.399 
-19.6513 180.096 145.427 -19.3789 180.248 146.024 -19.1555 180.301 146.61 
-19.09 180.289 147.179 -19.0199 180.419 147.656 -18.9891 180.447 147.922 
-18.7906 180.553 148.587 -18.5583 180.525 149.535 -18.5973 180.573 149.762 
-18.5937 180.605 149.876 -18.5259 180.647 150.378 -18.4482 180.649 150.86 
-18.4091 180.797 151.499 -18.4525 180.798 151.721 -18.5439 180.602 152.738 
-18.6495 180.626 153.26 -18.6307 180.65 153.878 -18.6132 180.677 154.057 
-18.7316 180.728 154.831 -18.8264 180.782 155.234 -18.8359 180.752 155.57 
-18.8383 180.751 155.591 -19.0317 180.54 156.599 -19.0294 180.548 156.779 
-19.2773 180.54 157.447 -19.4838 180.525 157.987 -19.5338 180.497 158.108 
-19.5396 180.494 158.138 -19.5593 180.498 158.203 -19.8951 180.522 158.952 
-20.0988 180.538 159.383 -20.1316 180.545 159.422 -20.2631 180.554 159.636 
-20.4902 180.574 160.195 -20.4931 180.575 160.203 -20.6119 180.606 160.528 
-20.6903 180.605 160.706 -20.6909 180.605 160.708 -20.7789 180.649 160.879 
-20.8481 180.655 161.024 -21.1496 180.632 161.506 -21.2451 180.654 161.723 
-21.3804 180.647 161.975 -21.7208 180.658 162.586 -21.7939 180.672 162.711 
-21.8364 180.7 162.833 -22.2751 180.7 163.644 -22.2925 180.706 163.668 
-22.4474 180.793 164.03 -22.448 180.793 164.032 -22.448 180.793 164.032 
-22.8483 180.871 164.566 -23.0796 180.886 164.826 -23.327 180.839 165.209 
-23.4058 180.834 165.329 -23.5611 180.873 165.59 -23.5923 180.877 165.64 
-23.8006 180.903 165.933 -23.8757 180.901 166.028 -23.9638 180.885 166.135 
-24.1674 180.797 166.469 -24.2563 180.793 166.582 -24.3101 180.803 166.661 
-24.4148 180.803 166.838 -24.6695 180.775 167.331 -24.6802 180.773 167.358 
-24.6899 180.774 167.378 -24.9419 180.708 168.052 -24.9767 180.688 168.135 
-24.9991 180.677 168.211 -25.0025 180.678 168.231 -25.4703 180.861 169.062 
-25.5369 180.871 169.211 -25.7261 180.93 169.605 -25.7448 180.955 169.648 
-25.8011 180.997 169.725 -25.9805 181.087 170.046 -26.2221 181.366 170.579 
-26.3616 181.654 171.14 -26.382 181.862 171.392 -26.371 182.036 171.708 
-26.3517 182.091 171.772 -26.1549 182.53 172.447 -26.137 182.656 172.534 
-26.0567 183.068 172.932 -26.0056 183.178 173.046 -25.995 183.201 173.089 
-25.995 183.201 173.089 -25.8688 183.537 173.507 -25.8683 183.539 173.509 
-25.8236 183.618 173.572 -25.766 183.714 173.652 -25.5644 183.9 173.896 
-25.4197 184.105 174.073 -25.218 184.321 174.284 -25.0153 184.477 174.423 
-24.9995 184.486 174.437 -24.9995 184.486 174.437 -24.6709 184.821 174.741 
-24.6625 184.836 174.749 -24.1785 185.159 175.044 -23.8835 185.329 175.09 
-23.7016 185.499 175.161 -23.507 185.63 175.24 -23.1568 185.89 175.345 
-22.8054 186.047 175.556 -22.6291 186.102 175.589 -22.3466 186.237 175.638 
-22.3344 186.239 175.642 -21.8593 186.435 175.726 -21.7444 186.494 175.75 
-21.2947 186.768 175.717 -21.1287 186.828 175.741 -21.0573 186.856 175.759 
-20.7797 186.988 175.75 -20.2173 187.177 175.652 -19.9605 187.202 175.547 
-19.4616 187.386 175.452 -19.4408 187.4 175.452 -19.2173 187.509 175.502 
-18.6093 187.694 175.453 -18.5185 187.738 175.433 -17.9673 187.988 175.268 
-17.6151 188.187 175.223 -17.4901 188.237 175.166 -16.6523 188.495 174.874 
-16.3693 188.669 174.843 -16.0522 188.905 174.734 -16.0102 188.927 174.733 
-15.3459 189.211 174.669 -15.3397 189.212 174.668 -15.0682 189.269 174.606 
-14.8083 189.342 174.595 -14.7815 189.346 174.592 -13.7149 189.761 174.401 
-13.6629 189.81 174.375 -13.631 189.875 174.346 -13.0118 190.193 174.28 
-12.8671 190.301 174.287 -12.531 190.488 174.331 -12.4801 190.511 174.343 
-12.0586 190.809 174.326 -11.8067 190.905 174.322 -11.4876 191.107 174.318 
-11.3015 191.24 174.337 -11.0715 191.401 174.319 -10.5425 191.728 174.424 
-10.3373 191.838 174.443 -10.1856 191.927 174.477 -10.073 192.007 174.502 
-9.70891 192.28 174.57 -9.68362 192.291 174.572 -9.40526 192.431 174.65 
-8.8032 192.885 174.878 -8.79653 192.891 174.879 -8.74904 192.939 174.892 
-8.51497 193.22 174.985 -8.45099 193.287 175.029 -8.29075 193.435 175.106 
-8.10167 193.624 175.19 -7.72613 194.041 175.327 -7.69842 194.068 175.344 
-7.49322 194.254 175.429 -7.34056 194.407 175.526 -7.34056 194.407 175.526 
-7.16913 194.638 175.697 -7.16775 194.64 175.698 -6.90184 194.886 175.861 
-6.64106 195.226 176.126 -6.33291 195.517 176.468 -6.26827 195.658 176.72 
-6.26415 195.659 176.731 -6.22892 195.686 176.881 -6.22849 195.687 176.883 
-5.59187 196.25 177.976 -5.1672 196.442 178.792 -5.13245 196.499 178.978 
-5.03453 196.565 179.393 -4.86293 196.841 179.976 -4.81835 196.895 180.123 
-4.74304 196.958 180.375 -4.72144 196.979 180.478 -4.43355 196.918 181.445 
-4.404 196.962 181.883 -4.35356 196.989 182.622 -4.25722 196.976 182.844 
-4.25722 196.976 182.844 -4.05952 196.879 183.399 -4.03389 196.838 183.528 
-4.05874 196.774 183.956 -4.03574 196.699 184.238 -4.0346 196.698 184.244 
-3.77564 196.597 184.938 -3.6761 196.513 185.412 -3.41539 196.416 185.867 
-3.27781 196.432 186.017 -2.99428 196.545 186.405 -2.93897 196.564 186.469 
-2.85201 196.622 186.651 -2.78078 196.735 186.744 -2.34397 197.18 187.346 
-2.04925 197.49 187.667 -1.72478 198.388 188.023 -1.63789 198.601 188.015 
-1.57355 199.789 188.013 -1.57059 199.824 187.993 -1.63144 200.357 187.736 
-1.81205 200.768 187.335 -2.12867 201.046 187.016 -2.13418 201.05 187.011 
-2.41768 201.261 186.691 -2.48283 201.299 186.629 -2.67481 201.39 186.49 
-2.98473 201.498 186.338 -3.59577 201.823 185.81 -4.30614 202.17 185.503 
-4.32563 202.177 185.491 -4.32563 202.177 185.491 -5.27477 202.818 185.481 
-5.47436 202.987 185.542 -6.09984 204.019 185.53 -6.13719 204.178 185.631 
-6.28243 205.058 185.974 -6.27818 205.59 186.259 -6.22923 205.933 186.335 
-6.20751 206.187 186.543 -6.02894 206.786 187.053 -6.02027 206.798 187.07 
-5.85156 207.026 187.334 -5.46657 207.495 187.751 -5.18396 207.599 188.128 
-5.00411 207.65 188.277 -4.79397 207.679 188.45 -4.12822 207.629 188.894 
-3.74037 207.644 189.291 -3.73861 207.643 189.293 -3.73861 207.643 189.293 
-3.48829 207.61 189.67 -3.36358 207.615 189.809 -2.66282 207.396 190.566 
-2.5789 207.404 190.666 -2.22498 207.25 191.153 -2.16545 207.206 191.227 
-1.95471 206.978 191.564 -1.84798 206.857 191.75 -1.45354 206.47 192.222 
-1.36288 206.343 192.448 -1.36288 206.343 192.448 -1.13275 206 192.836 
-0.964212 205.628 193.211 -0.873077 205.32 193.504 -0.863867 205.044 193.765 
-0.822868 204.854 193.926 -0.802421 204.034 194.659 -0.790177 203.929 194.715 
-0.819481 203.409 195.027 -0.923681 202.962 195.25 -0.971333 202.824 195.346 
-0.995241 202.766 195.4 -1.30677 201.957 195.857 -1.33025 201.876 195.901 
-1.42512 201.66 195.973 -1.47433 201.558 196.001 -1.4919 201.531 196.014 
-1.85254 200.743 196.419 -2.06649 200.553 196.648 -2.08785 200.529 196.656 
-2.08785 200.529 196.656 -2.15218 200.458 196.681 -2.40462 200.081 196.801 
-2.50738 199.87 196.867 -2.7394 199.536 196.91 -2.79041 199.47 196.947 
-3.06694 199.049 197.284 -3.17495 198.926 197.4 -3.17495 198.926 197.4 
-3.21096 198.885 197.438 -3.25964 198.848 197.5 -3.3662 198.733 197.623 
-3.43689 198.641 197.699 -3.5429 198.545 197.784 -3.5429 198.545 197.784 
-3.60153 198.487 197.825 -3.62234 198.463 197.842 -3.63504 198.448 197.857 
-4.12901 198.037 198.423 -4.19559 198.003 198.469 -4.22374 197.988 198.492 
-4.25463 197.967 198.515 -4.45165 197.829 198.68 -4.51325 197.795 198.731 
-4.51798 197.793 198.735 -4.51798 197.793 198.735 -4.70017 197.662 198.952 
-4.70164 197.66 198.954 -4.79795 197.587 199.076 -4.79991 197.585 199.079 
-4.88294 197.545 199.165 -5.155 197.324 199.444 -5.2008 197.293 199.513 
-5.56547 197.208 199.957 -5.57188 197.205 199.964 -5.736 197.115 200.181 
-5.76036 197.103 200.233 -6.15519 197.014 201.055 -6.42357 196.945 201.611 
-6.45788 196.912 201.677 -6.51145 196.9 201.734 -6.83098 196.813 202.101 
-7.17365 196.781 202.334 -7.51608 196.789 202.582 -7.6883 196.807 202.718 
-7.70325 196.812 202.73 -7.78399 196.825 202.8 -8.38701 196.915 203.116 
-8.4379 196.923 203.152 -8.4379 196.923 203.152 -8.67001 196.995 203.247 
-8.67475 196.997 203.249 -9.04046 197.164 203.357 -9.27994 197.278 203.452 
-9.29091 197.284 203.456 -9.67259 197.351 203.551 -10.1912 197.507 203.577 
-10.3597 197.578 203.568 -11.0732 197.781 203.452 -11.4419 197.855 203.337 
-11.6787 197.9 203.192 -11.6831 197.901 203.19 -11.9957 197.912 203.046 
-12.5131 198.029 202.929 -12.5173 198.03 202.928 -13.1367 198.289 202.588 
-13.1967 198.301 202.551 -13.1967 198.301 202.551 -13.3002 198.322 202.488 
-13.3392 198.332 202.464 -13.4249 198.354 202.421 -13.8084 198.519 202.226 
-13.8378 198.531 202.203 -14.1372 198.672 201.91 -14.2361 198.719 201.82 
-14.472 198.925 201.624 -14.5921 198.996 201.528 -14.5921 198.996 201.528 
-14.8322 199.138 201.335 -14.8482 199.144 201.323 -14.8585 199.149 201.315 
-14.8847 199.158 201.295 -14.9503 199.164 201.221 -15.176 199.229 200.883 
-15.3073 199.272 200.589 -15.3092 199.272 200.584 -15.3944 199.321 200.359 
-15.4479 199.364 200.162 -15.7475 199.673 199.483 -15.7627 199.68 199.456 
-15.7736 199.697 199.409 -15.7736 199.697 199.409 -15.8889 199.985 198.734 
-15.9626 200.218 198.356 -15.9731 200.241 198.216 -15.9776 200.259 198.15 
-15.9776 200.259 198.15 -15.9745 200.39 197.898 -15.9676 200.418 197.836 
-15.9777 200.575 197.517 -15.9785 200.626 197.453 -15.9949 200.692 197.38 
-16.0186 200.811 197.202 -16.0839 200.944 197.015 -16.0974 200.985 196.949 
-16.1783 201.288 196.531 -16.188 201.45 196.205 -16.2195 201.56 196.082 
-16.226 201.697 195.908 -16.2166 201.754 195.824 -16.2009 201.867 195.721 
-16.214 202.052 195.486 -16.2187 202.074 195.46 -16.2187 202.076 195.458 
-16.2214 202.134 195.409 -16.2318 202.233 195.334 -16.2439 202.354 195.216 
-16.2606 202.494 195.085 -16.3239 202.845 194.832 -16.3513 202.953 194.707 
-16.3513 202.953 194.707 -16.366 203.291 194.482 -16.3685 203.303 194.476 
-16.414 203.497 194.403 -16.4607 203.857 194.126 -16.6972 204.517 194.007 
-16.7314 204.73 193.963 -17.0461 205.206 193.783 -17.2272 205.473 193.737 
-17.2685 205.537 193.734 -17.4081 205.795 193.593 -17.4809 205.899 193.555 
-17.8317 206.329 193.565 -18.1793 206.766 193.601 -18.3471 206.864 193.591 
-18.4691 206.931 193.607 -19.0907 207.328 193.772 -19.0925 207.329 193.773 
-19.5536 207.631 193.966 -19.7485 207.738 194.066 -19.825 207.772 194.126 
-20.3471 207.957 194.309 -20.3997 207.975 194.325 -20.6328 208.069 194.459 
-21.0428 208.242 194.617 -21.0852 208.26 194.655 -21.1152 208.272 194.68 
-21.566 208.406 194.926 -21.7681 208.43 195.12 -21.877 208.442 195.204 
-22.0368 208.438 195.355 -22.1106 208.442 195.396 -22.4045 208.476 195.512 
-22.853 208.454 195.882 -23.2041 208.394 196.11 -23.3621 208.39 196.31 
-23.9299 208.379 196.741 -24.0076 208.301 196.804 -24.1595 208.19 197.033 
-24.2213 208.056 197.616 -24.2077 208.045 197.714 -24.2077 208.045 197.714 
-24.1384 207.991 198.215 -23.982 207.967 198.6 -23.982 207.967 198.6 
-23.9373 207.96 198.71 -23.9082 207.975 198.813 -23.811 208.103 198.934 
-23.6889 208.363 199.238 -23.6505 208.445 199.288 -23.6464 208.767 199.414 
-23.6759 208.872 199.51 -23.727 209.117 199.62 -23.792 209.286 199.637 
-23.8318 209.38 199.733 -23.901 209.418 199.828 -23.901 209.418 199.828 
-53.3182 99.244 -7.5987 -51.9046 105.828 -4.50499 -51.4202 106.312 -4.12445 
-51.2867 106.544 -3.97217 -51.1848 106.706 -3.86445 -50.2745 108.184 -2.83509 
-49.8391 108.718 -2.4433 -49.0008 110.111 -1.56099 -48.8877 110.343 -1.40359 
-48.1262 111.311 -0.812587 -46.953 112.685 0.0165259 -45.3248 115.547 1.21188 
-44.5527 116.517 1.70514 -44.5475 116.522 1.70844 -43.1287 119.294 2.7711 
-40.5043 122.503 4.38764 -39.9417 123.148 4.91528 -39.6835 123.39 5.14759 
-37.7837 125.215 5.5887 -36.3717 126.29 6.03041 -35.4315 127.226 6.1324 
-34.5178 128.143 6.35663 -33.5139 129.126 6.71536 -33.4722 129.167 6.72727 
-30.5958 131.641 8.00763 -29.9772 132.176 7.99225 -28.8534 133.177 8.07144 
-28.0571 133.763 8.12566 -24.1604 136.353 8.83037 -23.6188 136.67 8.93022 
-23.4448 136.762 8.96557 -23.1768 136.925 9.00883 -22.4675 137.373 9.17033 
-22.0984 137.697 9.24593 -21.5719 138.181 9.21134 -19.7832 139.815 8.9538 
-19.7832 139.815 8.9538 -19.0915 140.447 8.85421 -18.7369 140.675 8.66544 
-16.5097 142.091 7.45014 -15.9877 142.503 7.14325 -15.3708 143.017 6.78354 
-14.6322 143.608 6.40118 -13.2945 144.596 5.70181 -10.9451 145.84 4.21725 
-10.9451 145.84 4.21725 -8.14436 147.323 2.44751 -5.83559 147.631 1.23636 
-2.12709 148.391 -1.19847 -0.943853 148.658 -2.41167 -0.943853 148.658 -2.41167 
-0.728333 148.707 -2.63265 -0.499975 148.743 -2.84398 0.106442 148.815 -3.30436 
2.53934 149.356 -4.27016 2.5913 149.371 -4.29769 6.69872 150.912 -5.72749 
7.77139 151.239 -6.50774 8.61785 151.803 -7.27674 8.63976 151.821 -7.29894 
9.02483 152.063 -7.64908 9.71078 152.234 -8.17078 9.71078 152.234 -8.17078 
12.7248 152.987 -10.4631 13.2525 153.119 -10.9039 13.8222 153.11 -11.2611 
16.1776 152.912 -12.6951 17.5047 152.562 -13.4304 19.3783 152.716 -13.2912 
19.3783 152.716 -13.2912 21.1295 152.86 -13.161 21.154 152.865 -13.1522 
21.154 152.865 -13.1522 22.7055 153.106 -12.5722 25.3628 153.305 -11.5103 
26.3775 153.378 -11.1298 27.1614 153.643 -10.5398 27.3732 153.627 -10.174 
27.5627 153.546 -9.86172 28.2252 153.512 -8.45162 28.3907 153.47 -8.02264 
28.8381 153.518 -6.78485 28.8723 153.516 -6.63384 28.8806 153.51 -6.59473 
28.8806 153.51 -6.59473 29.2362 153.244 -4.91285 29.4853 153.327 -3.55915 
29.599 153.297 -3.04304 29.6197 153.278 -2.85843 29.6525 153.243 -2.10526 
29.6861 153.169 -1.60438 29.6904 153.158 -1.55039 29.7058 153.122 -1.42588 
29.6718 152.865 -0.244122 29.5587 152.67 0.638197 29.368 152.358 1.71975 
29.3412 152.356 1.81128 28.6407 151.714 3.65695 28.4615 151.589 4.02141 
28.3296 151.48 4.38373 28.2914 151.397 4.48792 27.0409 149.766 6.56685 
26.8341 149.592 6.74503 26.4991 149.299 7.09774 25.8077 148.451 8.40204 
24.3902 147.227 9.78236 24.1814 147.162 10.0273 23.1686 146.195 11.4223 
23.1011 146.154 11.469 22.2126 145.445 12.3675 21.1045 144.186 13.1427 
20.8534 143.785 13.4879 20.5206 143.351 13.9131 19.9276 142.64 14.7267 
19.8122 142.446 14.9241 19.4142 142.134 15.2995 18.5402 141.295 16.4585 
17.8138 140.25 17.4237 17.4708 139.79 17.8626 16.8483 139.053 18.6947 
16.699 138.825 18.888 16.6886 138.816 18.9032 16.2551 138.453 19.6298 
15.6406 137.82 20.7871 15.6337 137.815 20.7964 15.1257 137.223 21.629 
15.111 137.204 21.6516 15.1104 137.204 21.6525 14.2425 135.958 23.434 
14.1842 135.842 23.6352 13.8951 135.442 24.2204 13.854 135.392 24.2817 
13.7577 135.184 24.5407 13.034 134.158 26.3654 12.8794 133.924 26.7905 
12.89 133.813 26.9828 12.7573 133.612 27.6779 12.5044 133.288 29.0425 
12.495 133.269 29.1098 12.4772 133.206 29.3084 12.464 133.166 29.4702 
12.1968 132.719 30.8046 12.1966 132.719 30.8059 12.0996 132.536 31.1437 
11.8706 132.295 31.7819 11.5576 132.262 32.5255 11.4537 132.27 32.6862 
11.4537 132.27 32.6862 10.6796 132.327 33.883 10.4338 132.495 34.5869 
10.3123 132.542 34.8053 10.0135 132.757 35.4119 10.0123 132.758 35.4143 
9.67563 132.845 36.0942 9.61333 132.888 36.2804 9.55328 132.935 36.4078 
9.42343 133.064 36.7658 9.36972 133.098 36.9093 9.2819 133.191 37.187 
9.12128 133.365 37.6481 9.12128 133.365 37.6481 9.08112 133.408 37.7634 
9.07275 133.428 37.8102 8.94713 133.728 38.3846 8.92417 133.811 38.572 
8.72315 134.5 39.9529 8.69128 134.566 40.0414 8.34933 134.984 40.8109 
8.28893 135.145 41.213 8.2797 135.238 41.393 8.23842 135.422 41.7078 
8.15218 136.198 42.5489 8.14223 137.009 43.8812 8.19918 137.365 44.3169 
8.1605 138.099 45.0165 8.17562 138.372 45.3958 8.18944 138.446 45.5286 
8.10015 139.731 46.8593 8.09352 139.776 46.891 8.05545 139.954 47.0185 
8.00119 140.236 47.3093 8.00918 140.5 47.595 7.95793 140.975 48.0956 
8.05772 141.668 48.5926 7.80944 142.65 49.4171 7.72159 142.843 49.5949 
7.65053 143.071 49.8161 7.5994 143.317 50.134 7.10171 144.268 51.2732 
7.10148 144.269 51.2741 7.10148 144.269 51.2741 6.94931 144.589 51.5017 
6.85722 144.809 51.6858 6.64327 145.282 52.0167 6.49539 145.683 52.3607 
6.49256 145.689 52.3652 6.19043 146.429 52.8935 6.19002 146.433 52.8966 
5.59455 147.394 53.8286 5.41424 147.566 54.0152 4.81957 148.611 54.9893 
4.47431 149.249 55.4652 4.1825 149.671 55.7466 3.54489 150.308 56.3931 
3.40696 150.421 56.5244 3.09147 150.797 56.9462 2.87835 150.977 57.1933 
1.92989 151.913 58.0648 1.74021 152.191 58.4312 1.70925 152.24 58.4994 
1.54242 152.478 58.7683 1.32474 153.029 59.4459 0.993791 153.562 60.0712 
0.880464 154.247 61.301 0.888985 154.369 61.485 0.899694 154.428 61.579 
1.3107 154.971 62.882 1.39204 155.015 63.0188 1.67277 155.147 63.459 
2.23883 155.42 64.1761 2.77661 155.506 64.6155 3.22161 155.616 65.0073 
3.88914 155.704 65.5396 4.2245 155.781 65.7357 5.69036 155.709 66.5028 
6.20653 155.73 66.8477 6.68828 155.697 67.1155 6.70828 155.701 67.1268 
7.49662 155.673 67.5909 8.36581 155.589 67.9857 8.7486 155.607 68.192 
8.77814 155.608 68.2018 9.02846 155.584 68.316 10.2893 155.657 68.906 
10.6688 155.584 69.1205 10.8054 155.57 69.1725 10.8112 155.57 69.1748 
11.9706 155.526 69.5944 12.126 155.548 69.696 13.4703 155.452 70.3854 
13.5737 155.438 70.4383 13.7528 155.44 70.5283 14.559 155.411 71.045 
14.7211 155.402 71.1724 15.2735 155.403 71.5209 15.2996 155.405 71.5416 
15.4599 155.387 71.6456 16.3803 155.334 72.3558 16.475 155.348 72.4071 
16.4774 155.349 72.4084 17.4315 155.377 73.0119 17.6959 155.408 73.2208 
18.167 155.492 73.5133 19.4429 155.422 74.6661 20.6513 155.365 75.5678 
20.7401 155.361 75.6725 21.3036 155.412 76.1495 21.6911 155.467 76.51 
21.8597 155.484 76.6624 22.3366 155.604 77.3184 22.4585 155.633 77.4484 
23.0809 155.686 78.3228 23.2013 155.724 78.4652 23.4212 155.818 78.7585 
23.8533 155.98 79.3029 23.9702 156.01 79.4274 23.996 156.015 79.4488 
24.2455 156.063 79.6383 24.498 156.131 79.9156 24.8552 156.255 80.3878 
24.8582 156.256 80.3918 25.2691 156.428 81.0024 25.8081 156.564 81.9528 
25.8476 156.583 82.0121 26.2785 156.878 82.6825 26.5325 157.158 83.2118 
26.6691 157.254 83.4728 26.6766 157.257 83.484 26.8004 157.315 83.6591 
27.0225 157.437 84.0327 27.3084 157.649 84.6274 27.5369 157.817 85.5345 
27.5598 157.825 85.5824 27.6059 157.859 85.6848 27.9164 158.095 86.215 
28.014 158.178 86.4131 28.157 158.286 86.7018 28.3072 158.421 87.1417 
28.5571 158.693 87.7638 28.7199 159.343 89.4099 28.6971 159.396 89.5379 
28.6845 159.449 89.6943 28.9281 159.859 90.8347 29.0694 160.009 91.1756 
29.1355 160.112 91.382 29.1762 160.214 91.5559 29.2781 160.419 92.0344 
29.3468 160.517 92.3848 29.4183 160.633 92.6577 29.5088 160.807 92.9929 
29.5334 160.985 93.3128 29.5913 161.241 93.9297 29.6811 161.382 94.2085 
29.8235 161.884 95.2562 29.8226 161.894 95.2733 29.8332 162.038 95.5323 
29.911 162.66 96.4228 29.9012 162.69 96.4856 29.9228 162.988 97.1538 
29.921 163.011 97.1978 29.9203 163.023 97.2235 29.9403 163.128 97.4346 
29.9403 163.128 97.4346 29.896 163.472 98.3527 29.8813 163.648 98.6345 
29.8959 163.72 98.761 29.8882 163.953 99.0437 29.9319 164.257 99.5808 
29.8891 164.836 100.398 29.9125 164.975 100.792 29.7046 165.744 102.239 
29.6933 165.761 102.267 29.5727 166.45 103.663 29.5924 166.494 103.758 
29.5203 167.125 104.78 29.5081 167.183 104.934 29.4854 167.461 105.521 
29.5577 167.581 105.8 29.5612 168.252 106.948 29.6238 168.471 107.693 
29.6792 168.594 108.291 29.6779 168.601 108.305 29.6309 168.931 109 
29.7573 169.608 110.554 29.7215 169.715 110.761 29.866 170.01 112.237 
29.8669 170.013 112.249 29.8669 170.013 112.249 30.3623 170.247 113.99 
30.4112 170.224 114.19 30.536 170.19 114.602 30.5439 170.185 114.629 
30.5901 170.173 114.772 30.6002 170.177 114.81 30.6002 170.177 114.81 
30.6666 170.205 115.061 31.1955 170.138 116.124 31.6534 170.002 116.791 
31.86 169.952 117.033 32.0279 169.851 117.265 32.0279 169.851 117.265 
32.1448 169.786 117.518 32.519 169.479 118.398 32.5224 169.476 118.405 
32.6536 169.354 118.657 32.6536 169.354 118.657 32.7585 169.256 118.858 
33.0211 169.095 119.473 33.1369 168.999 119.778 33.4591 168.727 120.462 
33.5457 168.678 120.697 33.8328 168.405 121.902 33.8505 168.391 122.022 
33.8505 168.391 122.022 33.8958 168.31 122.288 34.0092 168.178 123.602 
33.9948 168.175 124.21 33.881 168.271 124.921 33.8545 168.351 125.733 
33.9025 168.444 126.651 33.904 168.472 126.74 33.8868 168.504 127.159 
33.7674 168.693 128.281 33.767 168.966 129.033 33.7626 169.116 130.08 
33.7547 169.23 130.388 33.7438 169.33 130.577 33.718 169.419 130.787 
33.7066 169.437 130.839 33.7062 169.438 130.841 33.6047 169.551 131.345 
33.5851 169.621 131.625 33.5761 169.651 131.713 33.5404 169.764 131.905 
33.3502 170.09 132.675 33.314 170.346 133.572 33.3226 170.449 133.85 
33.3226 170.45 133.852 33.2502 170.569 134.414 33.2477 170.586 134.538 
33.2381 170.582 134.623 33.2127 170.626 135.577 33.1876 170.706 135.774 
33.1586 170.915 136.402 33.1114 171.277 137.023 33.0732 171.562 137.875 
33.0705 171.613 137.982 33.1365 171.746 138.325 33.1205 171.808 138.537 
33.0673 171.882 138.913 33.0471 172.104 139.45 32.9684 172.368 140.396 
32.9524 172.388 140.609 32.9305 172.676 141.496 32.9317 172.68 141.517 
32.9132 172.73 141.715 32.894 172.815 141.929 32.8943 172.926 142.162 
32.8694 173.056 142.552 32.8702 173.134 142.745 32.8701 173.161 142.8 
32.8704 173.162 142.803 32.8799 173.217 142.924 32.9646 173.475 144.077 
32.965 173.479 144.089 32.9141 173.736 144.836 33.0113 173.968 145.514 
33.0392 173.968 145.782 33.0894 173.943 146.094 33.0681 173.978 146.345 
33.1359 173.877 146.982 33.2442 173.807 147.724 33.3681 173.895 148.308 
33.418 173.933 148.566 33.4241 173.934 148.603 33.4241 173.934 148.603 
33.4907 173.952 148.852 33.5176 173.98 149.077 33.5404 174.007 149.184 
33.6173 174.18 149.713 33.6081 174.196 149.796 33.5783 174.246 150.096 
33.5812 174.255 150.172 33.5512 174.428 151.132 33.5437 174.437 151.154 
33.5437 174.437 151.154 33.5366 174.663 152.012 33.5102 174.765 152.2 
33.4859 174.9 152.406 33.362 175.32 153.107 33.3573 175.349 153.137 
33.3573 175.349 153.137 33.2082 175.708 153.358 32.9579 176.123 153.582 
32.8448 176.32 153.644 32.8137 176.389 153.657 32.7048 176.557 153.693 
32.467 176.956 153.74 32.4361 176.996 153.74 32.2313 177.212 153.742 
32.1549 177.308 153.745 31.8352 177.628 153.714 31.6045 177.877 153.712 
31.3386 178.142 153.7 30.9628 178.404 153.538 30.607 178.838 153.393 
30.4167 178.989 153.29 30.0528 179.284 153.19 29.6563 179.519 152.918 
29.6412 179.532 152.904 29.5015 179.644 152.805 29.3415 179.847 152.661 
29.0468 180.05 152.482 29.0456 180.051 152.481 28.657 180.333 152.065 
28.6159 180.363 151.984 28.5702 180.395 151.906 28.5702 180.395 151.906 
28.5435 180.416 151.869 28.2817 180.605 151.512 28.1206 180.699 151.287 
27.9259 180.814 151.039 27.6209 180.871 150.585 27.3073 180.994 150.135 
27.1065 181.121 149.553 26.9849 181.18 149.261 26.886 181.196 148.893 
26.6976 181.42 148.184 26.5912 181.401 147.801 26.5858 181.403 147.758 
26.4134 181.442 146.921 26.3154 181.755 146.176 26.2864 181.774 146.07 
26.2864 181.774 146.07 26.281 181.771 146.049 26.281 181.771 146.049 
26.275 181.732 145.77 26.2103 181.667 145.534 26.21 181.667 145.534 
26.022 181.577 144.543 26.0287 181.633 144.172 26.0294 181.695 144.016 
26.0294 181.695 144.016 26.0642 181.81 143.028 26.0353 181.831 142.76 
26.0473 181.816 142.626 26.0739 181.869 142.295 26.1248 181.892 141.985 
26.1855 181.883 140.806 26.3484 181.882 140.284 26.3582 181.926 139.693 
26.264 181.884 139.373 26.2586 181.877 139.346 26.2357 181.677 138.684 
26.2342 181.674 138.664 25.7495 180.93 137.889 25.2228 179.39 137.307 
25.1921 179.34 137.313 25.1747 179.313 137.318 25.0779 179.208 137.368 
25.0759 179.206 137.369 24.3454 178.247 137.54 24.3328 178.235 137.549 
24.3328 178.235 137.549 24.0796 177.666 138.073 23.893 177.506 138.616 
23.7141 177.308 139.087 23.7031 177.291 139.112 23.6943 177.271 139.149 
23.6776 177.2 139.294 23.6257 177.038 139.854 23.6623 176.867 140.489 
23.6606 176.849 140.669 23.6685 176.816 140.989 23.6184 176.553 141.762 
23.6503 176.491 142.156 23.6477 176.49 142.189 23.6482 176.382 142.753 
23.6503 176.329 142.94 23.6503 176.328 142.943 23.7348 176.398 143.988 
23.7331 176.356 144.165 23.7559 176.309 144.59 23.8121 176.331 144.948 
23.8081 176.308 145.139 23.8828 176.269 145.741 24.0216 176.252 146.131 
24.075 176.28 146.297 24.1338 176.288 146.466 24.164 176.292 146.537 
24.196 176.292 146.627 24.2056 176.294 146.653 24.2636 176.278 146.846 
24.2661 176.276 146.854 24.2852 176.263 146.96 24.431 176.242 147.744 
24.4394 176.248 147.782 24.4977 176.256 148.1 24.4985 176.256 148.107 
24.5166 176.22 148.244 24.5373 176.207 148.316 24.5501 176.203 148.366 
24.5788 176.192 148.446 24.6363 176.18 148.63 24.638 176.179 148.635 
24.7056 176.132 148.922 24.7062 176.131 148.925 24.7209 176.128 148.988 
24.7511 176.112 149.079 24.752 176.111 149.082 24.8006 176.081 149.309 
24.9266 175.995 149.732 25.0209 176.051 150.015 25.0583 176.062 150.177 
25.1314 176.071 150.376 25.2809 176.148 150.693 25.4303 176.163 151.434 
25.4739 176.317 151.765 25.6275 176.433 152.302 25.6347 176.433 152.321 
25.7052 176.435 152.606 25.8279 176.395 153.559 26.1127 176.604 154.517 
26.1741 176.592 154.818 26.1871 176.584 154.855 26.2536 176.572 155.057 
26.4033 176.632 155.785 26.4261 176.651 155.963 26.4459 176.694 156.162 
26.4515 176.786 156.687 26.5271 176.799 157.06 26.547 176.839 157.279 
26.571 176.887 157.498 26.7207 177.111 158.525 26.7887 177.119 158.84 
27.0403 177.217 159.33 27.2159 177.331 159.746 27.6688 177.555 160.52 
27.6858 177.561 160.556 27.9724 177.633 160.857 28.436 177.828 161.457 
28.7484 177.851 161.804 28.8389 177.873 161.897 29.0074 177.872 162.082 
29.1634 177.886 162.219 29.6324 177.886 162.657 29.7073 177.866 162.702 
30.5371 177.648 163.358 30.5846 177.641 163.373 30.5846 177.641 163.373 
30.8363 177.601 163.511 31.3129 177.466 163.713 31.535 177.378 163.803 
31.6299 177.352 163.844 31.8646 177.264 163.94 32.536 177.119 164.268 
32.6045 177.096 164.319 32.7072 177.051 164.366 33.0453 176.946 164.531 
33.3672 176.888 164.654 34.4313 176.402 165.284 34.5942 176.382 165.4 
34.9662 176.263 165.677 34.9956 176.26 165.701 35.076 176.247 165.778 
35.2877 176.199 165.977 35.5075 176.176 166.227 35.5257 176.17 166.254 
35.7791 176.139 166.637 35.7852 176.137 166.645 35.8675 176.121 166.732 
36.2345 176.073 167.237 36.3034 176.072 167.299 36.3265 176.073 167.328 
36.4727 176.045 167.504 36.6291 176.014 167.75 36.7117 176.017 167.865 
36.9389 176.059 168.206 37.0812 176.057 168.589 37.1169 176.056 168.662 
37.1176 176.056 168.663 37.1479 176.062 168.721 37.3034 176.138 168.993 
37.3944 176.219 169.218 37.5111 176.405 169.538 37.5792 176.494 169.77 
37.6152 176.558 169.872 37.6157 176.559 169.874 37.6634 176.642 170.004 
37.6799 176.695 170.083 37.6929 176.773 170.192 37.7103 177.006 170.424 
37.7031 177.052 170.47 37.6826 177.21 170.609 37.6655 177.313 170.673 
37.63 177.408 170.773 37.6142 177.62 171.093 37.5902 177.668 171.171 
37.4466 178.02 171.497 37.421 178.071 171.567 37.2279 178.418 171.925 
37.0847 178.707 172.336 36.9864 178.846 172.439 36.9853 178.847 172.44 
36.838 179.021 172.543 36.7965 179.064 172.562 36.6973 179.156 172.581 
36.6965 179.156 172.581 36.24 179.666 172.823 36.1252 179.75 172.872 
35.8175 180.026 173.01 35.7952 180.041 173.026 35.404 180.25 173.134 
35.4024 180.251 173.134 34.9908 180.506 173.18 34.9535 180.531 173.196 
34.5477 180.78 173.433 34.4204 180.848 173.479 34.3628 180.874 173.499 
33.889 181.288 173.732 33.8065 181.355 173.772 33.6407 181.416 173.837 
33.5249 181.487 173.886 33.015 181.804 174.021 32.8823 181.851 174.031 
32.8092 181.898 174.029 32.0906 182.31 174.108 32.0592 182.324 174.112 
32.0322 182.343 174.11 31.8747 182.413 174.1 31.5258 182.674 174.129 
31.2672 182.821 174.158 30.9689 182.99 174.125 30.2477 183.184 174.116 
30.0487 183.307 174.097 29.821 183.437 174.048 28.9948 183.842 174.004 
28.7749 183.997 174 28.7542 184.013 173.996 28.3678 184.205 173.937 
28.088 184.309 173.925 27.714 184.515 173.921 27.454 184.73 173.929 
26.737 185.097 173.976 26.6268 185.16 173.969 26.6056 185.17 173.965 
26.1075 185.463 173.872 25.8515 185.663 173.892 25.5859 185.818 173.911 
25.1974 186.119 173.971 25.09 186.194 173.98 25.0564 186.217 173.983 
25.0311 186.232 173.983 24.598 186.509 174.046 24.0824 186.791 174.161 
23.3988 187.447 174.287 23.3542 187.492 174.307 23.286 187.551 174.331 
23.2695 187.567 174.335 23.1753 187.645 174.348 22.8791 187.866 174.354 
22.7394 187.987 174.396 22.0301 188.67 174.814 21.8427 188.888 174.831 
21.8119 188.951 174.833 21.7321 189.051 174.842 21.1088 189.65 174.955 
20.5688 190.183 175.294 20.2689 190.382 175.451 20.2261 190.436 175.458 
19.9583 190.721 175.564 19.9539 190.725 175.566 19.6755 191.028 175.714 
19.6589 191.044 175.722 19.4416 191.257 175.887 19.2646 191.431 176.002 
19.1505 191.505 176.081 18.6075 191.931 176.599 18.5513 191.966 176.662 
18.2621 192.135 176.901 17.9398 192.327 177.298 17.3051 192.868 178.013 
17.1726 193.027 178.254 17.0095 193.126 178.449 16.4664 193.592 179.368 
16.4622 193.598 179.386 16.3562 193.708 179.666 16.2241 193.931 180.121 
16.0473 194.181 180.584 15.8015 194.252 181.199 15.7894 194.265 181.236 
15.7527 194.338 181.403 15.6355 194.426 182.023 15.533 194.548 182.551 
15.5232 194.572 182.815 15.4631 194.624 183.021 15.3883 194.672 183.261 
15.2484 194.629 184.132 15.2132 194.608 184.567 15.2141 194.608 184.572 
15.063 194.583 185.639 15.0577 194.578 185.665 14.858 194.556 186.176 
14.8038 194.575 186.366 14.6123 194.619 186.745 14.5146 194.705 187.031 
14.1229 194.887 187.583 13.9691 195.159 187.956 13.8608 195.356 188.133 
13.6872 195.96 188.531 13.5138 196.531 188.737 13.5449 196.94 188.833 
13.4422 197.846 188.809 13.4298 198.414 188.589 13.5166 198.837 188.426 
13.5574 199.101 188.222 13.5665 199.119 188.201 13.6157 199.209 188.107 
13.7568 199.373 187.895 13.851 199.505 187.719 13.8554 199.513 187.708 
13.8862 199.587 187.608 13.9232 199.701 187.42 14.0759 200.011 186.858 
14.1003 200.057 186.777 14.2388 200.144 186.598 14.6168 200.434 186.067 
14.7028 200.524 185.95 14.7202 200.544 185.922 14.9102 200.797 185.748 
14.9909 200.905 185.665 15.1731 201.094 185.424 15.6508 201.516 185.109 
15.6574 201.523 185.104 16.0266 201.849 184.926 16.2782 202.142 184.786 
16.2833 202.15 184.784 16.3436 202.213 184.777 16.3641 202.236 184.777 
16.402 202.281 184.774 17.1601 202.977 184.675 17.1917 203.13 184.684 
17.3973 203.756 184.783 17.5055 203.973 184.89 17.6171 204.206 185.093 
17.7391 204.377 185.267 17.8755 205.23 186.082 17.9164 205.353 186.246 
17.8527 205.556 186.707 17.844 205.561 186.729 17.8117 205.599 186.84 
17.7526 205.623 187.119 17.7499 205.622 187.131 17.676 205.616 187.513 
17.6718 205.617 187.532 17.5726 205.564 188.127 17.487 205.573 188.354 
17.0229 205.26 189.424 16.5413 205.103 190.053 16.4729 205.069 190.202 
16.0412 204.758 190.911 16.0078 204.716 190.988 15.8865 204.62 191.192 
15.6863 204.318 191.84 15.6413 204.186 191.989 15.4436 203.537 192.71 
15.4007 203.312 192.88 15.3179 203.016 193.217 15.3071 202.8 193.386 
15.3135 202.548 193.621 15.3143 202.479 193.668 15.3919 201.897 194.159 
15.3953 201.809 194.224 15.3983 201.786 194.245 15.462 201.563 194.445 
15.6191 201.116 194.736 15.7708 200.727 194.976 15.7891 200.653 195.021 
15.7891 200.653 195.021 15.9997 200.334 195.194 16.1244 200.124 195.328 
16.3906 199.775 195.517 16.3971 199.768 195.52 16.5448 199.529 195.656 
16.6834 199.3 195.736 16.8225 199.052 195.842 16.8824 198.972 195.872 
16.9313 198.912 195.888 16.9329 198.91 195.889 17.1572 198.6 195.925 
17.17 198.584 195.925 17.5229 198.122 195.989 17.5296 198.111 195.989 
18.3 197.256 195.885 18.524 197.11 195.852 19.327 196.52 195.977 
19.5675 196.385 195.936 19.9944 196.078 195.886 20.2486 195.975 195.885 
20.2496 195.975 195.885 20.6135 195.798 195.901 20.6317 195.788 195.902 
21.0375 195.538 195.828 21.1026 195.488 195.842 22.2515 195.042 195.925 
22.6001 194.956 196.07 22.6312 194.948 196.078 23.1601 194.774 196.26 
23.3701 194.746 196.334 24.2354 194.614 196.661 24.2935 194.631 196.698 
24.6248 194.599 197.016 24.7004 194.63 197.149 24.7004 194.63 197.149 
24.7292 194.642 197.199 24.8229 194.659 197.409 24.8401 194.659 197.44 
24.9185 194.659 197.649 24.9832 194.637 197.833 25.0188 194.645 198 
25.043 194.638 198.391 25.0431 194.638 198.394 25.114 194.618 198.673 
25.1152 194.617 198.678 25.124 194.612 198.724 25.1244 194.611 198.726 
25.1288 194.609 198.743 25.1787 194.593 199.014 25.187 194.594 199.308 
25.187 194.594 199.308 25.1935 194.594 199.537 25.2002 194.603 199.759 
25.1988 194.604 199.767 25.111 194.654 200.061 25.1092 194.656 200.067 
24.9868 194.8 200.835 24.9744 194.804 200.897 24.9285 194.827 200.994 
24.8833 194.844 201.104 24.5812 194.987 201.547 24.563 194.995 201.58 
24.1748 195.213 202.029 24.1381 195.232 202.063 24.1272 195.237 202.073 
24.0967 195.255 202.104 23.9634 195.309 202.252 23.9014 195.346 202.344 
23.7135 195.452 202.547 23.5822 195.531 202.66 23.5408 195.548 202.695 
23.4876 195.574 202.731 23.2682 195.683 202.861 22.6766 195.929 203.106 
22.6188 195.949 203.121 22.4476 196.009 203.146 22.324 196.051 203.178 
21.7864 196.267 203.241 21.5062 196.37 203.302 20.9328 196.609 203.379 
20.8618 196.655 203.382 20.428 196.833 203.415 20.0974 197.034 203.488 
19.6921 197.299 203.633 19.5122 197.386 203.657 19.3775 197.415 203.652 
19.0194 197.561 203.732 18.6202 197.729 203.701 18.5144 197.768 203.694 
18.2756 197.846 203.631 18.165 197.881 203.655 17.7133 198.088 203.698 
17.2932 198.329 203.631 16.9832 198.583 203.68 16.8211 198.644 203.729 
16.7341 198.69 203.75 16.2671 198.941 203.619 16.0728 199.072 203.65 
15.8141 199.241 203.634 15.6939 199.347 203.682 15.6691 199.358 203.687 
15.1309 199.661 203.662 15.0377 199.721 203.625 14.9326 199.781 203.624 
14.4337 200.167 203.509 13.9411 200.488 203.363 13.1446 201.267 203.188 
12.8759 201.532 203.142 12.7859 201.693 203.145 12.6714 201.8 203.134 
12.4626 201.918 203.091 11.9772 202.19 203.173 11.7921 202.314 203.178 
11.7796 202.326 203.179 11.3196 202.569 203.155 11.2319 202.619 203.186 
11.2263 202.624 203.189 11.0602 202.751 203.28 11.0491 202.758 203.286 
10.4743 203.184 203.429 10.3274 203.266 203.489 10.2235 203.32 203.522 
10.2048 203.33 203.526 10.1733 203.346 203.547 9.8986 203.54 203.923 
9.87386 203.564 203.973 9.87386 203.564 203.973 9.83854 203.585 204.03 
9.71983 203.635 204.275 9.69933 203.666 204.385 9.67921 203.682 204.514 
9.65396 203.696 204.886 9.65619 203.7 204.917 9.68339 203.711 205.344 
9.7076 203.696 205.452 9.7423 203.684 205.716 9.90602 203.624 206.069 
9.99849 203.609 206.237 10.0694 203.62 206.357 10.0853 203.619 206.376 
10.1229 203.619 206.424 10.1936 203.626 206.495 10.1936 203.626 206.495 
10.4065 203.672 206.718 10.679 203.725 206.989 11.2326 204.072 207.299 
11.4231 204.069 207.467 11.4401 204.073 207.487 11.523 204.077 207.559 
11.9953 204.231 207.85 12.3122 204.344 208.033 12.8389 204.482 208.396 
13.1291 204.751 208.514 13.2612 204.851 208.524 13.3441 204.919 208.567 
13.7721 205.126 208.858 13.8541 205.201 208.889 13.943 205.288 208.91 
14.0081 205.338 208.928 14.1381 205.451 208.986 14.1877 205.494 209.031 
14.2102 205.514 209.046 14.4397 205.731 209.262 14.4563 205.742 209.274 
14.7083 205.89 209.388 14.7151 205.895 209.394 14.7151 205.895 209.394 
15.0821 206.379 209.854 15.0856 206.388 209.861 15.1287 206.512 209.901 
15.1377 206.539 209.905 15.1966 206.641 209.964 15.2394 206.688 209.992 
15.8158 207.133 210.226 15.8884 207.247 210.252 16.0765 207.562 210.522 
16.3755 208.013 210.636 16.4745 208.302 210.849 16.5934 208.59 211.001 
16.6864 209.224 211.218 16.6982 209.318 211.237 16.6986 209.322 211.238 
16.6978 209.647 211.429 16.7279 210.23 211.469 16.7389 210.783 211.833 
16.8633 211.239 211.908 16.9026 211.673 212.122 16.8658 211.965 212.204 
16.8425 212.163 212.259 16.8397 212.211 212.264 16.8501 212.34 212.276 
16.8639 212.425 212.324 16.8836 212.643 212.419 16.8817 212.94 212.603 
16.8739 213.069 212.609 16.8739 213.069 212.609 16.7562 213.504 212.722 
16.6694 213.865 212.8 16.6421 213.961 212.864 16.4488 214.355 212.956 
16.3955 214.448 212.969 15.8497 215.188 213.36 15.6939 215.664 213.393 
15.6811 215.71 213.399 15.5838 216.514 213.728 15.572 216.548 213.765 
15.2533 217.245 214.38 15.2695 217.274 214.407 15.1306 218.091 214.634 
14.9195 218.595 214.582 14.8928 218.798 214.697 14.8981 218.893 214.739 
14.8973 218.898 214.741 14.8824 218.987 214.776 14.8189 219.421 214.897 
14.7969 219.524 214.9 14.6704 219.832 214.95 14.5624 220.154 215.001 
14.5671 220.342 215.103 14.5609 220.373 215.112 14.4557 220.725 215.206 
14.449 220.748 215.212 14.4279 220.827 215.242 14.4276 220.878 215.256 
14.406 221.189 215.284 14.4008 221.202 215.285 14.3244 221.639 215.376 
14.2705 221.856 215.346 14.2707 221.87 215.348 14.2583 221.922 215.359 
14.1048 222.19 215.453 14.0751 222.268 215.479 13.988 222.71 215.609 
13.8554 223.223 215.649 13.822 223.538 215.67 13.6816 224.293 215.861 
13.6823 224.38 215.933 13.6512 224.598 215.995 13.6463 224.632 216.005 
13.4669 225.547 216.138 13.4411 225.787 216.155 13.3924 226.043 216.144 
13.3811 226.588 216.298 13.381 226.592 216.299 13.3782 226.619 216.319 
13.3782 226.619 216.319 13.5177 227.431 216.645 13.5126 227.46 216.685 
13.5124 227.461 216.686 13.489 228.56 217.125 13.4661 228.721 217.203 
13.7983 229.454 217.928 13.8345 229.502 218.063 14.0015 229.861 218.363 
14.0579 229.956 218.458 14.0838 229.973 218.475 14.4631 230.154 218.857 
15.1432 230.146 219.243 15.296 230.064 219.365 15.3053 230.058 219.375 
15.5098 230.029 219.603 15.8189 229.914 220.054 15.8232 229.914 220.059 
15.8232 229.914 220.059 16.0952 229.837 220.37 16.1706 229.827 220.453 
16.421 229.753 220.802 16.7533 229.502 221.312 16.8084 229.477 221.379 
16.9249 229.43 221.574 16.9508 229.408 221.608 17.1326 229.306 221.881 
17.1753 229.265 221.984 17.3369 229.155 222.215 17.4477 229.096 222.319 
17.5544 229.014 222.47 17.6315 228.937 222.621 17.656 228.897 222.677 
17.7887 228.761 223.029 17.9104 228.607 223.318 18.0337 228.526 223.444 
18.0679 228.48 223.518 18.0886 228.443 223.566 18.1445 228.359 223.668 
18.2061 228.274 223.83 18.239 228.216 223.913 18.2795 228.087 224.09 
18.2944 228.025 224.148 18.3218 227.908 224.31 18.3274 227.737 224.514 
18.3346 227.581 224.744 18.3345 227.21 225.359 18.3455 227.192 225.423 
18.4342 226.963 225.598 18.4886 226.843 225.745 18.5153 226.774 225.811 
18.5451 226.649 225.908 18.5489 226.501 225.984 18.5622 226.071 226.183 
18.6067 225.747 226.411 18.632 225.548 226.551 18.5915 225.115 226.707 
18.5807 225.07 226.715 18.5654 224.729 226.874 18.5437 224.565 226.884 
18.554 224.425 226.909 18.5118 223.906 227.138 18.5032 223.877 227.16 
18.416 223.402 227.187 18.4149 223.396 227.188 18.3507 223.117 227.179 
18.3501 223.088 227.175 18.3775 222.444 227.288 18.3799 222.387 227.289 
18.38 222.376 227.291 18.4057 222.133 227.323 18.4097 221.766 227.314 
18.3846 221.683 227.284 18.3362 221.59 227.252 18.3398 221.226 227.341 
18.3317 220.407 227.431 18.2967 220.164 227.314 18.2662 219.96 227.34 
18.1747 219.636 227.408 18.1036 219.347 227.382 17.8645 218.519 227.356 
17.8582 218.504 227.366 17.8582 218.504 227.366 17.8373 218.462 227.375 
17.8366 218.461 227.375 17.8203 218.421 227.382 17.8203 218.421 227.382 
17.6543 217.615 227.375 17.6482 217.533 227.382 17.4537 216.877 227.598 
17.4072 216.765 227.601 17.2882 216.575 227.666 17.1532 216.339 227.705 
16.9911 215.977 227.881 16.9227 215.48 227.973 16.8315 215.315 227.982 
16.7123 214.757 228.126 16.7058 214.705 228.131 16.7057 214.703 228.131 
16.6036 214.236 228.094 16.4484 213.698 228.084 16.4484 213.698 228.084 
16.4281 213.597 228.102 16.412 213.562 228.105 16.412 213.562 228.105 
16.2936 213.143 228.17 16.2927 213.14 228.17 16.2658 213.073 228.153 
16.2506 212.991 228.137 16.2145 212.535 228.156 16.1575 212.053 228.326 
15.3781 211.311 228.573 15.381 211.288 228.567 15.233 210.615 228.312 
15.2578 210.567 228.295 15.3968 209.856 228.484 15.4565 209.494 228.652 
15.4229 208.818 228.972 15.4532 208.719 229.19 15.4479 208.364 229.39 
15.4719 208.205 229.499 15.5961 207.817 230.347 15.5961 207.817 230.347 
15.6354 207.695 230.615 15.3406 207.584 231.336 15.3174 207.523 231.445 
15.3174 207.523 231.445 15.2711 207.4 231.662 15.3034 207.35 231.833 
15.3288 207.333 231.911 15.3306 207.332 231.917 15.3702 207.233 232.26 
15.3854 207.229 232.302 15.4446 207.21 232.502 15.5099 207.222 232.673 
15.525 207.225 232.718 15.5375 207.222 232.743 15.5627 207.221 232.78 
15.605 207.207 232.888 15.6586 207.181 233.173 15.6585 207.178 233.186 
15.6613 207.171 233.257 15.9471 207.14 233.793 15.9624 207.14 233.811 
16.0397 207.05 234.093 16.0819 206.968 234.254 16.2231 206.914 234.492 
16.2832 206.728 234.77 16.4305 206.731 235.171 16.4825 206.667 235.464 
16.4857 206.662 235.518 16.4924 206.657 235.548 16.5271 206.449 235.971 
16.5015 206.383 236.035 16.4983 206.361 236.055 16.4862 206.13 236.32 
16.4944 206.072 236.36 16.4928 205.96 236.484 16.5414 205.832 236.552 
16.6376 205.706 236.708 16.65 205.58 236.87 16.6504 205.531 236.955 
16.6504 205.531 236.955 16.6809 205.498 236.974 16.6819 205.497 236.975 
16.7651 205.312 237.001 16.7657 205.31 237.001 16.8113 205.257 237.003 
16.8124 205.256 237.003 -53.3182 99.244 -7.5987 -51.9046 105.828 -4.50499 
-51.4202 106.312 -4.12445 -51.2867 106.544 -3.97217 -51.1848 106.706 -3.86445 
-50.2745 108.184 -2.83509 -49.8391 108.718 -2.4433 -49.0008 110.111 -1.56099 
-48.8877 110.343 -1.40359 -48.1262 111.311 -0.812587 -46.953 112.685 0.0165259 
-45.3248 115.547 1.21188 -44.5527 116.517 1.70514 -44.5475 116.522 1.70844 
-43.1287 119.294 2.7711 -40.5043 122.503 4.38764 -39.9417 123.148 4.91528 
-39.6835 123.39 5.14759 -37.7837 125.215 5.5887 -36.3717 126.29 6.03041 
-35.4315 127.226 6.1324 -34.5178 128.143 6.35663 -33.5139 129.126 6.71536 
-33.4722 129.167 6.72727 -30.5958 131.641 8.00763 -29.9772 132.176 7.99225 
-28.8534 133.177 8.07144 -28.0571 133.763 8.12566 -24.1604 136.353 8.83037 
-23.6188 136.67 8.93022 -23.4448 136.762 8.96557 -23.1768 136.925 9.00883 
-22.4675 137.373 9.17033 -22.0984 137.697 9.24593 -21.5719 138.181 9.21134 
-19.7832 139.815 8.9538 -19.7832 139.815 8.9538 -19.0915 140.447 8.85421 
-18.7369 140.675 8.66544 -16.5097 142.091 7.45014 -15.9877 142.503 7.14325 
-15.3708 143.017 6.78354 -14.6322 143.608 6.40118 -13.2945 144.596 5.70181 
-10.9451 145.84 4.21725 -10.9451 145.84 4.21725 -8.14436 147.323 2.44751 
-5.83559 147.631 1.23636 -2.12709 148.391 -1.19847 -0.943853 148.658 -2.41167 
-0.943853 148.658 -2.41167 -0.728333 148.707 -2.63265 -0.499975 148.743 -2.84398 
0.106442 148.815 -3.30436 2.53934 149.356 -4.27016 2.5913 149.371 -4.29769 
6.69872 150.912 -5.72749 7.77139 151.239 -6.50774 8.61785 151.803 -7.27674 
8.63976 151.821 -7.29894 9.02483 152.063 -7.64908 9.71078 152.234 -8.17078 
9.71078 152.234 -8.17078 12.7248 152.987 -10.4631 13.2525 153.119 -10.9039 
13.8222 153.11 -11.2611 16.1776 152.912 -12.6951 17.5047 152.562 -13.4304 
19.3783 152.716 -13.2912 19.3783 152.716 -13.2912 21.1295 152.86 -13.161 
21.154 152.865 -13.1522 21.154 152.865 -13.1522 22.7055 153.106 -12.5722 
25.3628 153.305 -11.5103 26.3775 153.378 -11.1298 27.1614 153.643 -10.5398 
27.3732 153.627 -10.174 27.5627 153.546 -9.86172 28.2252 153.512 -8.45162 
28.3907 153.47 -8.02264 28.8381 153.518 -6.78485 28.8723 153.516 -6.63384 
28.8806 153.51 -6.59473 28.8806 153.51 -6.59473 29.2362 153.244 -4.91285 
29.4853 153.327 -3.55915 29.599 153.297 -3.04304 29.6197 153.278 -2.85843 
29.6525 153.243 -2.10526 29.6861 153.169 -1.60438 29.6904 153.158 -1.55039 
29.7058 153.122 -1.42588 29.6718 152.865 -0.244122 29.5587 152.67 0.638197 
29.368 152.358 1.71975 29.3412 152.356 1.81128 28.6407 151.714 3.65695 
28.4615 151.589 4.02141 28.3296 151.48 4.38373 28.2914 151.397 4.48792 
27.0409 149.766 6.56685 26.8341 149.592 6.74503 26.4991 149.299 7.09774 
25.8077 148.451 8.40204 24.3902 147.227 9.78236 24.1814 147.162 10.0273 
23.1686 146.195 11.4223 23.1011 146.154 11.469 22.2126 145.445 12.3675 
21.1045 144.186 13.1427 20.8534 143.785 13.4879 20.5206 143.351 13.9131 
19.9276 142.64 14.7267 19.8122 142.446 14.9241 19.4142 142.134 15.2995 
18.5402 141.295 16.4585 17.8138 140.25 17.4237 17.4708 139.79 17.8626 
16.8483 139.053 18.6947 16.699 138.825 18.888 16.6886 138.816 18.9032 
16.2551 138.453 19.6298 15.6406 137.82 20.7871 15.6337 137.815 20.7964 
15.1257 137.223 21.629 15.111 137.204 21.6516 15.1104 137.204 21.6525 
14.2425 135.958 23.434 14.1842 135.842 23.6352 13.8951 135.442 24.2204 
13.854 135.392 24.2817 13.7577 135.184 24.5407 13.034 134.158 26.3654 
12.8794 133.924 26.7905 12.89 133.813 26.9828 12.7573 133.612 27.6779 
12.5044 133.288 29.0425 12.495 133.269 29.1098 12.4772 133.206 29.3084 
12.464 133.166 29.4702 12.1968 132.719 30.8046 12.1966 132.719 30.8059 
12.0996 132.536 31.1437 11.8706 132.295 31.7819 11.5576 132.262 32.5255 
11.4537 132.27 32.6862 11.4537 132.27 32.6862 10.6796 132.327 33.883 
10.4338 132.495 34.5869 10.3123 132.542 34.8053 10.0135 132.757 35.4119 
10.0123 132.758 35.4143 9.67563 132.845 36.0942 9.61333 132.888 36.2804 
9.55328 132.935 36.4078 9.42343 133.064 36.7658 9.36972 133.098 36.9093 
9.2819 133.191 37.187 9.12128 133.365 37.6481 9.12128 133.365 37.6481 
9.08112 133.408 37.7634 9.07275 133.428 37.8102 8.94713 133.728 38.3846 
8.92417 133.811 38.572 8.72315 134.5 39.9529 8.69128 134.566 40.0414 
8.34933 134.984 40.8109 8.28893 135.145 41.213 8.2797 135.238 41.393 
8.23842 135.422 41.7078 8.15218 136.198 42.5489 8.14223 137.009 43.8812 
8.19918 137.365 44.3169 8.1605 138.099 45.0165 8.17562 138.372 45.3958 
8.18944 138.446 45.5286 8.10015 139.731 46.8593 8.09352 139.776 46.891 
8.05545 139.954 47.0185 8.00119 140.236 47.3093 8.00918 140.5 47.595 
7.95793 140.975 48.0956 8.05772 141.668 48.5926 7.80944 142.65 49.4171 
7.72159 142.843 49.5949 7.65053 143.071 49.8161 7.5994 143.317 50.134 
7.10171 144.268 51.2732 7.10148 144.269 51.2741 7.10148 144.269 51.2741 
6.94931 144.589 51.5017 6.85722 144.809 51.6858 6.64327 145.282 52.0167 
6.49539 145.683 52.3607 6.49256 145.689 52.3652 6.19043 146.429 52.8935 
6.19002 146.433 52.8966 5.59455 147.394 53.8286 5.41424 147.566 54.0152 
4.81957 148.611 54.9893 4.47431 149.249 55.4652 4.1825 149.671 55.7466 
3.54489 150.308 56.3931 3.40696 150.421 56.5244 3.09147 150.797 56.9462 
2.87835 150.977 57.1933 1.92989 151.913 58.0648 1.74021 152.191 58.4312 
1.70925 152.24 58.4994 1.54242 152.478 58.7683 1.32474 153.029 59.4459 
0.993791 153.562 60.0712 0.880464 154.247 61.301 0.888985 154.369 61.485 
0.899694 154.428 61.579 1.3107 154.971 62.882 1.39204 155.015 63.0188 
1.67277 155.147 63.459 2.23883 155.42 64.1761 2.77661 155.506 64.6155 
3.22161 155.616 65.0073 3.88914 155.704 65.5396 4.2245 155.781 65.7357 
5.69036 155.709 66.5028 6.20653 155.73 66.8477 6.68828 155.697 67.1155 
6.70828 155.701 67.1268 7.49662 155.673 67.5909 8.36581 155.589 67.9857 
8.7486 155.607 68.192 8.77814 155.608 68.2018 9.02846 155.584 68.316 
10.2893 155.657 68.906 10.6688 155.584 69.1205 10.8054 155.57 69.1725 
10.8112 155.57 69.1748 11.9706 155.526 69.5944 12.126 155.548 69.696 
13.4703 155.452 70.3854 13.5737 155.438 70.4383 13.7528 155.44 70.5283 
14.559 155.411 71.045 14.7211 155.402 71.1724 15.2735 155.403 71.5209 
15.2996 155.405 71.5416 15.4599 155.387 71.6456 16.3803 155.334 72.3558 
16.475 155.348 72.4071 16.4774 155.349 72.4084 17.4315 155.377 73.0119 
17.6959 155.408 73.2208 18.167 155.492 73.5133 19.4429 155.422 74.6661 
20.6513 155.365 75.5678 20.7401 155.361 75.6725 21.3036 155.412 76.1495 
21.6911 155.467 76.51 21.8597 155.484 76.6624 22.3366 155.604 77.3184 
22.4585 155.633 77.4484 23.0809 155.686 78.3228 23.2013 155.724 78.4652 
23.4212 155.818 78.7585 23.8533 155.98 79.3029 23.9702 156.01 79.4274 
23.996 156.015 79.4488 24.2455 156.063 79.6383 24.498 156.131 79.9156 
24.8552 156.255 80.3878 24.8582 156.256 80.3918 25.2691 156.428 81.0024 
25.8081 156.564 81.9528 25.8476 156.583 82.0121 26.2785 156.878 82.6825 
26.5325 157.158 83.2118 26.6691 157.254 83.4728 26.6766 157.257 83.484 
26.8004 157.315 83.6591 27.0225 157.437 84.0327 27.3084 157.649 84.6274 
27.5369 157.817 85.5345 27.5598 157.825 85.5824 27.6059 157.859 85.6848 
27.9164 158.095 86.215 28.014 158.178 86.4131 28.157 158.286 86.7018 
28.3072 158.421 87.1417 28.5571 158.693 87.7638 28.7199 159.343 89.4099 
28.6971 159.396 89.5379 28.6845 159.449 89.6943 28.9281 159.859 90.8347 
29.0694 160.009 91.1756 29.1355 160.112 91.382 29.1762 160.214 91.5559 
29.2781 160.419 92.0344 29.3468 160.517 92.3848 29.4183 160.633 92.6577 
29.5088 160.807 92.9929 29.5334 160.985 93.3128 29.5913 161.241 93.9297 
29.6811 161.382 94.2085 29.8235 161.884 95.2562 29.8226 161.894 95.2733 
29.8332 162.038 95.5323 29.911 162.66 96.4228 29.9012 162.69 96.4856 
29.9228 162.988 97.1538 29.921 163.011 97.1978 29.9203 163.023 97.2235 
29.9403 163.128 97.4346 29.9403 163.128 97.4346 29.896 163.472 98.3527 
29.8813 163.648 98.6345 29.8959 163.72 98.761 29.8882 163.953 99.0437 
29.9319 164.257 99.5808 29.8891 164.836 100.398 29.9125 164.975 100.792 
29.7046 165.744 102.239 29.6933 165.761 102.267 29.5727 166.45 103.663 
29.5924 166.494 103.758 29.5203 167.125 104.78 29.5081 167.183 104.934 
29.4854 167.461 105.521 29.5577 167.581 105.8 29.5612 168.252 106.948 
29.6238 168.471 107.693 29.6792 168.594 108.291 29.6779 168.601 108.305 
29.6309 168.931 109 29.7573 169.608 110.554 29.7215 169.715 110.761 
29.866 170.01 112.237 29.8669 170.013 112.249 29.8669 170.013 112.249 
30.3623 170.247 113.99 30.4112 170.224 114.19 30.536 170.19 114.602 
30.5439 170.185 114.629 30.5901 170.173 114.772 30.6002 170.177 114.81 
30.6002 170.177 114.81 30.6666 170.205 115.061 31.1955 170.138 116.124 
31.6534 170.002 116.791 31.86 169.952 117.033 32.0279 169.851 117.265 
32.0279 169.851 117.265 32.1448 169.786 117.518 32.519 169.479 118.398 
32.5224 169.476 118.405 32.6536 169.354 118.657 32.6536 169.354 118.657 
32.7585 169.256 118.858 33.0211 169.095 119.473 33.1369 168.999 119.778 
33.4591 168.727 120.462 33.5457 168.678 120.697 33.8328 168.405 121.902 
33.8505 168.391 122.022 33.8505 168.391 122.022 33.8958 168.31 122.288 
34.0092 168.178 123.602 33.9948 168.175 124.21 33.881 168.271 124.921 
33.8545 168.351 125.733 33.9025 168.444 126.651 33.904 168.472 126.74 
33.8868 168.504 127.159 33.7674 168.693 128.281 33.767 168.966 129.033 
33.7626 169.116 130.08 33.7547 169.23 130.388 33.7438 169.33 130.577 
33.718 169.419 130.787 33.7066 169.437 130.839 33.7062 169.438 130.841 
33.6047 169.551 131.345 33.5851 169.621 131.625 33.5761 169.651 131.713 
33.5404 169.764 131.905 33.3502 170.09 132.675 33.314 170.346 133.572 
33.3226 170.449 133.85 33.3226 170.45 133.852 33.2502 170.569 134.414 
33.2477 170.586 134.538 33.2381 170.582 134.623 33.2127 170.626 135.577 
33.1876 170.706 135.774 33.1586 170.915 136.402 33.1114 171.277 137.023 
33.0732 171.562 137.875 33.0705 171.613 137.982 33.1365 171.746 138.325 
33.1205 171.808 138.537 33.0673 171.882 138.913 33.0471 172.104 139.45 
32.9684 172.368 140.396 32.9524 172.388 140.609 32.9305 172.676 141.496 
32.9317 172.68 141.517 32.9132 172.73 141.715 32.894 172.815 141.929 
32.8943 172.926 142.162 32.8694 173.056 142.552 32.8702 173.134 142.745 
32.8701 173.161 142.8 32.8704 173.162 142.803 32.8799 173.217 142.924 
32.9646 173.475 144.077 32.965 173.479 144.089 32.9141 173.736 144.836 
33.0113 173.968 145.514 33.0392 173.968 145.782 33.0894 173.943 146.094 
33.0681 173.978 146.345 33.1359 173.877 146.982 33.2442 173.807 147.724 
33.3681 173.895 148.308 33.418 173.933 148.566 33.4241 173.934 148.603 
33.4241 173.934 148.603 33.4907 173.952 148.852 33.5176 173.98 149.077 
33.5404 174.007 149.184 33.6173 174.18 149.713 33.6081 174.196 149.796 
33.5783 174.246 150.096 33.5812 174.255 150.172 33.5512 174.428 151.132 
33.5437 174.437 151.154 33.5437 174.437 151.154 33.5366 174.663 152.012 
33.5102 174.765 152.2 33.4859 174.9 152.406 33.362 175.32 153.107 
33.3573 175.349 153.137 33.3573 175.349 153.137 33.2082 175.708 153.358 
32.9579 176.123 153.582 32.8448 176.32 153.644 32.8137 176.389 153.657 
32.7048 176.557 153.693 32.467 176.956 153.74 32.4361 176.996 153.74 
32.2313 177.212 153.742 32.1549 177.308 153.745 31.8352 177.628 153.714 
31.6045 177.877 153.712 31.3386 178.142 153.7 30.9628 178.404 153.538 
30.607 178.838 153.393 30.4167 178.989 153.29 30.0528 179.284 153.19 
29.6563 179.519 152.918 29.6412 179.532 152.904 29.5015 179.644 152.805 
29.3415 179.847 152.661 29.0468 180.05 152.482 29.0456 180.051 152.481 
28.657 180.333 152.065 28.6159 180.363 151.984 28.5702 180.395 151.906 
28.5702 180.395 151.906 28.5435 180.416 151.869 28.2817 180.605 151.512 
28.1206 180.699 151.287 27.9259 180.814 151.039 27.6209 180.871 150.585 
27.3073 180.994 150.135 27.1065 181.121 149.553 26.9849 181.18 149.261 
26.886 181.196 148.893 26.6976 181.42 148.184 26.5912 181.401 147.801 
26.5858 181.403 147.758 26.4134 181.442 146.921 26.3154 181.755 146.176 
26.2864 181.774 146.07 26.2864 181.774 146.07 26.281 181.771 146.049 
26.281 181.771 146.049 26.275 181.732 145.77 26.2103 181.667 145.534 
26.21 181.667 145.534 26.022 181.577 144.543 26.0287 181.633 144.172 
26.0294 181.695 144.016 26.0294 181.695 144.016 26.0642 181.81 143.028 
26.0353 181.831 142.76 26.0473 181.816 142.626 26.0739 181.869 142.295 
26.1248 181.892 141.985 26.1855 181.883 140.806 26.3484 181.882 140.284 
26.3582 181.926 139.693 26.264 181.884 139.373 26.2586 181.877 139.346 
26.2357 181.677 138.684 26.2342 181.674 138.664 25.7495 180.93 137.889 
25.2228 179.39 137.307 25.1921 179.34 137.313 25.1747 179.313 137.318 
25.0779 179.208 137.368 25.0759 179.206 137.369 24.3454 178.247 137.54 
24.3328 178.235 137.549 24.3328 178.235 137.549 24.0796 177.666 138.073 
23.893 177.506 138.616 23.7141 177.308 139.087 23.7031 177.291 139.112 
23.6943 177.271 139.149 23.6776 177.2 139.294 23.6257 177.038 139.854 
23.6623 176.867 140.489 23.6606 176.849 140.669 23.6685 176.816 140.989 
23.6184 176.553 141.762 23.6503 176.491 142.156 23.6477 176.49 142.189 
23.6482 176.382 142.753 23.6503 176.329 142.94 23.6503 176.328 142.943 
23.7348 176.398 143.988 23.7331 176.356 144.165 23.7559 176.309 144.59 
23.8121 176.331 144.948 23.8081 176.308 145.139 23.8828 176.269 145.741 
24.0216 176.252 146.131 24.075 176.28 146.297 24.1338 176.288 146.466 
24.164 176.292 146.537 24.196 176.292 146.627 24.2056 176.294 146.653 
24.2636 176.278 146.846 24.2661 176.276 146.854 24.2852 176.263 146.96 
24.431 176.242 147.744 24.4394 176.248 147.782 24.4977 176.256 148.1 
24.4985 176.256 148.107 24.5166 176.22 148.244 24.5373 176.207 148.316 
24.5501 176.203 148.366 24.5788 176.192 148.446 24.6363 176.18 148.63 
24.638 176.179 148.635 24.7056 176.132 148.922 24.7062 176.131 148.925 
24.7209 176.128 148.988 24.7511 176.112 149.079 24.752 176.111 149.082 
24.8006 176.081 149.309 24.9266 175.995 149.732 25.0209 176.051 150.015 
25.0583 176.062 150.177 25.1314 176.071 150.376 25.2809 176.148 150.693 
25.4303 176.163 151.434 25.4739 176.317 151.765 25.6275 176.433 152.302 
25.6347 176.433 152.321 25.7052 176.435 152.606 25.8279 176.395 153.559 
26.1127 176.604 154.517 26.1741 176.592 154.818 26.1871 176.584 154.855 
26.2536 176.572 155.057 26.4033 176.632 155.785 26.4261 176.651 155.963 
26.4459 176.694 156.162 26.4515 176.786 156.687 26.5271 176.799 157.06 
26.547 176.839 157.279 26.571 176.887 157.498 26.7207 177.111 158.525 
26.7887 177.119 158.84 27.0403 177.217 159.33 27.2159 177.331 159.746 
27.6688 177.555 160.52 27.6858 177.561 160.556 27.9724 177.633 160.857 
28.436 177.828 161.457 28.7484 177.851 161.804 28.8389 177.873 161.897 
29.0074 177.872 162.082 29.1634 177.886 162.219 29.6324 177.886 162.657 
29.7073 177.866 162.702 30.5371 177.648 163.358 30.5846 177.641 163.373 
30.5846 177.641 163.373 30.8363 177.601 163.511 31.3129 177.466 163.713 
31.535 177.378 163.803 31.6299 177.352 163.844 31.8646 177.264 163.94 
32.536 177.119 164.268 32.6045 177.096 164.319 32.7072 177.051 164.366 
33.0453 176.946 164.531 33.3672 176.888 164.654 34.4313 176.402 165.284 
34.5942 176.382 165.4 34.9662 176.263 165.677 34.9956 176.26 165.701 
35.076 176.247 165.778 35.2877 176.199 165.977 35.5075 176.176 166.227 
35.5257 176.17 166.254 35.7791 176.139 166.637 35.7852 176.137 166.645 
35.8675 176.121 166.732 36.2345 176.073 167.237 36.3034 176.072 167.299 
36.3265 176.073 167.328 36.4727 176.045 167.504 36.6291 176.014 167.75 
36.7117 176.017 167.865 36.9389 176.059 168.206 37.0812 176.057 168.589 
37.1169 176.056 168.662 37.1176 176.056 168.663 37.1479 176.062 168.721 
37.3034 176.138 168.993 37.3944 176.219 169.218 37.5111 176.405 169.538 
37.5792 176.494 169.77 37.6152 176.558 169.872 37.6157 176.559 169.874 
37.6634 176.642 170.004 37.6799 176.695 170.083 37.6929 176.773 170.192 
37.7103 177.006 170.424 37.7031 177.052 170.47 37.6826 177.21 170.609 
37.6655 177.313 170.673 37.63 177.408 170.773 37.6142 177.62 171.093 
37.5902 177.668 171.171 37.4466 178.02 171.497 37.421 178.071 171.567 
37.2279 178.418 171.925 37.0847 178.707 172.336 36.9864 178.846 172.439 
36.9853 178.847 172.44 36.838 179.021 172.543 36.7965 179.064 172.562 
36.6973 179.156 172.581 36.6965 179.156 172.581 36.24 179.666 172.823 
36.1252 179.75 172.872 35.8175 180.026 173.01 35.7952 180.041 173.026 
35.404 180.25 173.134 35.4024 180.251 173.134 34.9908 180.506 173.18 
34.9535 180.531 173.196 34.5477 180.78 173.433 34.4204 180.848 173.479 
34.3628 180.874 173.499 33.889 181.288 173.732 33.8065 181.355 173.772 
33.6407 181.416 173.837 33.5249 181.487 173.886 33.015 181.804 174.021 
32.8823 181.851 174.031 32.8092 181.898 174.029 32.0906 182.31 174.108 
32.0592 182.324 174.112 32.0322 182.343 174.11 31.8747 182.413 174.1 
31.5258 182.674 174.129 31.2672 182.821 174.158 30.9689 182.99 174.125 
30.2477 183.184 174.116 30.0487 183.307 174.097 29.821 183.437 174.048 
28.9948 183.842 174.004 28.7749 183.997 174 28.7542 184.013 173.996 
28.3678 184.205 173.937 28.088 184.309 173.925 27.714 184.515 173.921 
27.454 184.73 173.929 26.737 185.097 173.976 26.6268 185.16 173.969 
26.6056 185.17 173.965 26.1075 185.463 173.872 25.8515 185.663 173.892 
25.5859 185.818 173.911 25.1974 186.119 173.971 25.09 186.194 173.98 
25.0564 186.217 173.983 25.0311 186.232 173.983 24.598 186.509 174.046 
24.0824 186.791 174.161 23.3988 187.447 174.287 23.3542 187.492 174.307 
23.286 187.551 174.331 23.2695 187.567 174.335 23.1753 187.645 174.348 
22.8791 187.866 174.354 22.7394 187.987 174.396 22.0301 188.67 174.814 
21.8427 188.888 174.831 21.8119 188.951 174.833 21.7321 189.051 174.842 
21.1088 189.65 174.955 20.5688 190.183 175.294 20.2689 190.382 175.451 
20.2261 190.436 175.458 19.9583 190.721 175.564 19.9539 190.725 175.566 
19.6755 191.028 175.714 19.6589 191.044 175.722 19.4416 191.257 175.887 
19.2646 191.431 176.002 19.1505 191.505 176.081 18.6075 191.931 176.599 
18.5513 191.966 176.662 18.2621 192.135 176.901 17.9398 192.327 177.298 
17.3051 192.868 178.013 17.1726 193.027 178.254 17.0095 193.126 178.449 
16.4664 193.592 179.368 16.4622 193.598 179.386 16.3562 193.708 179.666 
16.2241 193.931 180.121 16.0473 194.181 180.584 15.8015 194.252 181.199 
15.7894 194.265 181.236 15.7527 194.338 181.403 15.6355 194.426 182.023 
15.533 194.548 182.551 15.5232 194.572 182.815 15.4631 194.624 183.021 
15.3883 194.672 183.261 15.2484 194.629 184.132 15.2132 194.608 184.567 
15.2141 194.608 184.572 15.063 194.583 185.639 15.0577 194.578 185.665 
14.858 194.556 186.176 14.8038 194.575 186.366 14.6123 194.619 186.745 
14.5146 194.705 187.031 14.1229 194.887 187.583 13.9691 195.159 187.956 
13.8608 195.356 188.133 13.6872 195.96 188.531 13.5138 196.531 188.737 
13.5449 196.94 188.833 13.4422 197.846 188.809 13.4298 198.414 188.589 
13.5166 198.837 188.426 13.5574 199.101 188.222 13.5665 199.119 188.201 
13.6157 199.209 188.107 13.7568 199.373 187.895 13.851 199.505 187.719 
13.8554 199.513 187.708 13.8862 199.587 187.608 13.9232 199.701 187.42 
14.0759 200.011 186.858 14.1003 200.057 186.777 14.2388 200.144 186.598 
14.6168 200.434 186.067 14.7028 200.524 185.95 14.7202 200.544 185.922 
14.9102 200.797 185.748 14.9909 200.905 185.665 15.1731 201.094 185.424 
15.6508 201.516 185.109 15.6574 201.523 185.104 16.0266 201.849 184.926 
16.2782 202.142 184.786 16.2833 202.15 184.784 16.3436 202.213 184.777 
16.3641 202.236 184.777 16.402 202.281 184.774 17.1601 202.977 184.675 
17.1917 203.13 184.684 17.3973 203.756 184.783 17.5055 203.973 184.89 
17.6171 204.206 185.093 17.7391 204.377 185.267 17.8755 205.23 186.082 
17.9164 205.353 186.246 17.8527 205.556 186.707 17.844 205.561 186.729 
17.8117 205.599 186.84 17.7526 205.623 187.119 17.7499 205.622 187.131 
17.676 205.616 187.513 17.6718 205.617 187.532 17.5726 205.564 188.127 
17.487 205.573 188.354 17.0229 205.26 189.424 16.5413 205.103 190.053 
16.4729 205.069 190.202 16.0412 204.758 190.911 16.0078 204.716 190.988 
15.8865 204.62 191.192 15.6863 204.318 191.84 15.6413 204.186 191.989 
15.4436 203.537 192.71 15.4007 203.312 192.88 15.3179 203.016 193.217 
15.3071 202.8 193.386 15.3135 202.548 193.621 15.3143 202.479 193.668 
15.3919 201.897 194.159 15.3953 201.809 194.224 15.3983 201.786 194.245 
15.462 201.563 194.445 15.6191 201.116 194.736 15.7708 200.727 194.976 
15.7891 200.653 195.021 15.7891 200.653 195.021 15.9997 200.334 195.194 
16.1244 200.124 195.328 16.3906 199.775 195.517 16.3971 199.768 195.52 
16.5448 199.529 195.656 16.6834 199.3 195.736 16.8225 199.052 195.842 
16.8824 198.972 195.872 16.9313 198.912 195.888 16.9329 198.91 195.889 
17.1572 198.6 195.925 17.17 198.584 195.925 17.5229 198.122 195.989 
17.5296 198.111 195.989 18.3 197.256 195.885 18.524 197.11 195.852 
19.327 196.52 195.977 19.5675 196.385 195.936 19.9944 196.078 195.886 
20.2486 195.975 195.885 20.2496 195.975 195.885 20.6135 195.798 195.901 
20.6317 195.788 195.902 21.0375 195.538 195.828 21.1026 195.488 195.842 
22.2515 195.042 195.925 22.6001 194.956 196.07 22.6312 194.948 196.078 
23.1601 194.774 196.26 23.3701 194.746 196.334 24.2354 194.614 196.661 
24.2935 194.631 196.698 24.6248 194.599 197.016 24.7004 194.63 197.149 
24.7004 194.63 197.149 24.7292 194.642 197.199 24.8229 194.659 197.409 
24.8401 194.659 197.44 24.9185 194.659 197.649 24.9832 194.637 197.833 
25.0188 194.645 198 25.043 194.638 198.391 25.0431 194.638 198.394 
25.114 194.618 198.673 25.1152 194.617 198.678 25.124 194.612 198.724 
25.1244 194.611 198.726 25.1288 194.609 198.743 25.1787 194.593 199.014 
25.187 194.594 199.308 25.187 194.594 199.308 25.1935 194.594 199.537 
25.2002 194.603 199.759 25.1988 194.604 199.767 25.111 194.654 200.061 
25.1092 194.656 200.067 24.9868 194.8 200.835 24.9744 194.804 200.897 
24.9285 194.827 200.994 24.8833 194.844 201.104 24.5812 194.987 201.547 
24.563 194.995 201.58 24.1748 195.213 202.029 24.1381 195.232 202.063 
24.1272 195.237 202.073 24.0967 195.255 202.104 23.9634 195.309 202.252 
23.9014 195.346 202.344 23.7135 195.452 202.547 23.5822 195.531 202.66 
23.5408 195.548 202.695 23.4876 195.574 202.731 23.2682 195.683 202.861 
22.6766 195.929 203.106 22.6188 195.949 203.121 22.4476 196.009 203.146 
22.324 196.051 203.178 21.7864 196.267 203.241 21.5062 196.37 203.302 
20.9328 196.609 203.379 20.8618 196.655 203.382 20.428 196.833 203.415 
20.0974 197.034 203.488 19.6921 197.299 203.633 19.5122 197.386 203.657 
19.3775 197.415 203.652 19.0194 197.561 203.732 18.6202 197.729 203.701 
18.5144 197.768 203.694 18.2756 197.846 203.631 18.165 197.881 203.655 
17.7133 198.088 203.698 17.2932 198.329 203.631 16.9832 198.583 203.68 
16.8211 198.644 203.729 16.7341 198.69 203.75 16.2671 198.941 203.619 
16.0728 199.072 203.65 15.8141 199.241 203.634 15.6939 199.347 203.682 
15.6691 199.358 203.687 15.1309 199.661 203.662 15.0377 199.721 203.625 
14.9326 199.781 203.624 14.4337 200.167 203.509 13.9411 200.488 203.363 
13.1446 201.267 203.188 12.8759 201.532 203.142 12.7859 201.693 203.145 
12.6714 201.8 203.134 12.4626 201.918 203.091 11.9772 202.19 203.173 
11.7921 202.314 203.178 11.7796 202.326 203.179 11.3196 202.569 203.155 
11.2319 202.619 203.186 11.2263 202.624 203.189 11.0602 202.751 203.28 
11.0491 202.758 203.286 10.4743 203.184 203.429 10.3274 203.266 203.489 
10.2235 203.32 203.522 10.2048 203.33 203.526 10.1733 203.346 203.547 
9.8986 203.54 203.923 9.87386 203.564 203.973 9.87386 203.564 203.973 
9.83854 203.585 204.03 9.71983 203.635 204.275 9.69933 203.666 204.385 
9.67921 203.682 204.514 9.65396 203.696 204.886 9.65619 203.7 204.917 
9.68339 203.711 205.344 9.7076 203.696 205.452 9.7423 203.684 205.716 
9.90602 203.624 206.069 9.99849 203.609 206.237 10.0694 203.62 206.357 
10.0853 203.619 206.376 10.1229 203.619 206.424 10.1936 203.626 206.495 
10.1936 203.626 206.495 10.4065 203.672 206.718 10.679 203.725 206.989 
11.2326 204.072 207.299 11.4231 204.069 207.467 11.4401 204.073 207.487 
11.523 204.077 207.559 11.9953 204.231 207.85 12.3122 204.344 208.033 
12.8389 204.482 208.396 13.1291 204.751 208.514 13.2612 204.851 208.524 
13.3441 204.919 208.567 13.7721 205.126 208.858 13.8541 205.201 208.889 
13.943 205.288 208.91 14.0081 205.338 208.928 14.1381 205.451 208.986 
14.1877 205.494 209.031 14.2102 205.514 209.046 14.4397 205.731 209.262 
14.4563 205.742 209.274 14.7083 205.89 209.388 14.7151 205.895 209.394 
14.7151 205.895 209.394 15.0821 206.379 209.854 15.0856 206.388 209.861 
15.1287 206.512 209.901 15.1377 206.539 209.905 15.1966 206.641 209.964 
15.2394 206.688 209.992 15.8158 207.133 210.226 15.8884 207.247 210.252 
16.0765 207.562 210.522 16.3755 208.013 210.636 16.4745 208.302 210.849 
16.5934 208.59 211.001 16.6864 209.224 211.218 16.6982 209.318 211.237 
16.6986 209.322 211.238 16.6978 209.647 211.429 16.7279 210.23 211.469 
16.7389 210.783 211.833 16.8633 211.239 211.908 16.9026 211.673 212.122 
16.8658 211.965 212.204 16.8425 212.163 212.259 16.8397 212.211 212.264 
16.8501 212.34 212.276 16.8639 212.425 212.324 16.8836 212.643 212.419 
16.8817 212.94 212.603 16.8739 213.069 212.609 16.8739 213.069 212.609 
16.7562 213.504 212.722 16.6694 213.865 212.8 16.6421 213.961 212.864 
16.4488 214.355 212.956 16.3955 214.448 212.969 15.8497 215.188 213.36 
15.6939 215.664 213.393 15.6811 215.71 213.399 15.5838 216.514 213.728 
15.572 216.548 213.765 15.2533 217.245 214.38 15.2695 217.274 214.407 
15.1306 218.091 214.634 14.9195 218.595 214.582 14.8928 218.798 214.697 
14.8981 218.893 214.739 14.8973 218.898 214.741 14.8824 218.987 214.776 
14.8189 219.421 214.897 14.7969 219.524 214.9 14.6704 219.832 214.95 
14.5624 220.154 215.001 14.5671 220.342 215.103 14.5609 220.373 215.112 
14.4557 220.725 215.206 14.449 220.748 215.212 14.4279 220.827 215.242 
14.4276 220.878 215.256 14.406 221.189 215.284 14.4008 221.202 215.285 
14.3244 221.639 215.376 14.2705 221.856 215.346 14.2707 221.87 215.348 
14.2583 221.922 215.359 14.1048 222.19 215.453 14.0751 222.268 215.479 
13.988 222.71 215.609 13.8554 223.223 215.649 13.822 223.538 215.67 
13.6816 224.293 215.861 13.6823 224.38 215.933 13.6512 224.598 215.995 
13.6463 224.632 216.005 13.4669 225.547 216.138 13.4411 225.787 216.155 
13.3924 226.043 216.144 13.3811 226.588 216.298 13.381 226.592 216.299 
13.3782 226.619 216.319 13.3782 226.619 216.319 13.5177 227.431 216.645 
13.5126 227.46 216.685 13.5124 227.461 216.686 13.489 228.56 217.125 
13.4661 228.721 217.203 13.7983 229.454 217.928 13.8345 229.502 218.063 
14.0015 229.861 218.363 14.0579 229.956 218.458 14.0838 229.973 218.475 
14.4631 230.154 218.857 15.1432 230.146 219.243 15.296 230.064 219.365 
15.3053 230.058 219.375 15.5098 230.029 219.603 15.8189 229.914 220.054 
15.8232 229.914 220.059 15.8232 229.914 220.059 16.0952 229.837 220.37 
16.1706 229.827 220.453 16.421 229.753 220.802 16.7533 229.502 221.312 
16.8084 229.477 221.379 16.9249 229.43 221.574 16.9508 229.408 221.608 
17.1326 229.306 221.881 17.1753 229.265 221.984 17.3369 229.155 222.215 
17.4477 229.096 222.319 17.5544 229.014 222.47 17.6315 228.937 222.621 
17.656 228.897 222.677 17.7887 228.761 223.029 17.9104 228.607 223.318 
18.0337 228.526 223.444 18.0679 228.48 223.518 18.0886 228.443 223.566 
18.1445 228.359 223.668 18.2061 228.274 223.83 18.239 228.216 223.913 
18.2795 228.087 224.09 18.2944 228.025 224.148 18.3218 227.908 224.31 
18.3274 227.737 224.514 18.3346 227.581 224.744 18.3345 227.21 225.359 
18.3455 227.192 225.423 18.4342 226.963 225.598 18.4886 226.843 225.745 
18.5153 226.774 225.811 18.5451 226.649 225.908 18.5489 226.501 225.984 
18.5622 226.071 226.183 18.6067 225.747 226.411 18.632 225.548 226.551 
18.5915 225.115 226.707 18.5807 225.07 226.715 18.5654 224.729 226.874 
18.5437 224.565 226.884 18.554 224.425 226.909 18.5118 223.906 227.138 
18.5032 223.877 227.16 18.416 223.402 227.187 18.4149 223.396 227.188 
18.3507 223.117 227.179 18.3501 223.088 227.175 18.3775 222.444 227.288 
18.3799 222.387 227.289 18.38 222.376 227.291 18.4057 222.133 227.323 
18.4097 221.766 227.314 18.3846 221.683 227.284 18.3362 221.59 227.252 
18.3398 221.226 227.341 18.3317 220.407 227.431 18.2967 220.164 227.314 
18.2662 219.96 227.34 18.1747 219.636 227.408 18.1036 219.347 227.382 
17.8645 218.519 227.356 17.8582 218.504 227.366 17.8582 218.504 227.366 
17.8373 218.462 227.375 17.8366 218.461 227.375 17.8203 218.421 227.382 
17.8203 218.421 227.382 17.6543 217.615 227.375 17.6482 217.533 227.382 
17.4537 216.877 227.598 17.4072 216.765 227.601 17.2882 216.575 227.666 
17.1532 216.339 227.705 16.9911 215.977 227.881 16.9227 215.48 227.973 
16.8315 215.315 227.982 16.7123 214.757 228.126 16.7058 214.705 228.131 
16.7057 214.703 228.131 16.6036 214.236 228.094 16.4484 213.698 228.084 
16.4484 213.698 228.084 16.4281 213.597 228.102 16.412 213.562 228.105 
16.412 213.562 228.105 16.2936 213.143 228.17 16.2927 213.14 228.17 
16.2658 213.073 228.153 16.2506 212.991 228.137 16.2145 212.535 228.156 
16.1575 212.053 228.326 15.3781 211.311 228.573 15.381 211.288 228.567 
15.233 210.615 228.312 15.2578 210.567 228.295 15.3968 209.856 228.484 
15.4565 209.494 228.652 15.4229 208.818 228.972 15.4532 208.719 229.19 
15.4479 208.364 229.39 15.4719 208.205 229.499 15.772 207.738 230.01 
15.772 207.738 230.01 15.8945 207.548 230.219 16.0317 207.501 230.396 
16.1495 207.351 230.472 16.2299 207.178 230.497 16.3448 207.069 230.522 
16.4902 206.943 230.692 16.4902 206.943 230.692 16.511 206.925 230.716 
16.8161 206.67 230.932 17.0652 206.515 231.125 17.128 206.5 231.202 
17.1357 206.497 231.213 17.4965 206.192 231.652 17.5122 206.183 231.678 
17.5272 206.176 231.69 17.5659 206.14 231.724 17.5955 206.12 231.757 
17.8347 206.053 231.96 17.8528 206.047 231.956 18.104 206.055 232.019 
18.1247 206.056 232.024 18.1282 206.055 232.024 18.5889 206.177 231.957 
-53.3182 99.244 -7.5987 -51.9046 105.828 -4.50499 -51.4202 106.312 -4.12445 
-51.2867 106.544 -3.97217 -51.1848 106.706 -3.86445 -50.2745 108.184 -2.83509 
-49.8391 108.718 -2.4433 -49.0008 110.111 -1.56099 -48.8877 110.343 -1.40359 
-48.1262 111.311 -0.812587 -46.953 112.685 0.0165259 -45.3248 115.547 1.21188 
-44.5527 116.517 1.70514 -44.5475 116.522 1.70844 -43.1287 119.294 2.7711 
-40.5043 122.503 4.38764 -39.9417 123.148 4.91528 -39.6835 123.39 5.14759 
-37.7837 125.215 5.5887 -36.3717 126.29 6.03041 -35.4315 127.226 6.1324 
-34.5178 128.143 6.35663 -33.5139 129.126 6.71536 -33.4722 129.167 6.72727 
-30.5958 131.641 8.00763 -29.9772 132.176 7.99225 -28.8534 133.177 8.07144 
-28.0571 133.763 8.12566 -24.1604 136.353 8.83037 -23.6188 136.67 8.93022 
-23.4448 136.762 8.96557 -23.1768 136.925 9.00883 -22.4675 137.373 9.17033 
-22.0984 137.697 9.24593 -21.5719 138.181 9.21134 -19.7832 139.815 8.9538 
-19.7832 139.815 8.9538 -19.0915 140.447 8.85421 -18.7369 140.675 8.66544 
-16.5097 142.091 7.45014 -15.9877 142.503 7.14325 -15.3708 143.017 6.78354 
-14.6322 143.608 6.40118 -13.2945 144.596 5.70181 -10.9451 145.84 4.21725 
-10.9451 145.84 4.21725 -8.14436 147.323 2.44751 -5.83559 147.631 1.23636 
-2.12709 148.391 -1.19847 -0.943853 148.658 -2.41167 -0.943853 148.658 -2.41167 
-0.728333 148.707 -2.63265 -0.499975 148.743 -2.84398 0.106442 148.815 -3.30436 
2.53934 149.356 -4.27016 2.5913 149.371 -4.29769 6.69872 150.912 -5.72749 
7.77139 151.239 -6.50774 8.61785 151.803 -7.27674 8.63976 151.821 -7.29894 
9.02483 152.063 -7.64908 9.71078 152.234 -8.17078 9.71078 152.234 -8.17078 
12.7248 152.987 -10.4631 13.2525 153.119 -10.9039 13.8222 153.11 -11.2611 
16.1776 152.912 -12.6951 17.5047 152.562 -13.4304 19.3783 152.716 -13.2912 
19.3783 152.716 -13.2912 21.1295 152.86 -13.161 21.154 152.865 -13.1522 
21.154 152.865 -13.1522 22.7055 153.106 -12.5722 25.3628 153.305 -11.5103 
26.3775 153.378 -11.1298 27.1614 153.643 -10.5398 27.3732 153.627 -10.174 
27.5627 153.546 -9.86172 28.2252 153.512 -8.45162 28.3907 153.47 -8.02264 
28.8381 153.518 -6.78485 28.8723 153.516 -6.63384 28.8806 153.51 -6.59473 
28.8806 153.51 -6.59473 29.2362 153.244 -4.91285 29.4853 153.327 -3.55915 
29.599 153.297 -3.04304 29.6197 153.278 -2.85843 29.6525 153.243 -2.10526 
29.6861 153.169 -1.60438 29.6904 153.158 -1.55039 29.7058 153.122 -1.42588 
29.6718 152.865 -0.244122 29.5587 152.67 0.638197 29.368 152.358 1.71975 
29.3412 152.356 1.81128 28.6407 151.714 3.65695 28.4615 151.589 4.02141 
28.3296 151.48 4.38373 28.2914 151.397 4.48792 27.0409 149.766 6.56685 
26.8341 149.592 6.74503 26.4991 149.299 7.09774 25.8077 148.451 8.40204 
24.3902 147.227 9.78236 24.1814 147.162 10.0273 23.1686 146.195 11.4223 
23.1011 146.154 11.469 22.2126 145.445 12.3675 21.1045 144.186 13.1427 
20.8534 143.785 13.4879 20.5206 143.351 13.9131 19.9276 142.64 14.7267 
19.8122 142.446 14.9241 19.4142 142.134 15.2995 18.5402 141.295 16.4585 
17.8138 140.25 17.4237 17.4708 139.79 17.8626 16.8483 139.053 18.6947 
16.699 138.825 18.888 16.6886 138.816 18.9032 16.2551 138.453 19.6298 
15.6406 137.82 20.7871 15.6337 137.815 20.7964 15.1257 137.223 21.629 
15.111 137.204 21.6516 15.1104 137.204 21.6525 14.2425 135.958 23.434 
14.1842 135.842 23.6352 13.8951 135.442 24.2204 13.854 135.392 24.2817 
13.7577 135.184 24.5407 13.034 134.158 26.3654 12.8794 133.924 26.7905 
12.89 133.813 26.9828 12.7573 133.612 27.6779 12.5044 133.288 29.0425 
12.495 133.269 29.1098 12.4772 133.206 29.3084 12.464 133.166 29.4702 
12.1968 132.719 30.8046 12.1966 132.719 30.8059 12.0996 132.536 31.1437 
11.8706 132.295 31.7819 11.5576 132.262 32.5255 11.4537 132.27 32.6862 
11.4537 132.27 32.6862 10.6796 132.327 33.883 10.4338 132.495 34.5869 
10.3123 132.542 34.8053 10.0135 132.757 35.4119 10.0123 132.758 35.4143 
9.67563 132.845 36.0942 9.61333 132.888 36.2804 9.55328 132.935 36.4078 
9.42343 133.064 36.7658 9.36972 133.098 36.9093 9.2819 133.191 37.187 
9.12128 133.365 37.6481 9.12128 133.365 37.6481 9.08112 133.408 37.7634 
9.07275 133.428 37.8102 8.94713 133.728 38.3846 8.92417 133.811 38.572 
8.72315 134.5 39.9529 8.69128 134.566 40.0414 8.34933 134.984 40.8109 
8.28893 135.145 41.213 8.2797 135.238 41.393 8.23842 135.422 41.7078 
8.15218 136.198 42.5489 8.14223 137.009 43.8812 8.19918 137.365 44.3169 
8.1605 138.099 45.0165 8.17562 138.372 45.3958 8.18944 138.446 45.5286 
8.10015 139.731 46.8593 8.09352 139.776 46.891 8.05545 139.954 47.0185 
8.00119 140.236 47.3093 8.00918 140.5 47.595 7.95793 140.975 48.0956 
8.05772 141.668 48.5926 7.80944 142.65 49.4171 7.72159 142.843 49.5949 
7.65053 143.071 49.8161 7.5994 143.317 50.134 7.10171 144.268 51.2732 
7.10148 144.269 51.2741 7.10148 144.269 51.2741 6.94931 144.589 51.5017 
6.85722 144.809 51.6858 6.64327 145.282 52.0167 6.49539 145.683 52.3607 
6.49256 145.689 52.3652 6.19043 146.429 52.8935 6.19002 146.433 52.8966 
5.59455 147.394 53.8286 5.41424 147.566 54.0152 4.81957 148.611 54.9893 
4.47431 149.249 55.4652 4.1825 149.671 55.7466 3.54489 150.308 56.3931 
3.40696 150.421 56.5244 3.09147 150.797 56.9462 2.87835 150.977 57.1933 
1.92989 151.913 58.0648 1.74021 152.191 58.4312 1.70925 152.24 58.4994 
1.54242 152.478 58.7683 1.32474 153.029 59.4459 0.993791 153.562 60.0712 
0.880464 154.247 61.301 0.888985 154.369 61.485 0.899694 154.428 61.579 
1.3107 154.971 62.882 1.39204 155.015 63.0188 1.67277 155.147 63.459 
2.23883 155.42 64.1761 2.77661 155.506 64.6155 3.22161 155.616 65.0073 
3.88914 155.704 65.5396 4.2245 155.781 65.7357 5.69036 155.709 66.5028 
6.20653 155.73 66.8477 6.68828 155.697 67.1155 6.70828 155.701 67.1268 
7.49662 155.673 67.5909 8.36581 155.589 67.9857 8.7486 155.607 68.192 
8.77814 155.608 68.2018 9.02846 155.584 68.316 10.2893 155.657 68.906 
10.6688 155.584 69.1205 10.8054 155.57 69.1725 10.8112 155.57 69.1748 
11.9706 155.526 69.5944 12.126 155.548 69.696 13.4703 155.452 70.3854 
13.5737 155.438 70.4383 13.7528 155.44 70.5283 14.559 155.411 71.045 
14.7211 155.402 71.1724 15.2735 155.403 71.5209 15.2996 155.405 71.5416 
15.4599 155.387 71.6456 16.3803 155.334 72.3558 16.475 155.348 72.4071 
16.4774 155.349 72.4084 17.4315 155.377 73.0119 17.6959 155.408 73.2208 
18.167 155.492 73.5133 19.4429 155.422 74.6661 20.6513 155.365 75.5678 
20.7401 155.361 75.6725 21.3036 155.412 76.1495 21.6911 155.467 76.51 
21.8597 155.484 76.6624 22.3366 155.604 77.3184 22.4585 155.633 77.4484 
23.0809 155.686 78.3228 23.2013 155.724 78.4652 23.4212 155.818 78.7585 
23.8533 155.98 79.3029 23.9702 156.01 79.4274 23.996 156.015 79.4488 
24.2455 156.063 79.6383 24.498 156.131 79.9156 24.8552 156.255 80.3878 
24.8582 156.256 80.3918 25.2691 156.428 81.0024 25.8081 156.564 81.9528 
25.8476 156.583 82.0121 26.2785 156.878 82.6825 26.5325 157.158 83.2118 
26.6691 157.254 83.4728 26.6766 157.257 83.484 26.8004 157.315 83.6591 
27.0225 157.437 84.0327 27.3084 157.649 84.6274 27.5369 157.817 85.5345 
27.5598 157.825 85.5824 27.6059 157.859 85.6848 27.9164 158.095 86.215 
28.014 158.178 86.4131 28.157 158.286 86.7018 28.3072 158.421 87.1417 
28.5571 158.693 87.7638 28.7199 159.343 89.4099 28.6971 159.396 89.5379 
28.6845 159.449 89.6943 28.9281 159.859 90.8347 29.0694 160.009 91.1756 
29.1355 160.112 91.382 29.1762 160.214 91.5559 29.2781 160.419 92.0344 
29.3468 160.517 92.3848 29.4183 160.633 92.6577 29.5088 160.807 92.9929 
29.5334 160.985 93.3128 29.5913 161.241 93.9297 29.6811 161.382 94.2085 
29.8235 161.884 95.2562 29.8226 161.894 95.2733 29.8332 162.038 95.5323 
29.911 162.66 96.4228 29.9012 162.69 96.4856 29.9228 162.988 97.1538 
29.921 163.011 97.1978 29.9203 163.023 97.2235 29.9403 163.128 97.4346 
29.9403 163.128 97.4346 29.896 163.472 98.3527 29.8813 163.648 98.6345 
29.8959 163.72 98.761 29.8882 163.953 99.0437 29.9319 164.257 99.5808 
29.8891 164.836 100.398 29.9125 164.975 100.792 29.7046 165.744 102.239 
29.6933 165.761 102.267 29.5727 166.45 103.663 29.5924 166.494 103.758 
29.5203 167.125 104.78 29.5081 167.183 104.934 29.4854 167.461 105.521 
29.5577 167.581 105.8 29.5612 168.252 106.948 29.6238 168.471 107.693 
29.6792 168.594 108.291 29.6779 168.601 108.305 29.6309 168.931 109 
29.7573 169.608 110.554 29.7215 169.715 110.761 29.866 170.01 112.237 
29.8669 170.013 112.249 29.8669 170.013 112.249 29.8865 170.191 112.867 
30.0818 170.544 114.337 30.107 170.721 114.502 30.1451 170.848 114.672 
30.1451 170.848 114.672 30.215 171.082 114.982 30.216 171.087 114.986 
30.2196 171.259 115.133 30.2412 171.399 115.296 30.2479 171.538 115.464 
30.2897 171.812 115.806 30.2921 172.003 116.08 30.1917 172.303 116.446 
30.0262 172.683 116.816 30.0156 172.7 116.833 29.8764 173.077 117.066 
29.8638 173.102 117.079 29.8638 173.102 117.079 29.7194 173.365 117.216 
29.6096 173.533 117.356 29.4391 173.957 117.604 29.3986 174.066 117.695 
29.3986 174.066 117.695 29.3481 174.22 117.873 29.347 174.223 117.876 
29.1942 174.62 118.338 29.1936 174.621 118.34 29.1356 174.772 118.549 
29.0816 174.912 118.842 29.057 175.033 119.038 29.0006 175.184 119.189 
28.9465 175.428 119.436 28.8887 175.555 119.584 28.8582 175.681 119.74 
28.8399 175.72 119.794 28.8206 175.984 120.184 28.8005 176.274 120.477 
28.7572 176.431 120.684 28.7573 176.454 120.727 28.7677 176.605 121.004 
28.7197 177.269 121.523 28.6924 177.406 121.687 28.6852 177.534 121.819 
28.6755 177.787 122.156 28.648 178.089 122.632 28.648 178.091 122.635 
28.6426 178.151 122.709 28.6509 178.244 122.801 28.5365 178.754 123.357 
28.5263 178.842 123.491 28.5258 179.072 123.727 28.5123 179.239 123.937 
28.5473 179.597 124.596 28.5117 179.752 124.799 28.5071 180.083 125.196 
28.5254 180.182 125.257 28.5366 180.275 125.317 28.5353 180.355 125.38 
28.5422 180.417 125.453 28.5217 180.5 125.552 28.4624 181.219 126.233 
28.4872 181.368 126.411 28.5557 181.535 126.645 28.5595 181.542 126.658 
28.6532 181.98 127.066 28.7301 182.136 127.56 28.9071 182.463 128.217 
-53.3182 99.244 -7.5987 -51.9046 105.828 -4.50499 -51.4202 106.312 -4.12445 
-51.2867 106.544 -3.97217 -51.1848 106.706 -3.86445 -50.2745 108.184 -2.83509 
-49.8391 108.718 -2.4433 -49.0008 110.111 -1.56099 -48.8877 110.343 -1.40359 
-48.1262 111.311 -0.812587 -46.953 112.685 0.0165259 -45.3248 115.547 1.21188 
-44.5527 116.517 1.70514 -44.5475 116.522 1.70844 -43.1287 119.294 2.7711 
-40.5043 122.503 4.38764 -39.9417 123.148 4.91528 -39.6835 123.39 5.14759 
-37.7837 125.215 5.5887 -36.3717 126.29 6.03041 -35.4315 127.226 6.1324 
-34.5178 128.143 6.35663 -33.5139 129.126 6.71536 -33.4722 129.167 6.72727 
-30.5958 131.641 8.00763 -29.9772 132.176 7.99225 -28.8534 133.177 8.07144 
-28.0571 133.763 8.12566 -24.1604 136.353 8.83037 -23.6188 136.67 8.93022 
-23.4448 136.762 8.96557 -23.1768 136.925 9.00883 -22.4675 137.373 9.17033 
-22.0984 137.697 9.24593 -21.5719 138.181 9.21134 -19.7832 139.815 8.9538 
-19.7832 139.815 8.9538 -19.0915 140.447 8.85421 -18.7369 140.675 8.66544 
-16.5097 142.091 7.45014 -15.9877 142.503 7.14325 -15.3708 143.017 6.78354 
-14.6322 143.608 6.40118 -13.2945 144.596 5.70181 -10.9451 145.84 4.21725 
-10.9451 145.84 4.21725 -8.14436 147.323 2.44751 -5.83559 147.631 1.23636 
-2.12709 148.391 -1.19847 -0.943853 148.658 -2.41167 -0.943853 148.658 -2.41167 
-0.728333 148.707 -2.63265 -0.499975 148.743 -2.84398 0.106442 148.815 -3.30436 
2.53934 149.356 -4.27016 2.5913 149.371 -4.29769 6.69872 150.912 -5.72749 
7.77139 151.239 -6.50774 8.61785 151.803 -7.27674 8.63976 151.821 -7.29894 
9.02483 152.063 -7.64908 9.71078 152.234 -8.17078 9.71078 152.234 -8.17078 
12.7248 152.987 -10.4631 13.2525 153.119 -10.9039 13.8222 153.11 -11.2611 
16.1776 152.912 -12.6951 17.5047 152.562 -13.4304 19.3783 152.716 -13.2912 
19.3783 152.716 -13.2912 21.1295 152.86 -13.161 21.154 152.865 -13.1522 
21.154 152.865 -13.1522 22.7055 153.106 -12.5722 25.3628 153.305 -11.5103 
26.3775 153.378 -11.1298 27.1614 153.643 -10.5398 27.3732 153.627 -10.174 
27.5627 153.546 -9.86172 28.2252 153.512 -8.45162 28.3907 153.47 -8.02264 
28.8381 153.518 -6.78485 28.8723 153.516 -6.63384 28.8806 153.51 -6.59473 
28.8806 153.51 -6.59473 29.2362 153.244 -4.91285 29.4853 153.327 -3.55915 
29.599 153.297 -3.04304 29.6197 153.278 -2.85843 29.6525 153.243 -2.10526 
29.6861 153.169 -1.60438 29.6904 153.158 -1.55039 29.7058 153.122 -1.42588 
29.6718 152.865 -0.244122 29.5587 152.67 0.638197 29.368 152.358 1.71975 
29.3412 152.356 1.81128 28.6407 151.714 3.65695 28.4615 151.589 4.02141 
28.3296 151.48 4.38373 28.2914 151.397 4.48792 27.0409 149.766 6.56685 
26.8341 149.592 6.74503 26.4991 149.299 7.09774 25.8077 148.451 8.40204 
24.3902 147.227 9.78236 24.1814 147.162 10.0273 23.1686 146.195 11.4223 
23.1011 146.154 11.469 22.2126 145.445 12.3675 21.1045 144.186 13.1427 
20.8534 143.785 13.4879 20.5206 143.351 13.9131 19.9276 142.64 14.7267 
19.8122 142.446 14.9241 19.4142 142.134 15.2995 18.5402 141.295 16.4585 
17.8138 140.25 17.4237 17.4708 139.79 17.8626 16.8483 139.053 18.6947 
16.699 138.825 18.888 16.6886 138.816 18.9032 16.2551 138.453 19.6298 
15.6406 137.82 20.7871 15.6337 137.815 20.7964 15.1257 137.223 21.629 
15.111 137.204 21.6516 15.1104 137.204 21.6525 14.2425 135.958 23.434 
14.1842 135.842 23.6352 13.8951 135.442 24.2204 13.854 135.392 24.2817 
13.7577 135.184 24.5407 13.034 134.158 26.3654 12.8794 133.924 26.7905 
12.89 133.813 26.9828 12.7573 133.612 27.6779 12.5044 133.288 29.0425 
12.495 133.269 29.1098 12.4772 133.206 29.3084 12.464 133.166 29.4702 
12.1968 132.719 30.8046 12.1966 132.719 30.8059 12.0996 132.536 31.1437 
11.8706 132.295 31.7819 11.5576 132.262 32.5255 11.4537 132.27 32.6862 
11.4537 132.27 32.6862 10.6796 132.327 33.883 10.4338 132.495 34.5869 
10.3123 132.542 34.8053 10.0135 132.757 35.4119 10.0123 132.758 35.4143 
9.67563 132.845 36.0942 9.61333 132.888 36.2804 9.55328 132.935 36.4078 
9.42343 133.064 36.7658 9.36972 133.098 36.9093 9.2819 133.191 37.187 
9.12128 133.365 37.6481 9.12128 133.365 37.6481 9.08112 133.408 37.7634 
9.07275 133.428 37.8102 8.94713 133.728 38.3846 8.92417 133.811 38.572 
8.72315 134.5 39.9529 8.69128 134.566 40.0414 8.34933 134.984 40.8109 
8.28893 135.145 41.213 8.2797 135.238 41.393 8.23842 135.422 41.7078 
8.15218 136.198 42.5489 8.14223 137.009 43.8812 8.19918 137.365 44.3169 
8.1605 138.099 45.0165 8.17562 138.372 45.3958 8.18944 138.446 45.5286 
8.10015 139.731 46.8593 8.09352 139.776 46.891 8.05545 139.954 47.0185 
8.00119 140.236 47.3093 8.00918 140.5 47.595 7.95793 140.975 48.0956 
8.05772 141.668 48.5926 7.80944 142.65 49.4171 7.72159 142.843 49.5949 
7.65053 143.071 49.8161 7.5994 143.317 50.134 7.10171 144.268 51.2732 
7.10148 144.269 51.2741 7.10148 144.269 51.2741 6.94931 144.589 51.5017 
6.85722 144.809 51.6858 6.64327 145.282 52.0167 6.49539 145.683 52.3607 
6.49256 145.689 52.3652 6.19043 146.429 52.8935 6.19002 146.433 52.8966 
5.59455 147.394 53.8286 5.41424 147.566 54.0152 4.81957 148.611 54.9893 
4.47431 149.249 55.4652 4.1825 149.671 55.7466 3.54489 150.308 56.3931 
3.40696 150.421 56.5244 3.09147 150.797 56.9462 2.87835 150.977 57.1933 
1.92989 151.913 58.0648 1.74021 152.191 58.4312 1.70925 152.24 58.4994 
1.54242 152.478 58.7683 1.32474 153.029 59.4459 0.993791 153.562 60.0712 
0.880464 154.247 61.301 0.888985 154.369 61.485 0.899694 154.428 61.579 
1.3107 154.971 62.882 1.39204 155.015 63.0188 1.67277 155.147 63.459 
2.23883 155.42 64.1761 2.77661 155.506 64.6155 3.22161 155.616 65.0073 
3.88914 155.704 65.5396 4.2245 155.781 65.7357 5.69036 155.709 66.5028 
6.20653 155.73 66.8477 6.68828 155.697 67.1155 6.70828 155.701 67.1268 
7.49662 155.673 67.5909 8.36581 155.589 67.9857 8.7486 155.607 68.192 
8.77814 155.608 68.2018 9.02846 155.584 68.316 10.2893 155.657 68.906 
10.6688 155.584 69.1205 10.8054 155.57 69.1725 10.8112 155.57 69.1748 
11.9706 155.526 69.5944 12.126 155.548 69.696 13.4703 155.452 70.3854 
13.5737 155.438 70.4383 13.7528 155.44 70.5283 14.559 155.411 71.045 
14.7211 155.402 71.1724 15.2735 155.403 71.5209 15.2996 155.405 71.5416 
15.4599 155.387 71.6456 16.3803 155.334 72.3558 16.475 155.348 72.4071 
16.4774 155.349 72.4084 17.4315 155.377 73.0119 17.6959 155.408 73.2208 
18.167 155.492 73.5133 19.4429 155.422 74.6661 20.6513 155.365 75.5678 
20.7401 155.361 75.6725 21.3036 155.412 76.1495 21.6911 155.467 76.51 
21.8597 155.484 76.6624 22.3366 155.604 77.3184 22.4585 155.633 77.4484 
23.0809 155.686 78.3228 23.2013 155.724 78.4652 23.4212 155.818 78.7585 
23.8533 155.98 79.3029 23.9702 156.01 79.4274 23.996 156.015 79.4488 
24.2455 156.063 79.6383 24.498 156.131 79.9156 24.8552 156.255 80.3878 
24.8582 156.256 80.3918 25.2691 156.428 81.0024 25.8081 156.564 81.9528 
25.8476 156.583 82.0121 26.2785 156.878 82.6825 26.5325 157.158 83.2118 
26.6691 157.254 83.4728 26.6766 157.257 83.484 26.8004 157.315 83.6591 
27.0225 157.437 84.0327 27.3084 157.649 84.6274 27.5369 157.817 85.5345 
27.5598 157.825 85.5824 27.6059 157.859 85.6848 27.9164 158.095 86.215 
28.014 158.178 86.4131 28.157 158.286 86.7018 28.3072 158.421 87.1417 
28.5571 158.693 87.7638 28.7199 159.343 89.4099 28.6971 159.396 89.5379 
28.6845 159.449 89.6943 28.9281 159.859 90.8347 29.0694 160.009 91.1756 
29.1355 160.112 91.382 29.1762 160.214 91.5559 29.2781 160.419 92.0344 
29.3468 160.517 92.3848 29.4183 160.633 92.6577 29.5088 160.807 92.9929 
29.5334 160.985 93.3128 29.5913 161.241 93.9297 29.6811 161.382 94.2085 
29.8235 161.884 95.2562 29.8226 161.894 95.2733 29.8332 162.038 95.5323 
29.911 162.66 96.4228 29.9012 162.69 96.4856 29.9228 162.988 97.1538 
29.921 163.011 97.1978 29.9203 163.023 97.2235 29.9403 163.128 97.4346 
29.9403 163.128 97.4346 29.896 163.472 98.3527 29.8813 163.648 98.6345 
29.8959 163.72 98.761 29.8882 163.953 99.0437 29.9319 164.257 99.5808 
29.8891 164.836 100.398 29.9125 164.975 100.792 29.7046 165.744 102.239 
29.6933 165.761 102.267 29.5727 166.45 103.663 29.5924 166.494 103.758 
29.5203 167.125 104.78 29.5081 167.183 104.934 29.4854 167.461 105.521 
29.5577 167.581 105.8 29.5612 168.252 106.948 29.6238 168.471 107.693 
29.6792 168.594 108.291 29.6779 168.601 108.305 29.6309 168.931 109 
29.7573 169.608 110.554 29.7215 169.715 110.761 29.866 170.01 112.237 
29.8669 170.013 112.249 29.8669 170.013 112.249 30.3623 170.247 113.99 
30.4112 170.224 114.19 30.536 170.19 114.602 30.5439 170.185 114.629 
30.5901 170.173 114.772 30.6002 170.177 114.81 30.6002 170.177 114.81 
30.6666 170.205 115.061 31.1955 170.138 116.124 31.6534 170.002 116.791 
31.86 169.952 117.033 32.0279 169.851 117.265 32.0279 169.851 117.265 
32.1448 169.786 117.518 32.519 169.479 118.398 32.5224 169.476 118.405 
32.6536 169.354 118.657 32.6536 169.354 118.657 32.7585 169.256 118.858 
33.0211 169.095 119.473 33.1369 168.999 119.778 33.4591 168.727 120.462 
33.5457 168.678 120.697 33.8328 168.405 121.902 33.8505 168.391 122.022 
33.8505 168.391 122.022 33.8958 168.31 122.288 34.0092 168.178 123.602 
33.9948 168.175 124.21 33.881 168.271 124.921 33.8545 168.351 125.733 
33.9025 168.444 126.651 33.904 168.472 126.74 33.8868 168.504 127.159 
33.7674 168.693 128.281 33.767 168.966 129.033 33.7626 169.116 130.08 
33.7547 169.23 130.388 33.7438 169.33 130.577 33.718 169.419 130.787 
33.7066 169.437 130.839 33.7062 169.438 130.841 33.6047 169.551 131.345 
33.5851 169.621 131.625 33.5761 169.651 131.713 33.5404 169.764 131.905 
33.3502 170.09 132.675 33.314 170.346 133.572 33.3226 170.449 133.85 
33.3226 170.45 133.852 33.2502 170.569 134.414 33.2477 170.586 134.538 
33.2381 170.582 134.623 33.2127 170.626 135.577 33.1876 170.706 135.774 
33.1586 170.915 136.402 33.1114 171.277 137.023 33.0732 171.562 137.875 
33.0705 171.613 137.982 33.1365 171.746 138.325 33.1205 171.808 138.537 
33.0673 171.882 138.913 33.0471 172.104 139.45 32.9684 172.368 140.396 
32.9524 172.388 140.609 32.9305 172.676 141.496 32.9317 172.68 141.517 
32.9132 172.73 141.715 32.894 172.815 141.929 32.8943 172.926 142.162 
32.8694 173.056 142.552 32.8702 173.134 142.745 32.8701 173.161 142.8 
32.8704 173.162 142.803 32.8799 173.217 142.924 32.9646 173.475 144.077 
32.965 173.479 144.089 32.9141 173.736 144.836 33.0113 173.968 145.514 
33.0392 173.968 145.782 33.0894 173.943 146.094 33.0681 173.978 146.345 
33.1359 173.877 146.982 33.2442 173.807 147.724 33.3681 173.895 148.308 
33.418 173.933 148.566 33.4241 173.934 148.603 33.4241 173.934 148.603 
33.4907 173.952 148.852 33.5176 173.98 149.077 33.5404 174.007 149.184 
33.6173 174.18 149.713 33.6081 174.196 149.796 33.5783 174.246 150.096 
33.5812 174.255 150.172 33.5512 174.428 151.132 33.5437 174.437 151.154 
33.5437 174.437 151.154 33.5366 174.663 152.012 33.5102 174.765 152.2 
33.4859 174.9 152.406 33.362 175.32 153.107 33.3573 175.349 153.137 
33.3573 175.349 153.137 33.2082 175.708 153.358 32.9579 176.123 153.582 
32.8448 176.32 153.644 32.8137 176.389 153.657 32.7048 176.557 153.693 
32.467 176.956 153.74 32.4361 176.996 153.74 32.2313 177.212 153.742 
32.1549 177.308 153.745 31.8352 177.628 153.714 31.6045 177.877 153.712 
31.3386 178.142 153.7 30.9628 178.404 153.538 30.607 178.838 153.393 
30.4167 178.989 153.29 30.0528 179.284 153.19 29.6563 179.519 152.918 
29.6412 179.532 152.904 29.5015 179.644 152.805 29.3415 179.847 152.661 
29.0468 180.05 152.482 29.0456 180.051 152.481 28.657 180.333 152.065 
28.6159 180.363 151.984 28.5702 180.395 151.906 28.5702 180.395 151.906 
28.5435 180.416 151.869 28.2817 180.605 151.512 28.1206 180.699 151.287 
27.9259 180.814 151.039 27.6209 180.871 150.585 27.3073 180.994 150.135 
27.1065 181.121 149.553 26.9849 181.18 149.261 26.886 181.196 148.893 
26.6976 181.42 148.184 26.5912 181.401 147.801 26.5858 181.403 147.758 
26.4134 181.442 146.921 26.3154 181.755 146.176 26.2864 181.774 146.07 
26.2864 181.774 146.07 26.281 181.771 146.049 26.281 181.771 146.049 
26.275 181.732 145.77 26.2103 181.667 145.534 26.21 181.667 145.534 
26.022 181.577 144.543 26.0287 181.633 144.172 26.0294 181.695 144.016 
26.0294 181.695 144.016 26.0642 181.81 143.028 26.0353 181.831 142.76 
26.0473 181.816 142.626 26.0739 181.869 142.295 26.1248 181.892 141.985 
26.1855 181.883 140.806 26.3484 181.882 140.284 26.3582 181.926 139.693 
26.264 181.884 139.373 26.2586 181.877 139.346 26.2357 181.677 138.684 
26.2342 181.674 138.664 25.7495 180.93 137.889 25.2228 179.39 137.307 
25.1921 179.34 137.313 25.1747 179.313 137.318 25.0779 179.208 137.368 
25.0759 179.206 137.369 24.3454 178.247 137.54 24.3328 178.235 137.549 
24.3328 178.235 137.549 24.0796 177.666 138.073 23.893 177.506 138.616 
23.7141 177.308 139.087 23.7031 177.291 139.112 23.6943 177.271 139.149 
23.6776 177.2 139.294 23.6257 177.038 139.854 23.6623 176.867 140.489 
23.6606 176.849 140.669 23.6685 176.816 140.989 23.6184 176.553 141.762 
23.6503 176.491 142.156 23.6477 176.49 142.189 23.6482 176.382 142.753 
23.6503 176.329 142.94 23.6503 176.328 142.943 23.7348 176.398 143.988 
23.7331 176.356 144.165 23.7559 176.309 144.59 23.8121 176.331 144.948 
23.8081 176.308 145.139 23.8828 176.269 145.741 24.0216 176.252 146.131 
24.075 176.28 146.297 24.1338 176.288 146.466 24.164 176.292 146.537 
24.196 176.292 146.627 24.2056 176.294 146.653 24.2636 176.278 146.846 
24.2661 176.276 146.854 24.2852 176.263 146.96 24.431 176.242 147.744 
24.4394 176.248 147.782 24.4977 176.256 148.1 24.4985 176.256 148.107 
24.5166 176.22 148.244 24.5373 176.207 148.316 24.5501 176.203 148.366 
24.5788 176.192 148.446 24.6363 176.18 148.63 24.638 176.179 148.635 
24.7056 176.132 148.922 24.7062 176.131 148.925 24.7209 176.128 148.988 
24.7511 176.112 149.079 24.752 176.111 149.082 24.8006 176.081 149.309 
24.9266 175.995 149.732 25.0209 176.051 150.015 25.0583 176.062 150.177 
25.1314 176.071 150.376 25.2809 176.148 150.693 25.4303 176.163 151.434 
25.4739 176.317 151.765 25.6275 176.433 152.302 25.6347 176.433 152.321 
25.7052 176.435 152.606 25.8279 176.395 153.559 26.1127 176.604 154.517 
26.1741 176.592 154.818 26.1871 176.584 154.855 26.2536 176.572 155.057 
26.4033 176.632 155.785 26.4261 176.651 155.963 26.4459 176.694 156.162 
26.4515 176.786 156.687 26.5271 176.799 157.06 26.547 176.839 157.279 
26.571 176.887 157.498 26.7207 177.111 158.525 26.7887 177.119 158.84 
27.0403 177.217 159.33 27.2159 177.331 159.746 27.6688 177.555 160.52 
27.6858 177.561 160.556 27.9724 177.633 160.857 28.436 177.828 161.457 
28.7484 177.851 161.804 28.8389 177.873 161.897 29.0074 177.872 162.082 
29.1634 177.886 162.219 29.6324 177.886 162.657 29.7073 177.866 162.702 
30.5371 177.648 163.358 30.5846 177.641 163.373 30.5846 177.641 163.373 
30.8363 177.601 163.511 31.3129 177.466 163.713 31.535 177.378 163.803 
31.6299 177.352 163.844 31.8646 177.264 163.94 32.536 177.119 164.268 
32.6045 177.096 164.319 32.7072 177.051 164.366 33.0453 176.946 164.531 
33.3672 176.888 164.654 34.4313 176.402 165.284 34.5942 176.382 165.4 
34.9662 176.263 165.677 34.9956 176.26 165.701 35.076 176.247 165.778 
35.2877 176.199 165.977 35.5075 176.176 166.227 35.5257 176.17 166.254 
35.7791 176.139 166.637 35.7852 176.137 166.645 35.8675 176.121 166.732 
36.2345 176.073 167.237 36.3034 176.072 167.299 36.3265 176.073 167.328 
36.4727 176.045 167.504 36.6291 176.014 167.75 36.7117 176.017 167.865 
36.9389 176.059 168.206 37.0812 176.057 168.589 37.1169 176.056 168.662 
37.1176 176.056 168.663 37.1479 176.062 168.721 37.3034 176.138 168.993 
37.3944 176.219 169.218 37.5111 176.405 169.538 37.5792 176.494 169.77 
37.6152 176.558 169.872 37.6157 176.559 169.874 37.6634 176.642 170.004 
37.6799 176.695 170.083 37.6929 176.773 170.192 37.7103 177.006 170.424 
37.7031 177.052 170.47 37.6826 177.21 170.609 37.6655 177.313 170.673 
37.63 177.408 170.773 37.6142 177.62 171.093 37.5902 177.668 171.171 
37.4466 178.02 171.497 37.421 178.071 171.567 37.2279 178.418 171.925 
37.0847 178.707 172.336 36.9864 178.846 172.439 36.9853 178.847 172.44 
36.838 179.021 172.543 36.7965 179.064 172.562 36.6973 179.156 172.581 
36.6965 179.156 172.581 36.24 179.666 172.823 36.1252 179.75 172.872 
35.8175 180.026 173.01 35.7952 180.041 173.026 35.404 180.25 173.134 
35.4024 180.251 173.134 34.9908 180.506 173.18 34.9535 180.531 173.196 
34.5477 180.78 173.433 34.4204 180.848 173.479 34.3628 180.874 173.499 
33.889 181.288 173.732 33.8065 181.355 173.772 33.6407 181.416 173.837 
33.5249 181.487 173.886 33.015 181.804 174.021 32.8823 181.851 174.031 
32.8092 181.898 174.029 32.0906 182.31 174.108 32.0592 182.324 174.112 
32.0322 182.343 174.11 31.8747 182.413 174.1 31.5258 182.674 174.129 
31.2672 182.821 174.158 30.9689 182.99 174.125 30.2477 183.184 174.116 
30.0487 183.307 174.097 29.821 183.437 174.048 28.9948 183.842 174.004 
28.7749 183.997 174 28.7542 184.013 173.996 28.3678 184.205 173.937 
28.088 184.309 173.925 27.714 184.515 173.921 27.454 184.73 173.929 
26.737 185.097 173.976 26.6268 185.16 173.969 26.6056 185.17 173.965 
26.1075 185.463 173.872 25.8515 185.663 173.892 25.5859 185.818 173.911 
25.1974 186.119 173.971 25.09 186.194 173.98 25.0564 186.217 173.983 
25.0311 186.232 173.983 24.598 186.509 174.046 24.0824 186.791 174.161 
23.3988 187.447 174.287 23.3542 187.492 174.307 23.286 187.551 174.331 
23.2695 187.567 174.335 23.1753 187.645 174.348 22.8791 187.866 174.354 
22.7394 187.987 174.396 22.0301 188.67 174.814 21.8427 188.888 174.831 
21.8119 188.951 174.833 21.7321 189.051 174.842 21.1088 189.65 174.955 
20.5688 190.183 175.294 20.2689 190.382 175.451 20.2261 190.436 175.458 
19.9583 190.721 175.564 19.9539 190.725 175.566 19.6755 191.028 175.714 
19.6589 191.044 175.722 19.4416 191.257 175.887 19.2646 191.431 176.002 
19.1505 191.505 176.081 18.6075 191.931 176.599 18.5513 191.966 176.662 
18.2621 192.135 176.901 17.9398 192.327 177.298 17.3051 192.868 178.013 
17.1726 193.027 178.254 17.0095 193.126 178.449 16.4664 193.592 179.368 
16.4622 193.598 179.386 16.3562 193.708 179.666 16.2241 193.931 180.121 
16.0473 194.181 180.584 15.8015 194.252 181.199 15.7894 194.265 181.236 
15.7527 194.338 181.403 15.6355 194.426 182.023 15.533 194.548 182.551 
15.5232 194.572 182.815 15.4631 194.624 183.021 15.3883 194.672 183.261 
15.2484 194.629 184.132 15.2132 194.608 184.567 15.2141 194.608 184.572 
15.063 194.583 185.639 15.0577 194.578 185.665 14.858 194.556 186.176 
14.8038 194.575 186.366 14.6123 194.619 186.745 14.5146 194.705 187.031 
14.1229 194.887 187.583 13.9691 195.159 187.956 13.8608 195.356 188.133 
13.6872 195.96 188.531 13.5138 196.531 188.737 13.5449 196.94 188.833 
13.4422 197.846 188.809 13.4298 198.414 188.589 13.5166 198.837 188.426 
13.5574 199.101 188.222 13.5665 199.119 188.201 13.6157 199.209 188.107 
13.7568 199.373 187.895 13.851 199.505 187.719 13.8554 199.513 187.708 
13.8862 199.587 187.608 13.9232 199.701 187.42 14.0759 200.011 186.858 
14.1003 200.057 186.777 14.2388 200.144 186.598 14.6168 200.434 186.067 
14.7028 200.524 185.95 14.7202 200.544 185.922 14.9102 200.797 185.748 
14.9909 200.905 185.665 15.1731 201.094 185.424 15.6508 201.516 185.109 
15.6574 201.523 185.104 16.0266 201.849 184.926 16.2782 202.142 184.786 
16.2833 202.15 184.784 16.3436 202.213 184.777 16.3641 202.236 184.777 
16.402 202.281 184.774 17.1601 202.977 184.675 17.1917 203.13 184.684 
17.3973 203.756 184.783 17.5055 203.973 184.89 17.6171 204.206 185.093 
17.7391 204.377 185.267 17.8755 205.23 186.082 17.9164 205.353 186.246 
17.8527 205.556 186.707 17.844 205.561 186.729 17.8117 205.599 186.84 
17.7526 205.623 187.119 17.7499 205.622 187.131 17.676 205.616 187.513 
17.6718 205.617 187.532 17.5726 205.564 188.127 17.487 205.573 188.354 
17.0229 205.26 189.424 16.5413 205.103 190.053 16.4729 205.069 190.202 
16.0412 204.758 190.911 16.0078 204.716 190.988 15.8865 204.62 191.192 
15.6863 204.318 191.84 15.6413 204.186 191.989 15.4436 203.537 192.71 
15.4007 203.312 192.88 15.3179 203.016 193.217 15.3071 202.8 193.386 
15.3135 202.548 193.621 15.3143 202.479 193.668 15.3919 201.897 194.159 
15.3953 201.809 194.224 15.3983 201.786 194.245 15.462 201.563 194.445 
15.6191 201.116 194.736 15.7708 200.727 194.976 15.7891 200.653 195.021 
15.7891 200.653 195.021 15.9997 200.334 195.194 16.1244 200.124 195.328 
16.3906 199.775 195.517 16.3971 199.768 195.52 16.5448 199.529 195.656 
16.6834 199.3 195.736 16.8225 199.052 195.842 16.8824 198.972 195.872 
16.9313 198.912 195.888 16.9329 198.91 195.889 17.1572 198.6 195.925 
17.17 198.584 195.925 17.5229 198.122 195.989 17.5296 198.111 195.989 
18.3 197.256 195.885 18.524 197.11 195.852 19.327 196.52 195.977 
19.5675 196.385 195.936 19.9944 196.078 195.886 20.2486 195.975 195.885 
20.2496 195.975 195.885 20.6135 195.798 195.901 20.6317 195.788 195.902 
21.0375 195.538 195.828 21.1026 195.488 195.842 22.2515 195.042 195.925 
22.6001 194.956 196.07 22.6312 194.948 196.078 23.1601 194.774 196.26 
23.3701 194.746 196.334 24.3956 194.588 196.722 24.41 194.589 196.729 
24.6353 194.583 196.872 24.6353 194.583 196.872 24.7243 194.581 196.928 
24.8381 194.593 196.981 25.066 194.584 197.044 25.279 194.578 197.073 
25.566 194.525 197.105 26.0039 194.541 197.147 26.9086 194.553 196.787 
26.9086 194.553 196.787 27.909 194.766 196.648 28.2017 194.86 196.591 
28.5135 194.969 196.416 28.5794 194.995 196.382 28.6712 195.039 196.337 
28.9025 195.134 196.228 28.9125 195.138 196.225 29.4208 195.326 196.03 
29.5707 195.448 195.932 29.643 195.481 195.879 29.8833 195.625 195.661 
29.9983 195.68 195.571 30.102 195.767 195.441 30.302 195.915 195.236 
30.3566 195.955 195.165 30.6307 196.171 194.85 30.7028 196.237 194.734 
30.7161 196.252 194.714 30.7161 196.252 194.714 30.7912 196.305 194.621 
30.8161 196.325 194.592 31.0726 196.61 194.28 31.0836 196.625 194.263 
31.0836 196.625 194.263 31.3096 197.049 193.836 31.3971 197.128 193.765 
31.8649 197.499 193.26 32.1536 197.653 193.074 32.2926 197.729 193.01 
32.4208 197.776 192.969 32.6874 197.923 192.96 32.7875 197.972 192.959 
33.2306 198.225 192.828 33.8215 198.614 192.797 33.8215 198.614 192.797 
34.1624 199.005 192.674 34.7945 199.327 192.613 34.9146 199.382 192.654 
34.9165 199.383 192.655 35.2653 199.499 192.703 35.6377 199.711 192.749 
35.6778 199.727 192.755 35.951 199.83 192.816 35.9809 199.862 192.814 
35.9809 199.862 192.814 36.5649 200.228 192.742 36.5697 200.231 192.742 
36.6097 200.255 192.744 36.6097 200.255 192.744 37.2663 200.595 192.928 
37.6548 200.875 192.934 37.7847 200.978 193.045 38.398 201.279 193.302 
38.4038 201.282 193.305 38.7088 201.39 193.375 38.7749 201.426 193.416 
38.8699 201.467 193.489 39.0592 201.599 193.656 39.2573 201.744 193.798 
39.5567 201.982 193.941 39.7003 202.07 194.07 40.2512 202.495 194.301 
40.2939 202.519 194.339 40.5084 202.615 194.465 40.8143 202.764 194.605 
40.8439 202.783 194.615 41.4836 203.155 194.93 41.5294 203.237 194.971 
41.6121 203.315 195.01 41.6121 203.315 195.01 42.2779 203.808 195.433 
42.2936 203.819 195.446 42.2936 203.819 195.446 42.4907 204.106 195.628 
42.5501 204.145 195.659 42.6457 204.221 195.701 43.0455 204.602 195.804 
43.0508 204.606 195.807 43.1188 204.64 195.841 43.741 205.171 196.195 
43.9869 205.394 196.146 44.9441 205.825 196.523 -53.3182 99.244 -7.5987 
-51.9046 105.828 -4.50499 -51.4202 106.312 -4.12445 -51.2867 106.544 -3.97217 
-51.1848 106.706 -3.86445 -50.2745 108.184 -2.83509 -49.8391 108.718 -2.4433 
-49.0008 110.111 -1.56099 -48.8877 110.343 -1.40359 -48.1262 111.311 -0.812587 
-46.953 112.685 0.0165259 -45.3248 115.547 1.21188 -44.5527 116.517 1.70514 
-44.5475 116.522 1.70844 -43.1287 119.294 2.7711 -40.5043 122.503 4.38764 
-39.9417 123.148 4.91528 -39.6835 123.39 5.14759 -37.7837 125.215 5.5887 
-36.3717 126.29 6.03041 -35.4315 127.226 6.1324 -34.5178 128.143 6.35663 
-33.5139 129.126 6.71536 -33.4722 129.167 6.72727 -30.5958 131.641 8.00763 
-29.9772 132.176 7.99225 -28.8534 133.177 8.07144 -28.0571 133.763 8.12566 
-24.1604 136.353 8.83037 -23.6188 136.67 8.93022 -23.4448 136.762 8.96557 
-23.1768 136.925 9.00883 -22.4675 137.373 9.17033 -22.0984 137.697 9.24593 
-21.5719 138.181 9.21134 -19.7832 139.815 8.9538 -19.7832 139.815 8.9538 
-19.0915 140.447 8.85421 -18.7369 140.675 8.66544 -16.5097 142.091 7.45014 
-15.9877 142.503 7.14325 -15.3708 143.017 6.78354 -14.6322 143.608 6.40118 
-13.2945 144.596 5.70181 -10.9451 145.84 4.21725 -10.9451 145.84 4.21725 
-8.14436 147.323 2.44751 -5.83559 147.631 1.23636 -2.37486 148.692 -1.20702 
-1.58065 149.112 -1.14445 0.489618 150.63 -0.961998 0.501049 150.642 -0.961552 
1.59589 151.612 -1.03008 1.74233 151.76 -0.995516 3.58147 153.32 -0.477966 
3.73045 153.451 -0.440435 4.23375 153.755 -0.157902 4.23375 153.755 -0.157902 
4.97034 154.2 0.255597 5.79015 154.447 0.787588 7.26461 154.862 1.3959 
7.75261 155.071 1.74794 8.40885 155.343 2.62 9.15222 155.642 3.50184 
9.56446 155.739 4.35067 9.97161 155.782 4.93377 10.453 155.788 5.39586 
10.8801 155.654 6.20349 10.8801 155.654 6.20349 10.9475 155.633 6.33101 
11.0261 155.648 6.55153 11.0892 155.645 6.73375 11.2978 155.664 7.30421 
11.3043 155.663 7.31692 11.6305 155.699 8.11439 11.8556 155.464 9.33436 
11.9212 155.388 9.553 11.9721 155.281 10.0025 12.0016 155.216 10.3369 
12.0055 155.195 10.494 12.2421 155.063 11.4008 12.2928 154.928 12.1546 
12.2858 154.819 12.6426 12.1962 154.744 13.2308 12.1828 154.715 13.3578 
12.1608 154.623 13.6522 12.0918 154.514 14.1537 11.7228 154.361 15.0498 
11.7062 154.347 15.1018 11.4701 154.131 15.6954 11.0233 153.861 16.6621 
10.887 153.795 16.8967 10.8822 153.792 16.9069 9.89517 153.526 18.3141 
9.73319 153.54 18.4629 8.83963 153.722 19.2144 8.61993 153.742 19.6135 
8.33323 153.807 20.0432 8.11931 153.868 20.2507 7.95401 153.869 20.3674 
7.36107 153.819 20.8967 6.5608 153.918 21.43 5.93657 154.126 21.7865 
5.90647 154.144 21.8061 5.86068 154.169 21.8461 5.7399 154.242 21.9389 
4.56077 154.853 23.0425 3.51029 155.039 23.4199 2.8549 155.391 23.9207 
2.23211 155.789 24.5581 2.07501 155.937 24.7269 1.86257 156.075 24.8869 
1.64815 156.231 24.9996 0.758736 156.836 25.5459 -0.0736547 157.304 26.0597 
-0.178957 157.375 26.1805 -0.436972 157.615 26.4587 -0.789953 157.869 26.657 
-1.83156 158.569 27.4484 -2.85806 159.577 28.1192 -2.96413 159.653 28.208 
-3.13731 159.782 28.3696 -3.14324 159.787 28.3762 -3.45167 160.042 28.6059 
-3.64088 160.173 28.7021 -4.57402 160.851 29.127 -4.68833 160.96 29.2379 
-4.86686 161.15 29.3543 -4.88849 161.174 29.376 -5.10394 161.408 29.5644 
-5.16986 161.479 29.6165 -5.18159 161.491 29.6259 -5.1962 161.506 29.637 
-5.2579 161.567 29.6842 -5.25942 161.568 29.6853 -5.51436 161.768 29.8628 
-5.56973 161.815 29.9117 -5.73088 161.951 30.0209 -6.34856 162.358 30.4524 
-6.53672 162.491 30.5651 -6.57096 162.509 30.5812 -6.7832 162.642 30.7371 
-6.89857 162.727 30.8213 -6.8995 162.728 30.822 -6.9451 162.764 30.8544 
-6.9451 162.764 30.8544 -7.06461 162.847 30.9284 -7.06606 162.848 30.9293 
-7.36607 163.087 31.1082 -7.42868 163.135 31.1366 -7.7638 163.435 31.3274 
-8.23573 163.695 31.4763 -8.25543 163.706 31.4842 -8.47111 163.874 31.6408 
-9.22262 164.406 32.1107 -9.71679 164.737 32.2716 -10.7266 165.312 32.8232 
-10.7278 165.313 32.8237 -11.2169 165.67 33.1136 -11.8876 165.967 33.6364 
-11.9354 165.983 33.6538 -11.9957 165.992 33.6909 -12.1179 165.987 33.765 
-12.5249 166.094 33.9286 -13.3112 166.301 34.3191 -13.9667 166.53 34.7978 
-14.1287 166.564 34.8713 -14.4955 166.725 35.2334 -15.7114 167.122 35.9435 
-16.0419 167.118 36.296 -16.144 167.09 36.3912 -17.3711 166.924 36.953 
-18.5774 166.723 37.9636 -18.6296 166.724 37.9926 -20.1835 166.512 39.7003 
-20.7536 166.495 40.0898 -21.1138 166.459 40.4468 -21.1876 166.466 40.5273 
-21.8631 166.364 41.3483 -22.1242 166.293 41.8374 -22.5148 166.255 42.2871 
-22.7828 166.102 42.7774 -22.9654 166.028 43.0339 -23.0452 165.982 43.1661 
-23.1973 165.884 43.5032 -23.3417 165.805 43.7903 -23.4521 165.755 43.9523 
-23.912 165.559 44.8056 -24.2192 165.323 45.4436 -24.2269 165.314 45.4619 
-24.4937 164.967 46.0945 -24.5313 164.938 46.2138 -24.5399 164.931 46.244 
-24.8447 164.614 47.5379 -24.867 164.615 47.5805 -25.0013 164.548 47.906 
-25.069 164.463 48.3293 -25.1078 164.416 48.475 -25.1953 164.032 49.7879 
-25.1232 163.936 50.4712 -25.1216 163.899 50.6192 -25.121 163.898 50.622 
-25.0701 163.71 51.1457 -25.049 163.622 51.4491 -25.0481 163.591 51.5532 
-25.0466 163.524 51.7268 -24.8898 163.215 52.4896 -24.8791 163.204 52.5352 
-24.8791 163.204 52.5352 -24.7463 162.831 53.4263 -24.6753 162.622 53.8336 
-24.5575 162.464 54.2655 -24.2984 162.197 55.0152 -23.9394 161.813 55.8938 
-23.9255 161.797 55.9196 -23.765 161.669 56.1483 -23.5123 161.344 56.6524 
-23.5014 161.336 56.669 -23.5014 161.336 56.669 -23.3165 161.191 56.9803 
-22.9718 160.73 58.0314 -22.6879 160.592 58.3947 -22.6427 160.558 58.4542 
-22.6185 160.537 58.4976 -22.4217 160.431 58.7831 -22.0091 160.117 59.6457 
-21.9917 160.107 59.6898 -21.78 160.031 60.1144 -21.1898 159.783 60.8009 
-20.8534 159.656 61.3875 -20.5752 159.53 61.8824 -20.4518 159.488 62.0558 
-20.3193 159.413 62.3869 -20.2547 159.357 62.5447 -19.46 159.103 63.7615 
-18.9264 159.129 64.4631 -18.8454 159.136 64.6217 -18.4826 159.027 65.1599 
-18.0212 158.899 66.1332 -18.0127 158.899 66.145 -17.4826 158.756 66.9014 
-17.4099 158.763 66.9778 -17.1354 158.858 67.3696 -16.445 158.98 68.263 
-16.2888 159.055 68.4856 -16.207 159.088 68.6224 -16.0338 159.117 68.9714 
-15.8356 159.167 69.3568 -15.6301 159.153 69.6851 -15.4816 159.169 69.9646 
-15.0074 159.361 70.9024 -14.9454 159.418 71.0947 -14.4843 159.635 71.8667 
-14.3917 159.712 72.103 -14.0862 159.842 72.5175 -13.7758 159.966 72.9631 
-13.7536 159.973 72.9994 -13.2839 160.166 74.305 -13.2359 160.192 74.3852 
-12.9591 160.404 74.9103 -12.4344 160.715 75.8101 -12.3968 160.744 75.8879 
-12.1284 160.916 76.3269 -12.1168 160.926 76.3489 -11.879 161.112 76.9021 
-11.6275 161.372 77.4821 -11.5857 161.43 77.6309 -11.5857 161.43 77.6309 
-11.5743 161.441 77.659 -11.1988 161.747 78.4494 -11.1391 161.778 78.547 
-10.8462 162 79.1322 -10.6798 162.176 79.4777 -10.425 162.329 79.9256 
-10.1022 162.919 80.9907 -10.0431 162.966 81.0878 -9.76653 163.216 81.6248 
-9.48264 163.469 82.3116 -9.22152 163.77 82.9721 -8.76098 164.368 83.8943 
-8.51371 164.622 84.3821 -8.47806 164.675 84.4755 -8.40169 164.827 84.658 
-8.0747 165.438 85.8123 -8.0649 165.447 85.8353 -7.99785 165.515 86.0186 
-7.91344 165.614 86.2382 -7.88555 165.648 86.3029 -7.82616 165.729 86.4635 
-7.59344 166.1 87.0143 -7.57381 166.123 87.0631 -7.54044 166.189 87.1754 
-7.53976 166.19 87.1777 -7.34643 166.554 87.7718 -7.18574 166.943 88.7106 
-7.16732 167.011 88.7952 -7.04672 167.288 89.1579 -7.02982 167.335 89.2317 
-6.84117 167.664 89.772 -6.7196 167.981 90.2143 -6.43627 168.522 91.5207 
-6.38708 168.557 91.6265 -6.40593 168.853 92.216 -6.33938 169.04 92.6827 
-6.28286 169.127 92.9638 -6.26477 169.167 93.0804 -6.23287 169.315 93.3404 
-6.07623 169.728 94.5553 -6.07484 169.735 94.5668 -5.98873 170.085 95.221 
-5.9876 170.13 95.2981 -5.98066 170.224 95.4371 -5.98706 170.308 95.6151 
-5.96982 170.396 95.8636 -5.96928 170.456 96.0656 -5.91584 170.635 96.4594 
-5.92187 170.718 96.6616 -5.9696 171.181 98.196 -5.98683 171.269 98.3196 
-6.0357 171.582 98.9711 -6.05134 171.712 99.397 -5.97894 171.847 99.7315 
-5.96325 171.878 99.8013 -5.94193 171.95 99.9593 -5.86801 172.391 100.946 
-5.82456 172.474 101.211 -5.80195 172.519 101.314 -5.792 172.545 101.373 
-5.74433 172.889 102.28 -5.78541 172.961 102.553 -5.83028 173.041 102.741 
-5.85783 173.445 103.804 -5.85614 173.451 103.827 -5.84249 173.506 103.995 
-5.81893 173.796 104.701 -5.83158 173.952 104.959 -5.8622 174.104 105.188 
-5.9028 174.356 105.74 -5.95329 174.41 105.898 -6.05797 174.759 106.78 
-6.19481 175.098 107.321 -6.19662 175.101 107.325 -6.27277 175.328 107.634 
-6.27598 175.557 108.06 -6.28923 175.669 108.342 -6.32279 175.809 108.623 
-6.39784 176.091 109.352 -6.4031 176.115 109.386 -6.4031 176.115 109.386 
-6.53347 176.398 109.982 -6.74877 176.646 110.711 -6.77626 176.701 110.823 
-7.16445 177.121 111.808 -7.16445 177.121 111.808 -7.19684 177.263 112.098 
-7.72541 177.741 113.835 -7.74955 177.871 114.093 -7.62903 178.14 114.636 
-7.62903 178.14 114.636 -7.59092 178.225 114.808 -7.56572 178.271 114.928 
-7.55076 178.312 115.372 -7.52811 178.185 116.709 -7.50923 178.178 116.874 
-7.36452 178.142 117.327 -7.32934 178.127 117.408 -7.32934 178.127 117.408 
-7.15587 178.148 117.755 -7.08275 178.142 118.039 -7.04174 178.129 118.185 
-7.04174 178.129 118.185 -6.77811 178.045 119.127 -6.76029 178.01 119.225 
-6.45291 178.082 120.117 -6.38971 178.144 120.313 -6.08071 178.201 121.119 
-5.91894 178.415 121.735 -5.9163 178.416 121.744 -5.89564 178.489 122.209 
-5.87872 178.525 122.351 -5.89488 178.918 123.42 -5.91052 178.923 123.526 
-6.36101 179.335 124.457 -6.37124 179.333 124.473 -6.84238 179.506 124.754 
-6.93278 179.546 124.844 -7.42311 179.691 125.403 -7.63683 179.72 125.479 
-8.01714 179.821 125.609 -8.47099 179.875 125.842 -8.84135 179.91 125.936 
-8.93948 179.905 125.951 -8.953 179.904 125.955 -9.54431 180.007 126.143 
-10.5255 180.038 126.333 -10.6196 180.084 126.29 -11.6387 180.185 125.981 
-11.9118 180.184 125.972 -12.0059 180.174 125.984 -12.7697 180.353 125.926 
-13.0472 180.395 125.922 -13.0484 180.395 125.922 -13.5392 180.476 125.827 
-13.6227 180.478 125.836 -13.6343 180.479 125.834 -14.26 180.594 125.809 
-14.5477 180.581 125.78 -14.8748 180.495 125.791 -15.4107 180.241 125.912 
-16.2357 180.192 126.255 -16.3525 180.161 126.285 -16.3607 180.16 126.285 
-17.5427 180.076 126.49 -17.6965 180.082 126.549 -18.1313 180.028 126.685 
-18.2983 179.993 126.764 -18.2996 179.993 126.765 -18.33 179.989 126.775 
-18.5477 179.972 126.865 -18.9928 179.874 127.155 -19.5676 179.762 127.336 
-19.5712 179.76 127.339 -19.948 179.613 127.488 -19.9514 179.611 127.491 
-20.01 179.588 127.535 -20.3444 179.451 127.765 -20.3522 179.451 127.772 
-20.5013 179.41 127.942 -20.9268 179.327 128.32 -21.3207 179.273 128.616 
-21.368 179.269 128.664 -21.5394 179.231 128.825 -21.7003 179.197 129.026 
-22.0501 179.161 129.346 -22.0748 179.158 129.366 -22.147 179.133 129.432 
-22.3041 179.085 129.618 -22.533 179.003 130.047 -22.9063 178.901 130.551 
-22.9148 178.889 130.587 -23.047 178.811 131.068 -23.1299 178.765 131.288 
-23.1339 178.765 131.302 -23.2333 178.644 131.874 -23.2343 178.639 131.89 
-23.239 178.622 131.92 -23.2393 178.621 131.923 -23.4221 178.491 132.647 
-23.335 178.565 133.255 -23.3218 178.576 133.534 -23.3158 178.555 133.62 
-23.3268 178.483 133.815 -23.3226 178.479 133.83 -23.2805 178.45 134.142 
-23.281 178.45 134.146 -23.2348 178.386 134.621 -23.0771 178.555 135.308 
-23.0613 178.553 135.351 -22.972 178.497 135.926 -22.8917 178.51 136.383 
-22.873 178.522 136.439 -22.8699 178.523 136.45 -22.8407 178.535 136.571 
-22.811 178.543 136.716 -22.7973 178.547 136.848 -22.7925 178.557 136.894 
-22.7601 178.654 137.126 -22.6392 178.791 137.555 -22.5867 178.815 137.65 
-22.3535 178.916 138.177 -22.2701 178.985 138.345 -22.2314 179.033 138.497 
-22.2283 179.039 138.512 -22.0804 179.146 138.819 -22.0438 179.172 138.882 
-21.9883 179.214 139.053 -21.9537 179.24 139.161 -21.872 179.237 139.645 
-21.7762 179.344 140.271 -21.7654 179.346 140.306 -21.7651 179.346 140.31 
-21.6989 179.333 140.531 -21.6361 179.353 140.709 -21.5577 179.38 140.92 
-21.4664 179.411 141.071 -21.2468 179.504 141.375 -21.1324 179.495 141.583 
-21.0795 179.51 141.699 -21.0765 179.512 141.705 -20.9725 179.545 141.963 
-20.8438 179.585 142.21 -20.8338 179.588 142.233 -20.7067 179.621 142.668 
-20.6869 179.62 142.736 -20.4572 179.608 143.37 -20.4303 179.634 143.51 
-20.2982 179.732 143.827 -20.2867 179.737 143.85 -20.1844 179.784 144.132 
-20.0445 179.899 144.533 -19.9829 179.932 144.63 -19.7161 180.088 145.274 
-19.6608 180.095 145.399 -19.6513 180.096 145.427 -19.3789 180.248 146.024 
-19.1555 180.301 146.61 -19.09 180.289 147.179 -19.0199 180.419 147.656 
-18.9891 180.447 147.922 -18.7906 180.553 148.587 -18.5583 180.525 149.535 
-18.5973 180.573 149.762 -18.5937 180.605 149.876 -18.5259 180.647 150.378 
-18.4482 180.649 150.86 -18.4091 180.797 151.499 -18.4525 180.798 151.721 
-18.5439 180.602 152.738 -18.6495 180.626 153.26 -18.6307 180.65 153.878 
-18.6132 180.677 154.057 -18.7316 180.728 154.831 -18.8264 180.782 155.234 
-18.8359 180.752 155.57 -18.8383 180.751 155.591 -19.0317 180.54 156.599 
-19.0294 180.548 156.779 -19.2773 180.54 157.447 -19.4838 180.525 157.987 
-19.5338 180.497 158.108 -19.5396 180.494 158.138 -19.5593 180.498 158.203 
-19.8951 180.522 158.952 -20.0988 180.538 159.383 -20.1316 180.545 159.422 
-20.2631 180.554 159.636 -20.4902 180.574 160.195 -20.4931 180.575 160.203 
-20.6119 180.606 160.528 -20.6903 180.605 160.706 -20.6909 180.605 160.708 
-20.7789 180.649 160.879 -20.8481 180.655 161.024 -21.1496 180.632 161.506 
-21.2451 180.654 161.723 -21.3804 180.647 161.975 -21.7208 180.658 162.586 
-21.7939 180.672 162.711 -21.8364 180.7 162.833 -22.2751 180.7 163.644 
-22.2925 180.706 163.668 -22.4474 180.793 164.03 -22.448 180.793 164.032 
-22.448 180.793 164.032 -22.8483 180.871 164.566 -23.0796 180.886 164.826 
-23.327 180.839 165.209 -23.4058 180.834 165.329 -23.5611 180.873 165.59 
-23.5923 180.877 165.64 -23.8006 180.903 165.933 -23.8757 180.901 166.028 
-23.9638 180.885 166.135 -24.1674 180.797 166.469 -24.2563 180.793 166.582 
-24.3101 180.803 166.661 -24.4148 180.803 166.838 -24.6695 180.775 167.331 
-24.6802 180.773 167.358 -24.6899 180.774 167.378 -24.9419 180.708 168.052 
-24.9767 180.688 168.135 -24.9991 180.677 168.211 -25.0025 180.678 168.231 
-25.4703 180.861 169.062 -25.5369 180.871 169.211 -25.7261 180.93 169.605 
-25.7448 180.955 169.648 -25.8011 180.997 169.725 -25.9805 181.087 170.046 
-26.2221 181.366 170.579 -26.3616 181.654 171.14 -26.382 181.862 171.392 
-26.371 182.036 171.708 -26.3517 182.091 171.772 -26.1549 182.53 172.447 
-26.137 182.656 172.534 -26.0567 183.068 172.932 -26.0056 183.178 173.046 
-25.995 183.201 173.089 -25.995 183.201 173.089 -25.8688 183.537 173.507 
-25.8683 183.539 173.509 -25.8236 183.618 173.572 -25.766 183.714 173.652 
-25.5644 183.9 173.896 -25.4197 184.105 174.073 -25.218 184.321 174.284 
-25.0153 184.477 174.423 -24.9995 184.486 174.437 -24.9995 184.486 174.437 
-24.6709 184.821 174.741 -24.6625 184.836 174.749 -24.1785 185.159 175.044 
-23.8835 185.329 175.09 -23.7016 185.499 175.161 -23.507 185.63 175.24 
-23.1568 185.89 175.345 -22.8054 186.047 175.556 -22.6291 186.102 175.589 
-22.3466 186.237 175.638 -22.3344 186.239 175.642 -21.8593 186.435 175.726 
-21.7444 186.494 175.75 -21.2947 186.768 175.717 -21.1287 186.828 175.741 
-21.0573 186.856 175.759 -20.7797 186.988 175.75 -20.2173 187.177 175.652 
-19.9605 187.202 175.547 -19.4616 187.386 175.452 -19.4408 187.4 175.452 
-19.2173 187.509 175.502 -18.6093 187.694 175.453 -18.5185 187.738 175.433 
-17.9673 187.988 175.268 -17.6151 188.187 175.223 -17.4901 188.237 175.166 
-16.6523 188.495 174.874 -16.3693 188.669 174.843 -16.0522 188.905 174.734 
-16.0102 188.927 174.733 -15.3459 189.211 174.669 -15.3397 189.212 174.668 
-15.0682 189.269 174.606 -14.8083 189.342 174.595 -14.7815 189.346 174.592 
-13.7149 189.761 174.401 -13.6629 189.81 174.375 -13.631 189.875 174.346 
-13.0118 190.193 174.28 -12.8671 190.301 174.287 -12.531 190.488 174.331 
-12.4801 190.511 174.343 -12.0586 190.809 174.326 -11.8067 190.905 174.322 
-11.4876 191.107 174.318 -11.3015 191.24 174.337 -11.0715 191.401 174.319 
-10.5425 191.728 174.424 -10.3373 191.838 174.443 -10.1856 191.927 174.477 
-10.073 192.007 174.502 -9.70891 192.28 174.57 -9.68362 192.291 174.572 
-9.40526 192.431 174.65 -8.8032 192.885 174.878 -8.79653 192.891 174.879 
-8.74904 192.939 174.892 -8.51497 193.22 174.985 -8.45099 193.287 175.029 
-8.29075 193.435 175.106 -8.10167 193.624 175.19 -7.72613 194.041 175.327 
-7.69842 194.068 175.344 -7.49322 194.254 175.429 -7.34056 194.407 175.526 
-7.34056 194.407 175.526 -7.16913 194.638 175.697 -7.16775 194.64 175.698 
-6.90184 194.886 175.861 -6.64106 195.226 176.126 -6.33291 195.517 176.468 
-6.26827 195.658 176.72 -6.26415 195.659 176.731 -6.22892 195.686 176.881 
-6.22849 195.687 176.883 -5.59187 196.25 177.976 -5.1672 196.442 178.792 
-5.13245 196.499 178.978 -5.03453 196.565 179.393 -4.86293 196.841 179.976 
-4.81835 196.895 180.123 -4.74304 196.958 180.375 -4.72144 196.979 180.478 
-4.43355 196.918 181.445 -4.404 196.962 181.883 -4.35356 196.989 182.622 
-4.25722 196.976 182.844 -4.25722 196.976 182.844 -4.05952 196.879 183.399 
-4.03389 196.838 183.528 -4.05874 196.774 183.956 -4.03574 196.699 184.238 
-4.0346 196.698 184.244 -3.77564 196.597 184.938 -3.6761 196.513 185.412 
-3.41539 196.416 185.867 -3.27781 196.432 186.017 -2.99428 196.545 186.405 
-2.93897 196.564 186.469 -2.85201 196.622 186.651 -2.78078 196.735 186.744 
-2.34397 197.18 187.346 -2.04925 197.49 187.667 -1.72478 198.388 188.023 
-1.63789 198.601 188.015 -1.57355 199.789 188.013 -1.57059 199.824 187.993 
-1.63144 200.357 187.736 -1.81205 200.768 187.335 -2.12867 201.046 187.016 
-2.13418 201.05 187.011 -2.41768 201.261 186.691 -2.48283 201.299 186.629 
-2.67481 201.39 186.49 -2.98473 201.498 186.338 -3.59577 201.823 185.81 
-4.30614 202.17 185.503 -4.32563 202.177 185.491 -4.32563 202.177 185.491 
-5.27477 202.818 185.481 -5.47436 202.987 185.542 -6.09984 204.019 185.53 
-6.13719 204.178 185.631 -6.28243 205.058 185.974 -6.27818 205.59 186.259 
-6.22923 205.933 186.335 -6.20751 206.187 186.543 -6.02894 206.786 187.053 
-6.02027 206.798 187.07 -5.85156 207.026 187.334 -5.46657 207.495 187.751 
-5.18396 207.599 188.128 -5.00411 207.65 188.277 -4.79397 207.679 188.45 
-4.12822 207.629 188.894 -3.74037 207.644 189.291 -3.73861 207.643 189.293 
-3.73861 207.643 189.293 -3.48829 207.61 189.67 -3.36358 207.615 189.809 
-2.66282 207.396 190.566 -2.5789 207.404 190.666 -2.22498 207.25 191.153 
-2.16545 207.206 191.227 -1.95471 206.978 191.564 -1.84798 206.857 191.75 
-1.45354 206.47 192.222 -1.36288 206.343 192.448 -1.36288 206.343 192.448 
-1.13275 206 192.836 -0.964212 205.628 193.211 -0.873077 205.32 193.504 
-0.863867 205.044 193.765 -0.822868 204.854 193.926 -0.802421 204.034 194.659 
-0.790177 203.929 194.715 -0.819481 203.409 195.027 -0.923681 202.962 195.25 
-0.971333 202.824 195.346 -0.995241 202.766 195.4 -1.30677 201.957 195.857 
-1.33025 201.876 195.901 -1.42512 201.66 195.973 -1.47433 201.558 196.001 
-1.4919 201.531 196.014 -1.85254 200.743 196.419 -2.06649 200.553 196.648 
-2.08785 200.529 196.656 -2.08785 200.529 196.656 -2.15218 200.458 196.681 
-2.40462 200.081 196.801 -2.50738 199.87 196.867 -2.7394 199.536 196.91 
-2.79041 199.47 196.947 -3.06694 199.049 197.284 -3.17495 198.926 197.4 
-3.17495 198.926 197.4 -3.21096 198.885 197.438 -3.25964 198.848 197.5 
-3.3662 198.733 197.623 -3.43689 198.641 197.699 -3.5429 198.545 197.784 
-3.5429 198.545 197.784 -3.60153 198.487 197.825 -3.62234 198.463 197.842 
-3.63504 198.448 197.857 -4.12901 198.037 198.423 -4.19559 198.003 198.469 
-4.22374 197.988 198.492 -4.25463 197.967 198.515 -4.45165 197.829 198.68 
-4.51325 197.795 198.731 -4.51798 197.793 198.735 -4.51798 197.793 198.735 
-4.70017 197.662 198.952 -4.70164 197.66 198.954 -4.79795 197.587 199.076 
-4.79991 197.585 199.079 -4.88294 197.545 199.165 -5.155 197.324 199.444 
-5.2008 197.293 199.513 -5.56547 197.208 199.957 -5.57188 197.205 199.964 
-5.736 197.115 200.181 -5.76036 197.103 200.233 -6.15519 197.014 201.055 
-6.42357 196.945 201.611 -6.45788 196.912 201.677 -6.51145 196.9 201.734 
-6.83098 196.813 202.101 -7.17365 196.781 202.334 -7.51608 196.789 202.582 
-7.6883 196.807 202.718 -7.70325 196.812 202.73 -7.78399 196.825 202.8 
-8.38701 196.915 203.116 -8.4379 196.923 203.152 -8.4379 196.923 203.152 
-8.67001 196.995 203.247 -8.67475 196.997 203.249 -9.04046 197.164 203.357 
-9.27994 197.278 203.452 -9.29091 197.284 203.456 -9.67259 197.351 203.551 
-10.1912 197.507 203.577 -10.3597 197.578 203.568 -11.0732 197.781 203.452 
-11.4419 197.855 203.337 -11.6787 197.9 203.192 -11.6831 197.901 203.19 
-11.9957 197.912 203.046 -12.5131 198.029 202.929 -12.5173 198.03 202.928 
-13.1367 198.289 202.588 -13.1967 198.301 202.551 -13.1967 198.301 202.551 
-13.3002 198.322 202.488 -13.3392 198.332 202.464 -13.4249 198.354 202.421 
-13.8084 198.519 202.226 -13.8378 198.531 202.203 -14.1372 198.672 201.91 
-14.2361 198.719 201.82 -14.472 198.925 201.624 -14.5921 198.996 201.528 
-14.5921 198.996 201.528 -14.8322 199.138 201.335 -14.8482 199.144 201.323 
-14.8585 199.149 201.315 -14.8847 199.158 201.295 -14.9503 199.164 201.221 
-15.176 199.229 200.883 -15.3073 199.272 200.589 -15.3092 199.272 200.584 
-15.3944 199.321 200.359 -15.4479 199.364 200.162 -15.7475 199.673 199.483 
-15.7627 199.68 199.456 -15.7736 199.697 199.409 -15.7736 199.697 199.409 
-15.8889 199.985 198.734 -15.9626 200.218 198.356 -15.9731 200.241 198.216 
-15.9776 200.259 198.15 -15.9776 200.259 198.15 -15.9745 200.39 197.898 
-15.9676 200.418 197.836 -15.9777 200.575 197.517 -15.9785 200.626 197.453 
-15.9949 200.692 197.38 -16.0186 200.811 197.202 -16.0839 200.944 197.015 
-16.0974 200.985 196.949 -16.1783 201.288 196.531 -16.188 201.45 196.205 
-16.2195 201.56 196.082 -16.226 201.697 195.908 -16.2166 201.754 195.824 
-16.2009 201.867 195.721 -16.214 202.052 195.486 -16.2187 202.074 195.46 
-16.2187 202.076 195.458 -16.2214 202.134 195.409 -16.2318 202.233 195.334 
-16.2439 202.354 195.216 -16.2606 202.494 195.085 -16.3239 202.845 194.832 
-16.3513 202.953 194.707 -16.3513 202.953 194.707 -16.366 203.291 194.482 
-16.3685 203.303 194.476 -16.414 203.497 194.403 -16.4607 203.857 194.126 
-16.6972 204.517 194.007 -16.7314 204.73 193.963 -17.0461 205.206 193.783 
-17.2272 205.473 193.737 -17.2685 205.537 193.734 -17.4081 205.795 193.593 
-17.4809 205.899 193.555 -17.8317 206.329 193.565 -18.1793 206.766 193.601 
-18.3471 206.864 193.591 -18.4691 206.931 193.607 -19.0907 207.328 193.772 
-19.0925 207.329 193.773 -19.5536 207.631 193.966 -19.7485 207.738 194.066 
-19.825 207.772 194.126 -20.3471 207.957 194.309 -20.3997 207.975 194.325 
-20.6328 208.069 194.459 -21.0428 208.242 194.617 -21.0852 208.26 194.655 
-21.1152 208.272 194.68 -21.566 208.406 194.926 -21.7681 208.43 195.12 
-21.877 208.442 195.204 -22.0368 208.438 195.355 -22.1106 208.442 195.396 
-22.4045 208.476 195.512 -22.853 208.454 195.882 -23.2041 208.394 196.11 
-23.3621 208.39 196.31 -23.9218 208.375 196.734 -23.9508 208.363 196.75 
-24.2647 208.231 197.064 -24.3148 208.204 197.117 -24.3148 208.204 197.117 
-24.4271 208.145 197.235 -24.7459 208.124 197.76 -24.7483 208.125 197.762 
-24.8568 208.123 197.83 -24.9252 208.112 197.888 -25.0933 208.088 197.982 
-25.0933 208.088 197.982 -25.1605 208.078 198.02 -25.2798 208.108 198.123 
-25.3409 208.122 198.168 -25.9839 208.241 198.528 -26.2058 208.207 198.817 
-26.2555 208.18 198.911 -26.261 208.177 198.921 -26.5453 208.094 199.216 
-26.8066 208.076 199.721 -26.9472 208.02 199.878 -26.9578 208.019 199.885 
-27.1568 207.958 200.213 -27.2948 207.925 200.401 -27.358 207.923 200.463 
-27.3904 207.921 200.532 -27.5192 207.888 200.75 -27.5508 207.876 200.802 
-27.556 207.873 200.811 -27.557 207.872 200.813 -27.6164 207.812 200.926 
-27.6324 207.804 200.957 -27.8504 207.721 201.521 -27.9295 207.647 201.709 
-27.9927 207.611 201.864 -28.0071 207.596 201.91 -28.0187 207.587 201.945 
-28.0567 207.556 202.031 -28.2489 207.381 202.332 -28.4188 207.278 202.689 
-28.4878 207.265 202.84 -28.5861 207.147 203.326 -28.606 207.181 203.473 
-28.606 207.181 203.473 -28.7184 207.247 203.824 -28.8056 207.21 204.146 
-28.8747 207.078 204.507 -28.8751 207.083 204.535 -28.7637 207.118 205.273 
-28.7728 207.094 205.353 -28.7704 207.068 205.426 -28.7794 207.004 205.585 
-28.7795 207.001 205.599 -28.8194 206.784 206.065 -28.8098 206.747 206.138 
-28.7991 206.733 206.17 -28.7362 206.649 206.836 -28.7368 206.63 206.884 
-28.7368 206.63 206.884 -28.8213 206.465 207.3 -28.8079 206.401 207.446 
-28.8109 206.388 207.474 -28.7363 206.232 207.826 -28.734 206.228 207.839 
-28.7566 206.015 208.408 -28.7566 206.015 208.408 -28.7566 206.015 208.408 
-28.7496 205.992 208.493 -28.7485 205.988 208.5 -28.7485 205.988 208.5 
-28.6875 205.827 208.756 -28.6438 205.595 209.054 -28.5882 205.479 209.225 
-28.5569 205.393 209.339 -28.5489 205.365 209.373 -28.5403 205.354 209.4 
-28.5261 205.33 209.442 -28.3274 204.985 209.802 -28.1184 204.6 210.044 
-28.0687 204.522 210.127 -27.9033 204.313 210.342 -27.686 204.035 210.623 
-27.5558 203.783 210.789 -27.5388 203.755 210.817 -27.297 203.168 211.143 
-27.1294 202.909 211.323 -27.1012 202.81 211.382 -27.1012 202.81 211.382 
-26.865 202.388 211.634 -26.8558 202.377 211.639 -26.7971 202.192 211.728 
-26.5914 201.721 211.922 -26.452 201.177 212.074 -26.408 201.04 212.271 
-26.3288 200.619 212.706 -26.2524 199.515 212.966 -26.2775 199.003 212.896 
-26.2817 198.941 212.942 -26.2932 198.862 212.992 -26.2316 198.08 213.289 
-26.22 198.053 213.291 -26.1483 197.785 213.503 -26.1392 197.753 213.522 
-26.1102 197.387 213.782 -26.1098 197.381 213.786 -26.1749 197.037 214.043 
-26.2034 196.96 214.087 -26.2218 196.932 214.097 -26.2828 196.68 214.172 
-26.3103 196.573 214.225 -26.4502 196.159 214.56 -26.463 196.13 214.564 
-26.5336 195.93 214.605 -26.6345 195.568 214.834 -26.7942 195.219 214.971 
-26.9831 194.778 215.415 -27.0047 194.727 215.489 -53.3182 99.244 -7.5987 
-51.9046 105.828 -4.50499 -51.4202 106.312 -4.12445 -51.2867 106.544 -3.97217 
-51.1848 106.706 -3.86445 -50.2745 108.184 -2.83509 -49.8391 108.718 -2.4433 
-49.0008 110.111 -1.56099 -48.8877 110.343 -1.40359 -48.1262 111.311 -0.812587 
-46.953 112.685 0.0165259 -45.3248 115.547 1.21188 -44.5527 116.517 1.70514 
-44.5475 116.522 1.70844 -43.1287 119.294 2.7711 -40.5043 122.503 4.38764 
-39.9417 123.148 4.91528 -39.6835 123.39 5.14759 -37.7837 125.215 5.5887 
-36.3717 126.29 6.03041 -35.4315 127.226 6.1324 -34.5178 128.143 6.35663 
-33.5139 129.126 6.71536 -33.4722 129.167 6.72727 -30.5958 131.641 8.00763 
-29.9772 132.176 7.99225 -28.8534 133.177 8.07144 -28.0571 133.763 8.12566 
-24.1604 136.353 8.83037 -23.6188 136.67 8.93022 -23.4448 136.762 8.96557 
-23.1768 136.925 9.00883 -22.4675 137.373 9.17033 -22.0984 137.697 9.24593 
-21.5719 138.181 9.21134 -19.7832 139.815 8.9538 -19.7832 139.815 8.9538 
-19.0915 140.447 8.85421 -18.7369 140.675 8.66544 -16.5097 142.091 7.45014 
-15.9877 142.503 7.14325 -15.3708 143.017 6.78354 -14.6322 143.608 6.40118 
-13.2945 144.596 5.70181 -10.9451 145.84 4.21725 -10.9451 145.84 4.21725 
-8.14436 147.323 2.44751 -5.83559 147.631 1.23636 -2.12709 148.391 -1.19847 
-0.943853 148.658 -2.41167 -0.943853 148.658 -2.41167 -0.728333 148.707 -2.63265 
-0.499975 148.743 -2.84398 0.106442 148.815 -3.30436 2.53934 149.356 -4.27016 
2.5913 149.371 -4.29769 6.69872 150.912 -5.72749 7.77139 151.239 -6.50774 
8.61785 151.803 -7.27674 8.63976 151.821 -7.29894 9.02483 152.063 -7.64908 
9.71078 152.234 -8.17078 9.71078 152.234 -8.17078 12.7248 152.987 -10.4631 
13.2525 153.119 -10.9039 13.8222 153.11 -11.2611 16.1776 152.912 -12.6951 
17.5047 152.562 -13.4304 19.3783 152.716 -13.2912 19.3783 152.716 -13.2912 
21.1295 152.86 -13.161 21.154 152.865 -13.1522 21.154 152.865 -13.1522 
22.7055 153.106 -12.5722 25.3628 153.305 -11.5103 26.3775 153.378 -11.1298 
27.1614 153.643 -10.5398 27.3732 153.627 -10.174 27.5627 153.546 -9.86172 
28.2252 153.512 -8.45162 28.3907 153.47 -8.02264 28.8381 153.518 -6.78485 
28.8723 153.516 -6.63384 28.8806 153.51 -6.59473 28.8806 153.51 -6.59473 
29.2362 153.244 -4.91285 29.4853 153.327 -3.55915 29.599 153.297 -3.04304 
29.6197 153.278 -2.85843 29.6525 153.243 -2.10526 29.6861 153.169 -1.60438 
29.6904 153.158 -1.55039 29.7058 153.122 -1.42588 29.6718 152.865 -0.244122 
29.5587 152.67 0.638197 29.368 152.358 1.71975 29.3412 152.356 1.81128 
28.6407 151.714 3.65695 28.4615 151.589 4.02141 28.3296 151.48 4.38373 
28.2914 151.397 4.48792 27.0409 149.766 6.56685 26.8341 149.592 6.74503 
26.4991 149.299 7.09774 25.8077 148.451 8.40204 24.3902 147.227 9.78236 
24.1814 147.162 10.0273 23.1686 146.195 11.4223 23.1011 146.154 11.469 
22.2126 145.445 12.3675 21.1045 144.186 13.1427 20.8534 143.785 13.4879 
20.5206 143.351 13.9131 19.9276 142.64 14.7267 19.8122 142.446 14.9241 
19.4142 142.134 15.2995 18.5402 141.295 16.4585 17.8138 140.25 17.4237 
17.4708 139.79 17.8626 16.8483 139.053 18.6947 16.699 138.825 18.888 
16.6886 138.816 18.9032 16.2551 138.453 19.6298 15.6406 137.82 20.7871 
15.6337 137.815 20.7964 15.1257 137.223 21.629 15.111 137.204 21.6516 
15.1104 137.204 21.6525 14.2425 135.958 23.434 14.1842 135.842 23.6352 
13.8951 135.442 24.2204 13.854 135.392 24.2817 13.7577 135.184 24.5407 
13.034 134.158 26.3654 12.8794 133.924 26.7905 12.89 133.813 26.9828 
12.7573 133.612 27.6779 12.5044 133.288 29.0425 12.495 133.269 29.1098 
12.4772 133.206 29.3084 12.464 133.166 29.4702 12.1968 132.719 30.8046 
12.1966 132.719 30.8059 12.0996 132.536 31.1437 11.8706 132.295 31.7819 
11.5576 132.262 32.5255 11.4537 132.27 32.6862 11.4537 132.27 32.6862 
10.6796 132.327 33.883 10.4338 132.495 34.5869 10.3123 132.542 34.8053 
10.0135 132.757 35.4119 10.0123 132.758 35.4143 9.67563 132.845 36.0942 
9.61333 132.888 36.2804 9.55328 132.935 36.4078 9.42343 133.064 36.7658 
9.36972 133.098 36.9093 9.2819 133.191 37.187 9.12128 133.365 37.6481 
9.12128 133.365 37.6481 9.08112 133.408 37.7634 9.07275 133.428 37.8102 
8.94713 133.728 38.3846 8.92417 133.811 38.572 8.72315 134.5 39.9529 
8.69128 134.566 40.0414 8.34933 134.984 40.8109 8.28893 135.145 41.213 
8.2797 135.238 41.393 8.23842 135.422 41.7078 8.15218 136.198 42.5489 
8.14223 137.009 43.8812 8.19918 137.365 44.3169 8.1605 138.099 45.0165 
8.17562 138.372 45.3958 8.18944 138.446 45.5286 8.10015 139.731 46.8593 
8.09352 139.776 46.891 8.05545 139.954 47.0185 8.00119 140.236 47.3093 
8.00918 140.5 47.595 7.95793 140.975 48.0956 8.05772 141.668 48.5926 
7.80944 142.65 49.4171 7.72159 142.843 49.5949 7.65053 143.071 49.8161 
7.5994 143.317 50.134 7.10171 144.268 51.2732 7.10148 144.269 51.2741 
7.10148 144.269 51.2741 6.94931 144.589 51.5017 6.85722 144.809 51.6858 
6.64327 145.282 52.0167 6.49539 145.683 52.3607 6.49256 145.689 52.3652 
6.19043 146.429 52.8935 6.19002 146.433 52.8966 5.59455 147.394 53.8286 
5.41424 147.566 54.0152 4.81957 148.611 54.9893 4.47431 149.249 55.4652 
4.1825 149.671 55.7466 3.54489 150.308 56.3931 3.40696 150.421 56.5244 
3.09147 150.797 56.9462 2.87835 150.977 57.1933 1.92989 151.913 58.0648 
1.74021 152.191 58.4312 1.70925 152.24 58.4994 1.54242 152.478 58.7683 
1.32474 153.029 59.4459 0.993791 153.562 60.0712 0.880464 154.247 61.301 
0.888985 154.369 61.485 0.899694 154.428 61.579 1.3107 154.971 62.882 
1.39204 155.015 63.0188 1.67277 155.147 63.459 2.23883 155.42 64.1761 
2.77661 155.506 64.6155 3.22161 155.616 65.0073 3.88914 155.704 65.5396 
4.2245 155.781 65.7357 5.69036 155.709 66.5028 6.20653 155.73 66.8477 
6.68828 155.697 67.1155 6.70828 155.701 67.1268 7.49662 155.673 67.5909 
8.36581 155.589 67.9857 8.7486 155.607 68.192 8.77814 155.608 68.2018 
9.02846 155.584 68.316 10.2893 155.657 68.906 10.6688 155.584 69.1205 
10.8054 155.57 69.1725 10.8112 155.57 69.1748 11.9706 155.526 69.5944 
12.126 155.548 69.696 13.4703 155.452 70.3854 13.5737 155.438 70.4383 
13.7528 155.44 70.5283 14.559 155.411 71.045 14.7211 155.402 71.1724 
15.2735 155.403 71.5209 15.2996 155.405 71.5416 15.4599 155.387 71.6456 
16.3803 155.334 72.3558 16.475 155.348 72.4071 16.4774 155.349 72.4084 
17.4315 155.377 73.0119 17.6959 155.408 73.2208 18.167 155.492 73.5133 
19.4429 155.422 74.6661 20.6513 155.365 75.5678 20.7401 155.361 75.6725 
21.3036 155.412 76.1495 21.6911 155.467 76.51 21.8597 155.484 76.6624 
22.3366 155.604 77.3184 22.4585 155.633 77.4484 23.0809 155.686 78.3228 
23.2013 155.724 78.4652 23.4212 155.818 78.7585 23.8533 155.98 79.3029 
23.9702 156.01 79.4274 23.996 156.015 79.4488 24.2455 156.063 79.6383 
24.498 156.131 79.9156 24.8552 156.255 80.3878 24.8582 156.256 80.3918 
25.2691 156.428 81.0024 25.8081 156.564 81.9528 25.8476 156.583 82.0121 
26.2785 156.878 82.6825 26.5325 157.158 83.2118 26.6691 157.254 83.4728 
26.6766 157.257 83.484 26.8004 157.315 83.6591 27.0225 157.437 84.0327 
27.3084 157.649 84.6274 27.5369 157.817 85.5345 27.5598 157.825 85.5824 
27.6059 157.859 85.6848 27.9164 158.095 86.215 28.014 158.178 86.4131 
28.157 158.286 86.7018 28.3072 158.421 87.1417 28.5571 158.693 87.7638 
28.7199 159.343 89.4099 28.6971 159.396 89.5379 28.6845 159.449 89.6943 
28.9281 159.859 90.8347 29.0694 160.009 91.1756 29.1355 160.112 91.382 
29.1762 160.214 91.5559 29.2781 160.419 92.0344 29.3468 160.517 92.3848 
29.4183 160.633 92.6577 29.5088 160.807 92.9929 29.5334 160.985 93.3128 
29.5913 161.241 93.9297 29.6811 161.382 94.2085 29.8235 161.884 95.2562 
29.8226 161.894 95.2733 29.8332 162.038 95.5323 29.911 162.66 96.4228 
29.9012 162.69 96.4856 29.9228 162.988 97.1538 29.921 163.011 97.1978 
29.9203 163.023 97.2235 29.9403 163.128 97.4346 29.9403 163.128 97.4346 
29.896 163.472 98.3527 29.8813 163.648 98.6345 29.8959 163.72 98.761 
29.8882 163.953 99.0437 29.9319 164.257 99.5808 29.8891 164.836 100.398 
29.9125 164.975 100.792 29.7046 165.744 102.239 29.6933 165.761 102.267 
29.5727 166.45 103.663 29.5924 166.494 103.758 29.5203 167.125 104.78 
29.5081 167.183 104.934 29.4854 167.461 105.521 29.5577 167.581 105.8 
29.5612 168.252 106.948 29.6238 168.471 107.693 29.6792 168.594 108.291 
29.6779 168.601 108.305 29.6309 168.931 109 29.7573 169.608 110.554 
29.7215 169.715 110.761 29.866 170.01 112.237 29.8669 170.013 112.249 
29.8669 170.013 112.249 30.3623 170.247 113.99 30.4112 170.224 114.19 
30.536 170.19 114.602 30.5439 170.185 114.629 30.5901 170.173 114.772 
30.6002 170.177 114.81 30.6002 170.177 114.81 30.6666 170.205 115.061 
31.1955 170.138 116.124 31.6534 170.002 116.791 31.86 169.952 117.033 
32.0279 169.851 117.265 32.0279 169.851 117.265 32.1448 169.786 117.518 
32.519 169.479 118.398 32.5224 169.476 118.405 32.6536 169.354 118.657 
32.6536 169.354 118.657 32.7585 169.256 118.858 33.0211 169.095 119.473 
33.1369 168.999 119.778 33.4591 168.727 120.462 33.5457 168.678 120.697 
33.8328 168.405 121.902 33.8505 168.391 122.022 33.8505 168.391 122.022 
33.8958 168.31 122.288 34.0092 168.178 123.602 33.9948 168.175 124.21 
33.881 168.271 124.921 33.8545 168.351 125.733 33.9025 168.444 126.651 
33.904 168.472 126.74 33.8868 168.504 127.159 33.7674 168.693 128.281 
33.767 168.966 129.033 33.7626 169.116 130.08 33.7547 169.23 130.388 
33.7438 169.33 130.577 33.718 169.419 130.787 33.7066 169.437 130.839 
33.7062 169.438 130.841 33.6047 169.551 131.345 33.5851 169.621 131.625 
33.5761 169.651 131.713 33.5404 169.764 131.905 33.3502 170.09 132.675 
33.314 170.346 133.572 33.3226 170.449 133.85 33.3226 170.45 133.852 
33.2502 170.569 134.414 33.2477 170.586 134.538 33.2381 170.582 134.623 
33.2127 170.626 135.577 33.1876 170.706 135.774 33.1586 170.915 136.402 
33.1114 171.277 137.023 33.0732 171.562 137.875 33.0705 171.613 137.982 
33.1365 171.746 138.325 33.1205 171.808 138.537 33.0673 171.882 138.913 
33.0471 172.104 139.45 32.9684 172.368 140.396 32.9524 172.388 140.609 
32.9305 172.676 141.496 32.9317 172.68 141.517 32.9132 172.73 141.715 
32.894 172.815 141.929 32.8943 172.926 142.162 32.8694 173.056 142.552 
32.8702 173.134 142.745 32.8701 173.161 142.8 32.8704 173.162 142.803 
32.8799 173.217 142.924 32.9646 173.475 144.077 32.965 173.479 144.089 
32.9141 173.736 144.836 33.0113 173.968 145.514 33.0392 173.968 145.782 
33.0894 173.943 146.094 33.0681 173.978 146.345 33.1359 173.877 146.982 
33.2442 173.807 147.724 33.3681 173.895 148.308 33.418 173.933 148.566 
33.4241 173.934 148.603 33.4241 173.934 148.603 33.4907 173.952 148.852 
33.5176 173.98 149.077 33.5404 174.007 149.184 33.6173 174.18 149.713 
33.6081 174.196 149.796 33.5783 174.246 150.096 33.5812 174.255 150.172 
33.5512 174.428 151.132 33.5437 174.437 151.154 33.5437 174.437 151.154 
33.5366 174.663 152.012 33.5102 174.765 152.2 33.4859 174.9 152.406 
33.362 175.32 153.107 33.3573 175.349 153.137 33.3573 175.349 153.137 
33.2082 175.708 153.358 32.9579 176.123 153.582 32.8448 176.32 153.644 
32.8137 176.389 153.657 32.7048 176.557 153.693 32.467 176.956 153.74 
32.4361 176.996 153.74 32.2313 177.212 153.742 32.1549 177.308 153.745 
31.8352 177.628 153.714 31.6045 177.877 153.712 31.3386 178.142 153.7 
30.9628 178.404 153.538 30.607 178.838 153.393 30.4167 178.989 153.29 
30.0528 179.284 153.19 29.6563 179.519 152.918 29.6412 179.532 152.904 
29.5015 179.644 152.805 29.3415 179.847 152.661 29.0468 180.05 152.482 
29.0456 180.051 152.481 28.657 180.333 152.065 28.6159 180.363 151.984 
28.5702 180.395 151.906 28.5702 180.395 151.906 28.5435 180.416 151.869 
28.2817 180.605 151.512 28.1206 180.699 151.287 27.9259 180.814 151.039 
27.6209 180.871 150.585 27.3073 180.994 150.135 27.1065 181.121 149.553 
26.9849 181.18 149.261 26.886 181.196 148.893 26.6976 181.42 148.184 
26.5912 181.401 147.801 26.5858 181.403 147.758 26.4134 181.442 146.921 
26.3154 181.755 146.176 26.2864 181.774 146.07 26.2864 181.774 146.07 
26.281 181.771 146.049 26.281 181.771 146.049 26.275 181.732 145.77 
26.2103 181.667 145.534 26.21 181.667 145.534 26.022 181.577 144.543 
26.0287 181.633 144.172 26.0294 181.695 144.016 26.0294 181.695 144.016 
26.0642 181.81 143.028 26.0353 181.831 142.76 26.0473 181.816 142.626 
26.0739 181.869 142.295 26.1248 181.892 141.985 26.1855 181.883 140.806 
26.3484 181.882 140.284 26.3582 181.926 139.693 26.264 181.884 139.373 
26.2586 181.877 139.346 26.2357 181.677 138.684 26.2342 181.674 138.664 
25.7495 180.93 137.889 25.2228 179.39 137.307 25.1921 179.34 137.313 
25.1747 179.313 137.318 25.0779 179.208 137.368 25.0759 179.206 137.369 
24.3454 178.247 137.54 24.3328 178.235 137.549 24.3328 178.235 137.549 
24.0796 177.666 138.073 23.893 177.506 138.616 23.7141 177.308 139.087 
23.7031 177.291 139.112 23.6943 177.271 139.149 23.6776 177.2 139.294 
23.6257 177.038 139.854 23.6623 176.867 140.489 23.6606 176.849 140.669 
23.6685 176.816 140.989 23.6184 176.553 141.762 23.6503 176.491 142.156 
23.6477 176.49 142.189 23.6482 176.382 142.753 23.6503 176.329 142.94 
23.6503 176.328 142.943 23.7348 176.398 143.988 23.7331 176.356 144.165 
23.7559 176.309 144.59 23.8121 176.331 144.948 23.8081 176.308 145.139 
23.8828 176.269 145.741 24.0216 176.252 146.131 24.075 176.28 146.297 
24.1338 176.288 146.466 24.164 176.292 146.537 24.196 176.292 146.627 
24.2056 176.294 146.653 24.2636 176.278 146.846 24.2661 176.276 146.854 
24.2852 176.263 146.96 24.431 176.242 147.744 24.4394 176.248 147.782 
24.4977 176.256 148.1 24.4985 176.256 148.107 24.5166 176.22 148.244 
24.5373 176.207 148.316 24.5501 176.203 148.366 24.5788 176.192 148.446 
24.6363 176.18 148.63 24.638 176.179 148.635 24.7056 176.132 148.922 
24.7062 176.131 148.925 24.7209 176.128 148.988 24.7511 176.112 149.079 
24.752 176.111 149.082 24.8006 176.081 149.309 24.9266 175.995 149.732 
25.0209 176.051 150.015 25.0583 176.062 150.177 25.1314 176.071 150.376 
25.2809 176.148 150.693 25.4303 176.163 151.434 25.4739 176.317 151.765 
25.6275 176.433 152.302 25.6347 176.433 152.321 25.7052 176.435 152.606 
25.8279 176.395 153.559 26.1127 176.604 154.517 26.1741 176.592 154.818 
26.1871 176.584 154.855 26.2536 176.572 155.057 26.4033 176.632 155.785 
26.4261 176.651 155.963 26.4459 176.694 156.162 26.4515 176.786 156.687 
26.5271 176.799 157.06 26.547 176.839 157.279 26.571 176.887 157.498 
26.7207 177.111 158.525 26.7887 177.119 158.84 27.0403 177.217 159.33 
27.2159 177.331 159.746 27.6688 177.555 160.52 27.6858 177.561 160.556 
27.9724 177.633 160.857 28.436 177.828 161.457 28.7484 177.851 161.804 
28.8389 177.873 161.897 29.0074 177.872 162.082 29.1634 177.886 162.219 
29.6324 177.886 162.657 29.7073 177.866 162.702 30.5371 177.648 163.358 
30.5846 177.641 163.373 30.5846 177.641 163.373 30.8363 177.601 163.511 
31.3129 177.466 163.713 31.535 177.378 163.803 31.6299 177.352 163.844 
31.8646 177.264 163.94 32.536 177.119 164.268 32.6045 177.096 164.319 
32.7072 177.051 164.366 33.0453 176.946 164.531 33.3672 176.888 164.654 
34.4313 176.402 165.284 34.5942 176.382 165.4 34.9662 176.263 165.677 
34.9956 176.26 165.701 35.076 176.247 165.778 35.2877 176.199 165.977 
35.5075 176.176 166.227 35.5257 176.17 166.254 35.7791 176.139 166.637 
35.7852 176.137 166.645 35.8675 176.121 166.732 36.2345 176.073 167.237 
36.3034 176.072 167.299 36.3265 176.073 167.328 36.4727 176.045 167.504 
36.6291 176.014 167.75 36.7117 176.017 167.865 36.9389 176.059 168.206 
37.0812 176.057 168.589 37.1169 176.056 168.662 37.1176 176.056 168.663 
37.1479 176.062 168.721 37.3034 176.138 168.993 37.3944 176.219 169.218 
37.5111 176.405 169.538 37.5792 176.494 169.77 37.6152 176.558 169.872 
37.6157 176.559 169.874 37.6634 176.642 170.004 37.6799 176.695 170.083 
37.6929 176.773 170.192 37.7103 177.006 170.424 37.7031 177.052 170.47 
37.6826 177.21 170.609 37.6655 177.313 170.673 37.63 177.408 170.773 
37.6142 177.62 171.093 37.5902 177.668 171.171 37.4466 178.02 171.497 
37.421 178.071 171.567 37.2279 178.418 171.925 37.0847 178.707 172.336 
36.9864 178.846 172.439 36.9853 178.847 172.44 36.838 179.021 172.543 
36.7965 179.064 172.562 36.6973 179.156 172.581 36.6965 179.156 172.581 
36.24 179.666 172.823 36.1252 179.75 172.872 35.8175 180.026 173.01 
35.7952 180.041 173.026 35.404 180.25 173.134 35.4024 180.251 173.134 
34.9908 180.506 173.18 34.9535 180.531 173.196 34.5477 180.78 173.433 
34.4204 180.848 173.479 34.3628 180.874 173.499 33.889 181.288 173.732 
33.8065 181.355 173.772 33.6407 181.416 173.837 33.5249 181.487 173.886 
33.015 181.804 174.021 32.8823 181.851 174.031 32.8092 181.898 174.029 
32.0906 182.31 174.108 32.0592 182.324 174.112 32.0322 182.343 174.11 
31.8747 182.413 174.1 31.5258 182.674 174.129 31.2672 182.821 174.158 
30.9689 182.99 174.125 30.2477 183.184 174.116 30.0487 183.307 174.097 
29.821 183.437 174.048 28.9948 183.842 174.004 28.7749 183.997 174 
28.7542 184.013 173.996 28.3678 184.205 173.937 28.088 184.309 173.925 
27.714 184.515 173.921 27.454 184.73 173.929 26.737 185.097 173.976 
26.6268 185.16 173.969 26.6056 185.17 173.965 26.1075 185.463 173.872 
25.8515 185.663 173.892 25.5859 185.818 173.911 25.1974 186.119 173.971 
25.09 186.194 173.98 25.0564 186.217 173.983 25.0311 186.232 173.983 
24.598 186.509 174.046 24.0824 186.791 174.161 23.3988 187.447 174.287 
23.3542 187.492 174.307 23.286 187.551 174.331 23.2695 187.567 174.335 
23.1753 187.645 174.348 22.8791 187.866 174.354 22.7394 187.987 174.396 
22.0301 188.67 174.814 21.8427 188.888 174.831 21.8119 188.951 174.833 
21.7321 189.051 174.842 21.1088 189.65 174.955 20.5688 190.183 175.294 
20.2689 190.382 175.451 20.2261 190.436 175.458 19.9583 190.721 175.564 
19.9539 190.725 175.566 19.6755 191.028 175.714 19.6589 191.044 175.722 
19.4416 191.257 175.887 19.2646 191.431 176.002 19.1505 191.505 176.081 
18.6075 191.931 176.599 18.5513 191.966 176.662 18.2621 192.135 176.901 
17.9398 192.327 177.298 17.3051 192.868 178.013 17.1726 193.027 178.254 
17.0095 193.126 178.449 16.4664 193.592 179.368 16.4622 193.598 179.386 
16.3562 193.708 179.666 16.2241 193.931 180.121 16.0473 194.181 180.584 
15.8015 194.252 181.199 15.7894 194.265 181.236 15.7527 194.338 181.403 
15.6355 194.426 182.023 15.533 194.548 182.551 15.5232 194.572 182.815 
15.4631 194.624 183.021 15.3883 194.672 183.261 15.2484 194.629 184.132 
15.2132 194.608 184.567 15.2141 194.608 184.572 15.063 194.583 185.639 
15.0577 194.578 185.665 14.858 194.556 186.176 14.8038 194.575 186.366 
14.6123 194.619 186.745 14.5146 194.705 187.031 14.1229 194.887 187.583 
13.9691 195.159 187.956 13.8608 195.356 188.133 13.6872 195.96 188.531 
13.5138 196.531 188.737 13.5449 196.94 188.833 13.4422 197.846 188.809 
13.4298 198.414 188.589 13.5166 198.837 188.426 13.5574 199.101 188.222 
13.5665 199.119 188.201 13.6157 199.209 188.107 13.7568 199.373 187.895 
13.851 199.505 187.719 13.8554 199.513 187.708 13.8862 199.587 187.608 
13.9232 199.701 187.42 14.0759 200.011 186.858 14.1003 200.057 186.777 
14.2388 200.144 186.598 14.6168 200.434 186.067 14.7028 200.524 185.95 
14.7202 200.544 185.922 14.9102 200.797 185.748 14.9909 200.905 185.665 
15.1731 201.094 185.424 15.6508 201.516 185.109 15.6574 201.523 185.104 
16.0266 201.849 184.926 16.2782 202.142 184.786 16.2833 202.15 184.784 
16.3436 202.213 184.777 16.3641 202.236 184.777 16.402 202.281 184.774 
17.1601 202.977 184.675 17.1917 203.13 184.684 17.3973 203.756 184.783 
17.5055 203.973 184.89 17.6171 204.206 185.093 17.7391 204.377 185.267 
17.8755 205.23 186.082 17.9164 205.353 186.246 17.8527 205.556 186.707 
17.844 205.561 186.729 17.8117 205.599 186.84 17.7526 205.623 187.119 
17.7499 205.622 187.131 17.676 205.616 187.513 17.6718 205.617 187.532 
17.5726 205.564 188.127 17.487 205.573 188.354 17.0229 205.26 189.424 
16.5413 205.103 190.053 16.4729 205.069 190.202 16.0412 204.758 190.911 
16.0078 204.716 190.988 15.8865 204.62 191.192 15.6863 204.318 191.84 
15.6413 204.186 191.989 15.4436 203.537 192.71 15.4007 203.312 192.88 
15.3179 203.016 193.217 15.3071 202.8 193.386 15.3135 202.548 193.621 
15.3143 202.479 193.668 15.3919 201.897 194.159 15.3953 201.809 194.224 
15.3983 201.786 194.245 15.462 201.563 194.445 15.6191 201.116 194.736 
15.7708 200.727 194.976 15.7891 200.653 195.021 15.7891 200.653 195.021 
15.9997 200.334 195.194 16.1244 200.124 195.328 16.3906 199.775 195.517 
16.3971 199.768 195.52 16.5448 199.529 195.656 16.6834 199.3 195.736 
16.8225 199.052 195.842 16.8824 198.972 195.872 16.9313 198.912 195.888 
16.9329 198.91 195.889 17.1572 198.6 195.925 17.17 198.584 195.925 
17.5229 198.122 195.989 17.5296 198.111 195.989 18.3 197.256 195.885 
18.524 197.11 195.852 19.327 196.52 195.977 19.5675 196.385 195.936 
19.9944 196.078 195.886 20.2486 195.975 195.885 20.2496 195.975 195.885 
20.6135 195.798 195.901 20.6317 195.788 195.902 21.0375 195.538 195.828 
21.1026 195.488 195.842 22.2515 195.042 195.925 22.6001 194.956 196.07 
22.6312 194.948 196.078 23.1601 194.774 196.26 23.3701 194.746 196.334 
24.3956 194.588 196.722 24.41 194.589 196.729 24.6353 194.583 196.872 
24.6353 194.583 196.872 24.7243 194.581 196.928 24.8381 194.593 196.981 
25.066 194.584 197.044 25.279 194.578 197.073 25.566 194.525 197.105 
26.0039 194.541 197.147 26.9086 194.553 196.787 26.9086 194.553 196.787 
27.909 194.766 196.648 28.2017 194.86 196.591 28.5135 194.969 196.416 
28.5794 194.995 196.382 28.6712 195.039 196.337 28.9025 195.134 196.228 
28.9125 195.138 196.225 29.4208 195.326 196.03 29.5707 195.448 195.932 
29.643 195.481 195.879 29.8833 195.625 195.661 29.9983 195.68 195.571 
30.102 195.767 195.441 30.302 195.915 195.236 30.3566 195.955 195.165 
30.6307 196.171 194.85 30.7028 196.237 194.734 30.7161 196.252 194.714 
30.7161 196.252 194.714 30.7912 196.305 194.621 30.8161 196.325 194.592 
31.0726 196.61 194.28 31.0836 196.625 194.263 31.0836 196.625 194.263 
31.3096 197.049 193.836 31.3971 197.128 193.765 31.8649 197.499 193.26 
32.1536 197.653 193.074 32.2926 197.729 193.01 32.4208 197.776 192.969 
32.6874 197.923 192.96 32.7875 197.972 192.959 33.2306 198.225 192.828 
33.8215 198.614 192.797 33.8215 198.614 192.797 34.1624 199.005 192.674 
34.7945 199.327 192.613 34.9146 199.382 192.654 34.9165 199.383 192.655 
35.2653 199.499 192.703 35.6377 199.711 192.749 35.6778 199.727 192.755 
35.951 199.83 192.816 35.9809 199.862 192.814 35.9809 199.862 192.814 
36.5649 200.228 192.742 36.5697 200.231 192.742 36.6097 200.255 192.744 
36.6097 200.255 192.744 37.2663 200.595 192.928 37.6548 200.875 192.934 
37.7847 200.978 193.045 38.398 201.279 193.302 38.4038 201.282 193.305 
38.7088 201.39 193.375 38.7749 201.426 193.416 38.8699 201.467 193.489 
39.0592 201.599 193.656 39.2573 201.744 193.798 39.5567 201.982 193.941 
39.7003 202.07 194.07 40.2512 202.495 194.301 40.2939 202.519 194.339 
40.5084 202.615 194.465 40.8143 202.764 194.605 40.8439 202.783 194.615 
41.4836 203.155 194.93 41.5294 203.237 194.971 41.6121 203.315 195.01 
41.6121 203.315 195.01 42.2779 203.808 195.433 42.2936 203.819 195.446 
42.2936 203.819 195.446 42.4907 204.106 195.628 42.5501 204.145 195.659 
42.6457 204.221 195.701 43.0455 204.602 195.804 43.0508 204.606 195.807 
43.1188 204.64 195.841 43.7381 205.097 196.153 43.9834 205.214 196.147 
44.5146 205.315 196.262 44.6011 205.319 196.256 44.9109 205.329 196.259 
44.9353 205.332 196.264 44.9884 205.345 196.282 44.9884 205.345 196.282 
45.231 205.403 196.364 45.5055 205.38 196.404 46.1167 205.283 196.418 
46.1167 205.283 196.418 46.1637 205.275 196.419 46.2412 205.26 196.401 
46.2412 205.26 196.401 46.3027 205.248 196.386 47.0813 204.987 196.54 
47.2161 204.946 196.49 47.2161 204.946 196.49 47.768 204.625 196.528 
47.8754 204.487 196.524 47.9851 204.212 196.488 48.0154 204.132 196.46 
48.2361 203.766 196.485 48.3763 203.566 196.494 48.3956 203.538 196.502 
48.7626 203.012 196.59 48.8508 202.864 196.55 48.9708 202.044 196.688 
49.0202 201.742 196.704 48.9956 201.37 196.588 48.9608 201.229 196.585 
48.9012 200.848 196.53 48.8324 200.488 196.551 48.7952 200.347 196.585 
48.7661 200.275 196.585 48.6516 199.966 196.635 48.623 199.894 196.657 
48.5546 199.445 196.728 48.4875 199.238 196.767 48.4806 199.229 196.769 
48.3382 198.808 196.859 48.0347 198.121 197.12 47.7542 197.247 197.225 
47.7575 197.149 197.223 47.7618 197.047 197.243 47.7475 196.964 197.26 
47.5674 196.261 197.423 47.5539 196.063 197.441 47.4039 195.525 197.75 
47.4005 195.226 197.75 47.3178 194.92 197.75 47.2789 194.701 197.754 
47.2667 194.633 197.772 47.2584 194.522 197.811 47.2638 193.605 197.943 
47.2595 193.595 197.948 47.2595 193.595 197.948 47.2051 193.447 197.999 
47.1909 193.397 198.028 47.2533 192.753 198.303 47.2761 192.7 198.326 
47.3561 192.194 198.647 47.4423 192.012 198.672 47.5653 191.118 199.105 
47.5437 191.039 199.157 47.5437 191.039 199.157 47.5323 190.977 199.171 
47.5783 190.609 199.35 47.6205 190.486 199.464 47.6946 190.148 199.695 
47.7035 190.12 199.711 47.7159 189.921 199.937 47.7564 189.846 200.021 
47.8321 189.731 200.173 47.8584 189.681 200.25 47.9963 189.538 200.482 
48.0561 189.472 200.573 48.2124 189.384 200.763 48.3224 189.295 200.9 
48.7203 189.146 201.236 48.9155 189.102 201.453 49.2934 188.814 201.77 
49.3211 188.809 201.794 49.6003 188.788 202.24 49.8098 188.838 202.585 
49.9653 188.711 202.798 50.4059 188.564 203.576 50.4083 188.563 203.578 
50.8136 188.634 204.09 51.1187 188.477 204.465 51.1187 188.477 204.465 
51.3128 188.377 204.704 51.4929 188.394 204.821 51.8663 188.286 204.971 
51.9169 188.289 205.02 52.0717 188.212 205.295 52.1078 188.207 205.328 
52.1078 188.207 205.328 52.6669 188.125 205.842 52.898 188.027 206.268 
53.1706 187.837 206.649 53.4361 187.5 206.96 53.5654 187.289 207.078 
53.6335 187.205 207.173 53.6335 187.205 207.173 53.779 186.941 207.336 
53.7808 186.938 207.338 53.8686 186.718 207.408 53.8693 186.716 207.409 
53.8485 186.433 207.362 53.8633 186.401 207.369 53.9487 186.045 207.521 
54.0375 185.928 207.543 54.319 185.287 207.877 54.3719 185.254 207.879 
54.6792 184.988 207.82 54.7994 184.913 207.86 54.7994 184.913 207.86 
55.0083 184.666 208.081 55.0428 184.623 208.132 55.0451 184.616 208.135 
55.0451 184.616 208.135 55.2518 184.289 208.152 55.2692 184.254 208.166 
55.5971 183.736 208.438 55.5978 183.728 208.454 55.8 183.344 208.485 
55.8048 183.339 208.49 55.8048 183.339 208.49 55.8405 183.234 208.562 
55.8408 183.233 208.562 56.1026 182.703 208.691 56.1123 182.62 208.754 
56.3442 182.175 208.874 56.4693 181.993 208.906 56.6661 181.569 209.029 
56.7031 181.367 209.072 56.7425 181.141 209.176 56.7463 181.118 209.194 
56.8137 180.817 209.317 56.8683 180.636 209.303 56.8687 180.635 209.303 
56.971 180.236 209.444 57.0004 180.02 209.533 57.0605 179.77 209.64 
57.0457 179.648 209.668 57.0454 179.646 209.669 57.1939 179.259 209.84 
57.2308 179.16 209.879 57.2419 179.08 209.925 57.2948 178.892 209.941 
57.3562 178.627 210.043 57.3617 178.59 210.077 57.3619 178.588 210.078 
57.4466 178.181 210.15 57.4567 177.95 210.291 57.4218 177.601 210.244 
57.3278 177.09 210.302 57.3078 177.062 210.308 57.2311 176.802 210.424 
57.2292 176.8 210.424 57.2012 176.637 210.444 57.1625 176.257 210.601 
57.1478 176.211 210.632 57.0698 176.043 210.691 57.0028 175.822 210.732 
56.9425 175.551 210.848 56.7949 175.223 210.829 56.7872 175.183 210.839 
56.7685 175.13 210.858 56.7685 175.13 210.858 56.7605 175.111 210.863 
56.7605 175.111 210.863 56.7233 175.011 210.933 56.7027 174.974 210.955 
56.5175 174.42 210.981 56.3238 174.225 211.112 56.155 173.885 211.103 
55.8199 173.526 211.204 55.7303 173.393 211.178 55.4759 173.125 211.108 
55.3948 173.057 211.116 55.2787 172.971 211.095 55.0928 172.845 211.124 
54.8436 172.602 211.243 54.81 172.584 211.251 54.6699 172.489 211.291 
54.3703 172.226 211.325 54.1349 172.139 211.243 53.8904 172.009 211.272 
53.8213 171.961 211.299 53.2731 171.731 211.247 53.1079 171.638 211.218 
52.5574 171.524 211.193 52.0379 171.407 211.148 51.9596 171.383 211.15 
51.9596 171.383 211.15 51.8329 171.381 211.103 51.4948 171.393 211.077 
51.3057 171.426 211.112 51.3026 171.426 211.113 50.6192 171.567 210.866 
50.3497 171.626 210.932 50.3314 171.629 210.931 49.9364 171.701 210.81 
49.6888 171.742 210.748 49.5516 171.775 210.755 49.5505 171.775 210.755 
49.0826 171.962 210.649 48.6333 172.101 210.757 48.615 172.107 210.765 
48.4064 172.248 210.724 47.9849 172.43 210.759 47.37 172.652 210.844 
47.227 172.722 210.938 46.7674 172.861 211.118 46.4443 173.047 211.293 
46.2011 173.198 211.442 45.9932 173.366 211.753 45.9885 173.37 211.758 
45.6864 173.562 211.971 45.602 173.68 212.157 45.5604 173.712 212.201 
45.4032 173.825 212.481 45.2743 173.922 212.621 45.2591 173.936 212.634 
45.2428 173.952 212.654 45.1314 174.073 212.879 45.1193 174.081 212.889 
45.1143 174.087 212.895 45.0392 174.229 213.128 44.9058 174.338 213.512 
44.904 174.34 213.517 44.8982 174.375 213.553 44.8825 174.515 213.962 
44.8963 174.576 214.202 44.9369 174.62 214.328 44.9556 174.828 214.77 
44.9543 174.83 214.773 45.0674 174.993 215.349 45.0363 175.026 215.412 
45.0079 175.095 215.612 45.0041 175.098 215.619 44.9948 175.103 215.636 
44.9436 175.152 215.958 44.9522 175.143 216.001 45.051 175.139 216.271 
45.0569 175.138 216.302 44.9802 175.132 216.889 45.0243 175.121 217 
45.1677 175.211 217.419 45.2365 175.218 217.647 45.2583 175.209 217.731 
45.3828 175.192 217.967 45.3908 175.189 217.983 45.4061 175.176 218.023 
45.4354 175.159 218.088 45.4726 175.137 218.147 45.7801 174.876 218.473 
45.8238 174.835 218.503 45.8595 174.805 218.559 45.8765 174.79 218.591 
45.877 174.789 218.592 46.2455 174.55 219.001 46.5672 174.175 219.183 
46.6497 174.11 219.277 46.7343 174.02 219.359 46.8583 173.895 219.436 
47.0275 173.72 219.492 47.3616 173.48 219.753 47.4791 173.353 219.784 
47.5014 173.319 219.78 47.5223 173.275 219.78 47.7234 173.028 219.875 
48.0811 172.534 220.065 48.1466 172.467 220.065 48.1616 172.448 220.071 
48.2597 172.366 220.102 48.2918 172.353 220.116 49.0089 171.772 220.144 
49.1014 171.655 220.226 49.1206 171.632 220.251 49.1206 171.632 220.251 
49.3458 171.307 220.376 49.5514 171.07 220.391 49.7074 170.899 220.333 
49.77 170.834 220.335 49.9148 170.709 220.287 -53.3182 99.244 -7.5987 
-51.9046 105.828 -4.50499 -51.4202 106.312 -4.12445 -51.2867 106.544 -3.97217 
-51.1848 106.706 -3.86445 -50.2745 108.184 -2.83509 -49.8391 108.718 -2.4433 
-49.0008 110.111 -1.56099 -48.8877 110.343 -1.40359 -48.1262 111.311 -0.812587 
-46.953 112.685 0.0165259 -45.3248 115.547 1.21188 -44.5527 116.517 1.70514 
-44.5475 116.522 1.70844 -43.1287 119.294 2.7711 -40.5043 122.503 4.38764 
-39.9417 123.148 4.91528 -39.6835 123.39 5.14759 -37.7837 125.215 5.5887 
-36.3717 126.29 6.03041 -35.4315 127.226 6.1324 -34.5178 128.143 6.35663 
-33.5139 129.126 6.71536 -33.4722 129.167 6.72727 -30.5958 131.641 8.00763 
-29.9772 132.176 7.99225 -28.8534 133.177 8.07144 -28.0571 133.763 8.12566 
-24.1604 136.353 8.83037 -23.6188 136.67 8.93022 -23.4448 136.762 8.96557 
-23.1768 136.925 9.00883 -22.4675 137.373 9.17033 -22.0984 137.697 9.24593 
-21.5719 138.181 9.21134 -19.7832 139.815 8.9538 -19.7832 139.815 8.9538 
-19.0915 140.447 8.85421 -18.7369 140.675 8.66544 -16.5097 142.091 7.45014 
-15.9877 142.503 7.14325 -15.3708 143.017 6.78354 -14.6322 143.608 6.40118 
-13.2945 144.596 5.70181 -10.9451 145.84 4.21725 -10.9451 145.84 4.21725 
-8.14436 147.323 2.44751 -5.83559 147.631 1.23636 -2.12709 148.391 -1.19847 
-0.943853 148.658 -2.41167 -0.943853 148.658 -2.41167 -0.728333 148.707 -2.63265 
-0.499975 148.743 -2.84398 0.106442 148.815 -3.30436 2.53934 149.356 -4.27016 
2.5913 149.371 -4.29769 6.69872 150.912 -5.72749 7.77139 151.239 -6.50774 
8.61785 151.803 -7.27674 8.63976 151.821 -7.29894 9.02483 152.063 -7.64908 
9.71078 152.234 -8.17078 9.71078 152.234 -8.17078 12.7248 152.987 -10.4631 
13.2525 153.119 -10.9039 13.8222 153.11 -11.2611 16.1776 152.912 -12.6951 
17.5047 152.562 -13.4304 19.3783 152.716 -13.2912 19.3783 152.716 -13.2912 
21.1295 152.86 -13.161 21.154 152.865 -13.1522 21.154 152.865 -13.1522 
22.7055 153.106 -12.5722 25.3628 153.305 -11.5103 26.3775 153.378 -11.1298 
27.1614 153.643 -10.5398 27.3732 153.627 -10.174 27.5627 153.546 -9.86172 
28.2252 153.512 -8.45162 28.3907 153.47 -8.02264 28.8381 153.518 -6.78485 
28.8723 153.516 -6.63384 28.8806 153.51 -6.59473 28.8806 153.51 -6.59473 
29.2362 153.244 -4.91285 29.4853 153.327 -3.55915 29.599 153.297 -3.04304 
29.6197 153.278 -2.85843 29.6525 153.243 -2.10526 29.6861 153.169 -1.60438 
29.6904 153.158 -1.55039 29.7058 153.122 -1.42588 29.6718 152.865 -0.244122 
29.5587 152.67 0.638197 29.368 152.358 1.71975 29.3412 152.356 1.81128 
28.6407 151.714 3.65695 28.4615 151.589 4.02141 28.3296 151.48 4.38373 
28.2914 151.397 4.48792 27.0409 149.766 6.56685 26.8341 149.592 6.74503 
26.4991 149.299 7.09774 25.8077 148.451 8.40204 24.3902 147.227 9.78236 
24.1814 147.162 10.0273 23.1686 146.195 11.4223 23.1011 146.154 11.469 
22.2126 145.445 12.3675 21.1045 144.186 13.1427 20.8534 143.785 13.4879 
20.5206 143.351 13.9131 19.9276 142.64 14.7267 19.8122 142.446 14.9241 
19.4142 142.134 15.2995 18.5402 141.295 16.4585 17.8138 140.25 17.4237 
17.4708 139.79 17.8626 16.8483 139.053 18.6947 16.699 138.825 18.888 
16.6886 138.816 18.9032 16.2551 138.453 19.6298 15.6406 137.82 20.7871 
15.6337 137.815 20.7964 15.1257 137.223 21.629 15.111 137.204 21.6516 
15.1104 137.204 21.6525 14.2425 135.958 23.434 14.1842 135.842 23.6352 
13.8951 135.442 24.2204 13.854 135.392 24.2817 13.7577 135.184 24.5407 
13.034 134.158 26.3654 12.8794 133.924 26.7905 12.89 133.813 26.9828 
12.7573 133.612 27.6779 12.5044 133.288 29.0425 12.495 133.269 29.1098 
12.4772 133.206 29.3084 12.464 133.166 29.4702 12.1968 132.719 30.8046 
12.1966 132.719 30.8059 12.0996 132.536 31.1437 11.8706 132.295 31.7819 
11.5576 132.262 32.5255 11.4537 132.27 32.6862 11.4537 132.27 32.6862 
10.6796 132.327 33.883 10.4338 132.495 34.5869 10.3123 132.542 34.8053 
10.0135 132.757 35.4119 10.0123 132.758 35.4143 9.67563 132.845 36.0942 
9.61333 132.888 36.2804 9.55328 132.935 36.4078 9.42343 133.064 36.7658 
9.36972 133.098 36.9093 9.2819 133.191 37.187 9.12128 133.365 37.6481 
9.12128 133.365 37.6481 9.08112 133.408 37.7634 9.07275 133.428 37.8102 
8.94713 133.728 38.3846 8.92417 133.811 38.572 8.72315 134.5 39.9529 
8.69128 134.566 40.0414 8.34933 134.984 40.8109 8.28893 135.145 41.213 
8.2797 135.238 41.393 8.23842 135.422 41.7078 8.15218 136.198 42.5489 
8.14223 137.009 43.8812 8.19918 137.365 44.3169 8.1605 138.099 45.0165 
8.17562 138.372 45.3958 8.18944 138.446 45.5286 8.10015 139.731 46.8593 
8.09352 139.776 46.891 8.05545 139.954 47.0185 8.00119 140.236 47.3093 
8.00918 140.5 47.595 7.95793 140.975 48.0956 8.05772 141.668 48.5926 
7.80944 142.65 49.4171 7.72159 142.843 49.5949 7.65053 143.071 49.8161 
7.5994 143.317 50.134 7.10171 144.268 51.2732 7.10148 144.269 51.2741 
7.10148 144.269 51.2741 6.94931 144.589 51.5017 6.85722 144.809 51.6858 
6.64327 145.282 52.0167 6.49539 145.683 52.3607 6.49256 145.689 52.3652 
6.19043 146.429 52.8935 6.19002 146.433 52.8966 5.59455 147.394 53.8286 
5.41424 147.566 54.0152 4.81957 148.611 54.9893 4.47431 149.249 55.4652 
4.1825 149.671 55.7466 3.54489 150.308 56.3931 3.40696 150.421 56.5244 
3.09147 150.797 56.9462 2.87835 150.977 57.1933 1.92989 151.913 58.0648 
1.74021 152.191 58.4312 1.70925 152.24 58.4994 1.54242 152.478 58.7683 
1.32474 153.029 59.4459 0.993791 153.562 60.0712 0.880464 154.247 61.301 
0.888985 154.369 61.485 0.899694 154.428 61.579 1.3107 154.971 62.882 
1.39204 155.015 63.0188 1.67277 155.147 63.459 2.23883 155.42 64.1761 
2.77661 155.506 64.6155 3.22161 155.616 65.0073 3.88914 155.704 65.5396 
4.2245 155.781 65.7357 5.69036 155.709 66.5028 6.20653 155.73 66.8477 
6.68828 155.697 67.1155 6.70828 155.701 67.1268 7.49662 155.673 67.5909 
8.36581 155.589 67.9857 8.7486 155.607 68.192 8.77814 155.608 68.2018 
9.02846 155.584 68.316 10.2893 155.657 68.906 10.6688 155.584 69.1205 
10.8054 155.57 69.1725 10.8112 155.57 69.1748 11.9706 155.526 69.5944 
12.126 155.548 69.696 13.4703 155.452 70.3854 13.5737 155.438 70.4383 
13.7528 155.44 70.5283 14.559 155.411 71.045 14.7211 155.402 71.1724 
15.2735 155.403 71.5209 15.2996 155.405 71.5416 15.4599 155.387 71.6456 
16.3803 155.334 72.3558 16.475 155.348 72.4071 16.4774 155.349 72.4084 
17.4315 155.377 73.0119 17.6959 155.408 73.2208 18.167 155.492 73.5133 
19.4429 155.422 74.6661 20.6513 155.365 75.5678 20.7401 155.361 75.6725 
21.3036 155.412 76.1495 21.6911 155.467 76.51 21.8597 155.484 76.6624 
22.3366 155.604 77.3184 22.4585 155.633 77.4484 23.0809 155.686 78.3228 
23.2013 155.724 78.4652 23.4212 155.818 78.7585 23.8533 155.98 79.3029 
23.9702 156.01 79.4274 23.996 156.015 79.4488 24.2455 156.063 79.6383 
24.498 156.131 79.9156 24.8552 156.255 80.3878 24.8582 156.256 80.3918 
25.2691 156.428 81.0024 25.8081 156.564 81.9528 25.8476 156.583 82.0121 
26.2785 156.878 82.6825 26.5325 157.158 83.2118 26.6691 157.254 83.4728 
26.6766 157.257 83.484 26.8004 157.315 83.6591 27.0225 157.437 84.0327 
27.3084 157.649 84.6274 27.5369 157.817 85.5345 27.5598 157.825 85.5824 
27.6059 157.859 85.6848 27.9164 158.095 86.215 28.014 158.178 86.4131 
28.157 158.286 86.7018 28.3072 158.421 87.1417 28.5571 158.693 87.7638 
28.7199 159.343 89.4099 28.6971 159.396 89.5379 28.6845 159.449 89.6943 
28.9281 159.859 90.8347 29.0694 160.009 91.1756 29.1355 160.112 91.382 
29.1762 160.214 91.5559 29.2781 160.419 92.0344 29.3468 160.517 92.3848 
29.4183 160.633 92.6577 29.5088 160.807 92.9929 29.5334 160.985 93.3128 
29.5913 161.241 93.9297 29.6811 161.382 94.2085 29.8235 161.884 95.2562 
29.8226 161.894 95.2733 29.8332 162.038 95.5323 29.911 162.66 96.4228 
29.9012 162.69 96.4856 29.9228 162.988 97.1538 29.921 163.011 97.1978 
29.9203 163.023 97.2235 29.9403 163.128 97.4346 29.9403 163.128 97.4346 
29.896 163.472 98.3527 29.8813 163.648 98.6345 29.8959 163.72 98.761 
29.8882 163.953 99.0437 29.9319 164.257 99.5808 29.8891 164.836 100.398 
29.9125 164.975 100.792 29.7046 165.744 102.239 29.6933 165.761 102.267 
29.5727 166.45 103.663 29.5924 166.494 103.758 29.5203 167.125 104.78 
29.5081 167.183 104.934 29.4854 167.461 105.521 29.5577 167.581 105.8 
29.5612 168.252 106.948 29.6238 168.471 107.693 29.6792 168.594 108.291 
29.6779 168.601 108.305 29.6309 168.931 109 29.7573 169.608 110.554 
29.7215 169.715 110.761 29.866 170.01 112.237 29.8669 170.013 112.249 
29.8669 170.013 112.249 30.3623 170.247 113.99 30.4112 170.224 114.19 
30.536 170.19 114.602 30.5439 170.185 114.629 30.5901 170.173 114.772 
30.6002 170.177 114.81 30.6002 170.177 114.81 30.6666 170.205 115.061 
31.1955 170.138 116.124 31.6534 170.002 116.791 31.86 169.952 117.033 
32.0279 169.851 117.265 32.0279 169.851 117.265 32.1448 169.786 117.518 
32.519 169.479 118.398 32.5224 169.476 118.405 32.6536 169.354 118.657 
32.6536 169.354 118.657 32.7585 169.256 118.858 33.0211 169.095 119.473 
33.1369 168.999 119.778 33.4591 168.727 120.462 33.5457 168.678 120.697 
33.8328 168.405 121.902 33.8505 168.391 122.022 33.8505 168.391 122.022 
33.8958 168.31 122.288 34.0092 168.178 123.602 33.9948 168.175 124.21 
33.881 168.271 124.921 33.8545 168.351 125.733 33.9025 168.444 126.651 
33.904 168.472 126.74 33.8868 168.504 127.159 33.7674 168.693 128.281 
33.767 168.966 129.033 33.7626 169.116 130.08 33.7547 169.23 130.388 
33.7438 169.33 130.577 33.718 169.419 130.787 33.7066 169.437 130.839 
33.7062 169.438 130.841 33.6047 169.551 131.345 33.5851 169.621 131.625 
33.5761 169.651 131.713 33.5404 169.764 131.905 33.3502 170.09 132.675 
33.314 170.346 133.572 33.3226 170.449 133.85 33.3226 170.45 133.852 
33.2502 170.569 134.414 33.2477 170.586 134.538 33.2381 170.582 134.623 
33.2127 170.626 135.577 33.1876 170.706 135.774 33.1586 170.915 136.402 
33.1114 171.277 137.023 33.0732 171.562 137.875 33.0705 171.613 137.982 
33.1365 171.746 138.325 33.1205 171.808 138.537 33.0673 171.882 138.913 
33.0471 172.104 139.45 32.9684 172.368 140.396 32.9524 172.388 140.609 
32.9305 172.676 141.496 32.9317 172.68 141.517 32.9132 172.73 141.715 
32.894 172.815 141.929 32.8943 172.926 142.162 32.8694 173.056 142.552 
32.8702 173.134 142.745 32.8701 173.161 142.8 32.8704 173.162 142.803 
32.8799 173.217 142.924 32.9646 173.475 144.077 32.965 173.479 144.089 
32.9141 173.736 144.836 33.0113 173.968 145.514 33.0392 173.968 145.782 
33.0894 173.943 146.094 33.0681 173.978 146.345 33.1359 173.877 146.982 
33.2442 173.807 147.724 33.3681 173.895 148.308 33.418 173.933 148.566 
33.4241 173.934 148.603 33.4241 173.934 148.603 33.4907 173.952 148.852 
33.5176 173.98 149.077 33.5404 174.007 149.184 33.6173 174.18 149.713 
33.6081 174.196 149.796 33.5783 174.246 150.096 33.5812 174.255 150.172 
33.5512 174.428 151.132 33.5437 174.437 151.154 33.5437 174.437 151.154 
33.5366 174.663 152.012 33.5102 174.765 152.2 33.4859 174.9 152.406 
33.362 175.32 153.107 33.3573 175.349 153.137 33.3573 175.349 153.137 
33.2082 175.708 153.358 32.9579 176.123 153.582 32.8448 176.32 153.644 
32.8137 176.389 153.657 32.7048 176.557 153.693 32.467 176.956 153.74 
32.4361 176.996 153.74 32.2313 177.212 153.742 32.1549 177.308 153.745 
31.8352 177.628 153.714 31.6045 177.877 153.712 31.3386 178.142 153.7 
30.9628 178.404 153.538 30.607 178.838 153.393 30.4167 178.989 153.29 
30.0528 179.284 153.19 29.6563 179.519 152.918 29.6412 179.532 152.904 
29.5015 179.644 152.805 29.3415 179.847 152.661 29.0468 180.05 152.482 
29.0456 180.051 152.481 28.657 180.333 152.065 28.6159 180.363 151.984 
28.5702 180.395 151.906 28.5702 180.395 151.906 28.5435 180.416 151.869 
28.2817 180.605 151.512 28.1206 180.699 151.287 27.9259 180.814 151.039 
27.6209 180.871 150.585 27.3073 180.994 150.135 27.1065 181.121 149.553 
26.9849 181.18 149.261 26.886 181.196 148.893 26.6976 181.42 148.184 
26.5912 181.401 147.801 26.5858 181.403 147.758 26.4134 181.442 146.921 
26.3154 181.755 146.176 26.2864 181.774 146.07 26.2864 181.774 146.07 
26.281 181.771 146.049 26.281 181.771 146.049 26.275 181.732 145.77 
26.2103 181.667 145.534 26.21 181.667 145.534 26.022 181.577 144.543 
26.0287 181.633 144.172 26.0294 181.695 144.016 26.0294 181.695 144.016 
26.0642 181.81 143.028 26.0353 181.831 142.76 26.0473 181.816 142.626 
26.0739 181.869 142.295 26.1248 181.892 141.985 26.1855 181.883 140.806 
26.3484 181.882 140.284 26.3582 181.926 139.693 26.264 181.884 139.373 
26.2586 181.877 139.346 26.2357 181.677 138.684 26.2342 181.674 138.664 
25.7495 180.93 137.889 25.2228 179.39 137.307 25.1921 179.34 137.313 
25.1747 179.313 137.318 25.0779 179.208 137.368 25.0759 179.206 137.369 
24.3454 178.247 137.54 24.3328 178.235 137.549 24.3328 178.235 137.549 
24.0796 177.666 138.073 23.893 177.506 138.616 23.7141 177.308 139.087 
23.7031 177.291 139.112 23.6943 177.271 139.149 23.6776 177.2 139.294 
23.6257 177.038 139.854 23.6623 176.867 140.489 23.6606 176.849 140.669 
23.6685 176.816 140.989 23.6184 176.553 141.762 23.6503 176.491 142.156 
23.6477 176.49 142.189 23.6482 176.382 142.753 23.6503 176.329 142.94 
23.6503 176.328 142.943 23.7348 176.398 143.988 23.7331 176.356 144.165 
23.7559 176.309 144.59 23.8121 176.331 144.948 23.8081 176.308 145.139 
23.8828 176.269 145.741 24.0216 176.252 146.131 24.075 176.28 146.297 
24.1338 176.288 146.466 24.164 176.292 146.537 24.196 176.292 146.627 
24.2056 176.294 146.653 24.2636 176.278 146.846 24.2661 176.276 146.854 
24.2852 176.263 146.96 24.431 176.242 147.744 24.4394 176.248 147.782 
24.4977 176.256 148.1 24.4985 176.256 148.107 24.5166 176.22 148.244 
24.5373 176.207 148.316 24.5501 176.203 148.366 24.5788 176.192 148.446 
24.6363 176.18 148.63 24.638 176.179 148.635 24.7056 176.132 148.922 
24.7062 176.131 148.925 24.7209 176.128 148.988 24.7511 176.112 149.079 
24.752 176.111 149.082 24.8006 176.081 149.309 24.9266 175.995 149.732 
25.0209 176.051 150.015 25.0583 176.062 150.177 25.1314 176.071 150.376 
25.2809 176.148 150.693 25.4303 176.163 151.434 25.4739 176.317 151.765 
25.6275 176.433 152.302 25.6347 176.433 152.321 25.7052 176.435 152.606 
25.8279 176.395 153.559 26.1127 176.604 154.517 26.1741 176.592 154.818 
26.1871 176.584 154.855 26.2536 176.572 155.057 26.4033 176.632 155.785 
26.4261 176.651 155.963 26.4459 176.694 156.162 26.4515 176.786 156.687 
26.5271 176.799 157.06 26.547 176.839 157.279 26.571 176.887 157.498 
26.7207 177.111 158.525 26.7887 177.119 158.84 27.0403 177.217 159.33 
27.2159 177.331 159.746 27.6688 177.555 160.52 27.6858 177.561 160.556 
27.9724 177.633 160.857 28.436 177.828 161.457 28.7484 177.851 161.804 
28.8389 177.873 161.897 29.0074 177.872 162.082 29.1634 177.886 162.219 
29.6324 177.886 162.657 29.7073 177.866 162.702 30.5371 177.648 163.358 
30.5846 177.641 163.373 30.5846 177.641 163.373 30.8363 177.601 163.511 
31.3129 177.466 163.713 31.535 177.378 163.803 31.6299 177.352 163.844 
31.8646 177.264 163.94 32.536 177.119 164.268 32.6045 177.096 164.319 
32.7072 177.051 164.366 33.0453 176.946 164.531 33.3672 176.888 164.654 
34.4313 176.402 165.284 34.5942 176.382 165.4 34.9662 176.263 165.677 
34.9956 176.26 165.701 35.076 176.247 165.778 35.2877 176.199 165.977 
35.5075 176.176 166.227 35.5257 176.17 166.254 35.7791 176.139 166.637 
35.7852 176.137 166.645 35.8675 176.121 166.732 36.2345 176.073 167.237 
36.3034 176.072 167.299 36.3265 176.073 167.328 36.4727 176.045 167.504 
36.6291 176.014 167.75 36.7117 176.017 167.865 36.9389 176.059 168.206 
37.0812 176.057 168.589 37.1169 176.056 168.662 37.1176 176.056 168.663 
37.1479 176.062 168.721 37.3034 176.138 168.993 37.3944 176.219 169.218 
37.5111 176.405 169.538 37.5792 176.494 169.77 37.6152 176.558 169.872 
37.6157 176.559 169.874 37.6634 176.642 170.004 37.6799 176.695 170.083 
37.6929 176.773 170.192 37.7103 177.006 170.424 37.7031 177.052 170.47 
37.6826 177.21 170.609 37.6655 177.313 170.673 37.63 177.408 170.773 
37.6142 177.62 171.093 37.5902 177.668 171.171 37.4466 178.02 171.497 
37.421 178.071 171.567 37.2279 178.418 171.925 37.0847 178.707 172.336 
36.9864 178.846 172.439 36.9853 178.847 172.44 36.838 179.021 172.543 
36.7965 179.064 172.562 36.6973 179.156 172.581 36.6965 179.156 172.581 
36.24 179.666 172.823 36.1252 179.75 172.872 35.8175 180.026 173.01 
35.7952 180.041 173.026 35.404 180.25 173.134 35.4024 180.251 173.134 
34.9908 180.506 173.18 34.9535 180.531 173.196 34.5477 180.78 173.433 
34.4204 180.848 173.479 34.3628 180.874 173.499 33.889 181.288 173.732 
33.8065 181.355 173.772 33.6407 181.416 173.837 33.5249 181.487 173.886 
33.015 181.804 174.021 32.8823 181.851 174.031 32.8092 181.898 174.029 
32.0906 182.31 174.108 32.0592 182.324 174.112 32.0322 182.343 174.11 
31.8747 182.413 174.1 31.5258 182.674 174.129 31.2672 182.821 174.158 
30.9689 182.99 174.125 30.2477 183.184 174.116 30.0487 183.307 174.097 
29.821 183.437 174.048 28.9948 183.842 174.004 28.7749 183.997 174 
28.7542 184.013 173.996 28.3678 184.205 173.937 28.088 184.309 173.925 
27.714 184.515 173.921 27.454 184.73 173.929 26.737 185.097 173.976 
26.6268 185.16 173.969 26.6056 185.17 173.965 26.1075 185.463 173.872 
25.8515 185.663 173.892 25.5859 185.818 173.911 25.1974 186.119 173.971 
25.09 186.194 173.98 25.0564 186.217 173.983 25.0311 186.232 173.983 
24.598 186.509 174.046 24.0824 186.791 174.161 23.3988 187.447 174.287 
23.3542 187.492 174.307 23.286 187.551 174.331 23.2695 187.567 174.335 
23.1753 187.645 174.348 22.8791 187.866 174.354 22.7394 187.987 174.396 
22.0301 188.67 174.814 21.8427 188.888 174.831 21.8119 188.951 174.833 
21.7321 189.051 174.842 21.1088 189.65 174.955 20.5688 190.183 175.294 
20.2689 190.382 175.451 20.2261 190.436 175.458 19.9583 190.721 175.564 
19.9539 190.725 175.566 19.6755 191.028 175.714 19.6589 191.044 175.722 
19.4416 191.257 175.887 19.2646 191.431 176.002 19.1505 191.505 176.081 
18.6075 191.931 176.599 18.5513 191.966 176.662 18.2621 192.135 176.901 
17.9398 192.327 177.298 17.3051 192.868 178.013 17.1726 193.027 178.254 
17.0095 193.126 178.449 16.4664 193.592 179.368 16.4622 193.598 179.386 
16.3562 193.708 179.666 16.2241 193.931 180.121 16.0473 194.181 180.584 
15.8015 194.252 181.199 15.7894 194.265 181.236 15.7527 194.338 181.403 
15.6355 194.426 182.023 15.533 194.548 182.551 15.5232 194.572 182.815 
15.4631 194.624 183.021 15.3883 194.672 183.261 15.2484 194.629 184.132 
15.2132 194.608 184.567 15.2141 194.608 184.572 15.063 194.583 185.639 
15.0577 194.578 185.665 14.858 194.556 186.176 14.8038 194.575 186.366 
14.6123 194.619 186.745 14.5146 194.705 187.031 14.1229 194.887 187.583 
13.9691 195.159 187.956 13.8608 195.356 188.133 13.6872 195.96 188.531 
13.5138 196.531 188.737 13.5449 196.94 188.833 13.4422 197.846 188.809 
13.4298 198.414 188.589 13.5166 198.837 188.426 13.5574 199.101 188.222 
13.5665 199.119 188.201 13.6157 199.209 188.107 13.7568 199.373 187.895 
13.851 199.505 187.719 13.8554 199.513 187.708 13.8862 199.587 187.608 
13.9232 199.701 187.42 14.0759 200.011 186.858 14.1003 200.057 186.777 
14.2388 200.144 186.598 14.6168 200.434 186.067 14.7028 200.524 185.95 
14.7202 200.544 185.922 14.9102 200.797 185.748 14.9909 200.905 185.665 
15.1731 201.094 185.424 15.6508 201.516 185.109 15.6574 201.523 185.104 
16.0266 201.849 184.926 16.2782 202.142 184.786 16.2833 202.15 184.784 
16.3436 202.213 184.777 16.3641 202.236 184.777 16.402 202.281 184.774 
17.1601 202.977 184.675 17.1917 203.13 184.684 17.3973 203.756 184.783 
17.5055 203.973 184.89 17.6171 204.206 185.093 17.7391 204.377 185.267 
17.8755 205.23 186.082 17.9164 205.353 186.246 17.8527 205.556 186.707 
17.844 205.561 186.729 17.8117 205.599 186.84 17.7526 205.623 187.119 
17.7499 205.622 187.131 17.676 205.616 187.513 17.6718 205.617 187.532 
17.5726 205.564 188.127 17.487 205.573 188.354 17.0229 205.26 189.424 
16.5413 205.103 190.053 16.4729 205.069 190.202 16.0412 204.758 190.911 
16.0078 204.716 190.988 15.8865 204.62 191.192 15.6863 204.318 191.84 
15.6413 204.186 191.989 15.4436 203.537 192.71 15.4007 203.312 192.88 
15.3179 203.016 193.217 15.3071 202.8 193.386 15.3135 202.548 193.621 
15.3143 202.479 193.668 15.3919 201.897 194.159 15.3953 201.809 194.224 
15.3983 201.786 194.245 15.462 201.563 194.445 15.6191 201.116 194.736 
15.7708 200.727 194.976 15.7891 200.653 195.021 15.7891 200.653 195.021 
15.9997 200.334 195.194 16.1244 200.124 195.328 16.3906 199.775 195.517 
16.3971 199.768 195.52 16.5448 199.529 195.656 16.6834 199.3 195.736 
16.8225 199.052 195.842 16.8824 198.972 195.872 16.9313 198.912 195.888 
16.9329 198.91 195.889 17.1572 198.6 195.925 17.17 198.584 195.925 
17.5229 198.122 195.989 17.5296 198.111 195.989 18.3 197.256 195.885 
18.524 197.11 195.852 19.327 196.52 195.977 19.5675 196.385 195.936 
19.9944 196.078 195.886 20.2486 195.975 195.885 20.2496 195.975 195.885 
20.6135 195.798 195.901 20.6317 195.788 195.902 21.0375 195.538 195.828 
21.1026 195.488 195.842 22.2515 195.042 195.925 22.6001 194.956 196.07 
22.6312 194.948 196.078 23.1601 194.774 196.26 23.3701 194.746 196.334 
24.3956 194.588 196.722 24.41 194.589 196.729 24.6353 194.583 196.872 
24.6353 194.583 196.872 24.7243 194.581 196.928 24.8381 194.593 196.981 
25.066 194.584 197.044 25.279 194.578 197.073 25.566 194.525 197.105 
26.0039 194.541 197.147 26.9086 194.553 196.787 26.9086 194.553 196.787 
27.909 194.766 196.648 28.2017 194.86 196.591 28.5135 194.969 196.416 
28.5794 194.995 196.382 28.6712 195.039 196.337 28.9025 195.134 196.228 
28.9125 195.138 196.225 29.4208 195.326 196.03 29.5707 195.448 195.932 
29.643 195.481 195.879 29.8833 195.625 195.661 29.9983 195.68 195.571 
30.102 195.767 195.441 30.302 195.915 195.236 30.3566 195.955 195.165 
30.6307 196.171 194.85 30.7028 196.237 194.734 30.7161 196.252 194.714 
30.7161 196.252 194.714 30.7912 196.305 194.621 30.8161 196.325 194.592 
31.0726 196.61 194.28 31.0836 196.625 194.263 31.0836 196.625 194.263 
31.3096 197.049 193.836 31.3971 197.128 193.765 31.8649 197.499 193.26 
32.1536 197.653 193.074 32.2926 197.729 193.01 32.4208 197.776 192.969 
32.6874 197.923 192.96 32.7875 197.972 192.959 33.2306 198.225 192.828 
33.8215 198.614 192.797 33.8215 198.614 192.797 34.1624 199.005 192.674 
34.7945 199.327 192.613 34.9146 199.382 192.654 34.9165 199.383 192.655 
35.2653 199.499 192.703 35.6377 199.711 192.749 35.6778 199.727 192.755 
35.951 199.83 192.816 35.9809 199.862 192.814 35.9809 199.862 192.814 
36.5649 200.228 192.742 36.5697 200.231 192.742 36.6097 200.255 192.744 
36.6097 200.255 192.744 37.2663 200.595 192.928 37.6548 200.875 192.934 
37.7847 200.978 193.045 38.398 201.279 193.302 38.4038 201.282 193.305 
38.7088 201.39 193.375 38.7749 201.426 193.416 38.8699 201.467 193.489 
39.0592 201.599 193.656 39.2573 201.744 193.798 39.5567 201.982 193.941 
39.7003 202.07 194.07 40.2512 202.495 194.301 40.2939 202.519 194.339 
40.5084 202.615 194.465 40.8143 202.764 194.605 40.8439 202.783 194.615 
41.4836 203.155 194.93 41.5294 203.237 194.971 41.6121 203.315 195.01 
41.6121 203.315 195.01 42.2779 203.808 195.433 42.2936 203.819 195.446 
42.2936 203.819 195.446 42.4907 204.106 195.628 42.5501 204.145 195.659 
42.6457 204.221 195.701 43.0455 204.602 195.804 43.0508 204.606 195.807 
43.1188 204.64 195.841 43.7381 205.097 196.153 43.9834 205.214 196.147 
44.5146 205.315 196.262 44.6011 205.319 196.256 44.9109 205.329 196.259 
44.9353 205.332 196.264 44.9884 205.345 196.282 44.9884 205.345 196.282 
45.231 205.403 196.364 45.5055 205.38 196.404 46.1167 205.283 196.418 
46.1167 205.283 196.418 46.1637 205.275 196.419 46.2412 205.26 196.401 
46.2412 205.26 196.401 46.3027 205.248 196.386 47.0813 204.987 196.54 
47.2161 204.946 196.49 47.2161 204.946 196.49 47.768 204.625 196.528 
47.8754 204.487 196.524 47.9851 204.212 196.488 48.0154 204.132 196.46 
48.2361 203.766 196.485 48.3763 203.566 196.494 48.3956 203.538 196.502 
48.7626 203.012 196.59 48.8508 202.864 196.55 48.9708 202.044 196.688 
49.0202 201.742 196.704 48.9956 201.37 196.588 48.9608 201.229 196.585 
48.9012 200.848 196.53 48.8324 200.488 196.551 48.7952 200.347 196.585 
48.7661 200.275 196.585 48.6516 199.966 196.635 48.623 199.894 196.657 
48.5546 199.445 196.728 48.4875 199.238 196.767 48.4806 199.229 196.769 
48.3382 198.808 196.859 48.0347 198.121 197.12 47.7542 197.247 197.225 
47.7575 197.149 197.223 47.7618 197.047 197.243 47.7475 196.964 197.26 
47.5674 196.261 197.423 47.5539 196.063 197.441 47.4039 195.525 197.75 
47.4005 195.226 197.75 47.3178 194.92 197.75 47.2789 194.701 197.754 
47.2667 194.633 197.772 47.2584 194.522 197.811 47.2638 193.605 197.943 
47.2595 193.595 197.948 47.2595 193.595 197.948 47.2051 193.447 197.999 
47.1909 193.397 198.028 47.2533 192.753 198.303 47.2761 192.7 198.326 
47.3561 192.194 198.647 47.4423 192.012 198.672 47.5653 191.118 199.105 
47.5437 191.039 199.157 47.5437 191.039 199.157 47.5323 190.977 199.171 
47.5783 190.609 199.35 47.6205 190.486 199.464 47.6946 190.148 199.695 
47.7035 190.12 199.711 47.7159 189.921 199.937 47.7564 189.846 200.021 
47.8321 189.731 200.173 47.8584 189.681 200.25 47.9963 189.538 200.482 
48.0561 189.472 200.573 48.2124 189.384 200.763 48.3224 189.295 200.9 
48.7203 189.146 201.236 48.9155 189.102 201.453 49.2934 188.814 201.77 
49.3211 188.809 201.794 49.6003 188.788 202.24 49.8098 188.838 202.585 
49.9653 188.711 202.798 50.4048 188.562 203.579 50.7204 188.599 204.563 
50.7204 188.599 204.563 50.7592 188.604 204.684 51.0063 188.804 205.209 
51.0307 188.855 205.282 51.0366 188.982 205.423 51.0228 189.227 205.725 
51.0479 189.287 205.752 51.0479 189.287 205.752 51.1358 189.498 205.846 
51.2534 189.85 206.053 51.2584 189.966 206.135 51.4089 190.6 206.384 
51.4188 190.617 206.388 51.4751 190.743 206.448 51.579 190.97 206.641 
51.7885 191.337 206.926 51.8028 191.361 206.964 51.8632 191.407 207.063 
51.8945 191.434 207.109 51.9803 191.479 207.271 51.981 191.479 207.272 
52.012 191.488 207.315 52.3774 191.719 207.756 52.6212 191.841 208.024 
52.6826 191.906 208.187 52.7534 191.945 208.351 52.9525 192.004 208.656 
52.9678 192.013 208.674 53.1204 192.063 208.893 53.6596 192.118 209.65 
53.6961 192.13 209.678 54.0795 191.973 210.31 54.1042 191.953 210.441 
54.1399 191.951 210.568 54.232 191.872 210.804 54.2381 191.868 210.822 
54.2632 191.849 210.901 54.3971 191.741 211.121 54.4021 191.736 211.136 
54.4095 191.724 211.16 54.4399 191.7 211.211 54.4399 191.7 211.211 
54.4413 191.699 211.214 54.4873 191.668 211.287 54.5251 191.654 211.341 
54.5659 191.629 211.393 54.5692 191.627 211.397 54.638 191.582 211.467 
54.6403 191.581 211.47 54.6912 191.55 211.517 54.6912 191.55 211.517 
54.8296 191.454 211.757 54.8582 191.435 211.837 54.8626 191.429 211.85 
54.9402 191.346 211.983 54.9961 191.275 212.082 55.0054 191.263 212.102 
55.019 191.206 212.2 55.0295 191.178 212.256 55.0827 191.095 212.388 
55.1263 190.94 212.61 55.132 190.932 212.624 55.1461 190.903 212.681 
55.1534 190.878 212.729 55.1892 190.828 212.823 55.2093 190.792 212.913 
55.319 190.657 213.205 55.3411 190.651 213.277 55.347 190.647 213.295 
55.4077 190.402 213.646 55.4399 190.02 214.145 55.4397 190.018 214.149 
55.4397 190.018 214.149 55.4325 189.859 214.237 55.352 189.677 214.537 
55.307 189.423 214.695 55.2429 189.204 214.803 55.2116 189.082 214.919 
55.1901 188.993 214.983 55.1746 188.905 215.067 55.1381 188.714 215.222 
55.0885 188.553 215.349 54.8561 188.105 215.731 54.8036 188.02 215.856 
54.6037 187.768 216.089 54.1154 187.332 216.294 53.9768 187.18 216.34 
53.8636 187.086 216.468 53.6604 186.752 216.696 53.4935 186.496 216.789 
53.4097 186.41 216.868 53.3898 186.381 216.884 53.0633 186.018 216.975 
52.7065 185.639 217.176 52.5589 185.442 217.303 52.37 185.108 217.348 
52.3685 185.105 217.349 52.1745 184.901 217.429 51.9996 184.715 217.521 
51.7731 184.347 217.464 51.3389 183.697 217.771 51.0681 183.418 217.616 
51.0104 183.246 217.611 50.9854 183.197 217.606 50.9768 183.172 217.61 
50.966 183.142 217.615 50.9649 183.134 217.616 50.9649 183.134 217.616 
50.8641 182.905 217.645 50.8637 182.904 217.645 50.8086 182.793 217.66 
50.5524 182.583 217.702 50.2975 182.319 217.876 50.2237 182.242 217.899 
49.8904 181.944 218.155 49.8842 181.938 218.163 49.8842 181.938 218.163 
49.8105 181.863 218.241 49.7075 181.707 218.409 49.4994 181.468 218.544 
49.3558 181.228 218.861 49.194 180.984 219.043 49.1346 180.847 219.137 
49.038 180.631 219.417 49.0139 180.603 219.504 49.0105 180.593 219.527 
48.9268 180.44 219.718 48.8872 180.4 219.803 48.8712 180.379 219.857 
48.8013 180.361 219.944 48.7744 180.333 220.029 48.7323 180.268 220.143 
48.7323 180.268 220.143 48.65 180.151 220.25 48.6493 180.15 220.251 
48.6142 180.124 220.284 48.5174 180.048 220.416 48.4724 179.998 220.508 
48.3612 179.832 220.67 48.2887 179.758 220.807 48.2873 179.749 220.815 
48.2262 179.579 220.995 48.2141 179.54 221.079 48.1841 179.486 221.157 
48.1841 179.486 221.157 48.1302 179.42 221.286 48.1299 179.419 221.287 
48.1303 179.41 221.299 48.1211 179.337 221.441 48.0606 179.286 221.741 
48.0486 179.257 221.79 47.9128 179.088 222.072 47.6675 178.832 222.478 
47.6273 178.806 222.505 47.6251 178.803 222.507 47.553 178.698 222.658 
47.5068 178.652 222.771 47.5022 178.49 222.973 47.4848 178.439 223.031 
47.4852 178.348 223.142 47.4771 178.324 223.206 47.4771 178.324 223.206 
47.481 178.299 223.26 47.481 178.299 223.26 47.4854 178.289 223.281 
47.4854 178.289 223.281 47.5014 178.261 223.358 47.5014 178.261 223.358 
47.5081 178.254 223.394 47.5081 178.254 223.394 47.5582 178.099 223.808 
47.5608 178.08 223.838 47.5633 178.073 223.849 47.5633 178.073 223.849 
47.6228 178.012 224.002 47.64 177.995 224.041 47.6667 177.869 224.234 
47.6851 177.796 224.421 47.7086 177.764 224.505 47.7687 177.557 224.91 
47.7278 177.464 225.037 47.7507 177.241 225.392 47.7472 177.228 225.416 
47.7472 177.228 225.416 47.864 177.018 225.672 47.883 176.966 225.765 
47.9084 176.929 225.817 47.951 176.887 225.874 47.9583 176.876 225.892 
48.1202 176.73 226.129 48.1438 176.695 226.191 48.2685 176.612 226.335 
48.2872 176.599 226.346 48.3585 176.524 226.409 48.5247 176.23 226.6 
48.5455 176.11 226.774 48.5766 176.045 226.832 48.5771 176.044 226.833 
48.7614 175.822 227.218 48.8036 175.762 227.249 48.8184 175.739 227.259 
48.8184 175.739 227.259 49.0178 175.495 227.512 49.2593 175.273 227.63 
49.2614 175.269 227.633 49.2749 175.246 227.652 49.4043 175.141 227.799 
49.4434 175.103 227.838 49.4925 175.053 227.87 49.6391 174.941 227.99 
49.8039 174.838 228.086 49.8895 174.792 228.153 49.9473 174.758 228.214 
50.0597 174.698 228.279 50.1657 174.649 228.301 50.3508 174.529 228.342 
50.5729 174.414 228.444 50.6103 174.384 228.46 50.7853 174.332 228.546 
50.7867 174.332 228.547 50.9791 174.203 228.735 51.0872 174.167 228.777 
51.8651 173.899 228.911 51.9773 173.885 228.905 51.9773 173.885 228.905 
52.2105 173.921 229.027 52.4937 173.956 229.115 52.6445 173.958 229.137 
52.6521 173.957 229.143 53.0638 174 229.27 53.7058 174.053 229.23 
53.7618 174.057 229.243 54.2315 174.128 229.21 54.5803 174.164 229.067 
54.8742 174.23 229.098 55.0188 174.305 229.05 55.0918 174.341 229.042 
55.6629 174.526 228.732 55.7646 174.56 228.684 55.8116 174.591 228.633 
55.8116 174.591 228.633 56.0747 174.711 228.489 56.1284 174.73 228.452 
56.4831 175.091 228.138 56.7458 175.289 227.958 56.7542 175.296 227.944 
56.7542 175.296 227.944 56.9644 175.605 227.684 57.0307 175.671 227.584 
57.0749 175.742 227.501 57.0761 175.747 227.495 57.0761 175.747 227.495 
57.1386 175.846 227.349 57.3013 175.994 227.159 57.4158 176.153 226.961 
57.419 176.157 226.952 57.419 176.157 226.952 57.5475 176.295 226.647 
57.5735 176.316 226.596 57.6191 176.366 226.518 57.6839 176.428 226.409 
57.7006 176.441 226.375 57.7691 176.652 225.972 57.8148 176.783 225.677 
57.8297 176.812 225.557 57.9977 176.83 225.056 58.0536 176.818 224.949 
58.0708 176.806 224.911 58.2216 176.752 224.603 58.2525 176.713 224.515 
58.2697 176.689 224.395 58.2799 176.67 224.335 58.3556 176.608 224.18 
58.5161 176.381 223.693 58.543 176.346 223.647 58.5629 176.318 223.625 
58.6907 176.132 223.236 58.7299 176.081 223.165 58.9151 175.979 222.961 
59.0925 175.775 222.649 59.1218 175.753 222.596 59.1855 175.625 222.476 
59.3302 175.414 222.387 59.5085 175.21 222.172 59.5621 175.14 222.143 
59.6493 175.05 222.077 59.6501 175.05 222.076 59.7283 174.901 221.964 
59.8017 174.745 221.795 59.8098 174.729 221.784 59.8232 174.711 221.771 
59.8335 174.683 221.76 59.9344 174.555 221.697 59.9808 174.464 221.658 
60.0497 174.301 221.551 60.1521 174.03 221.462 60.2884 173.789 221.275 
60.3536 173.709 221.242 60.5262 173.504 221.137 60.5322 173.498 221.136 
60.6284 173.345 221.043 60.7213 173.268 220.998 60.8696 173.123 220.871 
61.0998 172.869 220.766 61.2306 172.741 220.752 61.3342 172.67 220.776 
61.4866 172.475 220.775 61.6343 172.299 220.82 61.8123 172.042 220.791 
61.9069 171.888 220.821 62.0796 171.536 220.812 62.1342 171.446 220.851 
62.2905 171.095 221.367 -53.3182 99.244 -7.5987 -51.9046 105.828 -4.50499 
-51.4202 106.312 -4.12445 -51.2867 106.544 -3.97217 -51.1848 106.706 -3.86445 
-50.2745 108.184 -2.83509 -49.8391 108.718 -2.4433 -49.0008 110.111 -1.56099 
-48.8877 110.343 -1.40359 -48.1262 111.311 -0.812587 -46.953 112.685 0.0165259 
-45.3248 115.547 1.21188 -44.5527 116.517 1.70514 -44.5475 116.522 1.70844 
-43.1287 119.294 2.7711 -40.5043 122.503 4.38764 -39.9417 123.148 4.91528 
-39.6835 123.39 5.14759 -37.7837 125.215 5.5887 -36.3717 126.29 6.03041 
-35.4315 127.226 6.1324 -34.5178 128.143 6.35663 -33.5139 129.126 6.71536 
-33.4722 129.167 6.72727 -30.5958 131.641 8.00763 -29.9772 132.176 7.99225 
-28.8534 133.177 8.07144 -28.0571 133.763 8.12566 -24.1604 136.353 8.83037 
-23.6188 136.67 8.93022 -23.4448 136.762 8.96557 -23.1768 136.925 9.00883 
-22.4675 137.373 9.17033 -22.0984 137.697 9.24593 -21.5719 138.181 9.21134 
-19.7832 139.815 8.9538 -19.7832 139.815 8.9538 -19.0915 140.447 8.85421 
-18.7369 140.675 8.66544 -16.5097 142.091 7.45014 -15.9877 142.503 7.14325 
-15.3708 143.017 6.78354 -14.6322 143.608 6.40118 -13.2945 144.596 5.70181 
-10.9451 145.84 4.21725 -10.9451 145.84 4.21725 -8.14436 147.323 2.44751 
-5.83559 147.631 1.23636 -2.12709 148.391 -1.19847 -0.943853 148.658 -2.41167 
-0.943853 148.658 -2.41167 -0.728333 148.707 -2.63265 -0.499975 148.743 -2.84398 
0.106442 148.815 -3.30436 2.53934 149.356 -4.27016 2.5913 149.371 -4.29769 
6.69872 150.912 -5.72749 7.77139 151.239 -6.50774 8.61785 151.803 -7.27674 
8.63976 151.821 -7.29894 9.02483 152.063 -7.64908 9.71078 152.234 -8.17078 
9.71078 152.234 -8.17078 12.7248 152.987 -10.4631 15.5321 153.688 -12.8079 
18.1 154.734 -14.8578 
LINES 192 14610
37 0 1 2 3 4 5 6 7 8 9 10 11 12 13 14 15 16 17 18 19 20 21 22 23 24 25 26 27 28 29 30 31 32 33 34 35 36 
13 37 38 39 40 41 42 43 44 45 46 47 48 49 
160 50 51 52 53 54 55 56 57 58 59 60 61 62 63 64 65 66 67 68 69 70 71 72 73 74 75 76 77 78 79 80 81 82 83 84 85 86 87 88 89 90 91 92 93 94 95 96 97 98 99 100 101 102 103 104 105 106 107 108 109 110 111 112 113 114 115 116 117 118 119 120 121 122 123 124 125 126 127 128 129 130 131 132 133 134 135 136 137 138 139 140 141 142 143 144 145 146 147 148 149 150 151 152 153 154 155 156 157 158 159 160 161 162 163 164 165 166 167 168 169 170 171 172 173 174 175 176 177 178 179 180 181 182 183 184 185 186 187 188 189 190 191 192 193 194 195 196 197 198 199 200 201 202 203 204 205 206 207 208 209 
36 210 211 212 213 214 215 216 217 218 219 220 221 222 223 224 225 226 227 228 229 230 231 232 233 234 235 236 237 238 239 240 241 242 243 244 245 
9 246 247 248 249 250 251 252 253 254 
12 255 256 257 258 259 260 261 262 263 264 265 266 
11 267 268 269 270 271 272 273 274 275 276 277 
291 278 279 280 281 282 283 284 285 286 287 288 289 290 291 292 293 294 295 296 297 298 299 300 301 302 303 304 305 306 307 308 309 310 311 312 313 314 315 316 317 318 319 320 321 322 323 324 325 326 327 328 329 330 331 332 333 334 335 336 337 338 339 340 341 342 343 344 345 346 347 348 349 350 351 352 353 354 355 356 357 358 359 360 361 362 363 364 365 366 367 368 369 370 371 372 373 374 375 376 377 378 379 380 381 382 383 384 385 386 387 388 389 390 391 392 393 394 395 396 397 398 399 400 401 402 403 404 405 406 407 408 409 410 411 412 413 414 415 416 417 418 419 420 421 422 423 424 425 426 427 428 429 430 431 432 433 434 435 436 437 438 439 440 441 442 443 444 445 446 447 448 449 450 451 452 453 454 455 456 457 458 459 460 461 462 463 464 465 466 467 468 469 470 471 472 473 474 475 476 477 478 479 480 481 482 483 484 485 486 487 488 489 490 491 492 493 494 495 496 497 498 499 500 501 502 503 504 505 506 507 508 509 510 511 512 513 514 515 516 517 518 519 520 521 522 523 524 525 526 527 528 529 530 531 532 533 534 535 536 537 538 539 540 541 542 543 544 545 546 547 548 549 550 551 552 553 554 555 556 557 558 559 560 561 562 563 564 565 566 567 568 
15 569 570 571 572 573 574 575 576 577 578 579 580 581 582 583 
55 584 585 586 587 588 589 590 591 592 593 594 595 596 597 598 599 600 601 602 603 604 605 606 607 608 609 610 611 612 613 614 615 616 617 618 619 620 621 622 623 624 625 626 627 628 629 630 631 632 633 634 635 636 637 638 
36 639 640 641 642 643 644 645 646 647 648 649 650 651 652 653 654 655 656 657 658 659 660 661 662 663 664 665 666 667 668 669 670 671 672 673 674 
9 675 676 677 678 679 680 681 682 683 
5 684 685 686 687 688 
32 689 690 691 692 693 694 695 696 697 698 699 700 702 703 704 705 706 707 709 710 711 712 713 714 715 716 717 718 719 720 721 722 
61 723 724 725 726 727 728 729 730 731 732 733 734 735 736 737 738 739 740 741 742 743 744 745 746 747 748 749 750 751 752 753 754 755 756 757 758 759 760 761 762 763 764 765 766 767 768 769 770 771 772 773 774 775 776 777 778 779 780 781 782 783 
14 784 785 786 787 788 789 790 791 792 793 794 795 796 797 
30 798 799 800 801 802 803 804 805 806 807 808 809 810 811 812 813 814 815 816 817 818 819 820 821 822 823 824 825 826 827 
36 828 829 830 831 832 833 834 835 836 837 838 839 840 841 842 843 844 845 846 847 848 849 850 851 852 853 854 855 856 857 858 859 860 861 862 863 
9 864 865 866 867 868 869 870 871 872 
5 873 874 875 876 877 
32 878 879 880 881 882 883 884 885 886 887 888 889 891 892 893 894 895 896 898 899 900 901 902 903 904 905 906 907 908 909 910 911 
61 912 913 914 915 916 917 918 919 920 921 922 923 924 925 926 927 928 929 930 931 932 933 934 935 936 937 938 939 940 941 942 943 944 945 946 947 948 949 950 951 952 953 954 955 956 957 958 959 960 961 962 963 964 965 966 967 968 969 970 971 972 
14 973 974 975 976 977 978 979 980 981 982 983 984 985 986 
23 987 988 989 990 991 992 993 994 995 996 997 998 999 1000 1001 1002 1003 1004 1005 1006 1007 1008 1009 
12 1010 1011 1012 1013 1014 1015 1016 1017 1018 1019 1020 1021 
91 1022 1023 1024 1025 1026 1027 1028 1029 1030 1031 1032 1033 1034 1035 1036 1037 1038 1039 1040 1041 1042 1043 1044 1045 1046 1047 1048 1049 1050 1051 1052 1053 1054 1055 1056 1057 1058 1059 1060 1061 1062 1063 1064 1065 1066 1067 1068 1069 1070 1071 1072 1073 1074 1075 1076 1077 1078 1079 1080 1081 1082 1083 1084 1085 1086 1087 1088 1089 1090 1091 1092 1093 1094 1095 1096 1097 1098 1099 1100 1101 1102 1103 1104 1105 1106 1107 1108 1109 1110 1111 1112 
36 1113 1114 1115 1116 1117 1118 1119 1120 1121 1122 1123 1124 1125 1126 1127 1128 1129 1130 1131 1132 1133 1134 1135 1136 1137 1138 1139 1140 1141 1142 1143 1144 1145 1146 1147 1148 
9 1149 1150 1151 1152 1153 1154 1155 1156 1157 
12 1158 1159 1160 1161 1162 1163 1164 1165 1166 1167 1168 1169 
11 1170 1171 1172 1173 1174 1175 1176 1177 1178 1179 1180 
290 1181 1182 1183 1184 1185 1186 1187 1188 1189 1190 1191 1192 1193 1194 1195 1196 1197 1198 1199 1200 1201 1202 1203 1204 1205 1206 1207 1208 1209 1210 1211 1212 1213 1214 1215 1216 1217 1218 1219 1220 1221 1222 1223 1224 1225 1226 1227 1228 1229 1230 1231 1232 1233 1234 1235 1236 1237 1238 1239 1240 1241 1242 1243 1244 1245 1246 1247 1248 1249 1250 1251 1252 1253 1254 1255 1256 1257 1258 1259 1260 1261 1262 1263 1264 1265 1266 1267 1268 1269 1270 1271 1272 1273 1274 1275 1276 1277 1278 1279 1280 1281 1282 1283 1284 1285 1286 1287 1288 1289 1290 1291 1292 1293 1294 1295 1296 1297 1298 1299 1300 1301 1302 1303 1304 1305 1306 1307 1308 1309 1310 1311 1312 1313 1314 1315 1316 1317 1318 1319 1320 1321 1322 1323 1324 1325 1326 1327 1328 1329 1330 1331 1332 1333 1334 1335 1336 1337 1338 1339 1340 1341 1342 1343 1344 1345 1346 1347 1348 1349 1350 1351 1352 1353 1354 1355 1356 1357 1358 1359 1360 1361 1362 1363 1364 1365 1366 1367 1368 1369 1370 1371 1372 1373 1374 1375 1376 1377 1378 1379 1380 1381 1382 1383 1384 1385 1386 1387 1388 1389 1390 1391 1392 1393 1394 1395 1396 1397 1398 1399 1400 1401 1402 1403 1404 1405 1406 1407 1408 1409 1410 1411 1412 1413 1414 1415 1416 1417 1418 1419 1420 1421 1422 1423 1424 1425 1426 1427 1428 1429 1430 1431 1432 1433 1434 1435 1436 1437 1438 1439 1440 1441 1442 1443 1444 1445 1446 1447 1448 1449 1450 1451 1452 1453 1454 1455 1456 1457 1458 1459 1460 1461 1462 1463 1464 1465 1466 1467 1468 1469 1470 
12 1471 1472 1473 1474 1475 1476 1477 1478 1479 1480 1481 1482 
400 1483 1484 1485 1486 1487 1488 1489 1490 1491 1492 1493 1494 1495 1496 1497 1498 1499 1500 1501 1502 1503 1504 1505 1506 1507 1508 1509 1510 1511 1512 1513 1514 1515 1516 1517 1518 1519 1520 1521 1522 1523 1524 1525 1526 1527 1528 1529 1530 1531 1532 1533 1534 1535 1536 1537 1538 1539 1540 1541 1542 1543 1544 1545 1546 1547 1548 1549 1550 1551 1552 1553 1554 1555 1556 1557 1558 1559 1560 1561 1562 1563 1564 1565 1566 1567 1568 1569 1570 1571 1572 1573 1574 1575 1576 1577 1578 1579 1580 1581 1582 1583 1584 1585 1586 1587 1588 1589 1590 1591 1592 1593 1594 1595 1596 1597 1598 1599 1600 1601 1602 1603 1604 1605 1606 1607 1608 1609 1610 1611 1612 1613 1614 1615 1616 1617 1618 1619 1620 1621 1622 1623 1624 1625 1626 1627 1628 1629 1630 1631 1632 1633 1634 1635 1636 1637 1638 1639 1640 1641 1642 1643 1644 1645 1646 1647 1648 1649 1650 1651 1652 1653 1654 1655 1656 1657 1658 1659 1660 1661 1662 1663 1664 1665 1666 1667 1668 1669 1670 1671 1672 1673 1674 1675 1676 1677 1678 1679 1680 1681 1682 1683 1684 1685 1686 1687 1688 1689 1690 1691 1692 1693 1694 1695 1696 1697 1698 1699 1700 1701 1702 1703 1704 1705 1706 1707 1708 1709 1710 1711 1712 1713 1714 1715 1716 1717 1718 1719 1720 1721 1722 1723 1724 1725 1726 1727 1728 1729 1730 1731 1732 1733 1734 1735 1736 1737 1738 1739 1740 1741 1742 1743 1744 1745 1746 1747 1748 1749 1750 1751 1752 1753 1754 1755 1756 1757 1758 1759 1760 1761 1762 1763 1764 1765 1766 1767 1768 1769 1770 1771 1772 1773 1774 1775 1776 1777 1778 1779 1780 1781 1782 1783 1784 1785 1786 1787 1788 1789 1790 1791 1792 1793 1794 1795 1796 1797 1798 1799 1800 1801 1802 1803 1804 1805 1806 1807 1808 1809 1810 1811 1812 1813 1814 1815 1816 1817 1818 1819 1820 1821 1822 1823 1824 1825 1826 1827 1828 1829 1830 1831 1832 1833 1834 1835 1836 1837 1838 1839 1840 1841 1842 1843 1844 1845 1846 1847 1848 1849 1850 1851 1852 1853 1854 1855 1856 1857 1858 1859 1860 1861 1862 1863 1864 1865 1866 1867 1868 1869 1870 1871 1872 1873 1874 1875 1876 1877 1878 1879 1880 1881 1882 
10 1883 1884 1885 1886 1887 1888 1889 1890 1891 1892 
142 1893 1894 1895 1896 1897 1898 1899 1900 1901 1902 1903 1904 1905 1906 1907 1908 1909 1910 1911 1912 1913 1914 1915 1916 1917 1918 1919 1920 1921 1922 1923 1924 1925 1926 1927 1928 1929 1930 1931 1932 1933 1934 1935 1936 1937 1938 1939 1940 1941 1942 1943 1944 1945 1946 1947 1948 1949 1950 1951 1952 1953 1954 1955 1956 1957 1958 1959 1960 1961 1962 1963 1964 1965 1966 1967 1968 1969 1970 1971 1972 1973 1974 1975 1976 1977 1978 1979 1980 1981 1982 1983 1984 1985 1986 1987 1988 1989 1990 1991 1992 1993 1994 1995 1996 1997 1998 1999 2000 2001 2002 2003 2004 2005 2006 2007 2008 2009 2010 2011 2012 2013 2014 2015 2016 2017 2018 2019 2020 2021 2022 2023 2024 2025 2026 2027 2028 2029 2030 2031 2032 2033 2034 
7 2035 2036 2037 2038 2039 2040 2041 
17 2042 2043 2044 2045 2046 2047 2048 2049 2050 2051 2052 2053 2054 2055 2056 2057 2058 
36 2059 2060 2061 2062 2063 2064 2065 2066 2067 2068 2069 2070 2071 2072 2073 2074 2075 2076 2077 2078 2079 2080 2081 2082 2083 2084 2085 2086 2087 2088 2089 2090 2091 2092 2093 2094 
9 2095 2096 2097 2098 2099 2100 2101 2102 2103 
12 2104 2105 2106 2107 2108 2109 2110 2111 2112 2113 2114 2115 
11 2116 2117 2118 2119 2120 2121 2122 2123 2124 2125 2126 
290 2127 2128 2129 2130 2131 2132 2133 2134 2135 2136 2137 2138 2139 2140 2141 2142 2143 2144 2145 2146 2147 2148 2149 2150 2151 2152 2153 2154 2155 2156 2157 2158 2159 2160 2161 2162 2163 2164 2165 2166 2167 2168 2169 2170 2171 2172 2173 2174 2175 2176 2177 2178 2179 2180 2181 2182 2183 2184 2185 2186 2187 2188 2189 2190 2191 2192 2193 2194 2195 2196 2197 2198 2199 2200 2201 2202 2203 2204 2205 2206 2207 2208 2209 2210 2211 2212 2213 2214 2215 2216 2217 2218 2219 2220 2221 2222 2223 2224 2225 2226 2227 2228 2229 2230 2231 2232 2233 2234 2235 2236 2237 2238 2239 2240 2241 2242 2243 2244 2245 2246 2247 2248 2249 2250 2251 2252 2253 2254 2255 2256 2257 2258 2259 2260 2261 2262 2263 2264 2265 2266 2267 2268 2269 2270 2271 2272 2273 2274 2275 2276 2277 2278 2279 2280 2281 2282 2283 2284 2285 2286 2287 2288 2289 2290 2291 2292 2293 2294 2295 2296 2297 2298 2299 2300 2301 2302 2303 2304 2305 2306 2307 2308 2309 2310 2311 2312 2313 2314 2315 2316 2317 2318 2319 2320 2321 2322 2323 2324 2325 2326 2327 2328 2329 2330 2331 2332 2333 2334 2335 2336 2337 2338 2339 2340 2341 2342 2343 2344 2345 2346 2347 2348 2349 2350 2351 2352 2353 2354 2355 2356 2357 2358 2359 2360 2361 2362 2363 2364 2365 2366 2367 2368 2369 2370 2371 2372 2373 2374 2375 2376 2377 2378 2379 2380 2381 2382 2383 2384 2385 2386 2387 2388 2389 2390 2391 2392 2393 2394 2395 2396 2397 2398 2399 2400 2401 2402 2403 2404 2405 2406 2407 2408 2409 2410 2411 2412 2413 2414 2415 2416 
12 2417 2418 2419 2420 2421 2422 2423 2424 2425 2426 2427 2428 
400 2429 2430 2431 2432 2433 2434 2435 2436 2437 2438 2439 2440 2441 2442 2443 2444 2445 2446 2447 2448 2449 2450 2451 2452 2453 2454 2455 2456 2457 2458 2459 2460 2461 2462 2463 2464 2465 2466 2467 2468 2469 2470 2471 2472 2473 2474 2475 2476 2477 2478 2479 2480 2481 2482 2483 2484 2485 2486 2487 2488 2489 2490 2491 2492 2493 2494 2495 2496 2497 2498 2499 2500 2501 2502 2503 2504 2505 2506 2507 2508 2509 2510 2511 2512 2513 2514 2515 2516 2517 2518 2519 2520 2521 2522 2523 2524 2525 2526 2527 2528 2529 2530 2531 2532 2533 2534 2535 2536 2537 2538 2539 2540 2541 2542 2543 2544 2545 2546 2547 2548 2549 2550 2551 2552 2553 2554 2555 2556 2557 2558 2559 2560 2561 2562 2563 2564 2565 2566 2567 2568 2569 2570 2571 2572 2573 2574 2575 2576 2577 2578 2579 2580 2581 2582 2583 2584 2585 2586 2587 2588 2589 2590 2591 2592 2593 2594 2595 2596 2597 2598 2599 2600 2601 2602 2603 2604 2605 2606 2607 2608 2609 2610 2611 2612 2613 2614 2615 2616 2617 2618 2619 2620 2621 2622 2623 2624 2625 2626 2627 2628 2629 2630 2631 2632 2633 2634 2635 2636 2637 2638 2639 2640 2641 2642 2643 2644 2645 2646 2647 2648 2649 2650 2651 2652 2653 2654 2655 2656 2657 2658 2659 2660 2661 2662 2663 2664 2665 2666 2667 2668 2669 2670 2671 2672 2673 2674 2675 2676 2677 2678 2679 2680 2681 2682 2683 2684 2685 2686 2687 2688 2689 2690 2691 2692 2693 2694 2695 2696 2697 2698 2699 2700 2701 2702 2703 2704 2705 2706 2707 2708 2709 2710 2711 2712 2713 2714 2715 2716 2717 2718 2719 2720 2721 2722 2723 2724 2725 2726 2727 2728 2729 2730 2731 2732 2733 2734 2735 2736 2737 2738 2739 2740 2741 2742 2743 2744 2745 2746 2747 2748 2749 2750 2751 2752 2753 2754 2755 2756 2757 2758 2759 2760 2761 2762 2763 2764 2765 2766 2767 2768 2769 2770 2771 2772 2773 2774 2775 2776 2777 2778 2779 2780 2781 2782 2783 2784 2785 2786 2787 2788 2789 2790 2791 2792 2793 2794 2795 2796 2797 2798 2799 2800 2801 2802 2803 2804 2805 2806 2807 2808 2809 2810 2811 2812 2813 2814 2815 2816 2817 2818 2819 2820 2821 2822 2823 2824 2825 2826 2827 2828 
8 2829 2830 2831 2832 2833 2834 2835 2836 
60 2837 2838 2839 2840 2841 2842 2843 2844 2845 2846 2847 2848 2849 2850 2851 2852 2853 2854 2855 2856 2857 2858 2859 2860 2861 2862 2863 2864 2865 2866 2867 2868 2869 2870 2871 2872 2873 2874 2875 2876 2877 2878 2879 2880 2881 2882 2883 2884 2885 2886 2887 2888 2889 2890 2891 2892 2893 2894 2895 2896 
36 2897 2898 2899 2900 2901 2902 2903 2904 2905 2906 2907 2908 2909 2910 2911 2912 2913 2914 2915 2916 2917 2918 2919 2920 2921 2922 2923 2924 2925 2926 2927 2928 2929 2930 2931 2932 
9 2933 2934 2935 2936 2937 2938 2939 2940 2941 
12 2942 2943 2944 2945 2946 2947 2948 2949 2950 2951 2952 2953 
11 2954 2955 2956 2957 2958 2959 2960 2961 2962 2963 2964 
290 2965 2966 2967 2968 2969 2970 2971 2972 2973 2974 2975 2976 2977 2978 2979 2980 2981 2982 2983 2984 2985 2986 2987 2988 2989 2990 2991 2992 2993 2994 2995 2996 2997 2998 2999 3000 3001 3002 3003 3004 3005 3006 3007 3008 3009 3010 3011 3012 3013 3014 3015 3016 3017 3018 3019 3020 3021 3022 3023 3024 3025 3026 3027 3028 3029 3030 3031 3032 3033 3034 3035 3036 3037 3038 3039 3040 3041 3042 3043 3044 3045 3046 3047 3048 3049 3050 3051 3052 3053 3054 3055 3056 3057 3058 3059 3060 3061 3062 3063 3064 3065 3066 3067 3068 3069 3070 3071 3072 3073 3074 3075 3076 3077 3078 3079 3080 3081 3082 3083 3084 3085 3086 3087 3088 3089 3090 3091 3092 3093 3094 3095 3096 3097 3098 3099 3100 3101 3102 3103 3104 3105 3106 3107 3108 3109 3110 3111 3112 3113 3114 3115 3116 3117 3118 3119 3120 3121 3122 3123 3124 3125 3126 3127 3128 3129 3130 3131 3132 3133 3134 3135 3136 3137 3138 3139 3140 3141 3142 3143 3144 3145 3146 3147 3148 3149 3150 3151 3152 3153 3154 3155 3156 3157 3158 3159 3160 3161 3162 3163 3164 3165 3166 3167 3168 3169 3170 3171 3172 3173 3174 3175 3176 3177 3178 3179 3180 3181 3182 3183 3184 3185 3186 3187 3188 3189 3190 3191 3192 3193 3194 3195 3196 3197 3198 3199 3200 3201 3202 3203 3204 3205 3206 3207 3208 3209 3210 3211 3212 3213 3214 3215 3216 3217 3218 3219 3220 3221 3222 3223 3224 3225 3226 3227 3228 3229 3230 3231 3232 3233 3234 3235 3236 3237 3238 3239 3240 3241 3242 3243 3244 3245 3246 3247 3248 3249 3250 3251 3252 3253 3254 
12 3255 3256 3257 3258 3259 3260 3261 3262 3263 3264 3265 3266 
400 3267 3268 3269 3270 3271 3272 3273 3274 3275 3276 3277 3278 3279 3280 3281 3282 3283 3284 3285 3286 3287 3288 3289 3290 3291 3292 3293 3294 3295 3296 3297 3298 3299 3300 3301 3302 3303 3304 3305 3306 3307 3308 3309 3310 3311 3312 3313 3314 3315 3316 3317 3318 3319 3320 3321 3322 3323 3324 3325 3326 3327 3328 3329 3330 3331 3332 3333 3334 3335 3336 3337 3338 3339 3340 3341 3342 3343 3344 3345 3346 3347 3348 3349 3350 3351 3352 3353 3354 3355 3356 3357 3358 3359 3360 3361 3362 3363 3364 3365 3366 3367 3368 3369 3370 3371 3372 3373 3374 3375 3376 3377 3378 3379 3380 3381 3382 3383 3384 3385 3386 3387 3388 3389 3390 3391 3392 3393 3394 3395 3396 3397 3398 3399 3400 3401 3402 3403 3404 3405 3406 3407 3408 3409 3410 3411 3412 3413 3414 3415 3416 3417 3418 3419 3420 3421 3422 3423 3424 3425 3426 3427 3428 3429 3430 3431 3432 3433 3434 3435 3436 3437 3438 3439 3440 3441 3442 3443 3444 3445 3446 3447 3448 3449 3450 3451 3452 3453 3454 3455 3456 3457 3458 3459 3460 3461 3462 3463 3464 3465 3466 3467 3468 3469 3470 3471 3472 3473 3474 3475 3476 3477 3478 3479 3480 3481 3482 3483 3484 3485 3486 3487 3488 3489 3490 3491 3492 3493 3494 3495 3496 3497 3498 3499 3500 3501 3502 3503 3504 3505 3506 3507 3508 3509 3510 3511 3512 3513 3514 3515 3516 3517 3518 3519 3520 3521 3522 3523 3524 3525 3526 3527 3528 3529 3530 3531 3532 3533 3534 3535 3536 3537 3538 3539 3540 3541 3542 3543 3544 3545 3546 3547 3548 3549 3550 3551 3552 3553 3554 3555 3556 3557 3558 3559 3560 3561 3562 3563 3564 3565 3566 3567 3568 3569 3570 3571 3572 3573 3574 3575 3576 3577 3578 3579 3580 3581 3582 3583 3584 3585 3586 3587 3588 3589 3590 3591 3592 3593 3594 3595 3596 3597 3598 3599 3600 3601 3602 3603 3604 3605 3606 3607 3608 3609 3610 3611 3612 3613 3614 3615 3616 3617 3618 3619 3620 3621 3622 3623 3624 3625 3626 3627 3628 3629 3630 3631 3632 3633 3634 3635 3636 3637 3638 3639 3640 3641 3642 3643 3644 3645 3646 3647 3648 3649 3650 3651 3652 3653 3654 3655 3656 3657 3658 3659 3660 3661 3662 3663 3664 3665 3666 
10 3667 3668 3669 3670 3671 3672 3673 3674 3675 3676 
143 3677 3678 3679 3680 3681 3682 3683 3684 3685 3686 3687 3688 3689 3690 3691 3692 3693 3694 3695 3696 3697 3698 3699 3700 3701 3702 3703 3704 3705 3706 3707 3708 3709 3710 3711 3712 3713 3714 3715 3716 3717 3718 3719 3720 3721 3722 3723 3724 3725 3726 3727 3728 3729 3730 3731 3732 3733 3734 3735 3736 3737 3738 3739 3740 3741 3742 3743 3744 3745 3746 3747 3748 3749 3750 3751 3752 3753 3754 3755 3756 3757 3758 3759 3760 3761 3762 3763 3764 3765 3766 3767 3768 3769 3770 3771 3772 3773 3774 3775 3776 3777 3778 3779 3780 3781 3782 3783 3784 3785 3786 3787 3788 3789 3790 3791 3792 3793 3794 3795 3796 3797 3798 3799 3800 3801 3802 3803 3804 3805 3806 3807 3808 3809 3810 3811 3812 3813 3814 3815 3816 3817 3818 3819 
5 3820 3821 3822 3823 3824 
21 3825 3826 3827 3828 3829 3830 3831 3832 3833 3834 3835 3836 3837 3838 3839 3840 3841 3842 3843 3844 3845 
7 3846 3847 3848 3849 3850 3851 3852 
62 3853 3854 3855 3856 3857 3858 3859 3860 3861 3862 3863 3864 3865 3866 3867 3868 3869 3870 3871 3872 3873 3874 3875 3876 3877 3878 3879 3880 3881 3882 3883 3884 3885 3886 3887 3888 3889 3890 3891 3892 3893 3894 3895 3896 3897 3898 3899 3900 3901 3902 3903 3904 3905 3906 3907 3908 3909 3910 3911 3912 3913 3914 
36 3915 3916 3917 3918 3919 3920 3921 3922 3923 3924 3925 3926 3927 3928 3929 3930 3931 3932 3933 3934 3935 3936 3937 3938 3939 3940 3941 3942 3943 3944 3945 3946 3947 3948 3949 3950 
9 3951 3952 3953 3954 3955 3956 3957 3958 3959 
12 3960 3961 3962 3963 3964 3965 3966 3967 3968 3969 3970 3971 
11 3972 3973 3974 3975 3976 3977 3978 3979 3980 3981 3982 
290 3983 3984 3985 3986 3987 3988 3989 3990 3991 3992 3993 3994 3995 3996 3997 3998 3999 4000 4001 4002 4003 4004 4005 4006 4007 4008 4009 4010 4011 4012 4013 4014 4015 4016 4017 4018 4019 4020 4021 4022 4023 4024 4025 4026 4027 4028 4029 4030 4031 4032 4033 4034 4035 4036 4037 4038 4039 4040 4041 4042 4043 4044 4045 4046 4047 4048 4049 4050 4051 4052 4053 4054 4055 4056 4057 4058 4059 4060 4061 4062 4063 4064 4065 4066 4067 4068 4069 4070 4071 4072 4073 4074 4075 4076 4077 4078 4079 4080 4081 4082 4083 4084 4085 4086 4087 4088 4089 4090 4091 4092 4093 4094 4095 4096 4097 4098 4099 4100 4101 4102 4103 4104 4105 4106 4107 4108 4109 4110 4111 4112 4113 4114 4115 4116 4117 4118 4119 4120 4121 4122 4123 4124 4125 4126 4127 4128 4129 4130 4131 4132 4133 4134 4135 4136 4137 4138 4139 4140 4141 4142 4143 4144 4145 4146 4147 4148 4149 4150 4151 4152 4153 4154 4155 4156 4157 4158 4159 4160 4161 4162 4163 4164 4165 4166 4167 4168 4169 4170 4171 4172 4173 4174 4175 4176 4177 4178 4179 4180 4181 4182 4183 4184 4185 4186 4187 4188 4189 4190 4191 4192 4193 4194 4195 4196 4197 4198 4199 4200 4201 4202 4203 4204 4205 4206 4207 4208 4209 4210 4211 4212 4213 4214 4215 4216 4217 4218 4219 4220 4221 4222 4223 4224 4225 4226 4227 4228 4229 4230 4231 4232 4233 4234 4235 4236 4237 4238 4239 4240 4241 4242 4243 4244 4245 4246 4247 4248 4249 4250 4251 4252 4253 4254 4255 4256 4257 4258 4259 4260 4261 4262 4263 4264 4265 4266 4267 4268 4269 4270 4271 4272 
12 4273 4274 4275 4276 4277 4278 4279 4280 4281 4282 4283 4284 
400 4285 4286 4287 4288 4289 4290 4291 4292 4293 4294 4295 4296 4297 4298 4299 4300 4301 4302 4303 4304 4305 4306 4307 4308 4309 4310 4311 4312 4313 4314 4315 4316 4317 4318 4319 4320 4321 4322 4323 4324 4325 4326 4327 4328 4329 4330 4331 4332 4333 4334 4335 4336 4337 4338 4339 4340 4341 4342 4343 4344 4345 4346 4347 4348 4349 4350 4351 4352 4353 4354 4355 4356 4357 4358 4359 4360 4361 4362 4363 4364 4365 4366 4367 4368 4369 4370 4371 4372 4373 4374 4375 4376 4377 4378 4379 4380 4381 4382 4383 4384 4385 4386 4387 4388 4389 4390 4391 4392 4393 4394 4395 4396 4397 4398 4399 4400 4401 4402 4403 4404 4405 4406 4407 4408 4409 4410 4411 4412 4413 4414 4415 4416 4417 4418 4419 4420 4421 4422 4423 4424 4425 4426 4427 4428 4429 4430 4431 4432 4433 4434 4435 4436 4437 4438 4439 4440 4441 4442 4443 4444 4445 4446 4447 4448 4449 4450 4451 4452 4453 4454 4455 4456 4457 4458 4459 4460 4461 4462 4463 4464 4465 4466 4467 4468 4469 4470 4471 4472 4473 4474 4475 4476 4477 4478 4479 4480 4481 4482 4483 4484 4485 4486 4487 4488 4489 4490 4491 4492 4493 4494 4495 4496 4497 4498 4499 4500 4501 4502 4503 4504 4505 4506 4507 4508 4509 4510 4511 4512 4513 4514 4515 4516 4517 4518 4519 4520 4521 4522 4523 4524 4525 4526 4527 4528 4529 4530 4531 4532 4533 4534 4535 4536 4537 4538 4539 4540 4541 4542 4543 4544 4545 4546 4547 4548 4549 4550 4551 4552 4553 4554 4555 4556 4557 4558 4559 4560 4561 4562 4563 4564 4565 4566 4567 4568 4569 4570 4571 4572 4573 4574 4575 4576 4577 4578 4579 4580 4581 4582 4583 4584 4585 4586 4587 4588 4589 4590 4591 4592 4593 4594 4595 4596 4597 4598 4599 4600 4601 4602 4603 4604 4605 4606 4607 4608 4609 4610 4611 4612 4613 4614 4615 4616 4617 4618 4619 4620 4621 4622 4623 4624 4625 4626 4627 4628 4629 4630 4631 4632 4633 4634 4635 4636 4637 4638 4639 4640 4641 4642 4643 4644 4645 4646 4647 4648 4649 4650 4651 4652 4653 4654 4655 4656 4657 4658 4659 4660 4661 4662 4663 4664 4665 4666 4667 4668 4669 4670 4671 4672 4673 4674 4675 4676 4677 4678 4679 4680 4681 4682 4683 4684 
10 4685 4686 4687 4688 4689 4690 4691 4692 4693 4694 
143 4695 4696 4697 4698 4699 4700 4701 4702 4703 4704 4705 4706 4707 4708 4709 4710 4711 4712 4713 4714 4715 4716 4717 4718 4719 4720 4721 4722 4723 4724 4725 4726 4727 4728 4729 4730 4731 4732 4733 4734 4735 4736 4737 4738 4739 4740 4741 4742 4743 4744 4745 4746 4747 4748 4749 4750 4751 4752 4753 4754 4755 4756 4757 4758 4759 4760 4761 4762 4763 4764 4765 4766 4767 4768 4769 4770 4771 4772 4773 4774 4775 4776 4777 4778 4779 4780 4781 4782 4783 4784 4785 4786 4787 4788 4789 4790 4791 4792 4793 4794 4795 4796 4797 4798 4799 4800 4801 4802 4803 4804 4805 4806 4807 4808 4809 4810 4811 4812 4813 4814 4815 4816 4817 4818 4819 4820 4821 4822 4823 4824 4825 4826 4827 4828 4829 4830 4831 4832 4833 4834 4835 4836 4837 
5 4838 4839 4840 4841 4842 
20 4843 4844 4845 4846 4847 4848 4849 4850 4851 4852 4853 4854 4855 4856 4857 4858 4859 4860 4861 4862 
5 4863 4864 4865 4866 4867 
68 4868 4869 4870 4871 4872 4873 4874 4875 4876 4877 4878 4879 4880 4881 4882 4883 4884 4885 4886 4887 4888 4889 4890 4891 4892 4893 4894 4895 4896 4897 4898 4899 4900 4901 4902 4903 4904 4905 4906 4907 4908 4909 4910 4911 4912 4913 4914 4915 4916 4917 4918 4919 4920 4921 4922 4923 4924 4925 4926 4927 4928 4929 4930 4931 4932 4933 4934 4935 
36 4936 4937 4938 4939 4940 4941 4942 4943 4944 4945 4946 4947 4948 4949 4950 4951 4952 4953 4954 4955 4956 4957 4958 4959 4960 4961 4962 4963 4964 4965 4966 4967 4968 4969 4970 4971 
9 4972 4973 4974 4975 4976 4977 4978 4979 4980 
5 4981 4982 4983 4984 4985 
32 4986 4987 4988 4989 4990 4991 4992 4993 4994 4995 4996 4997 4999 5000 5001 5002 5003 5004 5006 5007 5008 5009 5010 5011 5012 5013 5014 5015 5016 5017 5018 5019 
63 5020 5021 5022 5023 5024 5025 5026 5027 5028 5029 5030 5031 5032 5033 5034 5035 5036 5037 5038 5039 5040 5041 5042 5043 5044 5045 5046 5047 5048 5049 5050 5051 5052 5053 5054 5055 5056 5057 5058 5059 5060 5061 5062 5063 5064 5065 5066 5067 5068 5069 5070 5071 5072 5073 5074 5075 5076 5077 5078 5079 5080 5081 5082 
13 5083 5084 5085 5086 5087 5088 5089 5090 5091 5092 5093 5094 5095 
184 5096 5097 5098 5099 5100 5101 5102 5103 5104 5105 5106 5107 5108 5109 5110 5111 5112 5113 5114 5115 5116 5117 5118 5119 5120 5121 5122 5123 5124 5125 5126 5127 5128 5129 5130 5131 5132 5133 5134 5135 5136 5137 5138 5139 5140 5141 5142 5143 5144 5145 5146 5147 5148 5149 5150 5151 5152 5153 5154 5155 5156 5157 5158 5159 5160 5161 5162 5163 5164 5165 5166 5167 5168 5169 5170 5171 5172 5173 5174 5175 5176 5177 5178 5179 5180 5181 5182 5183 5184 5185 5186 5187 5188 5189 5190 5191 5192 5193 5194 5195 5196 5197 5198 5199 5200 5201 5202 5203 5204 5205 5206 5207 5208 5209 5210 5211 5212 5213 5214 5215 5216 5217 5218 5219 5220 5221 5222 5223 5224 5225 5226 5227 5228 5229 5230 5231 5232 5233 5234 5235 5236 5237 5238 5239 5240 5241 5242 5243 5244 5245 5246 5247 5248 5249 5250 5251 5252 5253 5254 5255 5256 5257 5258 5259 5260 5261 5262 5263 5264 5265 5266 5267 5268 5269 5270 5271 5272 5273 5274 5275 5276 5277 5278 5279 
11 5280 5281 5282 5283 5284 5285 5286 5287 5288 5289 5290 
507 5291 5292 5293 5294 5295 5296 5297 5298 5299 5300 5301 5302 5303 5304 5305 5306 5307 5308 5309 5310 5311 5312 5313 5314 5315 5316 5317 5318 5319 5320 5321 5322 5323 5324 5325 5326 5327 5328 5329 5330 5331 5332 5333 5334 5335 5336 5337 5338 5339 5340 5341 5342 5343 5344 5345 5346 5347 5348 5349 5350 5351 5352 5353 5354 5355 5356 5357 5358 5359 5360 5361 5362 5363 5364 5365 5366 5367 5368 5369 5370 5371 5372 5373 5374 5375 5376 5377 5378 5379 5380 5381 5382 5383 5384 5385 5386 5387 5388 5389 5390 5391 5392 5393 5394 5395 5396 5397 5398 5399 5400 5401 5402 5403 5404 5405 5406 5407 5408 5409 5410 5411 5412 5413 5414 5415 5416 5417 5418 5419 5420 5421 5422 5423 5424 5425 5426 5427 5428 5429 5430 5431 5432 5433 5434 5435 5436 5437 5438 5439 5440 5441 5442 5443 5444 5445 5446 5447 5448 5449 5450 5451 5452 5453 5454 5455 5456 5457 5458 5459 5460 5461 5462 5463 5464 5465 5466 5467 5468 5469 5470 5471 5472 5473 5474 5475 5476 5477 5478 5479 5480 5481 5482 5483 5484 5485 5486 5487 5488 5489 5490 5491 5492 5493 5494 5495 5496 5497 5498 5499 5500 5501 5502 5503 5504 5505 5506 5507 5508 5509 5510 5511 5512 5513 5514 5515 5516 5517 5518 5519 5520 5521 5522 5523 5524 5525 5526 5527 5528 5529 5530 5531 5532 5533 5534 5535 5536 5537 5538 5539 5540 5541 5542 5543 5544 5545 5546 5547 5548 5549 5550 5551 5552 5553 5554 5555 5556 5557 5558 5559 5560 5561 5562 5563 5564 5565 5566 5567 5568 5569 5570 5571 5572 5573 5574 5575 5576 5577 5578 5579 5580 5581 5582 5583 5584 5585 5586 5587 5588 5589 5590 5591 5592 5593 5594 5595 5596 5597 5598 5599 5600 5601 5602 5603 5604 5605 5606 5607 5608 5609 5610 5611 5612 5613 5614 5615 5616 5617 5618 5619 5620 5621 5622 5623 5624 5625 5626 5627 5628 5629 5630 5631 5632 5633 5634 5635 5636 5637 5638 5639 5640 5641 5642 5643 5644 5645 5646 5647 5648 5649 5650 5651 5652 5653 5654 5655 5656 5657 5658 5659 5660 5661 5662 5663 5664 5665 5666 5667 5668 5669 5670 5671 5672 5673 5674 5675 5676 5677 5678 5679 5680 5681 5682 5683 5684 5685 5686 5687 5688 5689 5690 5691 5692 5693 5694 5695 5696 5697 5698 5699 5700 5701 5702 5703 5704 5705 5706 5707 5708 5709 5710 5711 5712 5713 5714 5715 5716 5717 5718 5719 5720 5721 5722 5723 5724 5725 5726 5727 5728 5729 5730 5731 5732 5733 5734 5735 5736 5737 5738 5739 5740 5741 5742 5743 5744 5745 5746 5747 5748 5749 5750 5751 5752 5753 5754 5755 5756 5757 5758 5759 5760 5761 5762 5763 5764 5765 5766 5767 5768 5769 5770 5771 5772 5773 5774 5775 5776 5777 5778 5779 5780 5781 5782 5783 5784 5785 5786 5787 5788 5789 5790 5791 5792 5793 5794 5795 5796 5797 
8 5798 5799 5800 5801 5802 5803 5804 5805 
87 5806 5807 5808 5809 5810 5811 5812 5813 5814 5815 5816 5817 5818 5819 5820 5821 5822 5823 5824 5825 5826 5827 5828 5829 5830 5831 5832 5833 5834 5835 5836 5837 5838 5839 5840 5841 5842 5843 5844 5845 5846 5847 5848 5849 5850 5851 5852 5853 5854 5855 5856 5857 5858 5859 5860 5861 5862 5863 5864 5865 5866 5867 5868 5869 5870 5871 5872 5873 5874 5875 5876 5877 5878 5879 5880 5881 5882 5883 5884 5885 5886 5887 5888 5889 5890 5891 5892 
10 5893 5894 5895 5896 5897 5898 5899 5900 5901 5902 
68 5903 5904 5905 5906 5907 5908 5909 5910 5911 5912 5913 5914 5915 5916 5917 5918 5919 5920 5921 5922 5923 5924 5925 5926 5927 5928 5929 5930 5931 5932 5933 5934 5935 5936 5937 5938 5939 5940 5941 5942 5943 5944 5945 5946 5947 5948 5949 5950 5951 5952 5953 5954 5955 5956 5957 5958 5959 5960 5961 5962 5963 5964 5965 5966 5967 5968 5969 5970 
36 5971 5972 5973 5974 5975 5976 5977 5978 5979 5980 5981 5982 5983 5984 5985 5986 5987 5988 5989 5990 5991 5992 5993 5994 5995 5996 5997 5998 5999 6000 6001 6002 6003 6004 6005 6006 
9 6007 6008 6009 6010 6011 6012 6013 6014 6015 
12 6016 6017 6018 6019 6020 6021 6022 6023 6024 6025 6026 6027 
11 6028 6029 6030 6031 6032 6033 6034 6035 6036 6037 6038 
290 6039 6040 6041 6042 6043 6044 6045 6046 6047 6048 6049 6050 6051 6052 6053 6054 6055 6056 6057 6058 6059 6060 6061 6062 6063 6064 6065 6066 6067 6068 6069 6070 6071 6072 6073 6074 6075 6076 6077 6078 6079 6080 6081 6082 6083 6084 6085 6086 6087 6088 6089 6090 6091 6092 6093 6094 6095 6096 6097 6098 6099 6100 6101 6102 6103 6104 6105 6106 6107 6108 6109 6110 6111 6112 6113 6114 6115 6116 6117 6118 6119 6120 6121 6122 6123 6124 6125 6126 6127 6128 6129 6130 6131 6132 6133 6134 6135 6136 6137 6138 6139 6140 6141 6142 6143 6144 6145 6146 6147 6148 6149 6150 6151 6152 6153 6154 6155 6156 6157 6158 6159 6160 6161 6162 6163 6164 6165 6166 6167 6168 6169 6170 6171 6172 6173 6174 6175 6176 6177 6178 6179 6180 6181 6182 6183 6184 6185 6186 6187 6188 6189 6190 6191 6192 6193 6194 6195 6196 6197 6198 6199 6200 6201 6202 6203 6204 6205 6206 6207 6208 6209 6210 6211 6212 6213 6214 6215 6216 6217 6218 6219 6220 6221 6222 6223 6224 6225 6226 6227 6228 6229 6230 6231 6232 6233 6234 6235 6236 6237 6238 6239 6240 6241 6242 6243 6244 6245 6246 6247 6248 6249 6250 6251 6252 6253 6254 6255 6256 6257 6258 6259 6260 6261 6262 6263 6264 6265 6266 6267 6268 6269 6270 6271 6272 6273 6274 6275 6276 6277 6278 6279 6280 6281 6282 6283 6284 6285 6286 6287 6288 6289 6290 6291 6292 6293 6294 6295 6296 6297 6298 6299 6300 6301 6302 6303 6304 6305 6306 6307 6308 6309 6310 6311 6312 6313 6314 6315 6316 6317 6318 6319 6320 6321 6322 6323 6324 6325 6326 6327 6328 
12 6329 6330 6331 6332 6333 6334 6335 6336 6337 6338 6339 6340 
400 6341 6342 6343 6344 6345 6346 6347 6348 6349 6350 6351 6352 6353 6354 6355 6356 6357 6358 6359 6360 6361 6362 6363 6364 6365 6366 6367 6368 6369 6370 6371 6372 6373 6374 6375 6376 6377 6378 6379 6380 6381 6382 6383 6384 6385 6386 6387 6388 6389 6390 6391 6392 6393 6394 6395 6396 6397 6398 6399 6400 6401 6402 6403 6404 6405 6406 6407 6408 6409 6410 6411 6412 6413 6414 6415 6416 6417 6418 6419 6420 6421 6422 6423 6424 6425 6426 6427 6428 6429 6430 6431 6432 6433 6434 6435 6436 6437 6438 6439 6440 6441 6442 6443 6444 6445 6446 6447 6448 6449 6450 6451 6452 6453 6454 6455 6456 6457 6458 6459 6460 6461 6462 6463 6464 6465 6466 6467 6468 6469 6470 6471 6472 6473 6474 6475 6476 6477 6478 6479 6480 6481 6482 6483 6484 6485 6486 6487 6488 6489 6490 6491 6492 6493 6494 6495 6496 6497 6498 6499 6500 6501 6502 6503 6504 6505 6506 6507 6508 6509 6510 6511 6512 6513 6514 6515 6516 6517 6518 6519 6520 6521 6522 6523 6524 6525 6526 6527 6528 6529 6530 6531 6532 6533 6534 6535 6536 6537 6538 6539 6540 6541 6542 6543 6544 6545 6546 6547 6548 6549 6550 6551 6552 6553 6554 6555 6556 6557 6558 6559 6560 6561 6562 6563 6564 6565 6566 6567 6568 6569 6570 6571 6572 6573 6574 6575 6576 6577 6578 6579 6580 6581 6582 6583 6584 6585 6586 6587 6588 6589 6590 6591 6592 6593 6594 6595 6596 6597 6598 6599 6600 6601 6602 6603 6604 6605 6606 6607 6608 6609 6610 6611 6612 6613 6614 6615 6616 6617 6618 6619 6620 6621 6622 6623 6624 6625 6626 6627 6628 6629 6630 6631 6632 6633 6634 6635 6636 6637 6638 6639 6640 6641 6642 6643 6644 6645 6646 6647 6648 6649 6650 6651 6652 6653 6654 6655 6656 6657 6658 6659 6660 6661 6662 6663 6664 6665 6666 6667 6668 6669 6670 6671 6672 6673 6674 6675 6676 6677 6678 6679 6680 6681 6682 6683 6684 6685 6686 6687 6688 6689 6690 6691 6692 6693 6694 6695 6696 6697 6698 6699 6700 6701 6702 6703 6704 6705 6706 6707 6708 6709 6710 6711 6712 6713 6714 6715 6716 6717 6718 6719 6720 6721 6722 6723 6724 6725 6726 6727 6728 6729 6730 6731 6732 6733 6734 6735 6736 6737 6738 6739 6740 
8 6741 6742 6743 6744 6745 6746 6747 6748 
59 6749 6750 6751 6752 6753 6754 6755 6756 6757 6758 6759 6760 6761 6762 6763 6764 6765 6766 6767 6768 6769 6770 6771 6772 6773 6774 6775 6776 6777 6778 6779 6780 6781 6782 6783 6784 6785 6786 6787 6788 6789 6790 6791 6792 6793 6794 6795 6796 6797 6798 6799 6800 6801 6802 6803 6804 6805 6806 6807 
10 6808 6809 6810 6811 6812 6813 6814 6815 6816 6817 
84 6818 6819 6820 6821 6822 6823 6824 6825 6826 6827 6828 6829 6830 6831 6832 6833 6834 6835 6836 6837 6838 6839 6840 6841 6842 6843 6844 6845 6846 6847 6848 6849 6850 6851 6852 6853 6854 6855 6856 6857 6858 6859 6860 6861 6862 6863 6864 6865 6866 6867 6868 6869 6870 6871 6872 6873 6874 6875 6876 6877 6878 6879 6880 6881 6882 6883 6884 6885 6886 6887 6888 6889 6890 6891 6892 6893 6894 6895 6896 6897 6898 6899 6900 6901 
3 6902 6903 6904 
13 6905 6906 6907 6908 6909 6910 6911 6912 6913 6914 6915 6916 6917 
36 6918 6919 6920 6921 6922 6923 6924 6925 6926 6927 6928 6929 6930 6931 6932 6933 6934 6935 6936 6937 6938 6939 6940 6941 6942 6943 6944 6945 6946 6947 6948 6949 6950 6951 6952 6953 
9 6954 6955 6956 6957 6958 6959 6960 6961 6962 
5 6963 6964 6965 6966 6967 
32 6968 6969 6970 6971 6972 6973 6974 6975 6976 6977 6978 6979 6981 6982 6983 6984 6985 6986 6988 6989 6990 6991 6992 6993 6994 6995 6996 6997 6998 6999 7000 7001 
63 7002 7003 7004 7005 7006 7007 7008 7009 7010 7011 7012 7013 7014 7015 7016 7017 7018 7019 7020 7021 7022 7023 7024 7025 7026 7027 7028 7029 7030 7031 7032 7033 7034 7035 7036 7037 7038 7039 7040 7041 7042 7043 7044 7045 7046 7047 7048 7049 7050 7051 7052 7053 7054 7055 7056 7057 7058 7059 7060 7061 7062 7063 7064 
13 7065 7066 7067 7068 7069 7070 7071 7072 7073 7074 7075 7076 7077 
184 7078 7079 7080 7081 7082 7083 7084 7085 7086 7087 7088 7089 7090 7091 7092 7093 7094 7095 7096 7097 7098 7099 7100 7101 7102 7103 7104 7105 7106 7107 7108 7109 7110 7111 7112 7113 7114 7115 7116 7117 7118 7119 7120 7121 7122 7123 7124 7125 7126 7127 7128 7129 7130 7131 7132 7133 7134 7135 7136 7137 7138 7139 7140 7141 7142 7143 7144 7145 7146 7147 7148 7149 7150 7151 7152 7153 7154 7155 7156 7157 7158 7159 7160 7161 7162 7163 7164 7165 7166 7167 7168 7169 7170 7171 7172 7173 7174 7175 7176 7177 7178 7179 7180 7181 7182 7183 7184 7185 7186 7187 7188 7189 7190 7191 7192 7193 7194 7195 7196 7197 7198 7199 7200 7201 7202 7203 7204 7205 7206 7207 7208 7209 7210 7211 7212 7213 7214 7215 7216 7217 7218 7219 7220 7221 7222 7223 7224 7225 7226 7227 7228 7229 7230 7231 7232 7233 7234 7235 7236 7237 7238 7239 7240 7241 7242 7243 7244 7245 7246 7247 7248 7249 7250 7251 7252 7253 7254 7255 7256 7257 7258 7259 7260 7261 
11 7262 7263 7264 7265 7266 7267 7268 7269 7270 7271 7272 
508 7273 7274 7275 7276 7277 7278 7279 7280 7281 7282 7283 7284 7285 7286 7287 7288 7289 7290 7291 7292 7293 7294 7295 7296 7297 7298 7299 7300 7301 7302 7303 7304 7305 7306 7307 7308 7309 7310 7311 7312 7313 7314 7315 7316 7317 7318 7319 7320 7321 7322 7323 7324 7325 7326 7327 7328 7329 7330 7331 7332 7333 7334 7335 7336 7337 7338 7339 7340 7341 7342 7343 7344 7345 7346 7347 7348 7349 7350 7351 7352 7353 7354 7355 7356 7357 7358 7359 7360 7361 7362 7363 7364 7365 7366 7367 7368 7369 7370 7371 7372 7373 7374 7375 7376 7377 7378 7379 7380 7381 7382 7383 7384 7385 7386 7387 7388 7389 7390 7391 7392 7393 7394 7395 7396 7397 7398 7399 7400 7401 7402 7403 7404 7405 7406 7407 7408 7409 7410 7411 7412 7413 7414 7415 7416 7417 7418 7419 7420 7421 7422 7423 7424 7425 7426 7427 7428 7429 7430 7431 7432 7433 7434 7435 7436 7437 7438 7439 7440 7441 7442 7443 7444 7445 7446 7447 7448 7449 7450 7451 7452 7453 7454 7455 7456 7457 7458 7459 7460 7461 7462 7463 7464 7465 7466 7467 7468 7469 7470 7471 7472 7473 7474 7475 7476 7477 7478 7479 7480 7481 7482 7483 7484 7485 7486 7487 7488 7489 7490 7491 7492 7493 7494 7495 7496 7497 7498 7499 7500 7501 7502 7503 7504 7505 7506 7507 7508 7509 7510 7511 7512 7513 7514 7515 7516 7517 7518 7519 7520 7521 7522 7523 7524 7525 7526 7527 7528 7529 7530 7531 7532 7533 7534 7535 7536 7537 7538 7539 7540 7541 7542 7543 7544 7545 7546 7547 7548 7549 7550 7551 7552 7553 7554 7555 7556 7557 7558 7559 7560 7561 7562 7563 7564 7565 7566 7567 7568 7569 7570 7571 7572 7573 7574 7575 7576 7577 7578 7579 7580 7581 7582 7583 7584 7585 7586 7587 7588 7589 7590 7591 7592 7593 7594 7595 7596 7597 7598 7599 7600 7601 7602 7603 7604 7605 7606 7607 7608 7609 7610 7611 7612 7613 7614 7615 7616 7617 7618 7619 7620 7621 7622 7623 7624 7625 7626 7627 7628 7629 7630 7631 7632 7633 7634 7635 7636 7637 7638 7639 7640 7641 7642 7643 7644 7645 7646 7647 7648 7649 7650 7651 7652 7653 7654 7655 7656 7657 7658 7659 7660 7661 7662 7663 7664 7665 7666 7667 7668 7669 7670 7671 7672 7673 7674 7675 7676 7677 7678 7679 7680 7681 7682 7683 7684 7685 7686 7687 7688 7689 7690 7691 7692 7693 7694 7695 7696 7697 7698 7699 7700 7701 7702 7703 7704 7705 7706 7707 7708 7709 7710 7711 7712 7713 7714 7715 7716 7717 7718 7719 7720 7721 7722 7723 7724 7725 7726 7727 7728 7729 7730 7731 7732 7733 7734 7735 7736 7737 7738 7739 7740 7741 7742 7743 7744 7745 7746 7747 7748 7749 7750 7751 7752 7753 7754 7755 7756 7757 7758 7759 7760 7761 7762 7763 7764 7765 7766 7767 7768 7769 7770 7771 7772 7773 7774 7775 7776 7777 7778 7779 7780 
16 7781 7782 7783 7784 7785 7786 7787 7788 7789 7790 7791 7792 7793 7794 7795 7796 
317 7797 7798 7799 7800 7801 7802 7803 7804 7805 7806 7807 7808 7809 7810 7811 7812 7813 7814 7815 7816 7817 7818 7819 7820 7821 7822 7823 7824 7825 7826 7827 7828 7829 7830 7831 7832 7833 7834 7835 7836 7837 7838 7839 7840 7841 7842 7843 7844 7845 7846 7847 7848 7849 7850 7851 7852 7853 7854 7855 7856 7857 7858 7859 7860 7861 7862 7863 7864 7865 7866 7867 7868 7869 7870 7871 7872 7873 7874 7875 7876 7877 7878 7879 7880 7881 7882 7883 7884 7885 7886 7887 7888 7889 7890 7891 7892 7893 7894 7895 7896 7897 7898 7899 7900 7901 7902 7903 7904 7905 7906 7907 7908 7909 7910 7911 7912 7913 7914 7915 7916 7917 7918 7919 7920 7921 7922 7923 7924 7925 7926 7927 7928 7929 7930 7931 7932 7933 7934 7935 7936 7937 7938 7939 7940 7941 7942 7943 7944 7945 7946 7947 7948 7949 7950 7951 7952 7953 7954 7955 7956 7957 7958 7959 7960 7961 7962 7963 7964 7965 7966 7967 7968 7969 7970 7971 7972 7973 7974 7975 7976 7977 7978 7979 7980 7981 7982 7983 7984 7985 7986 7987 7988 7989 7990 7991 7992 7993 7994 7995 7996 7997 7998 7999 8000 8001 8002 8003 8004 8005 8006 8007 8008 8009 8010 8011 8012 8013 8014 8015 8016 8017 8018 8019 8020 8021 8022 8023 8024 8025 8026 8027 8028 8029 8030 8031 8032 8033 8034 8035 8036 8037 8038 8039 8040 8041 8042 8043 8044 8045 8046 8047 8048 8049 8050 8051 8052 8053 8054 8055 8056 8057 8058 8059 8060 8061 8062 8063 8064 8065 8066 8067 8068 8069 8070 8071 8072 8073 8074 8075 8076 8077 8078 8079 8080 8081 8082 8083 8084 8085 8086 8087 8088 8089 8090 8091 8092 8093 8094 8095 8096 8097 8098 8099 8100 8101 8102 8103 8104 8105 8106 8107 8108 8109 8110 8111 8112 8113 
4 8114 8115 8116 8117 
43 8118 8119 8120 8121 8122 8123 8124 8125 8126 8127 8128 8129 8130 8131 8132 8133 8134 8135 8136 8137 8138 8139 8140 8141 8142 8143 8144 8145 8146 8147 8148 8149 8150 8151 8152 8153 8154 8155 8156 8157 8158 8159 8160 
36 8161 8162 8163 8164 8165 8166 8167 8168 8169 8170 8171 8172 8173 8174 8175 8176 8177 8178 8179 8180 8181 8182 8183 8184 8185 8186 8187 8188 8189 8190 8191 8192 8193 8194 8195 8196 
9 8197 8198 8199 8200 8201 8202 8203 8204 8205 
5 8206 8207 8208 8209 8210 
32 8211 8212 8213 8214 8215 8216 8217 8218 8219 8220 8221 8222 8224 8225 8226 8227 8228 8229 8231 8232 8233 8234 8235 8236 8237 8238 8239 8240 8241 8242 8243 8244 
63 8245 8246 8247 8248 8249 8250 8251 8252 8253 8254 8255 8256 8257 8258 8259 8260 8261 8262 8263 8264 8265 8266 8267 8268 8269 8270 8271 8272 8273 8274 8275 8276 8277 8278 8279 8280 8281 8282 8283 8284 8285 8286 8287 8288 8289 8290 8291 8292 8293 8294 8295 8296 8297 8298 8299 8300 8301 8302 8303 8304 8305 8306 8307 
13 8308 8309 8310 8311 8312 8313 8314 8315 8316 8317 8318 8319 8320 
184 8321 8322 8323 8324 8325 8326 8327 8328 8329 8330 8331 8332 8333 8334 8335 8336 8337 8338 8339 8340 8341 8342 8343 8344 8345 8346 8347 8348 8349 8350 8351 8352 8353 8354 8355 8356 8357 8358 8359 8360 8361 8362 8363 8364 8365 8366 8367 8368 8369 8370 8371 8372 8373 8374 8375 8376 8377 8378 8379 8380 8381 8382 8383 8384 8385 8386 8387 8388 8389 8390 8391 8392 8393 8394 8395 8396 8397 8398 8399 8400 8401 8402 8403 8404 8405 8406 8407 8408 8409 8410 8411 8412 8413 8414 8415 8416 8417 8418 8419 8420 8421 8422 8423 8424 8425 8426 8427 8428 8429 8430 8431 8432 8433 8434 8435 8436 8437 8438 8439 8440 8441 8442 8443 8444 8445 8446 8447 8448 8449 8450 8451 8452 8453 8454 8455 8456 8457 8458 8459 8460 8461 8462 8463 8464 8465 8466 8467 8468 8469 8470 8471 8472 8473 8474 8475 8476 8477 8478 8479 8480 8481 8482 8483 8484 8485 8486 8487 8488 8489 8490 8491 8492 8493 8494 8495 8496 8497 8498 8499 8500 8501 8502 8503 8504 
11 8505 8506 8507 8508 8509 8510 8511 8512 8513 8514 8515 
508 8516 8517 8518 8519 8520 8521 8522 8523 8524 8525 8526 8527 8528 8529 8530 8531 8532 8533 8534 8535 8536 8537 8538 8539 8540 8541 8542 8543 8544 8545 8546 8547 8548 8549 8550 8551 8552 8553 8554 8555 8556 8557 8558 8559 8560 8561 8562 8563 8564 8565 8566 8567 8568 8569 8570 8571 8572 8573 8574 8575 8576 8577 8578 8579 8580 8581 8582 8583 8584 8585 8586 8587 8588 8589 8590 8591 8592 8593 8594 8595 8596 8597 8598 8599 8600 8601 8602 8603 8604 8605 8606 8607 8608 8609 8610 8611 8612 8613 8614 8615 8616 8617 8618 8619 8620 8621 8622 8623 8624 8625 8626 8627 8628 8629 8630 8631 8632 8633 8634 8635 8636 8637 8638 8639 8640 8641 8642 8643 8644 8645 8646 8647 8648 8649 8650 8651 8652 8653 8654 8655 8656 8657 8658 8659 8660 8661 8662 8663 8664 8665 8666 8667 8668 8669 8670 8671 8672 8673 8674 8675 8676 8677 8678 8679 8680 8681 8682 8683 8684 8685 8686 8687 8688 8689 8690 8691 8692 8693 8694 8695 8696 8697 8698 8699 8700 8701 8702 8703 8704 8705 8706 8707 8708 8709 8710 8711 8712 8713 8714 8715 8716 8717 8718 8719 8720 8721 8722 8723 8724 8725 8726 8727 8728 8729 8730 8731 8732 8733 8734 8735 8736 8737 8738 8739 8740 8741 8742 8743 8744 8745 8746 8747 8748 8749 8750 8751 8752 8753 8754 8755 8756 8757 8758 8759 8760 8761 8762 8763 8764 8765 8766 8767 8768 8769 8770 8771 8772 8773 8774 8775 8776 8777 8778 8779 8780 8781 8782 8783 8784 8785 8786 8787 8788 8789 8790 8791 8792 8793 8794 8795 8796 8797 8798 8799 8800 8801 8802 8803 8804 8805 8806 8807 8808 8809 8810 8811 8812 8813 8814 8815 8816 8817 8818 8819 8820 8821 8822 8823 8824 8825 8826 8827 8828 8829 8830 8831 8832 8833 8834 8835 8836 8837 8838 8839 8840 8841 8842 8843 8844 8845 8846 8847 8848 8849 8850 8851 8852 8853 8854 8855 8856 8857 8858 8859 8860 8861 8862 8863 8864 8865 8866 8867 8868 8869 8870 8871 8872 8873 8874 8875 8876 8877 8878 8879 8880 8881 8882 8883 8884 8885 8886 8887 8888 8889 8890 8891 8892 8893 8894 8895 8896 8897 8898 8899 8900 8901 8902 8903 8904 8905 8906 8907 8908 8909 8910 8911 8912 8913 8914 8915 8916 8917 8918 8919 8920 8921 8922 8923 8924 8925 8926 8927 8928 8929 8930 8931 8932 8933 8934 8935 8936 8937 8938 8939 8940 8941 8942 8943 8944 8945 8946 8947 8948 8949 8950 8951 8952 8953 8954 8955 8956 8957 8958 8959 8960 8961 8962 8963 8964 8965 8966 8967 8968 8969 8970 8971 8972 8973 8974 8975 8976 8977 8978 8979 8980 8981 8982 8983 8984 8985 8986 8987 8988 8989 8990 8991 8992 8993 8994 8995 8996 8997 8998 8999 9000 9001 9002 9003 9004 9005 9006 9007 9008 9009 9010 9011 9012 9013 9014 9015 9016 9017 9018 9019 9020 9021 9022 9023 
16 9024 9025 9026 9027 9028 9029 9030 9031 9032 9033 9034 9035 9036 9037 9038 9039 
317 9040 9041 9042 9043 9044 9045 9046 9047 9048 9049 9050 9051 9052 9053 9054 9055 9056 9057 9058 9059 9060 9061 9062 9063 9064 9065 9066 9067 9068 9069 9070 9071 9072 9073 9074 9075 9076 9077 9078 9079 9080 9081 9082 9083 9084 9085 9086 9087 9088 9089 9090 9091 9092 9093 9094 9095 9096 9097 9098 9099 9100 9101 9102 9103 9104 9105 9106 9107 9108 9109 9110 9111 9112 9113 9114 9115 9116 9117 9118 9119 9120 9121 9122 9123 9124 9125 9126 9127 9128 9129 9130 9131 9132 9133 9134 9135 9136 9137 9138 9139 9140 9141 9142 9143 9144 9145 9146 9147 9148 9149 9150 9151 9152 9153 9154 9155 9156 9157 9158 9159 9160 9161 9162 9163 9164 9165 9166 9167 9168 9169 9170 9171 9172 9173 9174 9175 9176 9177 9178 9179 9180 9181 9182 9183 9184 9185 9186 9187 9188 9189 9190 9191 9192 9193 9194 9195 9196 9197 9198 9199 9200 9201 9202 9203 9204 9205 9206 9207 9208 9209 9210 9211 9212 9213 9214 9215 9216 9217 9218 9219 9220 9221 9222 9223 9224 9225 9226 9227 9228 9229 9230 9231 9232 9233 9234 9235 9236 9237 9238 9239 9240 9241 9242 9243 9244 9245 9246 9247 9248 9249 9250 9251 9252 9253 9254 9255 9256 9257 9258 9259 9260 9261 9262 9263 9264 9265 9266 9267 9268 9269 9270 9271 9272 9273 9274 9275 9276 9277 9278 9279 9280 9281 9282 9283 9284 9285 9286 9287 9288 9289 9290 9291 9292 9293 9294 9295 9296 9297 9298 9299 9300 9301 9302 9303 9304 9305 9306 9307 9308 9309 9310 9311 9312 9313 9314 9315 9316 9317 9318 9319 9320 9321 9322 9323 9324 9325 9326 9327 9328 9329 9330 9331 9332 9333 9334 9335 9336 9337 9338 9339 9340 9341 9342 9343 9344 9345 9346 9347 9348 9349 9350 9351 9352 9353 9354 9355 9356 
7 9357 9358 9359 9360 9361 9362 9363 
17 9364 9365 9366 9367 9368 9369 9370 9371 9372 9373 9374 9375 9376 9377 9378 9379 9380 
36 9381 9382 9383 9384 9385 9386 9387 9388 9389 9390 9391 9392 9393 9394 9395 9396 9397 9398 9399 9400 9401 9402 9403 9404 9405 9406 9407 9408 9409 9410 9411 9412 9413 9414 9415 9416 
9 9417 9418 9419 9420 9421 9422 9423 9424 9425 
5 9426 9427 9428 9429 9430 
32 9431 9432 9433 9434 9435 9436 9437 9438 9439 9440 9441 9442 9444 9445 9446 9447 9448 9449 9451 9452 9453 9454 9455 9456 9457 9458 9459 9460 9461 9462 9463 9464 
63 9465 9466 9467 9468 9469 9470 9471 9472 9473 9474 9475 9476 9477 9478 9479 9480 9481 9482 9483 9484 9485 9486 9487 9488 9489 9490 9491 9492 9493 9494 9495 9496 9497 9498 9499 9500 9501 9502 9503 9504 9505 9506 9507 9508 9509 9510 9511 9512 9513 9514 9515 9516 9517 9518 9519 9520 9521 9522 9523 9524 9525 9526 9527 
13 9528 9529 9530 9531 9532 9533 9534 9535 9536 9537 9538 9539 9540 
182 9541 9542 9543 9544 9545 9546 9547 9548 9549 9550 9551 9552 9553 9554 9555 9556 9557 9558 9559 9560 9561 9562 9563 9564 9565 9566 9567 9568 9569 9570 9571 9572 9573 9574 9575 9576 9577 9578 9579 9580 9581 9582 9583 9584 9585 9586 9587 9588 9589 9590 9591 9592 9593 9594 9595 9596 9597 9598 9599 9600 9601 9602 9603 9604 9605 9606 9607 9608 9609 9610 9611 9612 9613 9614 9615 9616 9617 9618 9619 9620 9621 9622 9623 9624 9625 9626 9627 9628 9629 9630 9631 9632 9633 9634 9635 9636 9637 9638 9639 9640 9641 9642 9643 9644 9645 9646 9647 9648 9649 9650 9651 9652 9653 9654 9655 9656 9657 9658 9659 9660 9661 9662 9663 9664 9665 9666 9667 9668 9669 9670 9671 9672 9673 9674 9675 9676 9677 9678 9679 9680 9681 9682 9683 9684 9685 9686 9687 9688 9689 9690 9691 9692 9693 9694 9695 9696 9697 9698 9699 9700 9701 9702 9703 9704 9705 9706 9707 9708 9709 9710 9711 9712 9713 9714 9715 9716 9717 9718 9719 9720 9721 9722 
18 9723 9724 9725 9726 9727 9728 9729 9730 9731 9732 9733 9734 9735 9736 9737 9738 9739 9740 
45 9741 9742 9743 9744 9745 9746 9747 9748 9749 9750 9751 9752 9753 9754 9755 9756 9757 9758 9759 9760 9761 9762 9763 9764 9765 9766 9767 9768 9769 9770 9771 9772 9773 9774 9775 9776 9777 9778 9779 9780 9781 9782 9783 9784 9785 
36 9786 9787 9788 9789 9790 9791 9792 9793 9794 9795 9796 9797 9798 9799 9800 9801 9802 9803 9804 9805 9806 9807 9808 9809 9810 9811 9812 9813 9814 9815 9816 9817 9818 9819 9820 9821 
9 9822 9823 9824 9825 9826 9827 9828 9829 9830 
5 9831 9832 9833 9834 9835 
32 9836 9837 9838 9839 9840 9841 9842 9843 9844 9845 9846 9847 9849 9850 9851 9852 9853 9854 9856 9857 9858 9859 9860 9861 9862 9863 9864 9865 9866 9867 9868 9869 
63 9870 9871 9872 9873 9874 9875 9876 9877 9878 9879 9880 9881 9882 9883 9884 9885 9886 9887 9888 9889 9890 9891 9892 9893 9894 9895 9896 9897 9898 9899 9900 9901 9902 9903 9904 9905 9906 9907 9908 9909 9910 9911 9912 9913 9914 9915 9916 9917 9918 9919 9920 9921 9922 9923 9924 9925 9926 9927 9928 9929 9930 9931 9932 
13 9933 9934 9935 9936 9937 9938 9939 9940 9941 9942 9943 9944 9945 
184 9946 9947 9948 9949 9950 9951 9952 9953 9954 9955 9956 9957 9958 9959 9960 9961 9962 9963 9964 9965 9966 9967 9968 9969 9970 9971 9972 9973 9974 9975 9976 9977 9978 9979 9980 9981 9982 9983 9984 9985 9986 9987 9988 9989 9990 9991 9992 9993 9994 9995 9996 9997 9998 9999 10000 10001 10002 10003 10004 10005 10006 10007 10008 10009 10010 10011 10012 10013 10014 10015 10016 10017 10018 10019 10020 10021 10022 10023 10024 10025 10026 10027 10028 10029 10030 10031 10032 10033 10034 10035 10036 10037 10038 10039 10040 10041 10042 10043 10044 10045 10046 10047 10048 10049 10050 10051 10052 10053 10054 10055 10056 10057 10058 10059 10060 10061 10062 10063 10064 10065 10066 10067 10068 10069 10070 10071 10072 10073 10074 10075 10076 10077 10078 10079 10080 10081 10082 10083 10084 10085 10086 10087 10088 10089 10090 10091 10092 10093 10094 10095 10096 10097 10098 10099 10100 10101 10102 10103 10104 10105 10106 10107 10108 10109 10110 10111 10112 10113 10114 10115 10116 10117 10118 10119 10120 10121 10122 10123 10124 10125 10126 10127 10128 10129 
11 10130 10131 10132 10133 10134 10135 10136 10137 10138 10139 10140 
507 10141 10142 10143 10144 10145 10146 10147 10148 10149 10150 10151 10152 10153 10154 10155 10156 10157 10158 10159 10160 10161 10162 10163 10164 10165 10166 10167 10168 10169 10170 10171 10172 10173 10174 10175 10176 10177 10178 10179 10180 10181 10182 10183 10184 10185 10186 10187 10188 10189 10190 10191 10192 10193 10194 10195 10196 10197 10198 10199 10200 10201 10202 10203 10204 10205 10206 10207 10208 10209 10210 10211 10212 10213 10214 10215 10216 10217 10218 10219 10220 10221 10222 10223 10224 10225 10226 10227 10228 10229 10230 10231 10232 10233 10234 10235 10236 10237 10238 10239 10240 10241 10242 10243 10244 10245 10246 10247 10248 10249 10250 10251 10252 10253 10254 10255 10256 10257 10258 10259 10260 10261 10262 10263 10264 10265 10266 10267 10268 10269 10270 10271 10272 10273 10274 10275 10276 10277 10278 10279 10280 10281 10282 10283 10284 10285 10286 10287 10288 10289 10290 10291 10292 10293 10294 10295 10296 10297 10298 10299 10300 10301 10302 10303 10304 10305 10306 10307 10308 10309 10310 10311 10312 10313 10314 10315 10316 10317 10318 10319 10320 10321 10322 10323 10324 10325 10326 10327 10328 10329 10330 10331 10332 10333 10334 10335 10336 10337 10338 10339 10340 10341 10342 10343 10344 10345 10346 10347 10348 10349 10350 10351 10352 10353 10354 10355 10356 10357 10358 10359 10360 10361 10362 10363 10364 10365 10366 10367 10368 10369 10370 10371 10372 10373 10374 10375 10376 10377 10378 10379 10380 10381 10382 10383 10384 10385 10386 10387 10388 10389 10390 10391 10392 10393 10394 10395 10396 10397 10398 10399 10400 10401 10402 10403 10404 10405 10406 10407 10408 10409 10410 10411 10412 10413 10414 10415 10416 10417 10418 10419 10420 10421 10422 10423 10424 10425 10426 10427 10428 10429 10430 10431 10432 10433 10434 10435 10436 10437 10438 10439 10440 10441 10442 10443 10444 10445 10446 10447 10448 10449 10450 10451 10452 10453 10454 10455 10456 10457 10458 10459 10460 10461 10462 10463 10464 10465 10466 10467 10468 10469 10470 10471 10472 10473 10474 10475 10476 10477 10478 10479 10480 10481 10482 10483 10484 10485 10486 10487 10488 10489 10490 10491 10492 10493 10494 10495 10496 10497 10498 10499 10500 10501 10502 10503 10504 10505 10506 10507 10508 10509 10510 10511 10512 10513 10514 10515 10516 10517 10518 10519 10520 10521 10522 10523 10524 10525 10526 10527 10528 10529 10530 10531 10532 10533 10534 10535 10536 10537 10538 10539 10540 10541 10542 10543 10544 10545 10546 10547 10548 10549 10550 10551 10552 10553 10554 10555 10556 10557 10558 10559 10560 10561 10562 10563 10564 10565 10566 10567 10568 10569 10570 10571 10572 10573 10574 10575 10576 10577 10578 10579 10580 10581 10582 10583 10584 10585 10586 10587 10588 10589 10590 10591 10592 10593 10594 10595 10596 10597 10598 10599 10600 10601 10602 10603 10604 10605 10606 10607 10608 10609 10610 10611 10612 10613 10614 10615 10616 10617 10618 10619 10620 10621 10622 10623 10624 10625 10626 10627 10628 10629 10630 10631 10632 10633 10634 10635 10636 10637 10638 10639 10640 10641 10642 10643 10644 10645 10646 10647 
8 10648 10649 10650 10651 10652 10653 10654 10655 
83 10656 10657 10658 10659 10660 10661 10662 10663 10664 10665 10666 10667 10668 10669 10670 10671 10672 10673 10674 10675 10676 10677 10678 10679 10680 10681 10682 10683 10684 10685 10686 10687 10688 10689 10690 10691 10692 10693 10694 10695 10696 10697 10698 10699 10700 10701 10702 10703 10704 10705 10706 10707 10708 10709 10710 10711 10712 10713 10714 10715 10716 10717 10718 10719 10720 10721 10722 10723 10724 10725 10726 10727 10728 10729 10730 10731 10732 10733 10734 10735 10736 10737 10738 
36 10739 10740 10741 10742 10743 10744 10745 10746 10747 10748 10749 10750 10751 10752 10753 10754 10755 10756 10757 10758 10759 10760 10761 10762 10763 10764 10765 10766 10767 10768 10769 10770 10771 10772 10773 10774 
9 10775 10776 10777 10778 10779 10780 10781 10782 10783 
12 10784 10785 10786 10787 10788 10789 10790 10791 10792 10793 10794 10795 
11 10796 10797 10798 10799 10800 10801 10802 10803 10804 10805 10806 
290 10807 10808 10809 10810 10811 10812 10813 10814 10815 10816 10817 10818 10819 10820 10821 10822 10823 10824 10825 10826 10827 10828 10829 10830 10831 10832 10833 10834 10835 10836 10837 10838 10839 10840 10841 10842 10843 10844 10845 10846 10847 10848 10849 10850 10851 10852 10853 10854 10855 10856 10857 10858 10859 10860 10861 10862 10863 10864 10865 10866 10867 10868 10869 10870 10871 10872 10873 10874 10875 10876 10877 10878 10879 10880 10881 10882 10883 10884 10885 10886 10887 10888 10889 10890 10891 10892 10893 10894 10895 10896 10897 10898 10899 10900 10901 10902 10903 10904 10905 10906 10907 10908 10909 10910 10911 10912 10913 10914 10915 10916 10917 10918 10919 10920 10921 10922 10923 10924 10925 10926 10927 10928 10929 10930 10931 10932 10933 10934 10935 10936 10937 10938 10939 10940 10941 10942 10943 10944 10945 10946 10947 10948 10949 10950 10951 10952 10953 10954 10955 10956 10957 10958 10959 10960 10961 10962 10963 10964 10965 10966 10967 10968 10969 10970 10971 10972 10973 10974 10975 10976 10977 10978 10979 10980 10981 10982 10983 10984 10985 10986 10987 10988 10989 10990 10991 10992 10993 10994 10995 10996 10997 10998 10999 11000 11001 11002 11003 11004 11005 11006 11007 11008 11009 11010 11011 11012 11013 11014 11015 11016 11017 11018 11019 11020 11021 11022 11023 11024 11025 11026 11027 11028 11029 11030 11031 11032 11033 11034 11035 11036 11037 11038 11039 11040 11041 11042 11043 11044 11045 11046 11047 11048 11049 11050 11051 11052 11053 11054 11055 11056 11057 11058 11059 11060 11061 11062 11063 11064 11065 11066 11067 11068 11069 11070 11071 11072 11073 11074 11075 11076 11077 11078 11079 11080 11081 11082 11083 11084 11085 11086 11087 11088 11089 11090 11091 11092 11093 11094 11095 11096 
12 11097 11098 11099 11100 11101 11102 11103 11104 11105 11106 11107 11108 
400 11109 11110 11111 11112 11113 11114 11115 11116 11117 11118 11119 11120 11121 11122 11123 11124 11125 11126 11127 11128 11129 11130 11131 11132 11133 11134 11135 11136 11137 11138 11139 11140 11141 11142 11143 11144 11145 11146 11147 11148 11149 11150 11151 11152 11153 11154 11155 11156 11157 11158 11159 11160 11161 11162 11163 11164 11165 11166 11167 11168 11169 11170 11171 11172 11173 11174 11175 11176 11177 11178 11179 11180 11181 11182 11183 11184 11185 11186 11187 11188 11189 11190 11191 11192 11193 11194 11195 11196 11197 11198 11199 11200 11201 11202 11203 11204 11205 11206 11207 11208 11209 11210 11211 11212 11213 11214 11215 11216 11217 11218 11219 11220 11221 11222 11223 11224 11225 11226 11227 11228 11229 11230 11231 11232 11233 11234 11235 11236 11237 11238 11239 11240 11241 11242 11243 11244 11245 11246 11247 11248 11249 11250 11251 11252 11253 11254 11255 11256 11257 11258 11259 11260 11261 11262 11263 11264 11265 11266 11267 11268 11269 11270 11271 11272 11273 11274 11275 11276 11277 11278 11279 11280 11281 11282 11283 11284 11285 11286 11287 11288 11289 11290 11291 11292 11293 11294 11295 11296 11297 11298 11299 11300 11301 11302 11303 11304 11305 11306 11307 11308 11309 11310 11311 11312 11313 11314 11315 11316 11317 11318 11319 11320 11321 11322 11323 11324 11325 11326 11327 11328 11329 11330 11331 11332 11333 11334 11335 11336 11337 11338 11339 11340 11341 11342 11343 11344 11345 11346 11347 11348 11349 11350 11351 11352 11353 11354 11355 11356 11357 11358 11359 11360 11361 11362 11363 11364 11365 11366 11367 11368 11369 11370 11371 11372 11373 11374 11375 11376 11377 11378 11379 11380 11381 11382 11383 11384 11385 11386 11387 11388 11389 11390 11391 11392 11393 11394 11395 11396 11397 11398 11399 11400 11401 11402 11403 11404 11405 11406 11407 11408 11409 11410 11411 11412 11413 11414 11415 11416 11417 11418 11419 11420 11421 11422 11423 11424 11425 11426 11427 11428 11429 11430 11431 11432 11433 11434 11435 11436 11437 11438 11439 11440 11441 11442 11443 11444 11445 11446 11447 11448 11449 11450 11451 11452 11453 11454 11455 11456 11457 11458 11459 11460 11461 11462 11463 11464 11465 11466 11467 11468 11469 11470 11471 11472 11473 11474 11475 11476 11477 11478 11479 11480 11481 11482 11483 11484 11485 11486 11487 11488 11489 11490 11491 11492 11493 11494 11495 11496 11497 11498 11499 11500 11501 11502 11503 11504 11505 11506 11507 11508 
8 11509 11510 11511 11512 11513 11514 11515 11516 
59 11517 11518 11519 11520 11521 11522 11523 11524 11525 11526 11527 11528 11529 11530 11531 11532 11533 11534 11535 11536 11537 11538 11539 11540 11541 11542 11543 11544 11545 11546 11547 11548 11549 11550 11551 11552 11553 11554 11555 11556 11557 11558 11559 11560 11561 11562 11563 11564 11565 11566 11567 11568 11569 11570 11571 11572 11573 11574 11575 
10 11576 11577 11578 11579 11580 11581 11582 11583 11584 11585 
83 11586 11587 11588 11589 11590 11591 11592 11593 11594 11595 11596 11597 11598 11599 11600 11601 11602 11603 11604 11605 11606 11607 11608 11609 11610 11611 11612 11613 11614 11615 11616 11617 11618 11619 11620 11621 11622 11623 11624 11625 11626 11627 11628 11629 11630 11631 11632 11633 11634 11635 11636 11637 11638 11639 11640 11641 11642 11643 11644 11645 11646 11647 11648 11649 11650 11651 11652 11653 11654 11655 11656 11657 11658 11659 11660 11661 11662 11663 11664 11665 11666 11667 11668 
7 11669 11670 11671 11672 11673 11674 11675 
107 11676 11677 11678 11679 11680 11681 11682 11683 11684 11685 11686 11687 11688 11689 11690 11691 11692 11693 11694 11695 11696 11697 11698 11699 11700 11701 11702 11703 11704 11705 11706 11707 11708 11709 11710 11711 11712 11713 11714 11715 11716 11717 11718 11719 11720 11721 11722 11723 11724 11725 11726 11727 11728 11729 11730 11731 11732 11733 11734 11735 11736 11737 11738 11739 11740 11741 11742 11743 11744 11745 11746 11747 11748 11749 11750 11751 11752 11753 11754 11755 11756 11757 11758 11759 11760 11761 11762 11763 11764 11765 11766 11767 11768 11769 11770 11771 11772 11773 11774 11775 11776 11777 11778 11779 11780 11781 11782 
36 11783 11784 11785 11786 11787 11788 11789 11790 11791 11792 11793 11794 11795 11796 11797 11798 11799 11800 11801 11802 11803 11804 11805 11806 11807 11808 11809 11810 11811 11812 11813 11814 11815 11816 11817 11818 
9 11819 11820 11821 11822 11823 11824 11825 11826 11827 
5 11828 11829 11830 11831 11832 
32 11833 11834 11835 11836 11837 11838 11839 11840 11841 11842 11843 11844 11846 11847 11848 11849 11850 11851 11853 11854 11855 11856 11857 11858 11859 11860 11861 11862 11863 11864 11865 11866 
63 11867 11868 11869 11870 11871 11872 11873 11874 11875 11876 11877 11878 11879 11880 11881 11882 11883 11884 11885 11886 11887 11888 11889 11890 11891 11892 11893 11894 11895 11896 11897 11898 11899 11900 11901 11902 11903 11904 11905 11906 11907 11908 11909 11910 11911 11912 11913 11914 11915 11916 11917 11918 11919 11920 11921 11922 11923 11924 11925 11926 11927 11928 11929 
13 11930 11931 11932 11933 11934 11935 11936 11937 11938 11939 11940 11941 11942 
184 11943 11944 11945 11946 11947 11948 11949 11950 11951 11952 11953 11954 11955 11956 11957 11958 11959 11960 11961 11962 11963 11964 11965 11966 11967 11968 11969 11970 11971 11972 11973 11974 11975 11976 11977 11978 11979 11980 11981 11982 11983 11984 11985 11986 11987 11988 11989 11990 11991 11992 11993 11994 11995 11996 11997 11998 11999 12000 12001 12002 12003 12004 12005 12006 12007 12008 12009 12010 12011 12012 12013 12014 12015 12016 12017 12018 12019 12020 12021 12022 12023 12024 12025 12026 12027 12028 12029 12030 12031 12032 12033 12034 12035 12036 12037 12038 12039 12040 12041 12042 12043 12044 12045 12046 12047 12048 12049 12050 12051 12052 12053 12054 12055 12056 12057 12058 12059 12060 12061 12062 12063 12064 12065 12066 12067 12068 12069 12070 12071 12072 12073 12074 12075 12076 12077 12078 12079 12080 12081 12082 12083 12084 12085 12086 12087 12088 12089 12090 12091 12092 12093 12094 12095 12096 12097 12098 12099 12100 12101 12102 12103 12104 12105 12106 12107 12108 12109 12110 12111 12112 12113 12114 12115 12116 12117 12118 12119 12120 12121 12122 12123 12124 12125 12126 
11 12127 12128 12129 12130 12131 12132 12133 12134 12135 12136 12137 
507 12138 12139 12140 12141 12142 12143 12144 12145 12146 12147 12148 12149 12150 12151 12152 12153 12154 12155 12156 12157 12158 12159 12160 12161 12162 12163 12164 12165 12166 12167 12168 12169 12170 12171 12172 12173 12174 12175 12176 12177 12178 12179 12180 12181 12182 12183 12184 12185 12186 12187 12188 12189 12190 12191 12192 12193 12194 12195 12196 12197 12198 12199 12200 12201 12202 12203 12204 12205 12206 12207 12208 12209 12210 12211 12212 12213 12214 12215 12216 12217 12218 12219 12220 12221 12222 12223 12224 12225 12226 12227 12228 12229 12230 12231 12232 12233 12234 12235 12236 12237 12238 12239 12240 12241 12242 12243 12244 12245 12246 12247 12248 12249 12250 12251 12252 12253 12254 12255 12256 12257 12258 12259 12260 12261 12262 12263 12264 12265 12266 12267 12268 12269 12270 12271 12272 12273 12274 12275 12276 12277 12278 12279 12280 12281 12282 12283 12284 12285 12286 12287 12288 12289 12290 12291 12292 12293 12294 12295 12296 12297 12298 12299 12300 12301 12302 12303 12304 12305 12306 12307 12308 12309 12310 12311 12312 12313 12314 12315 12316 12317 12318 12319 12320 12321 12322 12323 12324 12325 12326 12327 12328 12329 12330 12331 12332 12333 12334 12335 12336 12337 12338 12339 12340 12341 12342 12343 12344 12345 12346 12347 12348 12349 12350 12351 12352 12353 12354 12355 12356 12357 12358 12359 12360 12361 12362 12363 12364 12365 12366 12367 12368 12369 12370 12371 12372 12373 12374 12375 12376 12377 12378 12379 12380 12381 12382 12383 12384 12385 12386 12387 12388 12389 12390 12391 12392 12393 12394 12395 12396 12397 12398 12399 12400 12401 12402 12403 12404 12405 12406 12407 12408 12409 12410 12411 12412 12413 12414 12415 12416 12417 12418 12419 12420 12421 12422 12423 12424 12425 12426 12427 12428 12429 12430 12431 12432 12433 12434 12435 12436 12437 12438 12439 12440 12441 12442 12443 12444 12445 12446 12447 12448 12449 12450 12451 12452 12453 12454 12455 12456 12457 12458 12459 12460 12461 12462 12463 12464 12465 12466 12467 12468 12469 12470 12471 12472 12473 12474 12475 12476 12477 12478 12479 12480 12481 12482 12483 12484 12485 12486 12487 12488 12489 12490 12491 12492 12493 12494 12495 12496 12497 12498 12499 12500 12501 12502 12503 12504 12505 12506 12507 12508 12509 12510 12511 12512 12513 12514 12515 12516 12517 12518 12519 12520 12521 12522 12523 12524 12525 12526 12527 12528 12529 12530 12531 12532 12533 12534 12535 12536 12537 12538 12539 12540 12541 12542 12543 12544 12545 12546 12547 12548 12549 12550 12551 12552 12553 12554 12555 12556 12557 12558 12559 12560 12561 12562 12563 12564 12565 12566 12567 12568 12569 12570 12571 12572 12573 12574 12575 12576 12577 12578 12579 12580 12581 12582 12583 12584 12585 12586 12587 12588 12589 12590 12591 12592 12593 12594 12595 12596 12597 12598 12599 12600 12601 12602 12603 12604 12605 12606 12607 12608 12609 12610 12611 12612 12613 12614 12615 12616 12617 12618 12619 12620 12621 12622 12623 12624 12625 12626 12627 12628 12629 12630 12631 12632 12633 12634 12635 12636 12637 12638 12639 12640 12641 12642 12643 12644 
8 12645 12646 12647 12648 12649 12650 12651 12652 
87 12653 12654 12655 12656 12657 12658 12659 12660 12661 12662 12663 12664 12665 12666 12667 12668 12669 12670 12671 12672 12673 12674 12675 12676 12677 12678 12679 12680 12681 12682 12683 12684 12685 12686 12687 12688 12689 12690 12691 12692 12693 12694 12695 12696 12697 12698 12699 12700 12701 12702 12703 12704 12705 12706 12707 12708 12709 12710 12711 12712 12713 12714 12715 12716 12717 12718 12719 12720 12721 12722 12723 12724 12725 12726 12727 12728 12729 12730 12731 12732 12733 12734 12735 12736 12737 12738 12739 
9 12740 12741 12742 12743 12745 12746 12748 12749 12750 
73 12751 12752 12753 12754 12755 12756 12757 12758 12759 12760 12761 12762 12763 12764 12765 12766 12767 12768 12769 12770 12771 12772 12773 12774 12775 12776 12777 12778 12779 12780 12781 12782 12783 12784 12785 12786 12787 12788 12789 12790 12791 12792 12793 12794 12795 12796 12797 12798 12799 12800 12801 12802 12803 12804 12805 12806 12807 12808 12809 12810 12811 12812 12813 12814 12815 12816 12817 12818 12819 12820 12821 12822 12823 
7 12824 12825 12826 12827 12828 12829 12830 
191 12831 12832 12833 12834 12835 12836 12837 12838 12839 12840 12841 12842 12843 12844 12845 12846 12847 12848 12849 12850 12851 12852 12853 12854 12855 12856 12857 12858 12859 12860 12861 12862 12863 12864 12865 12866 12867 12868 12869 12870 12871 12872 12873 12874 12875 12876 12877 12878 12879 12880 12881 12882 12883 12884 12885 12886 12887 12888 12889 12890 12891 12892 12893 12894 12895 12896 12897 12898 12899 12900 12901 12902 12903 12904 12905 12906 12907 12908 12909 12910 12911 12912 12913 12914 12915 12916 12917 12918 12919 12920 12921 12922 12923 12924 12925 12926 12927 12928 12929 12930 12931 12932 12933 12934 12935 12936 12937 12938 12939 12940 12941 12942 12943 12944 12945 12946 12947 12948 12949 12950 12951 12952 12953 12954 12955 12956 12957 12958 12959 12960 12961 12962 12963 12964 12965 12966 12967 12968 12969 12970 12971 12972 12973 12974 12975 12976 12977 12978 12979 12980 12981 12982 12983 12984 12985 12986 12987 12988 12989 12990 12991 12992 12993 12994 12995 12996 12997 12998 12999 13000 13001 13002 13003 13004 13005 13006 13007 13008 13009 13010 13011 13012 13013 13014 13015 13016 13017 13018 13019 13020 13021 
36 13022 13023 13024 13025 13026 13027 13028 13029 13030 13031 13032 13033 13034 13035 13036 13037 13038 13039 13040 13041 13042 13043 13044 13045 13046 13047 13048 13049 13050 13051 13052 13053 13054 13055 13056 13057 
9 13058 13059 13060 13061 13062 13063 13064 13065 13066 
5 13067 13068 13069 13070 13071 
32 13072 13073 13074 13075 13076 13077 13078 13079 13080 13081 13082 13083 13085 13086 13087 13088 13089 13090 13092 13093 13094 13095 13096 13097 13098 13099 13100 13101 13102 13103 13104 13105 
63 13106 13107 13108 13109 13110 13111 13112 13113 13114 13115 13116 13117 13118 13119 13120 13121 13122 13123 13124 13125 13126 13127 13128 13129 13130 13131 13132 13133 13134 13135 13136 13137 13138 13139 13140 13141 13142 13143 13144 13145 13146 13147 13148 13149 13150 13151 13152 13153 13154 13155 13156 13157 13158 13159 13160 13161 13162 13163 13164 13165 13166 13167 13168 
13 13169 13170 13171 13172 13173 13174 13175 13176 13177 13178 13179 13180 13181 
184 13182 13183 13184 13185 13186 13187 13188 13189 13190 13191 13192 13193 13194 13195 13196 13197 13198 13199 13200 13201 13202 13203 13204 13205 13206 13207 13208 13209 13210 13211 13212 13213 13214 13215 13216 13217 13218 13219 13220 13221 13222 13223 13224 13225 13226 13227 13228 13229 13230 13231 13232 13233 13234 13235 13236 13237 13238 13239 13240 13241 13242 13243 13244 13245 13246 13247 13248 13249 13250 13251 13252 13253 13254 13255 13256 13257 13258 13259 13260 13261 13262 13263 13264 13265 13266 13267 13268 13269 13270 13271 13272 13273 13274 13275 13276 13277 13278 13279 13280 13281 13282 13283 13284 13285 13286 13287 13288 13289 13290 13291 13292 13293 13294 13295 13296 13297 13298 13299 13300 13301 13302 13303 13304 13305 13306 13307 13308 13309 13310 13311 13312 13313 13314 13315 13316 13317 13318 13319 13320 13321 13322 13323 13324 13325 13326 13327 13328 13329 13330 13331 13332 13333 13334 13335 13336 13337 13338 13339 13340 13341 13342 13343 13344 13345 13346 13347 13348 13349 13350 13351 13352 13353 13354 13355 13356 13357 13358 13359 13360 13361 13362 13363 13364 13365 
11 13366 13367 13368 13369 13370 13371 13372 13373 13374 13375 13376 
507 13377 13378 13379 13380 13381 13382 13383 13384 13385 13386 13387 13388 13389 13390 13391 13392 13393 13394 13395 13396 13397 13398 13399 13400 13401 13402 13403 13404 13405 13406 13407 13408 13409 13410 13411 13412 13413 13414 13415 13416 13417 13418 13419 13420 13421 13422 13423 13424 13425 13426 13427 13428 13429 13430 13431 13432 13433 13434 13435 13436 13437 13438 13439 13440 13441 13442 13443 13444 13445 13446 13447 13448 13449 13450 13451 13452 13453 13454 13455 13456 13457 13458 13459 13460 13461 13462 13463 13464 13465 13466 13467 13468 13469 13470 13471 13472 13473 13474 13475 13476 13477 13478 13479 13480 13481 13482 13483 13484 13485 13486 13487 13488 13489 13490 13491 13492 13493 13494 13495 13496 13497 13498 13499 13500 13501 13502 13503 13504 13505 13506 13507 13508 13509 13510 13511 13512 13513 13514 13515 13516 13517 13518 13519 13520 13521 13522 13523 13524 13525 13526 13527 13528 13529 13530 13531 13532 13533 13534 13535 13536 13537 13538 13539 13540 13541 13542 13543 13544 13545 13546 13547 13548 13549 13550 13551 13552 13553 13554 13555 13556 13557 13558 13559 13560 13561 13562 13563 13564 13565 13566 13567 13568 13569 13570 13571 13572 13573 13574 13575 13576 13577 13578 13579 13580 13581 13582 13583 13584 13585 13586 13587 13588 13589 13590 13591 13592 13593 13594 13595 13596 13597 13598 13599 13600 13601 13602 13603 13604 13605 13606 13607 13608 13609 13610 13611 13612 13613 13614 13615 13616 13617 13618 13619 13620 13621 13622 13623 13624 13625 13626 13627 13628 13629 13630 13631 13632 13633 13634 13635 13636 13637 13638 13639 13640 13641 13642 13643 13644 13645 13646 13647 13648 13649 13650 13651 13652 13653 13654 13655 13656 13657 13658 13659 13660 13661 13662 13663 13664 13665 13666 13667 13668 13669 13670 13671 13672 13673 13674 13675 13676 13677 13678 13679 13680 13681 13682 13683 13684 13685 13686 13687 13688 13689 13690 13691 13692 13693 13694 13695 13696 13697 13698 13699 13700 13701 13702 13703 13704 13705 13706 13707 13708 13709 13710 13711 13712 13713 13714 13715 13716 13717 13718 13719 13720 13721 13722 13723 13724 13725 13726 13727 13728 13729 13730 13731 13732 13733 13734 13735 13736 13737 13738 13739 13740 13741 13742 13743 13744 13745 13746 13747 13748 13749 13750 13751 13752 13753 13754 13755 13756 13757 13758 13759 13760 13761 13762 13763 13764 13765 13766 13767 13768 13769 13770 13771 13772 13773 13774 13775 13776 13777 13778 13779 13780 13781 13782 13783 13784 13785 13786 13787 13788 13789 13790 13791 13792 13793 13794 13795 13796 13797 13798 13799 13800 13801 13802 13803 13804 13805 13806 13807 13808 13809 13810 13811 13812 13813 13814 13815 13816 13817 13818 13819 13820 13821 13822 13823 13824 13825 13826 13827 13828 13829 13830 13831 13832 13833 13834 13835 13836 13837 13838 13839 13840 13841 13842 13843 13844 13845 13846 13847 13848 13849 13850 13851 13852 13853 13854 13855 13856 13857 13858 13859 13860 13861 13862 13863 13864 13865 13866 13867 13868 13869 13870 13871 13872 13873 13874 13875 13876 13877 13878 13879 13880 13881 13882 13883 
8 13884 13885 13886 13887 13888 13889 13890 13891 
87 13892 13893 13894 13895 13896 13897 13898 13899 13900 13901 13902 13903 13904 13905 13906 13907 13908 13909 13910 13911 13912 13913 13914 13915 13916 13917 13918 13919 13920 13921 13922 13923 13924 13925 13926 13927 13928 13929 13930 13931 13932 13933 13934 13935 13936 13937 13938 13939 13940 13941 13942 13943 13944 13945 13946 13947 13948 13949 13950 13951 13952 13953 13954 13955 13956 13957 13958 13959 13960 13961 13962 13963 13964 13965 13966 13967 13968 13969 13970 13971 13972 13973 13974 13975 13976 13977 13978 
9 13979 13980 13981 13982 13984 13985 13987 13988 13989 
71 13990 13991 13992 13993 13994 13995 13996 13997 13998 13999 14000 14001 14002 14003 14004 14005 14006 14007 14008 14009 14010 14011 14012 14013 14014 14015 14016 14017 14018 14019 14020 14021 14022 14023 14024 14025 14026 14027 14028 14029 14030 14031 14032 14033 14034 14035 14036 14037 14038 14039 14040 14041 14042 14043 14044 14045 14046 14047 14048 14049 14050 14051 14052 14053 14054 14055 14056 14057 14058 14059 14060 
7 14061 14062 14063 14064 14065 14066 14067 
306 14068 14069 14070 14071 14072 14073 14074 14075 14076 14077 14078 14079 14080 14081 14082 14083 14084 14085 14086 14087 14088 14089 14090 14091 14092 14093 14094 14095 14096 14097 14098 14099 14100 14101 14102 14103 14104 14105 14106 14107 14108 14109 14110 14111 14112 14113 14114 14115 14116 14117 14118 14119 14120 14121 14122 14123 14124 14125 14126 14127 14128 14129 14130 14131 14132 14133 14134 14135 14136 14137 14138 14139 14140 14141 14142 14143 14144 14145 14146 14147 14148 14149 14150 14151 14152 14153 14154 14155 14156 14157 14158 14159 14160 14161 14162 14163 14164 14165 14166 14167 14168 14169 14170 14171 14172 14173 14174 14175 14176 14177 14178 14179 14180 14181 14182 14183 14184 14185 14186 14187 14188 14189 14190 14191 14192 14193 14194 14195 14196 14197 14198 14199 14200 14201 14202 14203 14204 14205 14206 14207 14208 14209 14210 14211 14212 14213 14214 14215 14216 14217 14218 14219 14220 14221 14222 14223 14224 14225 14226 14227 14228 14229 14230 14231 14232 14233 14234 14235 14236 14237 14238 14239 14240 14241 14242 14243 14244 14245 14246 14247 14248 14249 14250 14251 14252 14253 14254 14255 14256 14257 14258 14259 14260 14261 14262 14263 14264 14265 14266 14267 14268 14269 14270 14271 14272 14273 14274 14275 14276 14277 14278 14279 14280 14281 14282 14283 14284 14285 14286 14287 14288 14289 14290 14291 14292 14293 14294 14295 14296 14297 14298 14299 14300 14301 14302 14303 14304 14305 14306 14307 14308 14309 14310 14311 14312 14313 14314 14315 14316 14317 14318 14319 14320 14321 14322 14323 14324 14325 14326 14327 14328 14329 14330 14331 14332 14333 14334 14335 14336 14337 14338 14339 14340 14341 14342 14343 14344 14345 14346 14347 14348 14349 14350 14351 14352 14353 14354 14355 14356 14357 14358 14359 14360 14361 14362 14363 14364 14365 14366 14367 14368 14369 14370 14371 14372 14373 
36 14374 14375 14376 14377 14378 14379 14380 14381 14382 14383 14384 14385 14386 14387 14388 14389 14390 14391 14392 14393 14394 14395 14396 14397 14398 14399 14400 14401 14402 14403 14404 14405 14406 14407 14408 14409 
9 14410 14411 14412 14413 14414 14415 14416 14417 14418 
5 14419 14420 14421 14422 14423 
12 14424 14425 14426 14427 14428 14429 14430 14431 14432 14433 14434 14435 
4 14436 14437 14438 14439 

CELL_DATA 192
FIELD FieldData 4
Blanking 1 192 int
0 1 0 0 1 0 1 0 1 
0 0 1 0 1 0 1 0 0 
1 0 1 0 1 0 1 0 0 
1 0 1 0 1 0 1 0 1 
0 0 1 0 1 0 1 0 1 
0 0 1 0 1 0 1 0 1 
0 1 0 1 0 0 1 0 1 
0 1 0 1 0 1 0 1 0 
0 1 0 1 0 1 0 1 0 
1 0 1 0 0 1 0 1 0 
1 0 1 0 1 0 1 0 0 
1 0 1 0 1 0 1 0 1 
0 1 0 0 1 0 1 0 1 
0 1 0 1 0 1 0 0 1 
0 1 0 1 0 1 0 0 1 
0 1 0 1 0 1 0 1 0 
0 1 0 1 0 1 0 1 0 
1 0 1 0 0 1 0 1 0 
1 0 1 0 1 0 1 0 1 
0 0 1 0 1 0 1 0 1 
0 1 0 1 0 1 0 0 1 
0 1 0 
CenterlineIds 1 192 int
0 0 0 1 1 1 1 1 1 
1 2 2 2 2 2 2 2 3 
3 3 3 3 3 3 3 3 4 
4 4 4 4 4 4 4 4 4 
4 5 5 5 5 5 5 5 5 
5 6 6 6 6 6 6 6 6 
6 6 6 6 6 7 7 7 7 
7 7 7 7 7 7 7 7 7 
8 8 8 8 8 8 8 8 8 
8 8 8 8 9 9 9 9 9 
9 9 9 9 9 9 9 9 10 
10 10 10 10 10 10 10 10 10 
10 10 10 11 11 11 11 11 11 
11 11 11 11 11 11 11 12 12 
12 12 12 12 12 12 12 13 13 
13 13 13 13 13 13 13 13 13 
14 14 14 14 14 14 14 14 14 
14 14 14 14 15 15 15 15 15 
15 15 15 15 15 15 15 15 15 
15 16 16 16 16 16 16 16 16 
16 16 16 16 16 16 16 17 17 
17 17 17 
TractIds 1 192 int
0 1 2 0 1 2 3 4 5 
6 0 1 2 3 4 5 6 0 
1 2 3 4 5 6 7 8 0 
1 2 3 4 5 6 7 8 9 
10 0 1 2 3 4 5 6 7 
8 0 1 2 3 4 5 6 7 
8 9 10 11 12 0 1 2 3 
4 5 6 7 8 9 10 11 12 
0 1 2 3 4 5 6 7 8 
9 10 11 12 0 1 2 3 4 
5 6 7 8 9 10 11 12 0 
1 2 3 4 5 6 7 8 9 
10 11 12 0 1 2 3 4 5 
6 7 8 9 10 11 12 0 1 
2 3 4 5 6 7 8 0 1 
2 3 4 5 6 7 8 9 10 
0 1 2 3 4 5 6 7 8 
9 10 11 12 0 1 2 3 4 
5 6 7 8 9 10 11 12 13 
14 0 1 2 3 4 5 6 7 
8 9 10 11 12 13 14 0 1 
2 3 4 
GroupIds 1 192 int
0 1 2 0 1 3 8 4 5 
6 0 1 3 8 9 10 11 0 
1 3 8 9 10 11 12 13 0 
1 3 8 4 5 14 15 16 17 
18 0 1 3 8 4 5 14 15 
19 0 1 3 8 4 5 14 15 
16 17 20 21 22 0 1 3 8 
4 5 14 15 16 17 20 21 23 
0 1 3 8 9 10 24 25 26 
27 28 43 29 0 1 3 8 4 
5 14 15 19 30 31 32 33 0 
1 3 8 9 10 24 25 26 27 
34 35 36 0 1 3 8 9 10 
24 25 26 27 34 35 37 0 1 
3 8 9 10 24 25 38 0 1 
3 8 9 10 24 25 26 27 28 
0 1 3 8 4 5 14 15 19 
30 31 32 39 0 1 3 8 9 
10 24 25 26 27 28 43 40 41 
42 0 1 3 8 9 10 24 25 
26 27 28 43 40 41 44 0 1 
3 8 7 
POINT_DATA 14440
FIELD FieldData 3
EdgeArray 2 14440 double
4153 4153 3764 3764 3470 3470 3470 4459 4457 
4457 4242 4242 1705 1705 3939 3939 4601 4601 
2650 6042 4763 6043 2649 2401 2649 5188 5188 
4842 3979 5187 5274 5274 5270 2575 4847 4847 
7082 5861 6923 6998 7005 6917 6919 6406 4861 
7416 7003 7003 7229 7223 6996 6305 6996 5712 
5969 7572 7578 7580 7578 6714 7691 7685 7684 
1933 7683 7683 7958 7958 8194 8194 8173 8173 
8176.5852 8147.9036 8176.5852 8147.9036 8181 8117 8117 6981 8190 
8506 8504 8504 8505 8505 8286 8533 8537 8533 
8536 8536 8535 8535 8519 8284 8240 8240 8456.6666667 
8240 8456.6666667 8240 8565 8240 8563 8565 8563 8564 
8487 8541 8560 8560 8845 8845 8847 8846 8849 
8847 9075 9080 9076 9080 9077 9077 7981 7981 
8610 8610 9759 9116 9810 9810 7218 9810 10467 
10467 7357 10460 9974 9974 10948 10948 11261 11261 
11257 11258 15 11576 11462 11468 11472 11472 12835 
12835 12838 12838 12838 12827 13207 13207 13206 13206 
13230 14130 12621 13829 14141 14140 14142 14140 14142 
13968 14121 14700 13712 13712 13712 12460 14090 13964 
14721 14090 14725 14725 14826 14826 14825 14825 15940 
14825 14660 14660 14660 13564 13564 13564 16726 14990 
16726 16292 16728 16728 14375 14375 15535 15535 17468 
15413 17467 17467 17466 17466 15880 17361 15732 15732 
16939 17040 15734 16939 15734 17353 17492 15718 15100 
17500 17357 17357 16935 16935 16485 16485 17481 17481 
17478 17478 17368 17368 17367 17367 16268 17367 16677 
17130 17274 17274 17268 17375 17128 17375 17247 17269 
16713 16539 16490 16102 16491 17133 16115 16714 15726 
16714 15726 14435 16502 16502 16460 15204 15204 16287 
16287 16286 15617 15617 14379 15617 11919 14379 15897 
15619 15620 15618 15614 15614 14791 15623 14790 15276 
15276 15632 15125 15125 15581 15972 16178 16178 16322 
16322 16173 16322 15776 16173 15776 15481 14798 15481 
14713 14713 15905 15905 15771 15981 15909 15909 15767 
15767 15767 15768 15768 15770 14508 14508 15578 15578 
15576 15576 15576 15576 13828 15911 15913 15911 12365 
15915 15415 15415 15422 14424 15422 15920 15922 15920 
15923 15923 15923 15210 15210 15929 14101 14101 15750 
15750 15548 15548 15438 15593 15436 15436 15269 15269 
15248 15248 12964 12964 11570 12030 12327 11570 12319 
14776 14773 12319 14466 14249 14076 14249 14251 14075 
10065 14343 14341 10065 13926 13684 13803 13803 13306 
13306 14063 14063 13937 14063 13939 13806 13558 13454 
13915 13558 13918 13918 13922 13922 13353 13353 13561 
13349 13349 13087 6180 13087 11914 587 11527 11914 
12946 3893 12960 12455 12565 12565 4153 4153 3764 
3764 3470 3470 3470 4459 4457 4457 4242 4242 
1705 1705 3939 3939 4601 4601 2650 6042 4763 
6043 2649 2401 2649 5188 5188 4842 3979 5187 
5274 5274 5270 2575 4847 4847 7082 5861 6923 
6998 7005 6917 6919 6406 4861 7416 7003 7003 
7229 7223 6996 6305 6996 5712 5969 7572 7578 
7580 7578 6714 7691 7685 7684 1933 7683 7683 
7958 7958 8194 8194 8184.62518 8184.62518 8184.62518 8184.62518 8181 
8181 6696 6696 6560 6560 6563 6563 6563 5242 
6509 5242 6360 6360 6290.6597938 6290.6597938 6290.6597938 6290.6597938 6208 
6208 4437 4437 6231 6227 6230 6228 6206 6076 
6068 6076 6072 6071 6071 6073 6073 6117 6117 
6136 6125.52432 6136.81184 6125.52432 6136.81184 6138 6138 6116 6138 
6056 6060 6057 6056 6059 6059 5818 5818 6010 
6010 6010 6242 6151 6151 6230.4545455 6151 6230.4545455 6151 
6243 6151 6243 6249 5784 6249 6344 5784 6029 
6344 6031 6031 5956 5956 5682 5956 6355 6355 
5815 6355 6294 6294 6684 6684 6607 6607 5923 
5923 6763 6761 6284 6284 6167 6167 7036 7036 
5141 5901 5141 7147 7302 7302 7096 7096 7043 
7590 7374 7374 8228 8228 8231 8231 8097 8098 
7586 7977 8090 7977 23 8090 7371 23 6603 
8774 8761 8774 8747 8839 9037 8839 8746 9037 
9039 9039 8683 8683 8970 9166 9170 9170 8967 
5191 9199 9199 9421 9416 9415 9418 9666 9666 
9660 9661 9655 9655 9853 9851 9849 9849 9629 
9629 10026 10025 10022 10025 10022 9916 9632 9916 
10024 10024 10268 10268 10271 10266 10169 10066 10066 
10264 10345 10345 10347 10347 10332 10332 10453 10332 
10452 10452 10452 10551 10551 10551 10550 10549 10059 
10549 10084 10084 10087 10087 10566 10560 10565 10565 
10352 10352 10352 10253 10253 10253 10542 10542 10542 
10542 10542 10624 10624 10624 10625 10629 10525 10629 
10555 10555 9989 10555 9998 9998 10609 10609 10848 
10757 10729 10729 10728 10920 10921 10921 10940 10940 
10245 10740 10740 10419 656 10663 656 10536 10677 
10106 10830 11133 11134 10937 9959 10986 10631 9959 
11142 11142 11237 11142 11237 11523 11522 11522 11855 
8949 11595 11595 11995 11995 12157 12157 12528 12423 
12012 12012 12685 12505 12679 12679 13050 13050 13648 
13648 13778 13316 13777 13777 13787 13786 13785 13786 
13771 13771 13772 13772 14220 14221 14225 14221 13663 
13797 14046 13797 14047 14047 14919 14057 14921 14921 
14923 14923 14923 14920 14835 14835 14365 14365 15377 
16664 15854 15058 16074 16074 13162 13162 16655 13162 
17008 16655 17006 17006 16657 16657 16466 16466 16466 
16466 17211 17211 17198 16133 17020 17020 17658 17658 
17659 17656 17666 17666 17347 17347 17835 17835 17834 
17834 17834 17834 15000 15000 16347 16347 17861 17933 
17138 17933 10320 17337 17966 17969 14316 17869 15893 
15893 18122 18122 18086 18086 18256 18256 18190 18190 
18123 18123 18038 18038 18142 18142 18344 18344 18402 
18402 17341 17341 18546 18546 15708 18367 18337 18337 
18305 18343 18471 18417 18472 18472 18575 18575 18583 
18583 17994 18333 17979 17979 18732 18658 18658 15916 
18672 18672 18901 18671 18694 18694 19132 18963 19140 
19132 19131 19136 18965 19136 18879 18879 18670 18670 
19311 19311 19197 19197 18625 18723 19273 19273 19275 
17574 19191 19191 19490 19490 19488 19488 19244 19551 
19244 19551 19333 19333 19605 19696 19701 19701 19690 
19689 19612 19044 19737 19737 19302 19302 19600 19600 
19912 19912 19973 19973 20033 20033 20269 20269 20261 
20261 20143 20296 20295 20295 20253 20253 20149 18693 
20329 20329 20376 19388 20376 20377 20328 20380 20432 
20432 20427 20427 20427 20488 20488 20488 20486 20486 
19785 20394 19785 20540 20542 20542 14506 14506 20552 
20552 20470 20470 20472 18832 20596 20596 20125 20646 
18453 20601 20709 18453 20709 20871 20386 20386 19474 
19531 20313 19653 20708 20708 20865 21043 19545 19545 
19545 20945 20945 21123 21088 21124 21108 21088 21110 
21110 21086 21086 21038 21038 20632 20561 21258 20600 
21259 21259 21259 21305 21306 21306 21206 21206 21195 
21329 21246 21195 21246 20987 21366 21366 21415 21415 
21497 21497 21500 21574 21572 20036 21596 21596 21662 
20799 21662 21664 21663 21664 21720 21720 21722 21722 
21805 21805 20316 21441 20316 21603 21706 21875 21878 
21712 21318 21712 21926 21926 21980 21980 21979 21979 
21979 21979 21982 21982 22032 22033 22034 22034 20935 
21978 21978 22116 21906 22116 21629 21629 22098 21629 
22106 22098 22036.94488 22036.21384 22036.94488 22036.21384 22030 22030 22163 
22164 22325 22164 22329 22326 22383 22348 22393 22395 
22397 22394 22378 22378 22306 22306 22306 22724 22723 
22723 22723 22817 22604 22817 22708 22814.5 22708 22814.5 
22812 22812 22620 22620 22620 22818 22818 22818 22266 
22266 22797 22797 22799 22799 22731 22731 21607 21607 
23009 21607 23009 23014 23012 23012 23175 23175 23246 
23246 23245 23246 23329 23328 23327 23327 23244 23244 
23106 23106 23530 23530 23530 23530 23521 23527 23615 
23505 23505 22469 23506 22469 23704 23705 23702 23702 
23706 23706 23832 23832 23831 23831 23831 23831 22762 
23620 23764 23764 23894 23894 23911 23911 23953 23953 
24048 24046 24042 24046 24042 24049 24050 24049 23873 
24051 24125 24125 24229 24229 24356 24356 24419 24419 
24513 24513 24523 24523 24429 24429 24510 24429 19759 
24510 24680 24680 24756 24756 22167 24592 24984 24984 
4153 4153 3764 3764 3470 3470 3470 4459 4457 
4457 4242 4242 1705 1705 3939 3939 4601 4601 
2650 6042 4763 6043 2649 2401 2649 5188 5188 
4842 3979 5187 5274 5274 5270 2575 4847 4847 
7082 5861 6923 6998 7005 6917 6919 6406 4861 
7416 7003 7003 7229 7223 6996 6305 6996 5712 
5969 7572 7578 7580 7578 6714 7691 7685 7684 
1933 7683 7683 7958 7958 8194 8194 8184.62518 8184.62518 
8184.62518 8184.62518 8181 8181 6696 6696 6560 6560 6563 
6563 6563 5242 6509 5242 6360 6360 6290.6597938 6290.6597938 
6290.6597938 6290.6597938 6208 6208 4437 4437 6226 6226 3900.56592 
3900.56592 3900.56592 3900.56592 3477 3477 5321 5321 5319 5319 
5020 4257 4040 4040 4005 4005 4917 4917 4502 
4502 4530 4502 4531 4531 4528.0337079 4528.0337079 4528.0337079 4528.0337079 
4515 4515 4104 4515 4517 4067 4381 4411 4285 
4285 4274.6622 4274.6622 4274.6622 4274.6622 4265 4265 4288 4288 
4288 4288 4289 4289 4284 4284 4302 4283 4322 
4322 4279 4279 3629 4279 4375 4375 4278 4278 
4278 4313 4418 4418 4417.9772727 4417.9772727 4417.9772727 4417.9772727 4417 
4417 3921 4417 4190 3921 4475 4475 4584 4584 
4792 4584 4790 4790 4790 3851 4591 4591 5062 
5062 5299 5299 5168 5168 5664 5665 5666 5667 
5667 5668 5668 5676 4037 6158 6158 6162 6163 
6163 6164 6164 6905 6905 6782 6782 6450 6458 
6460 6460 6445 6784 7056 7056 7055 6914 7279 
7279 7273 7273 6879 6879 6868 6868 6912 6912 
8260 8260 7372 7372 8551 8551 8809 8808 8915 
8808 8914 8555 8555 8147 6466 8147 7949 7949 
7949 8818 8818 8818 9008 7132 6035 6035 7457 
9362 9375 7457 9466 9466 9932 9515 9932 9931 
9931 8602 9930 9930 9930 9934 9420 9420 9718 
9718 9569 9718 10689 10689 10862 10862 9348 9348 
10353.0183 10353.0183 10353.0183 10353.0183 10778 10778 11024 11024 10802 
10802 10802 10802 11001 11001 11416 11416 11414 11416 
11415 11415 11415 11189 11800 11189 11802 11802 12112 
11639 12074.184211 11648 12074.184211 11648 11633 11753 11188 11188 
11343 11343 11066 11066 13274 13274 13745 13745 13763 
13763 13749 13749 13645 13645 12344 13864 13893 13893 
13524 13892 13546 13524 14201 14201 14203 14203 14018 
14018 14553 14553 14553 14553 14552 14552 14552 15654 
15026 15654 15026 16041 15151 15151 16861 16996 16992 
15656 16956 16955 15325 14445 14545 16030 16985 16985 
4153 4153 3764 3764 3470 3470 3470 4459 4457 
4457 4242 4242 1705 1705 3939 3939 4601 4601 
2650 6042 4763 6043 2649 2401 2649 5188 5188 
4842 3979 5187 5274 5274 5270 2575 4847 4847 
7082 5861 6923 6998 7005 6917 6919 6406 4861 
7416 7003 7003 7229 7223 6996 6305 6996 5712 
5969 7572 7578 7580 7578 6714 7691 7685 7684 
1933 7683 7683 7958 7958 8194 8194 8184.62518 8184.62518 
8184.62518 8184.62518 8181 8181 6696 6696 6560 6560 6563 
6563 6563 5242 6509 5242 6360 6360 6290.6597938 6290.6597938 
6290.6597938 6290.6597938 6208 6208 4437 4437 6226 6226 3900.56592 
3900.56592 3900.56592 3900.56592 3477 3477 5321 5321 5319 5319 
5020 4257 4040 4040 4005 4005 4917 4917 4502 
4502 4530 4502 4531 4531 4528.0337079 4528.0337079 4528.0337079 4528.0337079 
4515 4515 4104 4515 4517 4067 4381 4411 4285 
4285 4274.6622 4274.6622 4274.6622 4274.6622 4265 4265 4288 4288 
4288 4288 4289 4289 4284 4284 4302 4283 4322 
4322 4279 4279 3629 4279 4375 4375 4278 4278 
4278 4313 4418 4418 4417.9772727 4417.9772727 4417.9772727 4417.9772727 4417 
4417 3921 4417 4190 3921 4475 4475 4584 4584 
4792 4584 4790 4790 4790 3851 4591 4591 5062 
5062 5299 5299 5168 5168 5664 5665 5666 5667 
5667 5668 5668 5676 4037 6158 6158 6162 6163 
6163 6164 6164 6905 6905 6782 6782 6450 6458 
6460 6460 6445 6784 7056 7056 7055 6914 7279 
7279 7273 7273 6879 6879 6868 6868 6912 6912 
8260 8260 7372 7372 8551 8551 8809 8808 8915 
8808 8914 8555 8555 8147 6466 8147 7949 7949 
7949 8818 8818 8818 9008 7132 6035 6035 7457 
9362 9375 7457 9466 9466 9932 9515 9932 9931 
9931 8602 9930 9930 9930 9934 9420 9420 9718 
9718 9569 9718 10689 10689 10862 10862 9348 9348 
10353.0183 10353.0183 10353.0183 10353.0183 10778 10778 11024 11024 10802 
10802 10802 10802 11001 11001 11416 11416 11414 11416 
11415 11415 11415 11189 11800 11189 11802 11802 12112 
11639 12074.184211 11648 12074.184211 11648 11633 11753 11188 11188 
11343 11343 11066 11066 13274 13274 13745 13745 13763 
13763 13749 13749 13645 13645 12344 13864 13893 13893 
13524 13892 13546 13524 14201 14201 14591 14203 14203 
14016 13884 14016 13883 14019 13525 14880 12683 12683 
16891 15842 16750.003367 15842.675271 16750.003367 15842.675271 15847 15847 15846 
15847 15846 15843 15836 15836 15832 15832 15833 15835 
16878 15833 15828 16876 15831 15831 15830 14868 15510 
14869.333333 15510 14869.333333 14870 14872 14871 14871 14859 14863 
14741 14741 14741 14878 14878 14169 14433 14433 15046 
15046 15369 15369 15370 15369 15370 15371 15366 15367 
14899 14899 14895 14895 14750 14895 14749 14749 14753 
14751 14755 14755 14176 14176 12739 13869 13011 13011 
12508 12508 12508 12638 12638 12638 12998 12998 12996 
12864 12859 12864 12859 10039 12874 12291 12291 9711 
12389 12389 12608 12604 12607 12607 12288 12288 12360 
12286 12361 12361 12363 11736 11097 11097 11946 12077 
11943 11946 11161 11943 11167 11945 11352 11352 11355 
11355 11353 11353 11175 10290 11179 11179 11181 11182 
11174 11182 10403 10403 10888 10382 10225 8986 10286 
10296 10296 9464 9712 9464 10217 10131 10214 10197 
10214 10226 10146 10226 10211 10145 10212 10206 10205 
9096 10200 10200 9947 9947 9781 8514 9781 9237 
9363 9363 9363 9593 9593 9593 9679 9679 9765 
9678 9234 9234 8936 8936 9233 9233 7867 9198 
9081 7867 7848 9081 9276 9266 9270 9267 9264 
8666 9130 9190 5978 8990 8978 8991 8993 9001 
8976 8650 7844 8650 7769 499 7044 7769 8862 
862 7773 7773 4153 4153 3764 3764 3470 3470 
3470 4459 4457 4457 4242 4242 1705 1705 3939 
3939 4601 4601 2650 6042 4763 6043 2649 2401 
2649 5188 5188 4842 3979 5187 5274 5274 5270 
2575 4847 4847 7082 5861 6923 6998 7005 6917 
6919 6406 4861 7416 7003 7003 7229 7223 6996 
6305 6996 5712 5969 7572 7578 7580 7578 6714 
7691 7685 7684 1933 7683 7683 7958 7958 8194 
8194 8184.62518 8184.62518 8184.62518 8184.62518 8181 8181 6696 6696 
6560 6560 6563 6563 6563 5242 6509 5242 6360 
6360 6290.6597938 6290.6597938 6290.6597938 6290.6597938 6208 6208 4437 4437 
6231 6227 6230 6228 6206 6076 6068 6076 6072 
6071 6071 6073 6073 6117 6117 6136 6125.52432 6136.81184 
6125.52432 6136.81184 6138 6138 6116 6138 6056 6060 6057 
6056 6059 6059 5818 5818 6010 6010 6010 6242 
6151 6151 6230.4545455 6151 6230.4545455 6151 6243 6151 6243 
6249 5784 6249 6344 5784 6029 6344 6031 6031 
5956 5956 5682 5956 6355 6355 5815 6355 6294 
6294 6684 6684 6607 6607 5923 5923 6763 6761 
6284 6284 6167 6167 7036 7036 5141 5901 5141 
7147 7302 7302 7096 7096 7043 7590 7374 7374 
8228 8228 8231 8231 8097 8098 7586 7977 8090 
7977 23 8090 7371 23 6603 8774 8761 8774 
8747 8839 9037 8839 8746 9037 9039 9039 8683 
8683 8970 9166 9170 9170 8967 5191 9199 9199 
9421 9416 9415 9418 9666 9666 9660 9661 9655 
9655 9853 9851 9849 9849 9629 9629 10026 10025 
10022 10025 10022 9916 9632 9916 10024 10024 10268 
10268 10271 10266 10169 10066 10066 10264 10345 10345 
10347 10347 10332 10332 10453 10332 10452 10452 10452 
10551 10551 10551 10550 10549 10059 10549 10084 10084 
10087 10087 10566 10560 10565 10565 10352 10352 10352 
10253 10253 10253 10542 10542 10542 10542 10542 10624 
10624 10624 10625 10629 10525 10629 10555 10555 9989 
10555 9998 9998 10609 10609 10848 10757 10729 10729 
10728 10920 10921 10921 10940 10940 10245 10740 10740 
10419 656 10663 656 10536 10677 10106 10830 11133 
11134 10937 9959 10986 10631 9959 11142 11142 11237 
11142 11237 11523 11522 11522 11855 8949 11595 11595 
11995 11995 12157 12157 12528 12423 12012 12012 12685 
12505 12679 12679 13050 13050 13648 13648 13778 13316 
13777 13777 13787 13786 13785 13786 13771 13771 13772 
13772 14220 14221 14225 14221 13663 13797 14046 13797 
14047 14047 14919 14057 14921 14921 14923 14923 14923 
14920 14835 14835 14365 14365 15377 16664 15854 15058 
16074 16074 13162 13162 16655 13162 17008 16655 17006 
17006 16657 16657 16466 16466 16466 16466 17211 17211 
17198 16133 17020 17020 17658 17658 17659 17656 17666 
17666 17347 17347 17835 17835 17834 17834 17834 17834 
15000 15000 16347 16347 17861 17933 17138 17933 10320 
17337 17966 17969 14316 17869 15893 15893 18122 18122 
18086 18086 18256 18256 18190 18190 18123 18123 18038 
18038 18142 18142 18344 18344 18402 18402 17341 17341 
18546 18546 15708 18367 18337 18337 18305 18343 18471 
18417 18472 18472 18575 18575 18583 18583 17994 18333 
17979 17979 18732 18658 18658 15916 18672 18672 18901 
18671 18694 18694 19132 18963 19140 19132 19131 19136 
18965 19136 18879 18879 18670 18670 19311 19311 19197 
19197 18625 18723 19273 19273 19275 17574 19191 19191 
19490 19490 19488 19488 19244 19551 19244 19551 19333 
19333 19605 19696 19701 19701 19690 19689 19612 19044 
19737 19737 19302 19302 19600 19600 19912 19912 19973 
19973 20033 20033 20269 20269 20261 20261 20143 20296 
20295 20295 20253 20253 20149 18693 20329 20329 20376 
19388 20376 20377 20328 20380 20432 20432 20427 20427 
20427 20488 20488 20488 20486 20486 19785 20394 19785 
20540 20542 20542 14506 14506 20552 20552 20470 20470 
20472 18832 20596 20596 20125 20646 18453 20601 20709 
18453 20709 20871 20386 20386 19474 19531 20313 19653 
20708 20708 20865 21043 19545 19545 19545 20945 20945 
21123 21088 21124 21108 21088 21110 21110 21086 21086 
21038 21038 20632 20561 21258 20600 21259 21259 21259 
21305 21306 21306 21206 21206 21195 21329 21246 21195 
21246 20987 21366 21366 21415 21415 21497 21497 21500 
21574 21572 20036 21596 21596 21662 20799 21662 21664 
21663 21664 21720 21720 21722 21722 21805 21805 20316 
21441 20316 21603 21706 21875 21878 21712 21318 21712 
21926 21926 21980 21980 21979 21979 21979 21979 21982 
21982 22032 22033 22034 22034 21978 22116 21978 22116 
21906 21906 21676 21676 22000 22000 22031.15098 22031.15098 22031.15098 
22031.15098 22041 22041 22347 22347 20812 20812 21392 21392 
22603 22603 22715 22715 22322 22322 22322 22322 22618 
22322 22940 22940 22939.730769 22972.846154 22939.730769 22972.846154 22938 23184 
22931 22931 23273 23180 23272 23272 22639 22643 23715 
22677 21010 21010 23728 22560 24017 24017 24195 24092 
24195 24166 23724 23856 23724 24198 24091 22763 24161 
24161 24475 24161 24475 24479 24477 24477 24478 24478 
24020 24376 24376 24401 24401 24725 24398 24728 24292 
24292 24406 24406 24450 24816 24248 24449 24411 24411 
24484 24484 24484 24730 24730 24730 24542 24542 24732 
24541 24541 24782 24337 24337 24619 24619 23563 11037 
22111 22111 25216 24129 25217 25217 25029 25217 25059 
25059 25228 25228 25232 25232 25232 25233 25233 25233 
25233 25057 25061 25061 25175 25062 24701 24921 23960 
23960 25465 25465 25465 24960 22610 22610 22610 25463 
25593 25463 25613 25610 25608 25608 25902 25110 25902 
25618 25618 25569 25915 25915 25924 25924 25924 25923 
25923 25921 25922 25909 26004 26004 26232 25551 26229 
26229 26101 26101 26107 26108 26104 26104 26422 26423 
24237 24237 24237 26015 26015 26015 26509 26509 25993 
25993 26589 26589 26643 26643 26644 26643 26644 26640 
26646 26645 26654 26654 26642 26642 26581 26912 26913 
26913 26552 26552 27015 27014 27014 26658 26658 26450 
26363 26450 25954 25616 27342 27342 27346 27450 27440 
27450 27455 27446 27593 27593 27937 27937 27944 27944 
27971 27943 27972 27972 27967 27957 27956 27956 27920 
27920 27910 27910 27775 27775 28321 27643 28321 28323 
28323 28322 28309 28309 28429 28429 28427 28419 28494 
28337 28637 28633 28591 28811 26976 28297 26976 28813 
28965 28824 28874 28964 28875 28875 28963 28963 28879 
28879 28958 28548 28959 28959 26983 29020 29021 29021 
29057 29057 28723 29056 29119 29119 26534 28170 28556 
29193 29199 29199 28330 28330 28969 28969 29187 29187 
28649 28649 29433 29433 29706 29706 29517 29517 29759 
29185 29994 29994 29995 29998 30059 30059 29760 26369 
28412 30174 30173 30173 29527 29527 29654 29615 29721 
29721 30023 30023 30872 30872 30876 30878 30970 30970 
30967 30995 31054 31054 30074 30074 31103 31103 31105 
31104 31106 30021 31098 31098 30724 30724 28187 28187 
31232 28187 31191 31191 31215 31219 31193 31193 31274 
31274 31274 31134 31134 31134 31309 31275 31309 31357 
31362 31362 31297 31378 31468 31468 31562 31562 31560 
31603 31604 31604 31601 31496 31554 31554 27256 27256 
31653 31653 31653 31653 31672 31672 31552 31552 31797 
31589 31797 31809 31809 31814 31815 31815 31512 31512 
31723 31366 30459 30459 31710 32003 31563 32003 31836 
31563 31998 31891 31454 31977 32136 32132 32135 32135 
32192 32192 32184 32184 32184 31973 31973 31932 32224 
32222 31742 31742 31359 32188 30083 32188 30083 31590 
31713 31713 32432 32432 32477 32425 31785 31785 32948 
31885 32404 32404 32459 32459 33133 33133 33539 33539 
33537 33537 33538 33538 33538 33538 33538 33518 33518 
33518 33519 33517 33521 33521 33516 33516 33508 33508 
33727 33727 33730 33730 33725 33725 33725 33725 33947 
33947 34006 34006 34245 34245 34490 34490 34488 34488 
34487 34487 34225 34225 34260 34261 34258 34258 34679 
34684 34683 34683 34393 34393 35169 35169 35192 35192 
35283 35190 35283 35284 35273 35273 35276 35276 35042 
35042 34597 35031 35032 35032 35026 35026 35255 34995 
35256 35256 34998 34998 34994 34600 34373 34373 34591 
34591 33650 33650 34985 34989 34991 34991 33649 34388 
34389 34389 34587 34587 34982 34982 34585 34585 33422 
33422 33909 33660 33907 33907 34140 34139 34139 34133 
34137 34100 34099 34099 33845 33845 33826 33826 33622 
34124 34123 34123 34120 33841 33191 33191 34365 34365 
34559 34564 34558 34558 34579 33864 34578 33864 34337 
34337 33855 33855 33855 34335 34959 34959 34966 34966 
34964 34965 34955 33810 34917 34917 34919 35216 35237 
35216 34912 34912 35203 35203 35203 35203 35203 34915 
34915 34915 33802 33802 35206 35206 35329 35329 35321 
35320 34923 34923 34923 35411 35411 35411 35089 35089 
35548 35548 35542 35542 35317 35317 35467 35467 35094 
35094 35587 35562 34573 34573 35716 35716 35753 35753 
35717 35717 35794 35794 35794 35794 35812 35906 35725 
35907 35978 35979 35524 35978 32400 32400 35029 36424 
36441 36162 37187 36473 37186 36672 37181 36874 36874 
36539 36539 36669 36669 37580 37589 35582 37584 37584 
37892 37583 37143 37144 36873 37394 36873 36828 37387 
37387 36477 36477 37384 37382 37386 37386 36857 37373 
36857 36830 37357 36854 37567 36517 37354 37354 37246 
37246 37271 37271 37271 37271 37276 37274 36639 36639 
35465 36011 37479 37479 35840 35840 37535 37535 37690 
37690 37691 37844 37846 37521 37521 37954 37478 37478 
37507 37507 37520 37227 38081 37227 38189 38189 37527 
37527 38090 38090 38085 38085 38085 38085 38119 38119 
38096 38096 38256 38926 37784 37784 38502 38502 38223 
38223 39036 39036 38028 38028 39882 39882 40125 40125 
40125 40125 36708 36708 37223 37223 41302 41302 40329 
40329 40396 40396 41808 41796 42096 42096 43435 43435 
43431 43437 43432 43433 44065 42956 44058 44058 44074 
44075 44093 44093 44092 44095 44095 41893 42229 42231 
42230 42230 41926.79624 40751.7636 41926.79624 40751.7636 41909 40665 41909 
41898 41898 40184 40988 40225 40988 39296 41543 41543 
41542 41542 39180 41570 41567 41567 41567 41567 41567 
40293 40293 40293 41934 41934 41935 41934 41933 41933 
41933 41597 41024 41024 41597 40005 40005 40632 41564 
41564 41584 41564 41585 41585 41581 41581 41581 41581 
41580 41580 41580 41580 41557 41557 41553 41553 41063 
41063 40691 40691 41060 41060 40647 40647 40647 41054 
41055 41054 39783 41056 41080 41082 41081 41081 41129 
41129 41133 41133 41133 41133 39788 40685 41067 41067 
41070 41071 40065 40065 37916 37916 41603 41603 41603 
41603 35004 41619 41620 41620 40675 40675 38890 38890 
41978 41975 41977 41981 41977 41971 41968 41971 41972 
41970 39726 41970 42339 42337 42336 42336 42773 42772 
42343 42343 42753 42753 42781 42781 42395 42372 42393 
42393 42393 42782 42782 42782 42810 42788 34746 42788 
42814 43227 43224 43224 43249 43249 43249 43248 43248 
43248 42700 42700 43741 43741 39773 39773 44322 44320 
44843 44843 45347 45347 45369 45369 45360 45360 43253 
44326 41041 41041 45845 45845 46949 46949 46949 47519 
47519 47519 47522 47514 47510 47511 47533 47533 45861 
46961 46389 46961 46389 47963 47982 47982 47525 47976 
48375 48375 46969 48376 48029 48029 45392 45392 48010 
48010 48398 48397 48402 48402 48415 48415 47012 47012 
47014 47014 48072 48072 48075 48075 48075 48075 48442 
47011 46382 47017 48445 48084 48446 48446 48410 48410 
46423 46423 46423 46423 46423 47034 47034 48083 48087 
48449 48051 48051 48051 48466 48467 48466 48470 48469 
48472 48472 48078 48473 48021 48078 48069 48069 48094 
48094 48110 48110 48097 48097 48106 48106 45413 48484 
48486 48484 47571 45391 48125 48125 48128 48128 48128 
48137 48137 48137 48146 48139 48142 48142 48144 44954 
46442 48144 48140 47073 48151 41726 48151 41726 48496 
48496 48501 48501 48502 48502 48518 48518 47587 47587 
47555.4279 47621.01447 47555.4279 47621.01447 47057 48158 47067 47057 46447 
45898 45953 45898 47093 47093 46226.513514 46226.513514 46226.513514 46226.513514 
45490 45490 47089 47089 46495 46495 47098 47097 46482 
46513 46511 46482 45964 45964 46516 45937 45419 45419 
40071 40071 44381 44381 45433 45433 45433 45434 44365 
43276 44367 44365 44406 44406 4153 4153 3764 3764 
3470 3470 3470 4459 4457 4457 4242 4242 1705 
1705 3939 3939 4601 4601 2650 6042 4763 6043 
2649 2401 2649 5188 5188 4842 3979 5187 5274 
5274 5270 2575 4847 4847 7082 5861 6923 6998 
7005 6917 6919 6406 4861 7416 7003 7003 7229 
7223 6996 6305 6996 5712 5969 7572 7578 7580 
7578 6714 7691 7685 7684 1933 7683 7683 7958 
7958 8194 8194 8184.62518 8184.62518 8184.62518 8184.62518 8181 8181 
6696 6696 6560 6560 6563 6563 6563 5242 6509 
5242 6360 6360 6290.6597938 6290.6597938 6290.6597938 6290.6597938 6208 6208 
4437 4437 6231 6227 6230 6228 6206 6076 6068 
6076 6072 6071 6071 6073 6073 6117 6117 6136 
6125.52432 6136.81184 6125.52432 6136.81184 6138 6138 6116 6138 6056 
6060 6057 6056 6059 6059 5818 5818 6010 6010 
6010 6242 6151 6151 6230.4545455 6151 6230.4545455 6151 6243 
6151 6243 6249 5784 6249 6344 5784 6029 6344 
6031 6031 5956 5956 5682 5956 6355 6355 5815 
6355 6294 6294 6684 6684 6607 6607 5923 5923 
6763 6761 6284 6284 6167 6167 7036 7036 5141 
5901 5141 7147 7302 7302 7096 7096 7043 7590 
7374 7374 8228 8228 8231 8231 8097 8098 7586 
7977 8090 7977 23 8090 7371 23 6603 8774 
8761 8774 8747 8839 9037 8839 8746 9037 9039 
9039 8683 8683 8970 9166 9170 9170 8967 5191 
9199 9199 9421 9416 9415 9418 9666 9666 9660 
9661 9655 9655 9853 9851 9849 9849 9629 9629 
10026 10025 10022 10025 10022 9916 9632 9916 10024 
10024 10268 10268 10271 10266 10169 10066 10066 10264 
10345 10345 10347 10347 10332 10332 10453 10332 10452 
10452 10452 10551 10551 10551 10550 10549 10059 10549 
10084 10084 10087 10087 10566 10560 10565 10565 10352 
10352 10352 10253 10253 10253 10542 10542 10542 10542 
10542 10624 10624 10624 10625 10629 10525 10629 10555 
10555 9989 10555 9998 9998 10609 10609 10848 10757 
10729 10729 10728 10920 10921 10921 10940 10940 10245 
10740 10740 10419 656 10663 656 10536 10677 10106 
10830 11133 11134 10937 9959 10986 10631 9959 11142 
11142 11237 11142 11237 11523 11522 11522 11855 8949 
11595 11595 11995 11995 12157 12157 12528 12423 12012 
12012 12685 12505 12679 12679 13050 13050 13648 13648 
13778 13316 13777 13777 13787 13786 13785 13786 13771 
13771 13772 13772 14220 14221 14225 14221 13663 13797 
14046 13797 14047 14047 14919 14057 14921 14921 14923 
14923 14923 14920 14835 14835 14365 14365 15377 16664 
15854 15058 16074 16074 13162 13162 16655 13162 17008 
16655 17006 17006 16657 16657 16466 16466 16466 16466 
17211 17211 17198 16133 17020 17020 17658 17658 17659 
17656 17666 17666 17347 17347 17835 17835 17834 17834 
17834 17834 15000 15000 16347 16347 17861 17933 17138 
17933 10320 17337 17966 17969 14316 17869 15893 15893 
18122 18122 18086 18086 18256 18256 18190 18190 18123 
18123 18038 18038 18142 18142 18344 18344 18402 18402 
17341 17341 18546 18546 15708 18367 18337 18337 18305 
18343 18471 18417 18472 18472 18575 18575 18583 18583 
17994 18333 17979 17979 18732 18658 18658 15916 18672 
18672 18901 18671 18694 18694 19132 18963 19140 19132 
19131 19136 18965 19136 18879 18879 18670 18670 19311 
19311 19197 19197 18625 18723 19273 19273 19275 17574 
19191 19191 19490 19490 19488 19488 19244 19551 19244 
19551 19333 19333 19605 19696 19701 19701 19690 19689 
19612 19044 19737 19737 19302 19302 19600 19600 19912 
19912 19973 19973 20033 20033 20269 20269 20261 20261 
20143 20296 20295 20295 20253 20253 20149 18693 20329 
20329 20376 19388 20376 20377 20328 20380 20432 20432 
20427 20427 20427 20488 20488 20488 20486 20486 19785 
20394 19785 20540 20542 20542 14506 14506 20552 20552 
20470 20470 20472 18832 20596 20596 20125 20646 18453 
20601 20709 18453 20709 20871 20386 20386 19474 19531 
20313 19653 20708 20708 20865 21043 19545 19545 19545 
20945 20945 21123 21088 21124 21108 21088 21110 21110 
21086 21086 21038 21038 20632 20561 21258 20600 21259 
21259 21259 21305 21306 21306 21206 21206 21195 21329 
21246 21195 21246 20987 21366 21366 21415 21415 21497 
21497 21500 21574 21572 20036 21596 21596 21662 20799 
21662 21664 21663 21664 21720 21720 21722 21722 21805 
21805 20316 21441 20316 21603 21706 21875 21878 21712 
21318 21712 21926 21926 21980 21980 21979 21979 21979 
21979 21982 21982 22032 22033 22034 22034 21978 22116 
21978 22116 21906 21906 21676 21676 22000 22000 22031.15098 
22031.15098 22031.15098 22031.15098 22041 22041 22347 22347 20812 20812 
21392 21392 22603 22603 22715 22715 22322 22322 22322 
22322 22618 22322 22940 22940 22939.730769 22972.846154 22939.730769 22972.846154 
22938 23184 22931 22931 23273 23180 23272 23272 22639 
22643 23715 22677 21010 21010 23728 22560 24017 24017 
24195 24092 24195 24166 23724 23856 23724 24198 24091 
22763 24161 24161 24475 24161 24475 24479 24477 24477 
24478 24478 24020 24376 24376 24401 24401 24725 24398 
24728 24292 24292 24406 24406 24450 24816 24248 24449 
24411 24411 24484 24484 24484 24730 24730 24730 24542 
24542 24732 24541 24541 24782 24337 24337 24619 24619 
23563 11037 22111 22111 25216 24129 25217 25217 25029 
25217 25059 25059 25228 25228 25232 25232 25232 25233 
25233 25233 25233 25057 25061 25061 25175 25062 24701 
24921 23960 23960 25465 25465 25465 24960 22610 22610 
22610 25463 25593 25463 25613 25610 25608 25608 25902 
25110 25902 25618 25618 25569 25915 25915 25924 25924 
25924 25923 25923 25921 25922 25909 26004 26004 26232 
25551 26229 26229 26101 26101 26107 26108 26104 26104 
26422 26423 24237 24237 24237 26015 26015 26015 26509 
26509 25993 25993 26589 26589 26643 26643 26644 26643 
26644 26640 26646 26645 26654 26654 26642 26642 26581 
26912 26913 26913 26552 26552 27015 27014 27014 26658 
26658 26450 26363 26450 25954 25616 27342 27342 27346 
27450 27440 27450 27455 27446 27593 27593 27937 27937 
27944 27944 27971 27943 27972 27972 27967 27957 27956 
27956 27920 27920 27910 27910 27775 27775 28321 27643 
28321 28323 28323 28322 28309 28309 28429 28429 28427 
28419 28494 28337 28637 28633 28591 28811 26976 28297 
26976 28813 28965 28824 28874 28964 28875 28875 28963 
28963 28879 28879 28958 28548 28959 28959 26983 29020 
29021 29021 29057 29057 28723 29056 29119 29119 26534 
28170 28556 29193 29199 29199 28330 28330 28969 28969 
29187 29187 28649 28649 29433 29433 29706 29706 29517 
29517 29759 29185 29994 29994 29995 29998 30059 30059 
29760 26369 28412 30174 30173 30173 29527 29527 29654 
29615 29721 29721 30023 30023 30872 30872 30876 30878 
30970 30970 30967 30995 31054 31054 30074 30074 31103 
31103 31105 31104 31106 30021 31098 31098 30724 30724 
28187 28187 31232 28187 31191 31191 31215 31219 31193 
31193 31274 31274 31274 31134 31134 31134 31309 31275 
31309 31357 31362 31362 31297 31378 31468 31468 31562 
31562 31560 31603 31604 31604 31601 31496 31554 31554 
27256 27256 31653 31653 31653 31653 31672 31672 31552 
31552 31797 31589 31797 31809 31809 31814 31815 31815 
31512 31512 31723 31366 30459 30459 31710 32003 31563 
32003 31836 31563 31998 31891 31454 31977 32136 32132 
32135 32135 32192 32192 32184 32184 32184 31973 31973 
31932 32224 32222 31742 31742 31359 32188 30083 32188 
30083 31590 31713 31713 32432 32432 32477 32425 31785 
31785 32948 31885 32404 32404 32459 32459 33133 33133 
33539 33539 33537 33537 33538 33538 33538 33538 33538 
33518 33518 33518 33519 33517 33521 33521 33516 33516 
33508 33508 33727 33727 33730 33730 33725 33725 33725 
33725 33947 33947 34006 34006 34245 34245 34490 34490 
34488 34488 34487 34487 34225 34225 34260 34261 34258 
34258 34679 34684 34683 34683 34393 34393 35169 35169 
35192 35192 35283 35190 35283 35284 35273 35273 35276 
35276 35042 35042 34597 35031 35032 35032 35026 35026 
35255 34995 35256 35256 34998 34998 34994 34600 34373 
34373 34591 34591 33650 33650 34985 34989 34991 34991 
33649 34388 34389 34389 34587 34587 34982 34982 34585 
34585 33422 33422 33909 33660 33907 33907 34140 34139 
34139 34133 34137 34100 34099 34099 33845 33845 33826 
33826 33622 34124 34123 34123 34120 33841 33191 33191 
34365 34365 34559 34564 34558 34558 34579 33864 34578 
33864 34337 34337 33855 33855 33855 34335 34959 34959 
34966 34966 34964 34965 34955 33810 34917 34917 34919 
35216 35237 35216 34912 34912 35203 35203 35203 35203 
35203 34915 34915 34915 33802 33802 35206 35206 35329 
35329 35321 35320 34923 34923 34923 35411 35411 35411 
35089 35089 35548 35548 35542 35542 35317 35317 35467 
35467 35094 35094 35587 35562 34573 34573 35716 35716 
35753 35753 35717 35717 35794 35794 35794 35794 35812 
35906 35725 35907 35978 35979 35524 35978 32400 32400 
35029 36424 36441 36162 37187 36473 37186 36672 37181 
36874 36874 36539 36539 36669 36669 37580 37589 35582 
37584 37584 37892 37583 37143 37144 36873 37394 36873 
36828 37387 37387 36477 36477 37384 37382 37386 37386 
36857 37373 36857 36830 37357 36854 37567 36517 37354 
37354 37246 37246 37271 37271 37271 37271 37276 37274 
36639 36639 35465 36011 37479 37479 35840 35840 37535 
37535 37690 37690 37691 37844 37846 37521 37521 37954 
37478 37478 37507 37507 37520 37227 38081 37227 38189 
38189 37527 37527 38090 38090 38085 38085 38085 38085 
38119 38119 38096 38096 38256 38926 37784 37784 38502 
38502 38223 38223 39036 39036 38028 38028 39882 39882 
40125 40125 40125 40125 36708 36708 37223 37223 41302 
41302 40329 40329 40396 40396 41808 41796 42096 42096 
43435 43435 43431 43437 43432 43433 44065 42956 44058 
44058 44075 44075 44094 44097 44097 44095 43537 43537 
43536 43536 42582 43536 42582 43307.403755 42582 43307.403755 42582 
42619 42616 42584 46175 46174 46177 46176 39794 39794 
39794 43084 42250.25 43072.75 42250.25 43072.75 43069 43069 42614 
43069 44665 44665 45176 45176 44752 44752 44752 44752 
44752 44668 44669 44669 44669 44670 42153 42153 46816 
42153 46818 46816 46818 46824 47379 46817 47378 47378 
47376 47376 47376 47376 47376 47375 47375 47375 47375 
47770 47770 47770 47382 47382 45013 43868 47392 47392 
47810 47350 47810 46426 48752 47809 47578 47578 49003 
49003 49004 47371 49501 47115 47836 47115 49891 49891 
49888 49888 51200 51186 51198 51201 52884 51201 52884 
52883 52886 52886 51202 51202 51202 51202 51202 53433 
53433 53433 53436 53437 53437 53457 51313 51313 53878 
53875 53874 53874 53462 53462 53866 53511 53865 53868 
51544 53868 50756 51544 52121 52121 52121 52123 52123 
52123 44526 41365 41365 50186 50179 50179 4153 4153 
3764 3764 3470 3470 3470 4459 4457 4457 4242 
4242 1705 1705 3939 3939 4601 4601 2650 6042 
4763 6043 2649 2401 2649 5188 5188 4842 3979 
5187 5274 5274 5270 2575 4847 4847 7082 5861 
6923 6998 7005 6917 6919 6406 4861 7416 7003 
7003 7229 7223 6996 6305 6996 5712 5969 7572 
7578 7580 7578 6714 7691 7685 7684 1933 7683 
7683 7958 7958 8194 8194 8184.62518 8184.62518 8184.62518 8184.62518 
8181 8181 6696 6696 6560 6560 6563 6563 6563 
5242 6509 5242 6360 6360 6290.6597938 6290.6597938 6290.6597938 6290.6597938 
6208 6208 4437 4437 6231 6227 6230 6228 6206 
6076 6068 6076 6072 6071 6071 6073 6073 6117 
6117 6136 6125.52432 6136.81184 6125.52432 6136.81184 6138 6138 6116 
6138 6056 6060 6057 6056 6059 6059 5818 5818 
6010 6010 6010 6242 6151 6151 6230.4545455 6151 6230.4545455 
6151 6243 6151 6243 6249 5784 6249 6344 5784 
6029 6344 6031 6031 5956 5956 5682 5956 6355 
6355 5815 6355 6294 6294 6684 6684 6607 6607 
5923 5923 6763 6761 6284 6284 6167 6167 7036 
7036 5141 5901 5141 7147 7302 7302 7096 7096 
7043 7590 7374 7374 8228 8228 8231 8231 8097 
8098 7586 7977 8090 7977 23 8090 7371 23 
6603 8774 8761 8774 8747 8839 9037 8839 8746 
9037 9039 9039 8683 8683 8970 9166 9170 9170 
8967 5191 9199 9199 9421 9416 9415 9418 9666 
9666 9660 9661 9655 9655 9853 9851 9849 9849 
9629 9629 10026 10025 10022 10025 10022 9916 9632 
9916 10024 10024 10268 10268 10271 10266 10169 10066 
10066 10264 10345 10345 10347 10347 10332 10332 10453 
10332 10452 10452 10452 10551 10551 10551 10550 10549 
10059 10549 10084 10084 10087 10087 10566 10560 10565 
10565 10352 10352 10352 10253 10253 10253 10542 10542 
10542 10542 10542 10624 10624 10624 10625 10629 10525 
10629 10555 10555 9989 10555 9998 9998 10609 10609 
10848 10757 10729 10729 10728 10920 10921 10921 10940 
10940 10245 10740 10740 10419 656 10663 656 10536 
10677 10106 10830 11133 11134 10937 9959 10986 10631 
9959 11142 11142 11237 11142 11237 11523 11522 11522 
11855 8949 11595 11595 11995 11995 12157 12157 12528 
12423 12012 12012 12685 12505 12679 12679 13050 13050 
13648 13648 13778 13316 13777 13777 13787 13786 13785 
13786 13771 13771 13772 13772 14220 14221 14225 14221 
13663 13797 14046 13797 14047 14047 14919 14057 14921 
14921 14923 14923 14923 14920 14835 14835 14365 14365 
15377 16664 15854 15058 16074 16074 13162 13162 16655 
13162 17008 16655 17006 17006 16657 16657 16466 16466 
16466 16466 17211 17211 17198 16133 17020 17020 17658 
17658 17659 17656 17666 17666 17347 17347 17835 17835 
17834 17834 17834 17834 15000 15000 16347 16347 17861 
17933 17138 17933 10320 17337 17966 17969 14316 17869 
15893 15893 18122 18122 18086 18086 18256 18256 18190 
18190 18123 18123 18038 18038 18142 18142 18344 18344 
18402 18402 17341 17341 18546 18546 15708 18367 18337 
18337 18305 18343 18471 18417 18472 18472 18575 18575 
18583 18583 17994 18333 17979 17979 18732 18658 18658 
15916 18672 18672 18901 18671 18694 18694 19132 18963 
19140 19132 19131 19136 18965 19136 18879 18879 18670 
18670 19311 19311 19197 19197 18625 18723 19273 19273 
19275 17574 19191 19191 19490 19490 19488 19488 19244 
19551 19244 19551 19333 19333 19605 19696 19701 19701 
19690 19689 19612 19044 19737 19737 19302 19302 19600 
19600 19912 19912 19973 19973 20033 20033 20269 20269 
20261 20261 20143 20296 20295 20295 20253 20253 20149 
18693 20329 20329 20376 19388 20376 20377 20328 20380 
20432 20432 20427 20427 20427 20488 20488 20488 20486 
20486 19785 20394 19785 20540 20542 20542 14506 14506 
20552 20552 20470 20470 20472 18832 20596 20596 20125 
20646 18453 20601 20709 18453 20709 20871 20386 20386 
19474 19531 20313 19653 20708 20708 20865 21043 19545 
19545 19545 20945 20945 21123 21088 21124 21108 21088 
21110 21110 21086 21086 21038 21038 20632 20561 21258 
20600 21259 21259 21259 21305 21306 21306 21206 21206 
21195 21329 21246 21195 21246 20987 21366 21366 21415 
21415 21497 21497 21500 21574 21572 20036 21596 21596 
21662 20799 21662 21664 21663 21664 21720 21720 21722 
21722 21805 21805 20316 21441 20316 21603 21706 21875 
21878 21712 21318 21712 21926 21926 21980 21980 21979 
21979 21979 21979 21982 21982 22032 22033 22034 22034 
21978 22116 21978 22116 21906 21906 21676 21676 22000 
22000 22031.15098 22031.15098 22031.15098 22031.15098 22041 22041 22347 22347 
20812 20812 21392 21392 22603 22603 22715 22715 22322 
22322 22322 22322 22618 22322 22940 22940 22939.730769 22972.846154 
22939.730769 22972.846154 22938 23184 22931 22931 23273 23180 23272 
23272 22639 22643 23715 22677 21010 21010 23728 22560 
24017 24017 24195 24092 24195 24166 23724 23856 23724 
24198 24091 22763 24161 24161 24475 24161 24475 24479 
24477 24477 24478 24478 24020 24376 24376 24401 24401 
24725 24398 24728 24292 24292 24406 24406 24450 24816 
24248 24449 24411 24411 24484 24484 24484 24730 24730 
24730 24542 24542 24732 24541 24541 24782 24337 24337 
24619 24619 23563 11037 22111 22111 25216 24129 25217 
25217 25029 25217 25059 25059 25228 25228 25232 25232 
25232 25233 25233 25233 25233 25057 25061 25061 25175 
25062 24701 24921 23960 23960 25465 25465 25465 24960 
22610 22610 22610 25463 25593 25463 25613 25610 25608 
25608 25902 25110 25902 25618 25618 25569 25915 25915 
25924 25924 25924 25923 25923 25921 25922 25909 26004 
26004 26232 25551 26229 26229 26101 26101 26107 26108 
26104 26104 26422 26423 24237 24237 24237 26015 26015 
26015 26509 26509 25993 25993 26589 26589 26643 26643 
26644 26643 26644 26640 26646 26645 26654 26654 26642 
26642 26581 26912 26913 26913 26552 26552 27015 27014 
27014 26658 26658 26450 26363 26450 25954 25616 27342 
27342 27346 27450 27440 27450 27455 27446 27593 27593 
27937 27937 27944 27944 27971 27943 27972 27972 27967 
27957 27956 27956 27920 27920 27910 27910 27775 27775 
28321 27643 28321 28323 28323 28322 28309 28309 28429 
28429 28427 28419 28494 28337 28637 28633 28591 28811 
26976 28297 26976 28813 28965 28824 28874 28964 28875 
28875 28963 28963 28879 28879 28958 28548 28959 28959 
26983 29020 29021 29021 29057 29057 28723 29056 29119 
29119 26534 28170 28556 29193 29199 29199 28330 28330 
28969 28969 29187 29187 28649 28649 29433 29433 29706 
29706 29517 29517 29759 29185 29994 29994 29995 29998 
30059 30059 29760 26369 28412 30174 30173 30173 29527 
29527 29654 29615 29721 29721 30023 30023 30872 30872 
30876 30878 30970 30970 30967 30995 31054 31054 30074 
30074 31103 31103 31105 31104 31106 30021 31098 31098 
30724 30724 28187 28187 31232 28187 31191 31191 31215 
31219 31193 31193 31274 31274 31274 31134 31134 31134 
31309 31275 31309 31357 31362 31362 31297 31378 31468 
31468 31562 31562 31560 31603 31604 31604 31601 31496 
31554 31554 27256 27256 31653 31653 31653 31653 31672 
31672 31552 31552 31797 31589 31797 31809 31809 31814 
31815 31815 31512 31512 31723 31366 30459 30459 31710 
32003 31563 32003 31836 31563 31998 31891 31454 31977 
32136 32132 32135 32135 32192 32192 32184 32184 32184 
31973 31973 31932 32224 32222 31742 31742 31359 32188 
30083 32188 30083 31590 31713 31713 32432 32432 32477 
32425 31785 31785 32948 31885 32404 32404 32459 32459 
33133 33133 33539 33539 33537 33537 33538 33538 33538 
33538 33538 33518 33518 33518 33519 33517 33521 33521 
33516 33516 33508 33508 33727 33727 33730 33730 33725 
33725 33725 33725 33947 33947 34006 34006 34245 34245 
34490 34490 34488 34488 34487 34487 34225 34225 34260 
34261 34258 34258 34679 34684 34683 34683 34393 34393 
35169 35169 35192 35192 35283 35190 35283 35284 35273 
35273 35276 35276 35042 35042 34597 35031 35032 35032 
35026 35026 35255 34995 35256 35256 34998 34998 34994 
34600 34373 34373 34591 34591 33650 33650 34985 34989 
34991 34991 33649 34388 34389 34389 34587 34587 34982 
34982 34585 34585 33422 33422 33909 33660 33907 33907 
34140 34139 34139 34133 34137 34100 34099 34099 33845 
33845 33826 33826 33622 34124 34123 34123 34120 33841 
33191 33191 34365 34365 34559 34564 34558 34558 34579 
33864 34578 33864 34337 34337 33855 33855 33855 34335 
34959 34959 34966 34966 34964 34965 34955 33810 34917 
34917 34919 35216 35237 35216 34912 34912 35203 35203 
35203 35203 35203 34915 34915 34915 33802 33802 35206 
35206 35329 35329 35321 35320 34923 34923 34923 35411 
35411 35411 35089 35089 35548 35548 35542 35542 35317 
35317 35467 35467 35094 35094 35587 35562 34573 34573 
35716 35716 35753 35753 35717 35717 35794 35794 35794 
35794 35812 35906 35725 35907 35978 35979 35524 35978 
32400 32400 35029 36424 36441 36162 37187 36473 37186 
36672 37181 36874 36874 36539 36539 36669 36669 37580 
37589 35582 37584 37584 37892 37583 37143 37144 36873 
37394 36873 36828 37387 37387 36477 36477 37384 37382 
37386 37386 36857 37373 36857 36830 37357 36854 37567 
36517 37354 37354 37246 37246 37271 37271 37271 37271 
37276 37274 36639 36639 35465 36011 37479 37479 35840 
35840 37535 37535 37690 37690 37691 37844 37846 37521 
37521 37954 37478 37478 37507 37507 37520 37227 38081 
37227 38189 38189 37527 37527 38090 38090 38085 38085 
38085 38085 38119 38119 38096 38096 38256 38926 37784 
37784 38502 38502 38223 38223 39036 39036 38028 38028 
39882 39882 40125 40125 40125 40125 36708 36708 37223 
37223 41302 41302 40329 40329 40396 40396 41808 41796 
42096 42096 43435 43435 43431 43437 43432 43433 44065 
42956 44058 44058 44074 44075 44093 44093 44092 44095 
44095 41893 42229 42231 42230 42230 41926.79624 40751.7636 41926.79624 
40751.7636 41909 40665 41909 41898 41898 40184 40988 40225 
40988 39296 41543 41543 41542 41542 39180 41570 41567 
41567 41567 41567 41567 40293 40293 40293 41934 41934 
41935 41934 41933 41933 41933 41597 41024 41024 41597 
40005 40005 40632 41564 41564 41584 41564 41585 41585 
41581 41581 41581 41581 41580 41580 41580 41580 41557 
41557 41553 41553 41063 41063 40691 40691 41060 41060 
40647 40647 40647 41054 41055 41054 39783 41056 41080 
41082 41081 41081 41129 41129 41133 41133 41133 41133 
39788 40685 41067 41067 41070 41071 40065 40065 37916 
37916 41603 41603 41603 41603 35004 41619 41620 41620 
40675 40675 38890 38890 41978 41975 41977 41981 41977 
41971 41968 41971 41972 41970 39726 41970 42339 42337 
42336 42336 42773 42772 42343 42343 42753 42753 42781 
42781 42395 42372 42393 42393 42393 42782 42782 42782 
42810 42788 34746 42788 42814 43227 43224 43224 43249 
43249 43249 43248 43248 43248 42700 42700 43741 43741 
39773 39773 44322 44320 44843 44843 45347 45347 45369 
45369 45360 45360 43253 44326 41041 41041 45845 45845 
46949 46949 46949 47519 47519 47519 47522 47514 47510 
47511 47533 47533 45861 46961 46389 46961 46389 47963 
47982 47982 47525 47976 48375 48375 46969 48376 48029 
48029 45392 45392 48010 48010 48398 48397 48402 48402 
48415 48415 47012 47012 47014 47014 48072 48072 48075 
48075 48075 48075 48442 47011 46382 47017 48445 48084 
48446 48446 48410 48410 46423 46423 46423 46423 46423 
47034 47034 48083 48087 48449 48051 48051 48051 48466 
48467 48466 48470 48469 48472 48472 48078 48473 48021 
48078 48069 48069 48094 48094 48110 48110 48097 48097 
48106 48106 45413 48484 48486 48484 47571 45391 48125 
48125 48128 48128 48128 48137 48137 48137 48146 48139 
48142 48142 48144 44954 46442 48144 48140 47073 48151 
41726 48151 41726 48496 48496 48501 48501 48166 48499 
47595 48166 45945 47595 48522 48522 46499.6324 46499.6324 46499.6324 
46499.6324 45676 45676 48493 48493 48841 48099 44950 48536 
44950 48536 45299 45299 48540 45299 48540 48178 49576 
48178 46412 46412 49958 49958 49952 49952 49952 49952 
50305 50305 50305 50305 50779 50307 50778 50778 50772 
50772 51271 51271 51265 51265 51261 51261 51261 51279 
51279 49956 43327 49127 46365.373444 49127 46365.373444 49127 50124 
49127 51716 50124 52991 52991 53528 53528 53527 53528 
53531.909091 52864.727273 53531.909091 52864.727273 53536 52312 54422 54422 54423 
54423 54009 54009 54061 54009 54061 54063 54062 54062 
54055 54055 54003 54056 54030 54030 54016 54016 54017 
54017 54019 54019 54046 54047 54046 54043 54076 54074 
54097 54108 54109 54111 54110 54109 54106 54106 54093 
54093 54123 54123 54120 54120 54120 54120 54077 54469 
54139 54139 54138 53634 54143 54143 54142 54143 53611 
53611 54144 54144 53661 53661 54151 54151 53665 53665 
53665 53665 54157 53668 54187 54187 53076 53076 53672 
53672 53672 53688 53688 53688 54488 54488 54500 54498 
54518 54518 53696 54479 54521 54480 54522 54522 54502 
54502 54432 54432 54242 54548 54550 54527 53690 54552 
54770 53690 54770 54769 54771 54544 54777 54540 53080 
54222 54785 53044 54788 54788 54562 54798 54561 54561 
4153 4153 3764 3764 3470 3470 3470 4459 4457 
4457 4242 4242 1705 1705 3939 3939 4601 4601 
2650 6042 4763 6043 2649 2401 2649 5188 5188 
4842 3979 5187 5274 5274 5270 2575 4847 4847 
7082 5861 6923 6998 7005 6917 6919 6406 4861 
7416 7003 7003 7229 7223 6996 6305 6996 5712 
5969 7572 7578 7580 7578 6714 7691 7685 7684 
1933 7683 7683 7958 7958 8194 8194 8184.62518 8184.62518 
8184.62518 8184.62518 8181 8181 6696 6696 6560 6560 6563 
6563 6563 5242 6509 5242 6360 6360 6290.6597938 6290.6597938 
6290.6597938 6290.6597938 6208 6208 4437 4437 6231 6227 6230 
6228 6206 6076 6068 6076 6072 6071 6071 6073 
6073 6117 6117 6136 6125.52432 6136.81184 6125.52432 6136.81184 6138 
6138 6116 6138 6056 6060 6057 6056 6059 6059 
5818 5818 6010 6010 6010 6242 6151 6151 6230.4545455 
6151 6230.4545455 6151 6243 6151 6243 6249 5784 6249 
6344 5784 6029 6344 6031 6031 5956 5956 5682 
5956 6355 6355 5815 6355 6294 6294 6684 6684 
6607 6607 5923 5923 6763 6761 6284 6284 6167 
6167 7036 7036 5141 5901 5141 7147 7302 7302 
7096 7096 7043 7590 7374 7374 8228 8228 8231 
8231 8097 8098 7586 7977 8090 7977 23 8090 
7371 23 6603 8774 8761 8774 8747 8839 9037 
8839 8746 9037 9039 9039 8683 8683 8970 9166 
9170 9170 8967 5191 9199 9199 9421 9416 9415 
9418 9666 9666 9660 9661 9655 9655 9853 9851 
9849 9849 9629 9629 10026 10025 10022 10025 10022 
9916 9632 9916 10024 10024 10268 10268 10271 10266 
10169 10066 10066 10264 10345 10345 10347 10347 10332 
10332 10453 10332 10452 10452 10452 10551 10551 10551 
10550 10549 10059 10549 10084 10084 10087 10087 10566 
10560 10565 10565 10352 10352 10352 10253 10253 10253 
10542 10542 10542 10542 10542 10624 10624 10624 10625 
10629 10525 10629 10555 10555 9989 10555 9998 9998 
10609 10609 10848 10757 10729 10729 10728 10920 10921 
10921 10940 10940 10245 10740 10740 10419 656 10663 
656 10536 10677 10106 10830 11133 11134 10937 9959 
10986 10631 9959 11142 11142 11237 11142 11237 11523 
11522 11522 11855 8949 11595 11595 11995 11995 12157 
12157 12528 12423 12012 12012 12685 12505 12679 12679 
13050 13050 13648 13648 13778 13316 13777 13777 13787 
13786 13785 13786 13771 13771 13772 13772 14220 14221 
14225 14221 13663 13797 14046 13797 14047 14047 14919 
14057 14921 14921 14923 14923 14923 14920 14835 14835 
14365 14365 15377 16664 15854 15058 16074 16074 13162 
13162 16655 13162 17008 16655 17006 17006 16657 16657 
16466 16466 16466 16466 17211 17211 17198 16133 17020 
17020 17658 17658 17659 17656 17666 17666 17347 17347 
17835 17835 17834 17834 17834 17834 15000 15000 16347 
16347 17861 17933 17138 17933 10320 17337 17966 17969 
14316 17869 15893 15893 18122 18122 18086 18086 18256 
18256 18190 18190 18123 18123 18038 18038 18142 18142 
18344 18344 18402 18402 17341 17341 18546 18546 15708 
18367 18337 18337 18305 18343 18471 18417 18472 18472 
18575 18575 18583 18583 17994 18333 17979 17979 18732 
18658 18658 15916 18672 18672 18901 18671 18694 18694 
19132 18963 19140 19132 19131 19136 18965 19136 18879 
18879 18670 18670 19311 19311 19197 19197 18625 18723 
19273 19273 19275 17574 19191 19191 19490 19490 19488 
19488 19244 19551 19244 19551 19333 19333 19605 19696 
19701 19701 19690 19689 19612 19044 19737 19737 19302 
19302 19600 19600 19912 19912 19973 19973 20033 20033 
20269 20269 20261 20261 20143 20296 20295 20295 20253 
20253 20149 18693 20329 20329 20376 19388 20376 20377 
20328 20380 20432 20432 20427 20427 20427 20488 20488 
20488 20486 20486 19785 20394 19785 20540 20542 20542 
14506 14506 20552 20552 20470 20470 20472 18832 20596 
20596 20125 20646 18453 20601 20709 18453 20709 20871 
20386 20386 19474 19531 20313 19653 20708 20708 20865 
21043 19545 19545 19545 20945 20945 21123 21088 21124 
21108 21088 21110 21110 21086 21086 21038 21038 20632 
20561 21258 20600 21259 21259 21259 21305 21306 21306 
21206 21206 21195 21329 21246 21195 21246 20987 21366 
21366 21415 21415 21497 21497 21500 21574 21572 20036 
21596 21596 21662 20799 21662 21664 21663 21664 21720 
21720 21722 21722 21805 21805 20316 21441 20316 21603 
21706 21875 21878 21712 21318 21712 21926 21926 21980 
21980 21979 21979 21979 21979 21982 21982 22032 22033 
22034 22034 21978 22116 21978 22116 21906 21906 21676 
21676 22000 22000 22031.15098 22031.15098 22031.15098 22031.15098 22041 22041 
22347 22347 20812 20812 21392 21392 22603 22603 22715 
22715 22322 22322 22322 22322 22618 22322 22940 22940 
22939.730769 22972.846154 22939.730769 22972.846154 22938 23184 22931 22931 23273 
23180 23272 23272 22639 22643 23715 22677 21010 21010 
23728 22560 24017 24017 24195 24092 24195 24166 23724 
23856 23724 24198 24091 22763 24161 24161 24475 24161 
24475 24479 24477 24477 24478 24478 24020 24376 24376 
24401 24401 24725 24398 24728 24292 24292 24406 24406 
24450 24816 24248 24449 24411 24411 24484 24484 24484 
24730 24730 24730 24542 24542 24732 24541 24541 24782 
24337 24337 24619 24619 23563 11037 22111 22111 25216 
24129 25217 25217 25029 25217 25059 25059 25228 25228 
25232 25232 25232 25233 25233 25233 25233 25057 25061 
25061 25175 25062 24701 24921 23960 23960 25465 25465 
25465 24960 22610 22610 22610 25463 25593 25463 25613 
25610 25608 25608 25902 25110 25902 25618 25618 25569 
25915 25915 25924 25924 25924 25923 25923 25921 25922 
25909 26004 26004 26232 25551 26229 26229 26101 26101 
26107 26108 26104 26104 26422 26423 24237 24237 24237 
26015 26015 26015 26509 26509 25993 25993 26589 26589 
26643 26643 26644 26643 26644 26640 26646 26645 26654 
26654 26642 26642 26581 26912 26913 26913 26552 26552 
27015 27014 27014 26658 26658 26450 26363 26450 25954 
25616 27342 27342 27346 27450 27440 27450 27455 27446 
27593 27593 27937 27937 27944 27944 27971 27943 27972 
27972 27967 27957 27956 27956 27920 27920 27910 27910 
27775 27775 28321 27643 28321 28323 28323 28322 28309 
28309 28429 28429 28427 28419 28494 28337 28637 28633 
28591 28811 26976 28297 26976 28813 28965 28824 28874 
28964 28875 28875 28963 28963 28879 28879 28958 28548 
28959 28959 26983 29020 29021 29021 29057 29057 28723 
29056 29119 29119 26534 28170 28556 29193 29199 29199 
28330 28330 28969 28969 29187 29187 28649 28649 29433 
29433 29706 29706 29517 29517 29759 29185 29994 29994 
29995 29998 30059 30059 29760 26369 28412 30174 30173 
30173 29527 29527 29654 29615 29721 29721 30023 30023 
30872 30872 30876 30878 30970 30970 30967 30995 31054 
31054 30074 30074 31103 31103 31105 31104 31106 30021 
31098 31098 30724 30724 28187 28187 31232 28187 31191 
31191 31215 31219 31193 31193 31274 31274 31274 31134 
31134 31134 31309 31275 31309 31357 31362 31362 31297 
31378 31468 31468 31562 31562 31560 31603 31604 31604 
31601 31496 31554 31554 27256 27256 31653 31653 31653 
31653 31672 31672 31552 31552 31797 31589 31797 31809 
31809 31814 31815 31815 31512 31512 31723 31366 30459 
30459 31710 32003 31563 32003 31836 31563 31998 31891 
31454 31977 32136 32132 32135 32135 32192 32192 32184 
32184 32184 31973 31973 31932 32224 32222 31742 31742 
31359 32188 30083 32188 30083 31590 31713 31713 32432 
32432 32477 32425 31785 31785 32948 31885 32404 32404 
32459 32459 33133 33133 33539 33539 33537 33537 33538 
33538 33538 33538 33538 33518 33518 33518 33519 33517 
33521 33521 33516 33516 33508 33508 33727 33727 33730 
33730 33725 33725 33725 33725 33947 33947 34006 34006 
34245 34245 34490 34490 34488 34488 34487 34487 34225 
34225 34260 34261 34258 34258 34679 34684 34683 34683 
34393 34393 35169 35169 35192 35192 35283 35190 35283 
35284 35273 35273 35276 35276 35042 35042 34597 35031 
35032 35032 35026 35026 35255 34995 35256 35256 34998 
34998 34994 34600 34373 34373 34591 34591 33650 33650 
34985 34989 34991 34991 33649 34388 34389 34389 34587 
34587 34982 34982 34585 34585 33422 33422 33909 33660 
33907 33907 34140 34139 34139 34133 34137 34100 34099 
34099 33845 33845 33826 33826 33622 34124 34123 34123 
34120 33841 33191 33191 34365 34365 34559 34564 34558 
34558 34579 33864 34578 33864 34337 34337 33855 33855 
33855 34335 34959 34959 34966 34966 34964 34965 34955 
33810 34917 34917 34919 35216 35237 35216 34912 34912 
35203 35203 35203 35203 35203 34915 34915 34915 33802 
33802 35206 35206 35329 35329 35321 35320 34923 34923 
34923 35411 35411 35411 35089 35089 35548 35548 35542 
35542 35317 35317 35467 35467 35094 35094 35587 35562 
34573 34573 35716 35716 35753 35753 35717 35717 35794 
35794 35794 35794 35812 35906 35725 35907 35978 35979 
35524 35978 32400 32400 35029 36424 36441 36162 37187 
36473 37186 36672 37181 36874 36874 36539 36539 36669 
36669 37580 37589 35582 37584 37584 37892 37583 37143 
37144 36873 37394 36873 36828 37387 37387 36477 36477 
37384 37382 37386 37386 36857 37373 36857 36830 37357 
36854 37567 36517 37354 37354 37246 37246 37271 37271 
37271 37271 37276 37274 36639 36639 35465 36011 37479 
37479 35840 35840 37535 37535 37690 37690 37691 37844 
37846 37521 37521 37954 37478 37478 37507 37507 37520 
37227 38081 37227 38189 38189 37527 37527 38090 38090 
38085 38085 38085 38085 38119 38119 38096 38096 38256 
38926 37784 37784 38502 38502 38223 38223 39036 39036 
38028 38028 39882 39882 40125 40125 40125 40125 36708 
36708 37223 37223 41302 41302 40329 40329 40396 40396 
41808 41796 42096 42096 43435 43435 43431 43437 43432 
43433 44065 42956 44058 44058 44074 44075 44093 44093 
44092 44095 44095 41893 42229 42231 42230 42230 41926.79624 
40751.7636 41926.79624 40751.7636 41909 40665 41909 41898 41898 40184 
40988 40225 40988 39296 41543 41543 41542 41542 39180 
41570 41567 41567 41567 41567 41567 40293 40293 40293 
41934 41934 41935 41934 41933 41933 41933 41597 41024 
41024 41597 40005 40005 40632 41564 41564 41584 41564 
41585 41585 41581 41581 41581 41581 41580 41580 41580 
41580 41557 41557 41553 41553 41063 41063 40691 40691 
41060 41060 40647 40647 40647 41054 41055 41054 39783 
41056 41080 41082 41081 41081 41129 41129 41133 41133 
41133 41133 39788 40685 41067 41067 41070 41071 40065 
40065 37916 37916 41603 41603 41603 41603 35004 41619 
41620 41620 40675 40675 38890 38890 41978 41975 41977 
41981 41977 41971 41968 41971 41972 41970 39726 41970 
42339 42337 42336 42336 42773 42772 42343 42343 42753 
42753 42781 42781 42395 42372 42393 42393 42393 42782 
42782 42782 42810 42788 34746 42788 42814 43227 43224 
43224 43249 43249 43249 43248 43248 43248 42700 42700 
43741 43741 39773 39773 44322 44320 44843 44843 45347 
45347 45369 45369 45360 45360 43253 44326 41041 41041 
45845 45845 46949 46949 46949 47519 47519 47519 47522 
47514 47510 47511 47533 47533 45861 46961 46389 46961 
46389 47963 47982 47982 47525 47976 48375 48375 46969 
48376 48029 48029 45392 45392 48010 48010 48398 48397 
48402 48402 48415 48415 47012 47012 47014 47014 48072 
48072 48075 48075 48075 48075 48442 47011 46382 47017 
48445 48084 48446 48446 48410 48410 46423 46423 46423 
46423 46423 47034 47034 48083 48087 48449 48051 48051 
48051 48466 48467 48466 48470 48469 48472 48472 48078 
48473 48021 48078 48069 48069 48094 48094 48110 48110 
48097 48097 48106 48106 45413 48484 48486 48484 47571 
45391 48125 48125 48128 48128 48128 48137 48137 48137 
48146 48139 48142 48142 48144 44954 46442 48144 48140 
47073 48151 41726 48151 41726 48496 48496 48501 48501 
48166 48499 47595 48166 45945 47595 48522 48522 46499.6324 
46499.6324 46499.6324 46499.6324 45676 45676 48493 48493 48841 48099 
44950 48536 44950 48536 45299 45299 48540 45299 48540 
48178 49576 48178 46412 46412 49958 49958 49952 49952 
49952 49952 50305 50305 50305 50305 50779 50307 50778 
50778 50772 50772 51271 51271 51265 51265 51257 51263 
44975 51257 45461 45461 46650.39392 46650.39392 46650.39392 46650.39392 52325 
52325 52324 52324 51289 51289 53904.391304 53904.391304 53904.391304 53904.391304 
54455 54455 54454 54454 54454 54454 54749 54749 54749 
54748 54752 54752 54752 54757 54920 54920 54920 54925 
54936 54936 54938 54936 53000 53000 53573 53573 53935 
53935 53935 53935 55300 54941 55305 55472 52334 52334 
55718 53566 42851 55718 42851 55943 51209 54643 54942 
54643 55013 55013 51253 55013 55269 51253 43326 47619 
47619 53849 53849 56386 56182 56182 55758 55733 56613 
55733 56612 56613 55445 56738 54405 55445 54405 55476 
57145 56629 56860 56403 56404 56404 56627 56627 57173 
57174 56928 56928 54470 54470 56385 56385 56385 57825 
57825 57825 52351 52351 57270 57270 48650 48650 57522 
57923 56731 58666 58087 58087 57026 57026 56745 56745 
59145 59099 59144 59144 58379 58379 59155 58713 59159 
59133 41216 59429 59428 59431 59185 59185 59408 59408 
59190 58826 59216 59438 59208 59208 59434 59434 4153 
4153 3764 3764 3470 3470 3470 4459 4457 4457 
4242 4242 1705 1705 3939 3939 4601 4601 2650 
6042 4763 6043 2649 2401 2649 5188 5188 4842 
3979 5187 5274 5274 5270 2575 4847 4847 7082 
5861 6923 6998 7005 6917 6919 6406 4861 7416 
7003 7003 7229 7223 6996 6305 6996 5712 5969 
7572 7578 7580 7578 6714 7691 7685 7684 1933 
7683 7683 7958 7958 8194 8194 8184.62518 8184.62518 8184.62518 
8184.62518 8181 8181 6696 6696 6560 6560 6563 6563 
6563 5242 6509 5242 6360 6360 6290.6597938 6290.6597938 6290.6597938 
6290.6597938 6208 6208 4437 4437 6226 6226 3900.56592 3900.56592 
3900.56592 3900.56592 3477 3477 5321 5321 5319 5319 5020 
4257 4040 4040 4005 4005 4917 4917 4502 4502 
4530 4502 4531 4531 4528.0337079 4528.0337079 4528.0337079 4528.0337079 4515 
4515 4104 4515 4517 4067 4381 4411 4285 4285 
4274.6622 4274.6622 4274.6622 4274.6622 4265 4265 4288 4288 4288 
4288 4289 4289 4284 4284 4302 4283 4322 4322 
4279 4279 3629 4279 4375 4375 4278 4278 4278 
4313 4418 4418 4417.9772727 4417.9772727 4417.9772727 4417.9772727 4417 4417 
3921 4417 4190 3921 4475 4475 4584 4584 4792 
4584 4790 4790 4790 3851 4591 4591 5062 5062 
5299 5299 5168 5168 5664 5665 5666 5667 5667 
5668 5668 5676 4037 6158 6158 6162 6163 6163 
6164 6164 6905 6905 6782 6782 6450 6458 6460 
6460 6445 6784 7056 7056 7055 6914 7279 7279 
7273 7273 6879 6879 6868 6868 6912 6912 8260 
8260 7372 7372 8551 8551 8809 8808 8915 8808 
8914 8555 8555 8147 6466 8147 7949 7949 7949 
8818 8818 8818 9008 7132 6035 6035 7457 9362 
9375 7457 9466 9466 9932 9515 9932 9931 9931 
8602 9930 9930 9930 9934 9420 9420 9718 9718 
9569 9718 10689 10689 10863 10689 10863 10862 10512 
10512 11002 11170 11020.11214 11136.02494 11020.11214 11136.02494 11155 10883 
11171 11746 11745 11745 11745 11040 11040 11040 11645 
11040 11773 11773 11773 11777 11777 11936 11936 11776 
12366 12366 12366 12376.4 12366 12376.4 12366 12379 11780 
12379 11779 12624 12624 12214 12629 12636 12629 12631 
12633 12633 12633 12980 12980 12587 12241 12587 13229 
13229 13234 13234 13233 13233 13728 13728 13733 13733 
13478 13478 15684 15684 15167 15684 15358 15167 15824 
15820 15819 15819 15176 15176 13716 15140 15316 15508 
15334 16649 13043 13043 15803 15803 14500 14500 17174 
17174 17174 17174 17177 17176 17508 17086 17509 17085 
17428 17511 17093 17428 17091 17718 17719 17719 17713 
17713 17297 17424 16803 17420 17915 17915 14996 14996 
18000 18000 18006 18006 16620 16620 16291 17383 17954 
17736 18065 17736 18029 18065 18069 18069 18140 18140 
17735 17735 18126 18126 18126 18212 18182 18182 17747 
18251 18353 18353 18355 18355 18275 18275 18362 18356 
18357 18357 18634 18634 18760 18760 18761 18761 18748 
18750 18751 18750 18751 18752 18703 18703 18699 18811 
18815 18815 18812 18814 18813 18813 18602 18602 18735 
18540 18740 18735 18741 18741 18091 18091 18885 18885 
18176 18176 19036 19035 19036 18893 19032 14264 19038 
19038 19084 18892 18593 18593 18894 18894 19169 19169 
19169 19167 19167 19167 19165 19165 19366 19366 19254 
19254 19405 19405 19369 19369 18105 18105 19466 19466 
19463 19463 19512 19512 19511 19671 19635 19635 19713 
19638 19710 19710 19677 19677 19104 19104 19882 19882 
19883 19883 19542 19542 19506 19332 19556 19627 19556 
19819 19945 19945 19944 20007 20009 20009 20011 20011 
18351 18351 19467 19467 19467 20044 11904 20044 11486 
11486 19680 20170 18169 12481 12481 18502 18502 18907 
19120 20213 19120 20222 20216 20216 20407 20407 20409 
20409 20272 20272 20530 20530 20421 20421 20582 20700 
20519 20704 20706 20704 20625 20707 20623 20858 20689 
20858 20853 20857 20895 20896 20890 20890 20888 20888 
20878 20878 20363 20587 20908 20587 20855 20855 21007 
21006 21008 21008 21183 21183 21183 21181 21182 21182 
20137 20137 20137 20137 19860 20976 20957 21079 21217 
21217 20874 20874 20164 20164 21204 21129 20912 20926 
21483 21433 21484 21484 21533 21533 20813 20813 21512 
21514 21276 21276 21498 21498 21678 21678 21239 21612 
21444 21530 21272 21888 21576 21576 21934 21934 22018 
22018 19685 19685 22054 22054 22053 22053 22053 22053 
19991 21725 21832 19991 21546 21832 21546 22213 21013 
21013 20973.22203 21152.685428 20973.22203 21152.685428 20712 22070 22780 22780 
23061 23061 22776 22783 22893 22656 22893 22656 23463 
22656 23471 22673 23474 23474 23526.777778 23526.777778 23526.777778 23526.777778 
23569 23569 21605 21605 23573 23573 23646 23647 23651 
23651 23804 23804 23803 23803 23803 23803 20711 20711 
24028 24028 23809 23809 11067 11067 23950 23950 22228 
23951 23949 23949 15313 15313 25766 25766 25765 25769 
25254 25254 26252 25946 26252 26018 25932 25932 25932 
25931 25931 25931 26052 26052 26052 26463 26463 26464 
26327 26464 26568 26568 26834 26834 26834 26841 26841 
26841 26838 26841 22031 26838 22031 25820 26751 27169 
26922 27168 27153 27024 27634 27606 27633 27637 27637 
27626 27803 27803 27631 27631 27470 27470 27646 28222 
28354 28354 28359 28359 28351 28664 28666 28666 28668 
28668 28752 28663 28750 28750 28755 28755 28983 28981 
28985 28985 28985 28902 28991 28991 29142 29142 28990 
28990 29347 29347 28768 29324 29415 28768 29344 29450 
29446 29450 29447 29446 28579 28579 29694 29694 27691 
27691 29802 29802 29802 29802 29804 29804 29394 29297 
26373 26373 29788 29901 26296 26296 29815 29954 30032 
30032 30260 30260 30263 30263 30263 30263 29399 29399 
28796 30362 30546 30546 30679 30679 30678 30678 30678 
30678 30785 30423 30252 30252 30857 30532 30532 30912 
30726 30533 30729 30497 30731 30731 30720 30717 30722 
30718 30840 30840 30844 30838 30768 30768 30657 30657 
30819 30819 30821 30821 30762 30834 30100 30762 30693 
30100 30644 30644 30063 30063 30063 30551 30551 30551 
30581 30579 30475 30475 30474 30474 30474 30474 30477 
30477 30148 30150 29795 29879 29226 29226 29991 29947 
29293 29293 29849 29849 29403 29403 29658 29658 29508 
29508 29507 29506 29503 29503 29365 29369 29304 29304 
29306 29306 29306 29306 29327 29327 29327 29327 29227 
29227 29227 28525 28525 28525 28943 29010 29052 29052 
29051 29051 29051 29051 28996 28996 28931 28941 28848 
28445 28782 28847 28552 28552 28290 28290 28294 28181 
28065 28086 28087 28172 28088 28088 28175 28083 28090 
28090 28091 28091 27762 27762 28103 28102 28104 28104 
28104 28074 28074 28074 27935 27935 28105 28105 28105 
28105 27929 27929 28145 28145 28199 28200 28199 27977 
27752 27977 27752 27622 23250 23250 28424 28424 28347 
28347 28274 28274 27623 28029 26877 28411 28529 28529 
29025 29025 29025 29034 29034 29034 29081 27980 29081 
29038 29063 28670 28629 28436 25856 25856 29256 26801 
29162 29162 29442 29337 29442 29444 29443 29441 29443 
28540 28540 29404 28338 28338 28338 27464 29255 27464 
29563 29563 29559 29559 29559 29560 29560 29600 29743 
29743 29746 29746 29749 29749 29748 29748 29748 29772 
29772 29772 29772 29773 29773 29773 29874 29874 29874 
29875 29875 29875 29871 29871 29179 29889 29892 29892 
29892 30090 30091 30091 30089 30024 30080 30080 30437 
30437 30450 30439 30449 30449 30539 30539 30666 30666 
30796 30796 30909 30904 30534 30909 30045 30534 30987 
30987 30985 30879 31006 31033 31036 31036 1762 31037 
31040 30954 31008 31008 31125 31125 31203 31203 31137 
31137 31087 31260 31259 31340 31340 31342 31344 31344 
31532 31532 31534 31292 31298 31450 31097 31514 31514 
31212 31449 31577 31576 31576 31702 31702 31701 31701 
31701 31701 31699 31699 31667 31593 31598 31597 31599 
31599 31851 31579 31503 31503 31921 31921 31924 31921 
31925 31923 31643 31643 31953 31953 31523 31523 32041 
32041 32040 32042 32043 32043 32038 31875 31875 32022 
32022 31967 31967 32054 32053 32054 31965 31965 32062 
32062 32214 32062 32214 32104 32174 32104 32238 32239 
32237 32239 31789 31789 32251 32251 32251 32249 32249 
32249 25311 25311 25311 30982 32004 32004 32387 32387 
30383 30383 30383 31775 31775 31775 32516 31775 32580 
31775 32581 32581 32583 32581 32517 32583 32375 32375 
32556 32506 32506 32559 32559 32564 32564 32313 32545 
32822 32823 32823 32204 32204 33178 32555 32652 32807 
32652 32547 32547 32980 32982 32982 32982 32489 32489 
32489 33156 33156 33564 33564 33360 33565 33360 33362 
33773 33775 33774 33775 33554 32812 33554 33555 33584 
33761 33584 33580 33580 33157 34025 34025 34028 34028 
33781 34292 34015 34015 34037 34035 34035 33318 33498 
33498 33499 33245 34811 33499 34810 33501 34812 34812 
34524 34808 33348 34809 32758 32758 32938 33244 34840 
33244 34839 34839 34236 34481 34518 34481 34518 33476 
34782 33536 34719 34719 34724 34724 33678 34721 33111 
33111 33674 33670 33674 32907 33457 33457 33462 34467 
34407 34407 33993 34474 33049 33993 33704 33049 33704 
34687 33705 33705 34651 34651 34655 34655 34697 34697 
34697 34696 34604 34696 34155 34618 34616 34612 34611 
34611 34613 34613 35010 34191 35009 35010 35009 35012 
35008 35011 35007 35007 34817 34628 35144 35144 35144 
35139 35139 35139 35366 35140 35365 35365 35364 35368 
34620 35150 34856 34856 34086 35373 35480 35484 35491 
35491 31980 31980 35445 35445 33686 35486 35512 35512 
34317 35610 35346 35346 34273 35552 35690 35690 35686 
35686 35688 35687 35668 35688 35550 35550 35443 35443 
35821 35821 34841 34841 35345 34841 34950 34950 36089 
36089 36046 36303 36302 36302 36436 36439 36439 36443 
35922 36438 36118 36118 37425 37191 37472 37641 37620 
37460 37782 37764 37783 36545 38036 37783 37440 37421 
37769 37769 37758 37758 36287 36287 37874 37874 37865 
37865 37865 37866 37867 37866 37728 37199 37402 37120 
37364 37364 37365 37364 37365 37363 36869 36869 37154 
37154 36658 36658 37341 37341 37342 37340 36528 36528 
37317 37317 37121 37312 35899 37053 37087 36820 36798 
37086 36785 36598 37075 36785 37075 37076 37080 37075 
37079 37079 36190 36190 37045 37045 37046 37013 37017 
37017 37017 35602 35602 35995 37011 37011 37007 37007 
37032 37032 37002 37003 34313 37002 36977 36975 36600 
36706 36706 35962 37539 37541 36594 37541 37127 37224 
37678 37815 38216 38216 38659 38661 38667 38667 38851 
38851 38270 38270 38644 38644 39302 39460 32140 32140 
36233 36233 39926 39926 38668 40421 40423 40422 38959 
38457 41436 41436 41437 41437 39809 38829 42189 39809 
40367 40367 32394 32394 42575 42575 43581 43581 43581 
43581 43584 43584 43574 43574 44149 41513 44148 44148 
43233 43233 44722 41512 44724 44724 44709 44709 44709 
45203 45203 45203 45201 45202 45168 45168 45170 45164 
44758 44758 44780 45214 44779 44779 42570 42570 43651 
43651 42738 42738 42738 42322 42322 42322 42321 43160 
44811 44811 43677 43677 45220 45220 43207 43207 44800 
44803 45282 45282 45297 45297 45301 45301 45288 45293 
45290 45290 45315.80653 45315.80653 45315.80653 45315.80653 45326 45326 45326 
45323 43738 43683 43683 43733 46256 43733 43183 43183 
45271 43218 45271 43218 45276 45276 44273 43198 45262 
43726 45261 45261 45261 44277 44790 44277 44790 44248 
44822 44822 42761 43193 43197 43193 42697 42693 40925 
42313 40864 42315 42718 42715 42717 42717 41011 41011 
40233 40233 38475 38475 38475 38475 41477 38475 41599 
41599 39304 39304 41120 41120 41120 41120 39208 39208 
41529 41529 39519 39519 39674 39674 39674 39278 32263 
39278 40614 40614 40615 40615 40576 40576 40590 40588 
40590 40588 39059 39059 38064 38064 38064 39750 39750 
39750 39249 39994 39994 39747 39746 39746 39736 39736 
40547 40547 40547 40547 40547 40543 40543 40543 40542 
40542 40542 40542 40488 40490 40574 40574 39690 39690 
40951 40952 40952 40957 39210 39210 41467 41467 41468 
41468 41470 41491 41484 41484 36546 36546 41819 41819 
41878 41883 40942 40942 40944 42178 42175 42178 42508 
42508 41851 41851 40946 40946 39052 39052 39052 39052 
42541 42541 42542 42542 42542 42542 41850 43484 43016 
43484 40839 41755 41755 38842 44012 44012 43378 43378 
41009 44035 42939 44035 42939 42994 44005 44005 44588 
44007 35507 44589 40646.41892 44586.73544 40646.41892 44586.73544 44585 44585 
43894 43460 43894 43380 43380 43407 43953 42933 42932 
42106 42937 42938 42934 42934 42153.444444 42151.592593 42153.444444 42151.592593 
42091 42089 42085 42085 39626 42085 41761 41761 39400 
39400 41373 41373 41373 41373 41768 41768 41763 41763 
41287 41287 41287 41287 40838 40838 41238 41238 39804 
41238 41291 41291 41293 41293 39599 39599 39599 39599 
41245 41245 41247 41247 40774 40774 40774 40774 40769 
40767 40352 40352 38464 38464 40141 40141 40139 40139 
40109 40109 39811 40112 40111 40111 40090 40091 39604 
39604 39597 39597 38957 38957 39819 39819 39818 39849 
39099 39849 39851 39851 39854 39853 39864 39864 39629 
39629 32141 32141 39605 39605 39360 39360 39591 39404 
39439 39439 39212 39162 39422 37415 39421 39425 39266 
38226 38918 38226 38958 39274 39150 39150 39181 39181 
39173 39181 39179 39225 39179 39225 39221 39225 39220 
39220 38593 38593 38593 38593 39000 39000 38790 38999 
38990 38990 38788 39226 38995 39227 39235 39235 4153 
4153 3764 3764 3470 3470 3470 4459 4457 4457 
4242 4242 1705 1705 3939 3939 4601 4601 2650 
6042 4763 6043 2649 2401 2649 5188 5188 4842 
3979 5187 5274 5274 5270 2575 4847 4847 7082 
5861 6923 6998 7005 6917 6919 6406 4861 7416 
7003 7003 7229 7223 6996 6305 6996 5712 5969 
7572 7578 7580 7578 6714 7691 7685 7684 1933 
7683 7683 7958 7958 8194 8194 8184.62518 8184.62518 8184.62518 
8184.62518 8181 8181 6696 6696 6560 6560 6563 6563 
6563 5242 6509 5242 6360 6360 6290.6597938 6290.6597938 6290.6597938 
6290.6597938 6208 6208 4437 4437 6231 6227 6230 6228 
6206 6076 6068 6076 6072 6071 6071 6073 6073 
6117 6117 6136 6125.52432 6136.81184 6125.52432 6136.81184 6138 6138 
6116 6138 6056 6060 6057 6056 6059 6059 5818 
5818 6010 6010 6010 6242 6151 6151 6230.4545455 6151 
6230.4545455 6151 6243 6151 6243 6249 5784 6249 6344 
5784 6029 6344 6031 6031 5956 5956 5682 5956 
6355 6355 5815 6355 6294 6294 6684 6684 6607 
6607 5923 5923 6763 6761 6284 6284 6167 6167 
7036 7036 5141 5901 5141 7147 7302 7302 7096 
7096 7043 7590 7374 7374 8228 8228 8231 8231 
8097 8098 7586 7977 8090 7977 23 8090 7371 
23 6603 8774 8761 8774 8747 8839 9037 8839 
8746 9037 9039 9039 8683 8683 8970 9166 9170 
9170 8967 5191 9199 9199 9421 9416 9415 9418 
9666 9666 9660 9661 9655 9655 9853 9851 9849 
9849 9629 9629 10026 10025 10022 10025 10022 9916 
9632 9916 10024 10024 10268 10268 10271 10266 10169 
10066 10066 10264 10345 10345 10347 10347 10332 10332 
10453 10332 10452 10452 10452 10551 10551 10551 10550 
10549 10059 10549 10084 10084 10087 10087 10566 10560 
10565 10565 10352 10352 10352 10253 10253 10253 10542 
10542 10542 10542 10542 10624 10624 10624 10625 10629 
10525 10629 10555 10555 9989 10555 9998 9998 10609 
10609 10848 10757 10729 10729 10728 10920 10921 10921 
10940 10940 10245 10740 10740 10419 656 10663 656 
10536 10677 10106 10830 11133 11134 10937 9959 10986 
10631 9959 11142 11142 11237 11142 11237 11523 11522 
11522 11855 8949 11595 11595 11995 11995 12157 12157 
12528 12423 12012 12012 12685 12505 12679 12679 13050 
13050 13648 13648 13778 13316 13777 13777 13787 13786 
13785 13786 13771 13771 13772 13772 14220 14221 14225 
14221 13663 13797 14046 13797 14047 14047 14919 14057 
14921 14921 14923 14923 14923 14920 14835 14835 14365 
14365 15377 16664 15854 15058 16074 16074 13162 13162 
16655 13162 17008 16655 17006 17006 16657 16657 16466 
16466 16466 16466 17211 17211 17198 16133 17020 17020 
17658 17658 17659 17656 17666 17666 17347 17347 17835 
17835 17834 17834 17834 17834 15000 15000 16347 16347 
17861 17933 17138 17933 10320 17337 17966 17969 14316 
17869 15893 15893 18122 18122 18086 18086 18256 18256 
18190 18190 18123 18123 18038 18038 18142 18142 18344 
18344 18402 18402 17341 17341 18546 18546 15708 18367 
18337 18337 18305 18343 18471 18417 18472 18472 18575 
18575 18583 18583 17994 18333 17979 17979 18732 18658 
18658 15916 18672 18672 18901 18671 18694 18694 19132 
18963 19140 19132 19131 19136 18965 19136 18879 18879 
18670 18670 19311 19311 19197 19197 18625 18723 19273 
19273 19275 17574 19191 19191 19490 19490 19488 19488 
19244 19551 19244 19551 19333 19333 19605 19696 19701 
19701 19690 19689 19612 19044 19737 19737 19302 19302 
19600 19600 19912 19912 19973 19973 20033 20033 20269 
20269 20261 20261 20143 20296 20295 20295 20253 20253 
20149 18693 20329 20329 20376 19388 20376 20377 20328 
20380 20432 20432 20427 20427 20427 20488 20488 20488 
20486 20486 19785 20394 19785 20540 20542 20542 14506 
14506 20552 20552 20470 20470 20472 18832 20596 20596 
20125 20646 18453 20601 20709 18453 20709 20871 20386 
20386 19474 19531 20313 19653 20708 20708 20865 21043 
19545 19545 19545 20945 20945 21123 21088 21124 21108 
21088 21110 21110 21086 21086 21038 21038 20632 20561 
21258 20600 21259 21259 21259 21305 21306 21306 21206 
21206 21195 21329 21246 21195 21246 20987 21366 21366 
21415 21415 21497 21497 21500 21574 21572 20036 21596 
21596 21662 20799 21662 21664 21663 21664 21720 21720 
21722 21722 21805 21805 20316 21441 20316 21603 21706 
21875 21878 21712 21318 21712 21926 21926 21980 21980 
21979 21979 21979 21979 21982 21982 22032 22033 22034 
22034 21978 22116 21978 22116 21906 21906 21676 21676 
22000 22000 22031.15098 22031.15098 22031.15098 22031.15098 22041 22041 22347 
22347 20812 20812 21392 21392 22603 22603 22715 22715 
22322 22322 22322 22322 22618 22322 22940 22940 22939.730769 
22972.846154 22939.730769 22972.846154 22938 23184 22931 22931 23273 23180 
23272 23272 22639 22643 23715 22677 21010 21010 23728 
22560 24017 24017 24195 24092 24195 24166 23724 23856 
23724 24198 24091 22763 24161 24161 24475 24161 24475 
24479 24477 24477 24478 24478 24020 24376 24376 24401 
24401 24725 24398 24728 24292 24292 24406 24406 24450 
24816 24248 24449 24411 24411 24484 24484 24484 24730 
24730 24730 24542 24542 24732 24541 24541 24782 24337 
24337 24619 24619 23563 11037 22111 22111 25216 24129 
25217 25217 25029 25217 25059 25059 25228 25228 25232 
25232 25232 25233 25233 25233 25233 25057 25061 25061 
25175 25062 24701 24921 23960 23960 25465 25465 25465 
24960 22610 22610 22610 25463 25593 25463 25613 25610 
25608 25608 25902 25110 25902 25618 25618 25569 25915 
25915 25924 25924 25924 25923 25923 25921 25922 25909 
26004 26004 26232 25551 26229 26229 26101 26101 26107 
26108 26104 26104 26422 26423 24237 24237 24237 26015 
26015 26015 26509 26509 25993 25993 26589 26589 26643 
26643 26644 26643 26644 26640 26646 26645 26654 26654 
26642 26642 26581 26912 26913 26913 26552 26552 27015 
27014 27014 26658 26658 26450 26363 26450 25954 25616 
27342 27342 27346 27450 27440 27450 27455 27446 27593 
27593 27937 27937 27944 27944 27971 27943 27972 27972 
27967 27957 27956 27956 27920 27920 27910 27910 27775 
27775 28321 27643 28321 28323 28323 28322 28309 28309 
28429 28429 28427 28419 28494 28337 28637 28633 28591 
28811 26976 28297 26976 28813 28965 28824 28874 28964 
28875 28875 28963 28963 28879 28879 28958 28548 28959 
28959 26983 29020 29021 29021 29057 29057 28723 29056 
29119 29119 26534 28170 28556 29193 29199 29199 28330 
28330 28969 28969 29187 29187 28649 28649 29433 29433 
29706 29706 29517 29517 29759 29185 29994 29994 29995 
29998 30059 30059 29760 26369 28412 30174 30173 30173 
29527 29527 29654 29615 29721 29721 30023 30023 30872 
30872 30876 30878 30970 30970 30967 30995 31054 31054 
30074 30074 31103 31103 31105 31104 31106 30021 31098 
31098 30724 30724 28187 28187 31232 28187 31191 31191 
31215 31219 31193 31193 31274 31274 31274 31134 31134 
31134 31309 31275 31309 31357 31362 31362 31297 31378 
31468 31468 31562 31562 31560 31603 31604 31604 31601 
31496 31554 31554 27256 27256 31653 31653 31653 31653 
31672 31672 31552 31552 31797 31589 31797 31809 31809 
31814 31815 31815 31512 31512 31723 31366 30459 30459 
31710 32003 31563 32003 31836 31563 31998 31891 31454 
31977 32136 32132 32135 32135 32192 32192 32184 32184 
32184 31973 31973 31932 32224 32222 31742 31742 31359 
32188 30083 32188 30083 31590 31713 31713 32432 32432 
32477 32425 31785 31785 32948 31885 32404 32404 32459 
32459 33133 33133 33539 33539 33537 33537 33538 33538 
33538 33538 33538 33518 33518 33518 33519 33517 33521 
33521 33516 33516 33508 33508 33727 33727 33730 33730 
33725 33725 33725 33725 33947 33947 34006 34006 34245 
34245 34490 34490 34488 34488 34487 34487 34225 34225 
34260 34261 34258 34258 34679 34684 34683 34683 34393 
34393 35169 35169 35192 35192 35283 35190 35283 35284 
35273 35273 35276 35276 35042 35042 34597 35031 35032 
35032 35026 35026 35255 34995 35256 35256 34998 34998 
34994 34600 34373 34373 34591 34591 33650 33650 34985 
34989 34991 34991 33649 34388 34389 34389 34587 34587 
34982 34982 34585 34585 33422 33422 33909 33660 33907 
33907 34140 34139 34139 34133 34137 34100 34099 34099 
33845 33845 33826 33826 33622 34124 34123 34123 34120 
33841 33191 33191 34365 34365 34559 34564 34558 34558 
34579 33864 34578 33864 34337 34337 33855 33855 33855 
34335 34959 34959 34966 34966 34964 34965 34955 33810 
34917 34917 34919 35216 35237 35216 34912 34912 35203 
35203 35203 35203 35203 34915 34915 34915 33802 33802 
35206 35206 35329 35329 35321 35320 34923 34923 34923 
35411 35411 35411 35089 35089 35548 35548 35542 35542 
35317 35317 35467 35467 35094 35094 35587 35562 34573 
34573 35716 35716 35753 35753 35717 35717 35794 35794 
35794 35794 35812 35906 35725 35907 35978 35979 35524 
35978 32400 32400 35029 36424 36441 36162 37187 36473 
37186 36672 37181 36874 36874 36539 36539 36669 36669 
37580 37589 35582 37584 37584 37892 37583 37143 37144 
36873 37394 36873 36828 37387 37387 36477 36477 37384 
37382 37386 37386 36857 37373 36857 36830 37357 36854 
37567 36517 37354 37354 37246 37246 37271 37271 37271 
37271 37276 37274 36639 36639 35465 36011 37479 37479 
35840 35840 37535 37535 37690 37690 37691 37844 37846 
37521 37521 37954 37478 37478 37507 37507 37520 37227 
38081 37227 38189 38189 37527 37527 38090 38090 38085 
38085 38085 38085 38119 38119 38096 38096 38256 38926 
37784 37784 38502 38502 38223 38223 39036 39036 38028 
38028 39882 39882 40125 40125 40125 40125 36708 36708 
37223 37223 41302 41302 40329 40329 40396 40396 41808 
41796 42096 42096 43435 43435 43431 43437 43432 43433 
44065 42956 44058 44058 44075 44075 44094 44097 44097 
44095 43537 43537 43536 43536 42582 43536 42582 43307.403755 
42582 43307.403755 42582 42619 42616 42584 46175 46174 46177 
46176 39794 39794 39794 43084 42250.25 43072.75 42250.25 43072.75 
43069 43069 42614 43069 44665 44665 45176 45176 44752 
44752 44752 44752 44752 44668 44669 44669 44669 44670 
42153 42153 46816 42153 46818 46816 46818 46824 47379 
46817 47378 47378 47376 47376 47376 47376 47376 47375 
47375 47375 47375 47770 47770 47770 47382 47382 45013 
43868 47392 47392 47810 47350 47810 46426 48752 47809 
47578 47578 49003 49003 49004 47371 49501 47115 47836 
47115 49891 49891 49888 49888 51200 51186 51198 51201 
52884 51201 52884 52883 52886 52886 51202 51202 51202 
51202 51202 53433 53433 53433 53436 53437 53437 53457 
51313 51313 53878 53875 53874 53874 53462 53462 53866 
53511 53865 53868 51544 53868 50756 51544 52121 52121 
52121 52123 52123 52123 41365 41365 44790.830609 44790.830609 44790.830609 
44790.830609 50706 50706 50712 50706 50713 50713 46402 50221 
50221 47775 47775 48997 47168 47168 49455 49455 49577.666667 
49455.333333 49577.666667 49455.333333 49823 49456 49823 49817 49435 49817 
47157 49435 47157 48730 48731 48731 48722 48722 48271 
48722 47599 47722 41836 41836 47349 47349 45739 45739 
45103 45103 45103 45103 46172 46172 44729 44355 45144 
45144 45143 45143 45143 45143 44689 45143 43591 43591 
43760 44078 44521 44078 42426 44111 43922 44128 43922 
44199 44115 44115 38594 38594 44104 43561 44099 43562 
41156 41888 41156 40913 41376 41376 43026 42537 43026 
43025 43024 43025 41861 41861 42127 41861 42158 42158 
42154 42154 39670 39670 42149 42149 42149 42149 42152 
42146 42152 41845 41801 41845 41399 40342 41412 41412 
41405 41405 40856 40163 40163 40167 36010 40831 41387 
40855 40344 40344 34800 34800 41366 41366 41368 41366 
41369 41369 40322 41325 41327 41325 41337 41337 41322 
41313 41360 41402 42042 42042 42041 42054 41340 42054 
42052 42051 42052 40338 40172 40338 42062 42074 42039 
42074 42061 42064 42047 41839 40784 41839 40784 42425 
42439 42439 41202 42902 43370 43370 44493 44493 44494 
44494 42209 41461 45080 45080 45173.37563 45173.37563 45173.37563 45173.37563 
45651 45651 44773.666667 46399.222222 44773.666667 46399.222222 44523 46613 46601 
46601 46598 46598 47209 47209 47216 47215 47222 47219 
47705 47707 47253 47253 47708 47706 47703 47703 48212 
48212 48212 48212 4153 4153 3764 3764 3470 3470 
3470 4459 4457 4457 4242 4242 1705 1705 3939 
3939 4601 4601 2650 6042 4763 6043 2649 2401 
2649 5188 5188 4842 3979 5187 5274 5274 5270 
2575 4847 4847 7082 5861 6923 6998 7005 6917 
6919 6406 4861 7416 7003 7003 7229 7223 6996 
6305 6996 5712 5969 7572 7578 7580 7578 6714 
7691 7685 7684 1933 7683 7683 7958 7958 8194 
8194 8184.62518 8184.62518 8184.62518 8184.62518 8181 8181 6696 6696 
6560 6560 6563 6563 6563 5242 6509 5242 6360 
6360 6290.6597938 6290.6597938 6290.6597938 6290.6597938 6208 6208 4437 4437 
6226 6226 3900.56592 3900.56592 3900.56592 3900.56592 3477 3477 5321 
5321 5319 5319 5020 4257 4040 4040 4005 4005 
4917 4917 4502 4502 4530 4502 4531 4531 4528.0337079 
4528.0337079 4528.0337079 4528.0337079 4515 4515 4104 4515 4517 4067 
4381 4411 4285 4285 4274.6622 4274.6622 4274.6622 4274.6622 4265 
4265 4288 4288 4288 4288 4289 4289 4284 4284 
4302 4283 4322 4322 4279 4279 3629 4279 4375 
4375 4278 4278 4278 4313 4418 4418 4417.9772727 4417.9772727 
4417.9772727 4417.9772727 4417 4417 3921 4417 4190 3921 4475 
4475 4584 4584 4792 4584 4790 4790 4790 3851 
4591 4591 5062 5062 5299 5299 5168 5168 5664 
5665 5666 5667 5667 5668 5668 5676 4037 6158 
6158 6162 6163 6163 6164 6164 6905 6905 6782 
6782 6450 6458 6460 6460 6445 6784 7056 7056 
7055 6914 7279 7279 7273 7273 6879 6879 6868 
6868 6912 6912 8260 8260 7372 7372 8551 8551 
8809 8808 8915 8808 8914 8555 8555 8147 6466 
8147 7949 7949 7949 8818 8818 8818 9008 7132 
6035 6035 7457 9362 9375 7457 9466 9466 9932 
9515 9932 9931 9931 8602 9930 9930 9930 9934 
9420 9420 9718 9718 9569 9718 10689 10689 10863 
10689 10863 10862 10512 10512 11002 11170 11020.11214 11136.02494 
11020.11214 11136.02494 11155 10883 11171 11746 11745 11745 11745 
11040 11040 11040 11645 11040 11773 11773 11773 11777 
11777 11936 11936 11776 12366 12366 12366 12376.4 12366 
12376.4 12366 12379 11780 12379 11779 12624 12624 12214 
12629 12636 12629 12631 12633 12633 12633 12980 12980 
12587 12241 12587 13229 13229 13234 13234 13233 13233 
13728 13728 13733 13733 13478 13478 15684 15684 15167 
15684 15358 15167 15824 15820 15819 15819 15176 15176 
13716 15140 15316 15508 15334 16649 13043 13043 15803 
15803 14500 14500 17174 17174 17174 17174 17177 17176 
17508 17086 17509 17085 17428 17511 17093 17428 17091 
17718 17719 17719 17713 17713 17297 17424 16803 17420 
17915 17915 14996 14996 18000 18000 18006 18006 16620 
16620 16291 17383 17954 17736 18065 17736 18029 18065 
18069 18069 18140 18140 17735 17735 18126 18126 18126 
18212 18182 18182 17747 18251 18353 18353 18355 18355 
18275 18275 18362 18356 18357 18357 18634 18634 18760 
18760 18761 18761 18748 18750 18751 18750 18751 18752 
18703 18703 18699 18811 18815 18815 18812 18814 18813 
18813 18602 18602 18735 18540 18740 18735 18741 18741 
18091 18091 18885 18885 18176 18176 19036 19035 19036 
18893 19032 14264 19038 19038 19084 18892 18593 18593 
18894 18894 19169 19169 19169 19167 19167 19167 19165 
19165 19366 19366 19254 19254 19405 19405 19369 19369 
18105 18105 19466 19466 19463 19463 19512 19512 19511 
19671 19635 19635 19713 19638 19710 19710 19677 19677 
19104 19104 19882 19882 19883 19883 19542 19542 19506 
19332 19556 19627 19556 19819 19945 19945 19944 20007 
20009 20009 20011 20011 18351 18351 19467 19467 19467 
20044 11904 20044 11486 11486 19680 20170 18169 12481 
12481 18502 18502 18907 19120 20213 19120 20222 20216 
20216 20407 20407 20409 20409 20272 20272 20530 20530 
20421 20421 20582 20700 20519 20704 20706 20704 20625 
20707 20623 20858 20689 20858 20853 20857 20895 20896 
20890 20890 20888 20888 20878 20878 20363 20587 20908 
20587 20855 20855 21007 21006 21008 21008 21183 21183 
21183 21181 21182 21182 20137 20137 20137 20137 19860 
20976 20957 21079 21217 21217 20874 20874 20164 20164 
21204 21129 20912 20926 21483 21433 21484 21484 21533 
21533 20813 20813 21512 21514 21276 21276 21498 21498 
21678 21678 21239 21612 21444 21530 21272 21888 21576 
21576 21934 21934 22018 22018 19685 19685 22054 22054 
22053 22053 22053 22053 19991 21725 21832 19991 21546 
21832 21546 22213 21013 21013 20973.22203 21152.685428 20973.22203 21152.685428 
20712 22070 22780 22780 23061 23061 22776 22783 22893 
22656 22893 22656 23463 22656 23471 22673 23474 23474 
23526.777778 23526.777778 23526.777778 23526.777778 23569 23569 21605 21605 23573 
23573 23646 23647 23651 23651 23804 23804 23803 23803 
23803 23803 20711 20711 24028 24028 23809 23809 11067 
11067 23950 23950 22228 23951 23949 23949 15313 15313 
25766 25766 25765 25769 25254 25254 26252 25946 26252 
26018 25932 25932 25932 25931 25931 25931 26052 26052 
26052 26463 26463 26464 26327 26464 26568 26568 26834 
26834 26834 26841 26841 26841 26838 26841 22031 26838 
22031 25820 26751 27169 26922 27168 27153 27024 27634 
27606 27633 27637 27637 27626 27803 27803 27631 27631 
27470 27470 27646 28222 28354 28354 28359 28359 28351 
28664 28666 28666 28668 28668 28752 28663 28750 28750 
28755 28755 28983 28981 28985 28985 28985 28902 28991 
28991 29142 29142 28990 28990 29347 29347 28768 29324 
29415 28768 29344 29450 29446 29450 29447 29446 28579 
28579 29694 29694 27691 27691 29802 29802 29802 29802 
29804 29804 29394 29297 26373 26373 29788 29901 26296 
26296 29815 29954 30032 30032 30260 30260 30263 30263 
30263 30263 29399 29399 28796 30362 30546 30546 30679 
30679 30678 30678 30678 30678 30785 30423 30252 30252 
30857 30532 30532 30912 30726 30533 30729 30497 30731 
30731 30720 30717 30722 30718 30840 30840 30844 30838 
30768 30768 30657 30657 30819 30819 30821 30821 30762 
30834 30100 30762 30693 30100 30644 30644 30063 30063 
30063 30551 30551 30551 30581 30579 30475 30475 30474 
30474 30474 30474 30477 30477 30148 30150 29795 29879 
29226 29226 29991 29947 29293 29293 29849 29849 29403 
29403 29658 29658 29508 29508 29507 29506 29503 29503 
29365 29369 29304 29304 29306 29306 29306 29306 29327 
29327 29327 29327 29227 29227 29227 28525 28525 28525 
28943 29010 29052 29052 29051 29051 29051 29051 28996 
28996 28931 28941 28848 28445 28782 28847 28552 28552 
28290 28290 28294 28181 28065 28086 28087 28172 28088 
28088 28175 28083 28090 28090 28091 28091 27762 27762 
28103 28102 28104 28104 28104 28074 28074 28074 27935 
27935 28105 28105 28105 28105 27929 27929 28145 28145 
28199 28200 28199 27977 27752 27977 27752 27622 23250 
23250 28424 28424 28347 28347 28274 28274 27623 28029 
26877 28411 28529 28529 29025 29025 29025 29034 29034 
29034 29081 27980 29081 29038 29063 28670 28629 28436 
25856 25856 29256 26801 29162 29162 29442 29337 29442 
29444 29443 29441 29443 28540 28540 29404 28338 28338 
28338 27464 29255 27464 29563 29563 29559 29559 29559 
29560 29560 29600 29743 29743 29746 29746 29749 29749 
29748 29748 29748 29772 29772 29772 29772 29773 29773 
29773 29874 29874 29874 29875 29875 29875 29871 29871 
29179 29889 29892 29892 29892 30090 30091 30091 30089 
30024 30080 30080 30437 30437 30450 30439 30449 30449 
30539 30539 30666 30666 30796 30796 30909 30904 30534 
30909 30045 30534 30987 30987 30985 30879 31006 31033 
31036 31036 1762 31037 31040 30954 31008 31008 31125 
31125 31203 31203 31137 31137 31087 31260 31259 31340 
31340 31342 31344 31344 31532 31532 31534 31292 31298 
31450 31097 31514 31514 31212 31449 31577 31576 31576 
31702 31702 31701 31701 31701 31701 31699 31699 31667 
31593 31598 31597 31599 31599 31851 31579 31503 31503 
31921 31921 31924 31921 31925 31923 31643 31643 31953 
31953 31523 31523 32041 32041 32040 32042 32043 32043 
32038 31875 31875 32022 32022 31967 31967 32054 32053 
32054 31965 31965 32062 32062 32214 32062 32214 32104 
32174 32104 32238 32239 32237 32239 31789 31789 32251 
32251 32251 32249 32249 32249 25311 25311 25311 30982 
32004 32004 32387 32387 30383 30383 30383 31775 31775 
31775 32516 31775 32580 31775 32581 32581 32583 32581 
32517 32583 32375 32375 32556 32506 32506 32559 32559 
32564 32564 32313 32545 32822 32823 32823 32204 32204 
33178 32555 32652 32807 32652 32547 32547 32980 32982 
32982 32982 32489 32489 32489 33156 33156 33564 33564 
33360 33565 33360 33362 33773 33775 33774 33775 33554 
32812 33554 33555 33584 33761 33584 33580 33580 33157 
34025 34025 34028 34028 33781 34292 34015 34015 34037 
34035 34035 33318 33498 33498 33499 33245 34811 33499 
34810 33501 34812 34812 34524 34808 33348 34809 32758 
32758 32938 33244 34840 33244 34839 34839 34236 34481 
34518 34481 34518 33476 34782 33536 34719 34719 34724 
34724 33678 34721 33111 33111 33674 33670 33674 32907 
33457 33457 33462 34467 34407 34407 33993 34474 33049 
33993 33704 33049 33704 34687 33705 33705 34651 34651 
34655 34655 34697 34697 34697 34696 34604 34696 34155 
34618 34616 34612 34611 34611 34613 34613 35010 34191 
35009 35010 35009 35012 35008 35011 35007 35007 34817 
34628 35144 35144 35144 35139 35139 35139 35366 35140 
35365 35365 35364 35368 34620 35150 34856 34856 34086 
35373 35480 35484 35491 35491 31980 31980 35445 35445 
33686 35486 35512 35512 34317 35610 35346 35346 34273 
35552 35690 35690 35686 35686 35688 35687 35668 35688 
35550 35550 35443 35443 35821 35821 34841 34841 35345 
34841 34950 34950 36089 36089 36046 36303 36302 36302 
36436 36439 36439 36443 35922 36438 36118 36118 37425 
37191 37472 37641 37620 37460 37782 37764 37783 36545 
38036 37783 37440 37421 37769 37769 37758 37758 36287 
36287 37874 37874 37865 37865 37865 37866 37867 37866 
37728 37199 37402 37120 37364 37364 37365 37364 37365 
37363 36869 36869 37154 37154 36658 36658 37341 37341 
37342 37340 36528 36528 37317 37317 37121 37312 35899 
37053 37087 36820 36798 37086 36785 36598 37075 36785 
37075 37076 37080 37075 37079 37079 36190 36190 37045 
37045 37046 37013 37017 37017 37017 35602 35602 35995 
37011 37011 37007 37007 37032 37032 37002 37003 34313 
37002 36977 36975 36600 36706 36706 35962 37539 37541 
36594 37541 37127 37224 37678 37815 38216 38216 38659 
38661 38667 38667 38851 38851 38270 38270 38644 38644 
39302 39460 32140 32140 36233 36233 39926 39926 38668 
40421 40423 40422 38959 38457 41436 41436 41437 41437 
39809 38829 42189 39809 40367 40367 32394 32394 42575 
42575 43581 43581 43581 43581 43584 43584 43574 43574 
44149 41513 44148 44148 43233 43233 44722 41512 44724 
44724 44709 44709 44709 45203 45203 45203 45201 45202 
45168 45168 45170 45164 44758 44758 44780 45214 44779 
44779 42570 42570 43651 43651 42738 42738 42738 42322 
42322 42322 42321 43160 44811 44811 43677 43677 45220 
45220 43207 43207 44800 44803 45282 45282 45297 45297 
45301 45301 45288 45293 45292 45294 42804 45493 43892.339871 
45493 43892.339871 45493 44306 45493 45821 44306 45821 45823 
45319 45319 45241 45319 45382 45382 45382 45782 45782 
45782 45782 46846 46846 46846 46846 45240 45240 45240 
46868 45240 46303 46303 46302.4375 46302.4375 46302.4375 46302.4375 46302 
46302 43296 46297 43261 43261 43261 42795 42795 42795 
45783 45783 45872 45872 50265 45229 50262 50262 49868 
48316 44995 44995 50718 49498 50718 50717 50716 50716 
50716 50715 49055 51227 48668 51227 49907 51225 47446 
52268 52268 52271 52270 52276 52227 52227 48492 52904 
52925 52920 52919 52920 52921 52921 53470 53470 53448 
53448 48761 50633 52936 52936 53417 53417 53356 53416 
53425 53356 53424 53286 53287 53364 53289 53289 53289 
53369 53303 53369 53370 52869 53371 53373 53301 53301 
53315 53315 53312 53312 53309 53312 52741 53240 52788 
53265 53247 53259 53246 53248 53267 53248 53267 53277 
53262 52740 52740 51467 51771 53235 52684 52684 52656 
52656 52636 52636 51447 52009 52660 52055 52666 52662 
52018 52018 52592 52592 52023 52021 52577 52577 52597 
52597 52597 52599 52599 52600 52598 52025 52617 52617 
52581 52581 51443 52603 51443 52590 52590 52588 52034 
52034 52634 52634 52633 52633 52633 52633 50801 53220 
50512 52007 53222 52162 52162 53857 53857 52614 52614 
53845 52687 52687 53225 52615 53545 53545 54869 52587 
53852 53852 54862 54810 50950 55183 55185 55185 53846 
53846 53846 53846 53885 53885 52239 52239 55329 55329 
55341 55341 55301 55341 55343 55343 56009 56009 56035 
56035 54196 54196 56474 56474 55786 55786 56506 56506 
56475 55995 56494 56491 56494 56493 56495 56493 56496 
56499 56497 56500 56487 56487 56979 56978 56980 56978 
55989 56964 56255 56255 56255 56255 56991 56909 56991 
56968 54059 57293 57290 57290 56913 57284 56920 56920 
57677 57677 57281 57281 58091 58091 58093 58094 58089 
58090 58084 58084 55768 55768 55768 58966 58966 58966 
58945 58945 58953 58953 58857 59327 59332 59332 59568 
59568 59568 59319 58588 58588 59557 58588 51626 59557 
59333 59536 59534 59534 54269 54269 58918 58918 58918 
58918 59792 59794 59791 59795 60043 59787 60045 60043 
60046 60046 55371 60020 55371 60575 60576 60576 60571 
60559 60573 60573 60562 60316 60563 57843 60489 57843 
60471 60471 60931 60471 61188 60931 61188 61122 61189 
61185 61184 61184 61179 61179 61178 61178 60889 60889 
61164 61162 61166 61166 61166 61161 61161 61161 61161 
61169 61144 61168 61133 61146 61133 61421 61426 61426 
61112 61417 61417 61418 61420 61420 61120 61120 61380 
61380 61600 61600 61605 61605 61363 61363 61381 61381 
61577 61577 61577 61595 61595 61595 61580 61580 61573 
61573 61763 61763 61763 61765 61765 61765 61564 61564 
61564 61564 61759 61759 61759 61633 61633 61633 61933 
61933 61536 61536 59045 60928 62469 62469 62478 62470 
62478 61907 61907 62480 62837 62837 62649 62649 62839 
62841 63226 62841 63235 63235 63228 63228 63486 63486 
63486 63486 63224 63224 63781 63781 64040 64040 64060 
64060 64372 64372 64364 64364 64562 64364 64562 64564 
64565 64565 64029 64029 64734 64732 64740 64733 64567 
64567 60467 60467 64745 64745 65059 65059 65212 65212 
65212 64769 64713 64769 64744 64546 65156 65348 65198 
65198 65444 65444 65438 65444 61639 61639 65571 65571 
65672 65672 65574 65574 65828 65828 65825 65825 65145 
65346 65145 65847 66019 65200 66257 66257 65135 65135 
66504 66504 66522 66522 66513 65724 66513 66515 66944 
66944 66050 66944 66050 66741 66954 66747 66528 66528 
66528 66745 66745 66745 66065 66979 66940 66940 66988 
66988 66990 66990 66987 66990 66986 66986 66956 61812 
66956 66991 66991 66998 66998 67002 65234 65234 66314 
66314 67005 67005 66756 66756 65913 65913 67211 67211 
67212 67212 67212 67212 67212 66589 66589 66589 66781 
66781 66781 66781 67256 67256 67253 67253 67269 67269 
67267 67267 66758 66758 67264 67264 67106 67106 67448 
67448 67281 67444 67608 67608 67608 67606 67606 67606 
67643 67643 67472 67639 67472 67639 67473 67473 67463 
67463 67463 67463 67463 67453 67453 67453 67649 67453 
67649 67646 67648 67648 67658 67658 67677 67676 67675 
67676 66628 67507 66628 66803 67566 66170 67788 67788 
67959 67778 67961 67961 67963 67961 67964 67964 67762.6265 
67762.6265 67762.6265 67762.6265 67699 67699 68108 68108 68099 68072 
68099 68072 68081 68000 68183 68183 68183 67065 67065 
67065 67992 67598 68140 68140 68276 68277 68274 68276 
67966 68274 68321 67966 68320 68291 68289 68289 68273 
68346 68026 68346 68301 68301 67415 68388 68370 68370 
68294 68413 68356 68413 68461 68462 67410 67410 68351 
68351 68222 68222 68500 68429 68531 68531 68563 68563 
68304 67159 68566 68566 68586 68583 68579 68579 68596 
68595 68595 67818 67818 68352 68261 68261 68608 68608 
68608 68608 68608 68609 68609 68609 68609 68605 68605 
68605 68605 67792 67792 67792 4153 4153 3764 3764 
3470 3470 3470 4459 4457 4457 4242 4242 1705 
1705 3939 3939 4601 4601 2650 6042 4763 6043 
2649 2401 2649 5188 5188 4842 3979 5187 5274 
5274 5270 2575 4847 4847 7082 5861 6923 6998 
7005 6917 6919 6406 4861 7416 7003 7003 7229 
7223 6996 6305 6996 5712 5969 7572 7578 7580 
7578 6714 7691 7685 7684 1933 7683 7683 7958 
7958 8194 8194 8184.62518 8184.62518 8184.62518 8184.62518 8181 8181 
6696 6696 6560 6560 6563 6563 6563 5242 6509 
5242 6360 6360 6290.6597938 6290.6597938 6290.6597938 6290.6597938 6208 6208 
4437 4437 6226 6226 3900.56592 3900.56592 3900.56592 3900.56592 3477 
3477 5321 5321 5319 5319 5020 4257 4040 4040 
4005 4005 4917 4917 4502 4502 4530 4502 4531 
4531 4528.0337079 4528.0337079 4528.0337079 4528.0337079 4515 4515 4104 4515 
4517 4067 4381 4411 4285 4285 4274.6622 4274.6622 4274.6622 
4274.6622 4265 4265 4288 4288 4288 4288 4289 4289 
4284 4284 4302 4283 4322 4322 4279 4279 3629 
4279 4375 4375 4278 4278 4278 4313 4418 4418 
4417.9772727 4417.9772727 4417.9772727 4417.9772727 4417 4417 3921 4417 4190 
3921 4475 4475 4584 4584 4792 4584 4790 4790 
4790 3851 4591 4591 5062 5062 5299 5299 5168 
5168 5664 5665 5666 5667 5667 5668 5668 5676 
4037 6158 6158 6162 6163 6163 6164 6164 6905 
6905 6782 6782 6450 6458 6460 6460 6445 6784 
7056 7056 7055 6914 7279 7279 7273 7273 6879 
6879 6868 6868 6912 6912 8260 8260 7372 7372 
8551 8551 8809 8808 8915 8808 8914 8555 8555 
8147 6466 8147 7949 7949 7949 8818 8818 8818 
9008 7132 6035 6035 7457 9362 9375 7457 9466 
9466 9932 9515 9932 9931 9931 8602 9930 9930 
9930 9934 9420 9420 9718 9718 9569 9718 10689 
10689 10863 10689 10863 10862 10512 10512 11002 11170 
11020.11214 11136.02494 11020.11214 11136.02494 11155 10883 11171 11746 11745 
11745 11745 11040 11040 11040 11645 11040 11773 11773 
11773 11777 11777 11936 11936 11776 12366 12366 12366 
12376.4 12366 12376.4 12366 12379 11780 12379 11779 12624 
12624 12214 12629 12636 12629 12631 12633 12633 12633 
12980 12980 12587 12241 12587 13229 13229 13234 13234 
13233 13233 13728 13728 13733 13733 13478 13478 15684 
15684 15167 15684 15358 15167 15824 15820 15819 15819 
15176 15176 13716 15140 15316 15508 15334 16649 13043 
13043 15803 15803 14500 14500 17174 17174 17174 17174 
17177 17176 17508 17086 17509 17085 17428 17511 17093 
17428 17091 17718 17719 17719 17713 17713 17297 17424 
16803 17420 17915 17915 14996 14996 18000 18000 18006 
18006 16620 16620 16291 17383 17954 17736 18065 17736 
18029 18065 18069 18069 18140 18140 17735 17735 18126 
18126 18126 18212 18182 18182 17747 18251 18353 18353 
18355 18355 18275 18275 18362 18356 18357 18357 18634 
18634 18760 18760 18761 18761 18748 18750 18751 18750 
18751 18752 18703 18703 18699 18811 18815 18815 18812 
18814 18813 18813 18602 18602 18735 18540 18740 18735 
18741 18741 18091 18091 18885 18885 18176 18176 19036 
19035 19036 18893 19032 14264 19038 19038 19084 18892 
18593 18593 18894 18894 19169 19169 19169 19167 19167 
19167 19165 19165 19366 19366 19254 19254 19405 19405 
19369 19369 18105 18105 19466 19466 19463 19463 19512 
19512 19511 19671 19635 19635 19713 19638 19710 19710 
19677 19677 19104 19104 19882 19882 19883 19883 19542 
19542 19506 19332 19556 19627 19556 19819 19945 19945 
19944 20007 20009 20009 20011 20011 18351 18351 19467 
19467 19467 20044 11904 20044 11486 11486 19680 20170 
18169 12481 12481 18502 18502 18907 19120 20213 19120 
20222 20216 20216 20407 20407 20409 20409 20272 20272 
20530 20530 20421 20421 20582 20700 20519 20704 20706 
20704 20625 20707 20623 20858 20689 20858 20853 20857 
20895 20896 20890 20890 20888 20888 20878 20878 20363 
20587 20908 20587 20855 20855 21007 21006 21008 21008 
21183 21183 21183 21181 21182 21182 20137 20137 20137 
20137 19860 20976 20957 21079 21217 21217 20874 20874 
20164 20164 21204 21129 20912 20926 21483 21433 21484 
21484 21533 21533 20813 20813 21512 21514 21276 21276 
21498 21498 21678 21678 21239 21612 21444 21530 21272 
21888 21576 21576 21934 21934 22018 22018 19685 19685 
22054 22054 22053 22053 22053 22053 19991 21725 21832 
19991 21546 21832 21546 22213 21013 21013 20973.22203 21152.685428 
20973.22203 21152.685428 20712 22070 22780 22780 23061 23061 22776 
22783 22893 22656 22893 22656 23463 22656 23471 22673 
23474 23474 23526.777778 23526.777778 23526.777778 23526.777778 23569 23569 21605 
21605 23573 23573 23646 23647 23651 23651 23804 23804 
23803 23803 23803 23803 20711 20711 24028 24028 23809 
23809 11067 11067 23950 23950 22228 23951 23949 23949 
15313 15313 25766 25766 25765 25769 25254 25254 26252 
25946 26252 26018 25932 25932 25932 25931 25931 25931 
26052 26052 26052 26463 26463 26464 26327 26464 26568 
26568 26834 26834 26834 26841 26841 26841 26838 26841 
22031 26838 22031 25820 26751 27169 26922 27168 27153 
27024 27634 27606 27633 27637 27637 27626 27803 27803 
27631 27631 27470 27470 27646 28222 28354 28354 28359 
28359 28351 28664 28666 28666 28668 28668 28752 28663 
28750 28750 28755 28755 28983 28981 28985 28985 28985 
28902 28991 28991 29142 29142 28990 28990 29347 29347 
28768 29324 29415 28768 29344 29450 29446 29450 29447 
29446 28579 28579 29694 29694 27691 27691 29802 29802 
29802 29802 29804 29804 29394 29297 26373 26373 29788 
29901 26296 26296 29815 29954 30032 30032 30260 30260 
30263 30263 30263 30263 29399 29399 28796 30362 30546 
30546 30679 30679 30678 30678 30678 30678 30785 30423 
30252 30252 30857 30532 30532 30912 30726 30533 30729 
30497 30731 30731 30720 30717 30722 30718 30840 30840 
30844 30838 30768 30768 30657 30657 30819 30819 30821 
30821 30762 30834 30100 30762 30693 30100 30644 30644 
30063 30063 30063 30551 30551 30551 30581 30579 30475 
30475 30474 30474 30474 30474 30477 30477 30148 30150 
29795 29879 29226 29226 29991 29947 29293 29293 29849 
29849 29403 29403 29658 29658 29508 29508 29507 29506 
29503 29503 29365 29369 29304 29304 29306 29306 29306 
29306 29327 29327 29327 29327 29227 29227 29227 28525 
28525 28525 28943 29010 29052 29052 29051 29051 29051 
29051 28996 28996 28931 28941 28848 28445 28782 28847 
28552 28552 28290 28290 28294 28181 28065 28086 28087 
28172 28088 28088 28175 28083 28090 28090 28091 28091 
27762 27762 28103 28102 28104 28104 28104 28074 28074 
28074 27935 27935 28105 28105 28105 28105 27929 27929 
28145 28145 28199 28200 28199 27977 27752 27977 27752 
27622 23250 23250 28424 28424 28347 28347 28274 28274 
27623 28029 26877 28411 28529 28529 29025 29025 29025 
29034 29034 29034 29081 27980 29081 29038 29063 28670 
28629 28436 25856 25856 29256 26801 29162 29162 29442 
29337 29442 29444 29443 29441 29443 28540 28540 29404 
28338 28338 28338 27464 29255 27464 29563 29563 29559 
29559 29559 29560 29560 29600 29743 29743 29746 29746 
29749 29749 29748 29748 29748 29772 29772 29772 29772 
29773 29773 29773 29874 29874 29874 29875 29875 29875 
29871 29871 29179 29889 29892 29892 29892 30090 30091 
30091 30089 30024 30080 30080 30437 30437 30450 30439 
30449 30449 30539 30539 30666 30666 30796 30796 30909 
30904 30534 30909 30045 30534 30987 30987 30985 30879 
31006 31033 31036 31036 1762 31037 31040 30954 31008 
31008 31125 31125 31203 31203 31137 31137 31087 31260 
31259 31340 31340 31342 31344 31344 31532 31532 31534 
31292 31298 31450 31097 31514 31514 31212 31449 31577 
31576 31576 31702 31702 31701 31701 31701 31701 31699 
31699 31667 31593 31598 31597 31599 31599 31851 31579 
31503 31503 31921 31921 31924 31921 31925 31923 31643 
31643 31953 31953 31523 31523 32041 32041 32040 32042 
32043 32043 32038 31875 31875 32022 32022 31967 31967 
32054 32053 32054 31965 31965 32062 32062 32214 32062 
32214 32104 32174 32104 32238 32239 32237 32239 31789 
31789 32251 32251 32251 32249 32249 32249 25311 25311 
25311 30982 32004 32004 32387 32387 30383 30383 30383 
31775 31775 31775 32516 31775 32580 31775 32581 32581 
32583 32581 32517 32583 32375 32375 32556 32506 32506 
32559 32559 32564 32564 32313 32545 32822 32823 32823 
32204 32204 33178 32555 32652 32807 32652 32547 32547 
32980 32982 32982 32982 32489 32489 32489 33156 33156 
33564 33564 33360 33565 33360 33362 33773 33775 33774 
33775 33554 32812 33554 33555 33584 33761 33584 33580 
33580 33157 34025 34025 34028 34028 33781 34292 34015 
34015 34037 34035 34035 33318 33498 33498 33499 33245 
34811 33499 34810 33501 34812 34812 34524 34808 33348 
34809 32758 32758 32938 33244 34840 33244 34839 34839 
34236 34481 34518 34481 34518 33476 34782 33536 34719 
34719 34724 34724 33678 34721 33111 33111 33674 33670 
33674 32907 33457 33457 33462 34467 34407 34407 33993 
34474 33049 33993 33704 33049 33704 34687 33705 33705 
34651 34651 34655 34655 34697 34697 34697 34696 34604 
34696 34155 34618 34616 34612 34611 34611 34613 34613 
35010 34191 35009 35010 35009 35012 35008 35011 35007 
35007 34817 34628 35144 35144 35144 35139 35139 35139 
35366 35140 35365 35365 35364 35368 34620 35150 34856 
34856 34086 35373 35480 35484 35491 35491 31980 31980 
35445 35445 33686 35486 35512 35512 34317 35610 35346 
35346 34273 35552 35690 35690 35686 35686 35688 35687 
35668 35688 35550 35550 35443 35443 35821 35821 34841 
34841 35345 34841 34950 34950 36089 36089 36046 36303 
36302 36302 36436 36439 36439 36443 35922 36438 36118 
36118 37425 37191 37472 37641 37620 37460 37782 37764 
37783 36545 38036 37783 37440 37421 37769 37769 37758 
37758 36287 36287 37874 37874 37865 37865 37865 37866 
37867 37866 37728 37199 37402 37120 37364 37364 37365 
37364 37365 37363 36869 36869 37154 37154 36658 36658 
37341 37341 37342 37340 36528 36528 37317 37317 37121 
37312 35899 37053 37087 36820 36798 37086 36785 36598 
37075 36785 37075 37076 37080 37075 37079 37079 36190 
36190 37045 37045 37046 37013 37017 37017 37017 35602 
35602 35995 37011 37011 37007 37007 37032 37032 37002 
37003 34313 37002 36977 36975 36600 36706 36706 35962 
37539 37541 36594 37541 37127 37224 37678 37815 38216 
38216 38659 38661 38667 38667 38851 38851 38270 38270 
38644 38644 39302 39460 32140 32140 36233 36233 39926 
39926 38668 40421 40423 40422 38959 38457 41436 41436 
41437 41437 39809 38829 42189 39809 40367 40367 32394 
32394 42575 42575 43581 43581 43581 43581 43584 43584 
43574 43574 44149 41513 44148 44148 43233 43233 44722 
41512 44724 44724 44709 44709 44709 45203 45203 45203 
45201 45202 45168 45168 45170 45164 44758 44758 44780 
45214 44779 44779 42570 42570 43651 43651 42738 42738 
42738 42322 42322 42322 42321 43160 44811 44811 43677 
43677 45220 45220 43207 43207 44800 44803 45282 45282 
45297 45297 45301 45301 45288 45293 45292 45294 42804 
45493 43892.339871 45493 43892.339871 45493 44306 45493 45821 44306 
45821 45823 45319 45319 45241 45319 45382 45382 45382 
45782 45782 45782 45782 46846 46846 46846 46846 45240 
45240 45240 46868 45240 46303 46303 46302.4375 46302.4375 46302.4375 
46302.4375 46302 46302 43296 46297 43261 43261 43261 42795 
42795 42795 45783 45783 45872 45872 50265 45229 50262 
50262 49868 48316 44995 44995 50718 49498 50718 50717 
50716 50716 50716 50715 49055 51227 48668 51227 49907 
51225 47446 52268 52268 52271 52270 52276 52227 52227 
48492 52904 52925 52920 52919 52920 52921 52921 53470 
53470 53448 53448 48761 50633 52936 52936 53417 53417 
53356 53416 53425 53356 53424 53286 53287 53364 53289 
53289 53289 53369 53303 53369 53370 52869 53371 53373 
53301 53301 53315 53315 53312 53312 53309 53312 52741 
53240 52788 53265 53247 53259 53246 53248 53267 53248 
53267 53277 53262 52740 52740 51467 51771 53235 52684 
52684 52656 52656 52636 52636 51447 52009 52660 52055 
52666 52662 52018 52018 52592 52592 52023 52021 52577 
52577 52597 52597 52597 52599 52599 52600 52598 52025 
52617 52617 52581 52581 51443 52603 51443 52590 52590 
52588 52034 52034 52634 52634 52633 52633 52633 52633 
50801 53220 50512 52007 53222 52162 52162 53857 53857 
52614 52614 53845 52687 52687 53225 52615 53545 53545 
54869 52587 53852 53852 54862 54810 50950 55183 55185 
55185 53846 53846 53846 53846 53885 53885 52239 52239 
55329 55329 55341 55341 55301 55341 55343 55343 56009 
56009 56035 56035 54196 54196 56474 56474 55786 55786 
56506 56506 56475 55995 56494 56491 56494 56493 56495 
56493 56496 56499 56497 56500 56487 56487 56979 56978 
56980 56978 55989 56964 56255 56255 56255 56255 56991 
56909 56991 56968 54059 57293 57290 57290 56913 57284 
56920 56920 57677 57677 57281 57281 58091 58091 58093 
58094 58089 58090 58084 58084 55768 55768 55768 58966 
58966 58966 58945 58945 58953 58953 58857 59327 59332 
59332 59568 59568 59568 59319 58588 58588 59557 58588 
51626 59557 59333 59536 59534 59534 54269 54269 58918 
58918 58918 58918 59792 59794 59791 59795 60043 59787 
60045 60043 60046 60046 55371 60020 55371 60575 60576 
60576 60571 60559 60573 60573 60562 60316 60563 57843 
60489 57843 60471 60471 60931 60471 61188 60931 61188 
61122 61189 61185 61184 61184 61179 61179 61178 61178 
60889 60889 61164 61162 61166 61166 61166 61161 61161 
61161 61161 61169 61144 61168 61133 61146 61133 61421 
61426 61426 61112 61417 61417 61418 61420 61420 61120 
61120 61380 61380 61600 61600 61605 61605 61363 61363 
61381 61381 61577 61577 61577 61595 61595 61595 61580 
61580 61573 61573 61763 61763 61763 61765 61765 61765 
61564 61564 61564 61564 61759 61759 61759 61633 61633 
61633 61933 61933 61536 61536 59045 60928 62469 62469 
62478 62470 62478 61907 61907 62480 62837 62837 62649 
62649 62839 62841 63226 62841 63235 63235 63228 63228 
63486 63486 63486 63486 63224 63224 63781 63781 64040 
64040 64060 64060 64372 64372 64364 64364 64562 64364 
64562 64564 64565 64565 64029 64029 64734 64732 64740 
64733 64567 64567 60467 60467 64745 64745 65059 65059 
65212 65212 65212 64769 64713 64769 64744 64546 65156 
65348 65198 65198 65444 65444 65438 65444 61639 61639 
65571 65571 65672 65672 65574 65574 65828 65828 65825 
65825 65145 65346 65145 65847 66019 65200 66257 66257 
65135 65135 66504 66504 66522 66522 66513 65724 66513 
66515 66944 66944 66050 66944 66050 66741 66954 66747 
66528 66528 66528 66745 66745 66745 66065 66979 66940 
66940 66988 66988 66990 66990 66987 66990 66986 66986 
66956 61812 66956 66991 66991 66998 66998 67002 65234 
65234 66314 66314 67005 67005 66756 66756 65913 65913 
67211 67211 67212 67212 67212 67212 67212 66589 66589 
66589 66781 66781 66781 66781 67256 67256 67253 67253 
67269 67269 67267 67267 66758 66758 67264 67264 67106 
67106 67448 67448 67281 67444 67608 67608 67608 67606 
67606 67606 67643 67643 67472 67639 67472 67639 67473 
67473 67463 67463 67463 67463 67463 67453 67453 67453 
67649 67453 67649 67646 67648 67648 67658 67658 67677 
67676 67675 67676 66628 67507 66628 66803 67566 66170 
67788 67788 67959 67778 67961 67961 67963 67961 67964 
67964 67792.12676 59800.73132 67792.12676 59800.73132 67722 56470 66404 66404 
68049 68049 66590 68049 68055 68059 68083 68059.875 68083 
68059.875 68087 68060 68086 68051 68050 68050 68050 66883 
68127 68127 68129 68129 68129 65997 65776 65997 67284 
68094 67110 68084 67974 67974 68104 68104 68104 68224 
68224 68224 68228 68224 68225 68225 4153 4153 3764 
3764 3470 3470 3470 4459 4457 4457 4242 4242 
1705 1705 3939 3939 4601 4601 2650 6042 4763 
6043 2649 2401 2649 5188 5188 4842 3979 5187 
5274 5274 5270 2575 4847 4847 7082 5861 6923 
6998 7005 6917 6919 6406 4861 7416 7003 7003 
7229 7223 6996 6305 6996 5712 5969 7572 7578 
7580 7578 6714 7691 7685 7684 1933 7683 7683 
7958 7958 8194 8194 8184.62518 8184.62518 8184.62518 8184.62518 8181 
8181 6696 6696 6560 6560 6563 6563 6563 5242 
6509 5242 6360 6360 6290.6597938 6290.6597938 6290.6597938 6290.6597938 6208 
6208 4437 4437 6226 6226 3900.56592 3900.56592 3900.56592 3900.56592 
3477 3477 5321 5321 5319 5319 5020 4257 4040 
4040 4005 4005 4917 4917 4502 4502 4530 4502 
4531 4531 4528.0337079 4528.0337079 4528.0337079 4528.0337079 4515 4515 4104 
4515 4517 4067 4381 4411 4285 4285 4274.6622 4274.6622 
4274.6622 4274.6622 4265 4265 4288 4288 4288 4288 4289 
4289 4284 4284 4302 4283 4322 4322 4279 4279 
3629 4279 4375 4375 4278 4278 4278 4313 4418 
4418 4417.9772727 4417.9772727 4417.9772727 4417.9772727 4417 4417 3921 4417 
4190 3921 4475 4475 4584 4584 4792 4584 4790 
4790 4790 3851 4591 4591 5062 5062 5299 5299 
5168 5168 5664 5665 5666 5667 5667 5668 5668 
5676 4037 6158 6158 6162 6163 6163 6164 6164 
6905 6905 6782 6782 6450 6458 6460 6460 6445 
6784 7056 7056 7055 6914 7279 7279 7273 7273 
6879 6879 6868 6868 6912 6912 8260 8260 7372 
7372 8551 8551 8809 8808 8915 8808 8914 8555 
8555 8147 6466 8147 7949 7949 7949 8818 8818 
8818 9008 7132 6035 6035 7457 9362 9375 7457 
9466 9466 9932 9515 9932 9931 9931 8602 9930 
9930 9930 9934 9420 9420 9718 9718 9569 9718 
10689 10689 10863 10689 10863 10862 10512 10512 11002 
11170 11020.11214 11136.02494 11020.11214 11136.02494 11155 10883 11171 11746 
11745 11745 11745 11040 11040 11040 11645 11040 11773 
11773 11773 11777 11777 11936 11936 11776 12366 12366 
12366 12376.4 12366 12376.4 12366 12379 11780 12379 11779 
12624 12624 12214 12629 12636 12629 12631 12633 12633 
12633 12980 12980 12587 12241 12587 13229 13229 13234 
13234 13233 13233 13728 13728 13733 13733 13478 13478 
15684 15684 15167 15684 15358 15167 15824 15820 15819 
15819 15176 15176 13716 15140 15316 15508 15334 16649 
13043 13043 15803 15803 14500 14500 17174 17174 17174 
17174 17177 17176 17508 17086 17509 17085 17428 17511 
17093 17428 17091 17718 17719 17719 17713 17713 17297 
17424 16803 17420 17915 17915 14996 14996 18000 18000 
18006 18006 16620 16620 16291 17383 17954 17736 18065 
17736 18029 18065 18069 18069 18140 18140 17735 17735 
18126 18126 18126 18212 18182 18182 17747 18251 18353 
18353 18355 18355 18275 18275 18362 18356 18357 18357 
18634 18634 18760 18760 18761 18761 18748 18750 18751 
18750 18751 18752 18703 18703 18699 18811 18815 18815 
18812 18814 18813 18813 18602 18602 18735 18540 18740 
18735 18741 18741 18091 18091 18885 18885 18176 18176 
19036 19035 19036 18893 19032 14264 19038 19038 19084 
18892 18593 18593 18894 18894 19169 19169 19169 19167 
19167 19167 19165 19165 19366 19366 19254 19254 19405 
19405 19369 19369 18105 18105 19466 19466 19463 19463 
19512 19512 19511 19671 19635 19635 19713 19638 19710 
19710 19677 19677 19104 19104 19882 19882 19883 19883 
19542 19542 19506 19332 19556 19627 19556 19819 19945 
19945 19944 20007 20009 20009 20011 20011 18351 18351 
19467 19467 19467 20044 11904 20044 11486 11486 19680 
20170 18169 12481 12481 18502 18502 18907 19120 20213 
19120 20222 20216 20216 20407 20407 20409 20409 20272 
20272 20530 20530 20421 20421 20582 20700 20519 20704 
20706 20704 20625 20707 20623 20858 20689 20858 20853 
20857 20895 20896 20890 20890 20888 20888 20878 20878 
20363 20587 20908 20587 20855 20855 21007 21006 21008 
21008 21183 21183 21183 21181 21182 21182 20137 20137 
20137 20137 19860 20976 20957 21079 21217 21217 20874 
20874 20164 20164 21204 21129 20912 20926 21483 21433 
21484 21484 21533 21533 20813 20813 21512 21514 21276 
21276 21498 21498 21678 21678 21239 21612 21444 21530 
21272 21888 21576 21576 21934 21934 22018 22018 19685 
19685 22054 22054 22053 22053 22053 22053 21312 21312 
22208 22208 21106 21106 21383.224171 21106 21383.224171 21106 21891 
21106 21458 21891 22373 22370 22375 22373 22570 22374 
22273 22652 22654 22654 22433 22433 22985 22433 22985 
22984 22989 22989 22890 22890 22890 22890 22972 22890 
22991 22991 22992 22991 22996 22996 22996 22996 22996 
22997 22997 22997 22997 22994 22994 22994 22994 22873 
22873 23422 22648 23401 23403 23403 23400 23403 23046 
23046 23046 23047 23029 23047 23634 23634 23035 23634 
23035 22895 23280 22895 23027 23027 23736 23736 23735 
23736 23782 23782 23546 23546 23798 23788 23784 23784 
24189 24189 23984 24189 24008 23984 24289 24284 24285 
24284 23938 23938 24403 24403 24465 24085 24667 24467 
24671 24467 24670 24670 24670 24664 24665 24664 24665 
24666 23251 23251 24383 23888 23888 24700 24700 24697 
24439 24933 24928 25159 24927 24927 4153 4153 3764 
3764 3470 3470 3470 4459 4457 4457 4242 4242 
1705 1705 3939 3939 4601 4601 2650 6042 4763 
6043 2649 2401 2649 5188 5188 4842 3979 5187 
5274 5274 5270 2575 4847 4847 7082 5861 6923 
6998 7005 6917 6919 6406 4861 7416 7003 7003 
7229 7223 6996 6305 6996 5712 5969 7572 7578 
7580 7578 6714 7691 7685 7684 1933 7683 7683 
7958 7958 8194 8194 8184.62518 8184.62518 8184.62518 8184.62518 8181 
8181 6696 6696 6560 6560 6563 6563 6563 5242 
6509 5242 6360 6360 6290.6597938 6290.6597938 6290.6597938 6290.6597938 6208 
6208 4437 4437 6226 6226 3900.56592 3900.56592 3900.56592 3900.56592 
3477 3477 5321 5321 5319 5319 5020 4257 4040 
4040 4005 4005 4917 4917 4502 4502 4530 4502 
4531 4531 4528.0337079 4528.0337079 4528.0337079 4528.0337079 4515 4515 4104 
4515 4517 4067 4381 4411 4285 4285 4274.6622 4274.6622 
4274.6622 4274.6622 4265 4265 4288 4288 4288 4288 4289 
4289 4284 4284 4302 4283 4322 4322 4279 4279 
3629 4279 4375 4375 4278 4278 4278 4313 4418 
4418 4417.9772727 4417.9772727 4417.9772727 4417.9772727 4417 4417 3921 4417 
4190 3921 4475 4475 4584 4584 4792 4584 4790 
4790 4790 3851 4591 4591 5062 5062 5299 5299 
5168 5168 5664 5665 5666 5667 5667 5668 5668 
5676 4037 6158 6158 6162 6163 6163 6164 6164 
6905 6905 6782 6782 6450 6458 6460 6460 6445 
6784 7056 7056 7055 6914 7279 7279 7273 7273 
6879 6879 6868 6868 6912 6912 8260 8260 7372 
7372 8551 8551 8809 8808 8915 8808 8914 8555 
8555 8147 6466 8147 7949 7949 7949 8818 8818 
8818 9008 7132 6035 6035 7457 9362 9375 7457 
9466 9466 9932 9515 9932 9931 9931 8602 9930 
9930 9930 9934 9420 9420 9718 9718 9569 9718 
10689 10689 10863 10689 10863 10862 10512 10512 11002 
11170 11020.11214 11136.02494 11020.11214 11136.02494 11155 10883 11171 11746 
11745 11745 11745 11040 11040 11040 11645 11040 11773 
11773 11773 11777 11777 11936 11936 11776 12366 12366 
12366 12376.4 12366 12376.4 12366 12379 11780 12379 11779 
12624 12624 12214 12629 12636 12629 12631 12633 12633 
12633 12980 12980 12587 12241 12587 13229 13229 13234 
13234 13233 13233 13728 13728 13733 13733 13478 13478 
15684 15684 15167 15684 15358 15167 15824 15820 15819 
15819 15176 15176 13716 15140 15316 15508 15334 16649 
13043 13043 15803 15803 14500 14500 17174 17174 17174 
17174 17177 17176 17508 17086 17509 17085 17428 17511 
17093 17428 17091 17718 17719 17719 17713 17713 17297 
17424 16803 17420 17915 17915 14996 14996 18000 18000 
18006 18006 16620 16620 16291 17383 17954 17736 18065 
17736 18029 18065 18069 18069 18140 18140 17735 17735 
18126 18126 18126 18212 18182 18182 17747 18251 18353 
18353 18355 18355 18275 18275 18362 18356 18357 18357 
18634 18634 18760 18760 18761 18761 18748 18750 18751 
18750 18751 18752 18703 18703 18699 18811 18815 18815 
18812 18814 18813 18813 18602 18602 18735 18540 18740 
18735 18741 18741 18091 18091 18885 18885 18176 18176 
19036 19035 19036 18893 19032 14264 19038 19038 19084 
18892 18593 18593 18894 18894 19169 19169 19169 19167 
19167 19167 19165 19165 19366 19366 19254 19254 19405 
19405 19369 19369 18105 18105 19466 19466 19463 19463 
19512 19512 19511 19671 19635 19635 19713 19638 19710 
19710 19677 19677 19104 19104 19882 19882 19883 19883 
19542 19542 19506 19332 19556 19627 19556 19819 19945 
19945 19944 20007 20009 20009 20011 20011 18351 18351 
19467 19467 19467 20044 11904 20044 11486 11486 19680 
20170 18169 12481 12481 18502 18502 18907 19120 20213 
19120 20222 20216 20216 20407 20407 20409 20409 20272 
20272 20530 20530 20421 20421 20582 20700 20519 20704 
20706 20704 20625 20707 20623 20858 20689 20858 20853 
20857 20895 20896 20890 20890 20888 20888 20878 20878 
20363 20587 20908 20587 20855 20855 21007 21006 21008 
21008 21183 21183 21183 21181 21182 21182 20137 20137 
20137 20137 19860 20976 20957 21079 21217 21217 20874 
20874 20164 20164 21204 21129 20912 20926 21483 21433 
21484 21484 21533 21533 20813 20813 21512 21514 21276 
21276 21498 21498 21678 21678 21239 21612 21444 21530 
21272 21888 21576 21576 21934 21934 22018 22018 19685 
19685 22054 22054 22053 22053 22053 22053 19991 21725 
21832 19991 21546 21832 21546 22213 21013 21013 20973.22203 
21152.685428 20973.22203 21152.685428 20712 22070 22780 22780 23061 23061 
22776 22783 22893 22656 22893 22656 23463 22656 23471 
22673 23474 23474 23526.777778 23526.777778 23526.777778 23526.777778 23569 23569 
21605 21605 23573 23573 23646 23647 23651 23651 23804 
23804 23803 23803 23803 23803 20711 20711 24028 24028 
23809 23809 11067 11067 23950 23950 22228 23951 23949 
23949 15313 15313 25766 25766 25765 25769 25254 25254 
26252 25946 26252 26018 25932 25932 25932 25931 25931 
25931 26052 26052 26052 26463 26463 26464 26327 26464 
26568 26568 26834 26834 26834 26841 26841 26841 26838 
26841 22031 26838 22031 25820 26751 27169 26922 27168 
27153 27024 27634 27606 27633 27637 27637 27626 27803 
27803 27631 27631 27470 27470 27646 28222 28354 28354 
28359 28359 28351 28664 28666 28666 28668 28668 28752 
28663 28750 28750 28755 28755 28983 28981 28985 28985 
28985 28902 28991 28991 29142 29142 28990 28990 29347 
29347 28768 29324 29415 28768 29344 29450 29446 29450 
29447 29446 28579 28579 29694 29694 27691 27691 29802 
29802 29802 29802 29804 29804 29394 29297 26373 26373 
29788 29901 26296 26296 29815 29954 30032 30032 30260 
30260 30263 30263 30263 30263 29399 29399 28796 30362 
30546 30546 30679 30679 30678 30678 30678 30678 30785 
30423 30252 30252 30857 30532 30532 30912 30726 30533 
30729 30497 30731 30731 30720 30717 30722 30718 30840 
30840 30844 30838 30768 30768 30657 30657 30819 30819 
30821 30821 30762 30834 30100 30762 30693 30100 30644 
30644 30063 30063 30063 30551 30551 30551 30581 30579 
30475 30475 30474 30474 30474 30474 30477 30477 30148 
30150 29795 29879 29226 29226 29991 29947 29293 29293 
29849 29849 29403 29403 29658 29658 29508 29508 29507 
29506 29503 29503 29365 29369 29304 29304 29306 29306 
29306 29306 29327 29327 29327 29327 29227 29227 29227 
28525 28525 28525 28943 29010 29052 29052 29051 29051 
29051 29051 28996 28996 28931 28941 28848 28445 28782 
28847 28552 28552 28290 28290 28294 28181 28065 28086 
28087 28172 28088 28088 28175 28083 28090 28090 28091 
28091 27762 27762 28103 28102 28104 28104 28104 28074 
28074 28074 27935 27935 28105 28105 28105 28105 27929 
27929 28145 28145 28199 28200 28199 27977 27752 27977 
27752 27622 23250 23250 28424 28424 28347 28347 28274 
28274 27623 28029 26877 28411 28529 28529 29025 29025 
29025 29034 29034 29034 29081 27980 29081 29038 29063 
28670 28629 28436 25856 25856 29256 26801 29162 29162 
29442 29337 29442 29444 29443 29441 29443 28540 28540 
29404 28338 28338 28338 27464 29255 27464 29563 29563 
29559 29559 29559 29560 29560 29600 29743 29743 29746 
29746 29749 29749 29748 29748 29748 29772 29772 29772 
29772 29773 29773 29773 29874 29874 29874 29875 29875 
29875 29871 29871 29179 29889 29892 29892 29892 30090 
30091 30091 30089 30024 30080 30080 30437 30437 30450 
30439 30449 30449 30539 30539 30666 30666 30796 30796 
30909 30904 30534 30909 30045 30534 30987 30987 30985 
30879 31006 31033 31036 31036 1762 31037 31040 30954 
31008 31008 31125 31125 31203 31203 31137 31137 31087 
31260 31259 31340 31340 31342 31344 31344 31532 31532 
31534 31292 31298 31450 31097 31514 31514 31212 31449 
31577 31576 31576 31702 31702 31701 31701 31701 31701 
31699 31699 31667 31593 31598 31597 31599 31599 31851 
31579 31503 31503 31921 31921 31924 31921 31925 31923 
31643 31643 31953 31953 31523 31523 32041 32041 32040 
32042 32043 32043 32038 31875 31875 32022 32022 31967 
31967 32054 32053 32054 31965 31965 32062 32062 32214 
32062 32214 32104 32174 32104 32238 32239 32237 32239 
31789 31789 32251 32251 32251 32249 32249 32249 25311 
25311 25311 30982 32004 32004 32387 32387 30383 30383 
30383 31775 31775 31775 32516 31775 32580 31775 32581 
32581 32583 32581 32517 32583 32375 32375 32556 32506 
32506 32559 32559 32564 32564 32313 32545 32822 32823 
32823 32204 32204 33178 32555 32652 32807 32652 32547 
32547 32980 32982 32982 32982 32489 32489 32489 33156 
33156 33564 33564 33360 33565 33360 33362 33773 33775 
33774 33775 33554 32812 33554 33555 33584 33761 33584 
33580 33580 33157 34025 34025 34028 34028 33781 34292 
34015 34015 34037 34035 34035 33318 33498 33498 33499 
33245 34811 33499 34810 33501 34812 34812 34524 34808 
33348 34809 32758 32758 32938 33244 34840 33244 34839 
34839 34236 34481 34518 34481 34518 33476 34782 33536 
34719 34719 34724 34724 33678 34721 33111 33111 33674 
33670 33674 32907 33457 33457 33462 34467 34407 34407 
33993 34474 33049 33993 33704 33049 33704 34687 33705 
33705 34651 34651 34655 34655 34697 34697 34697 34696 
34604 34696 34155 34618 34616 34612 34611 34611 34613 
34613 35010 34191 35009 35010 35009 35012 35008 35011 
35007 35007 34817 34628 35144 35144 35144 35139 35139 
35139 35366 35140 35365 35365 35364 35368 34620 35150 
34856 34856 34086 35373 35480 35484 35491 35491 31980 
31980 35445 35445 33686 35486 35512 35512 34317 35610 
35346 35346 34273 35552 35690 35690 35686 35686 35688 
35687 35668 35688 35550 35550 35443 35443 35821 35821 
34841 34841 35345 34841 34950 34950 36089 36089 36046 
36303 36302 36302 36436 36439 36439 36443 35922 36438 
36118 36118 37425 37191 37472 37641 37620 37460 37782 
37764 37783 36545 38036 37783 37440 37421 37769 37769 
37758 37758 36287 36287 37874 37874 37865 37865 37865 
37866 37867 37866 37728 37199 37402 37120 37364 37364 
37365 37364 37365 37363 36869 36869 37154 37154 36658 
36658 37341 37341 37342 37340 36528 36528 37317 37317 
37121 37312 35899 37053 37087 36820 36798 37086 36785 
36598 37075 36785 37075 37076 37080 37075 37079 37079 
36190 36190 37045 37045 37046 37013 37017 37017 37017 
35602 35602 35995 37011 37011 37007 37007 37032 37032 
37002 37003 34313 37002 36977 36975 36600 36706 36706 
35962 37539 37541 36594 37541 37127 37224 37678 37815 
38216 38216 38659 38661 38667 38667 38851 38851 38270 
38270 38644 38644 39302 39460 32140 32140 36233 36233 
39926 39926 38668 40421 40423 40422 38959 38457 41436 
41436 41437 41437 39809 38829 42189 39809 40367 40367 
32394 32394 42575 42575 43581 43581 43581 43581 43584 
43584 43574 43574 44149 41513 44148 44148 43233 43233 
44722 41512 44724 44724 44709 44709 44709 45203 45203 
45203 45201 45202 45168 45168 45170 45164 44758 44758 
44780 45214 44779 44779 42570 42570 43651 43651 42738 
42738 42738 42322 42322 42322 42321 43160 44811 44811 
43677 43677 45220 45220 43207 43207 44800 44803 45282 
45282 45297 45297 45301 45301 45288 45293 45290 45290 
45315.80653 45315.80653 45315.80653 45315.80653 45326 45326 45326 45323 43738 
43683 43683 43733 46256 43733 43183 43183 45271 43218 
45271 43218 45276 45276 44273 43198 45262 43726 45261 
45261 45261 44277 44790 44277 44790 44248 44822 44822 
42761 43193 43197 43193 42697 42693 40925 42313 40864 
42315 42718 42715 42717 42717 41011 41011 40233 40233 
38475 38475 38475 38475 41477 38475 41599 41599 39304 
39304 41120 41120 41120 41120 39208 39208 41529 41529 
39519 39519 39674 39674 39674 39278 32263 39278 40614 
40614 40615 40615 40576 40576 40590 40588 40590 40588 
39059 39059 38064 38064 38064 39750 39750 39750 39249 
39994 39994 39747 39746 39746 39736 39736 40547 40547 
40547 40547 40547 40543 40543 40543 40542 40542 40542 
40542 40488 40490 40574 40574 39690 39690 40951 40952 
40952 40957 39210 39210 41467 41467 41468 41468 41470 
41491 41484 41484 36546 36546 41819 41819 41878 41883 
40942 40942 40944 42178 42175 42178 42508 42508 41851 
41851 40946 40946 39052 39052 39052 39052 42541 42541 
42542 42542 42542 42542 41850 43484 43016 43484 40839 
41755 41755 38842 44012 44012 43378 43378 44035 44035 
42994 42994 43985 43985 4153 4153 3764 3764 3470 
3470 3470 4459 4457 4457 4242 4242 1705 1705 
3939 3939 4601 4601 2650 6042 4763 6043 2649 
2401 2649 5188 5188 4842 3979 5187 5274 5274 
5270 2575 4847 4847 7082 5861 6923 6998 7005 
6917 6919 6406 4861 7416 7003 7003 7229 7223 
6996 6305 6996 5712 5969 7572 7578 7580 7578 
6714 7691 7685 7684 1933 7683 7683 7958 7958 
8194 8194 8184.62518 8184.62518 8184.62518 8184.62518 8181 8181 6696 
6696 6560 6560 6563 6563 6563 5242 6509 5242 
6360 6360 6290.6597938 6290.6597938 6290.6597938 6290.6597938 6208 6208 4437 
4437 6231 6227 6230 6228 6206 6076 6068 6076 
6072 6071 6071 6073 6073 6117 6117 6136 6125.52432 
6136.81184 6125.52432 6136.81184 6138 6138 6116 6138 6056 6060 
6057 6056 6059 6059 5818 5818 6010 6010 6010 
6242 6151 6151 6230.4545455 6151 6230.4545455 6151 6243 6151 
6243 6249 5784 6249 6344 5784 6029 6344 6031 
6031 5956 5956 5682 5956 6355 6355 5815 6355 
6294 6294 6684 6684 6607 6607 5923 5923 6763 
6761 6284 6284 6167 6167 7036 7036 5141 5901 
5141 7147 7302 7302 7096 7096 7043 7590 7374 
7374 8228 8228 8231 8231 8097 8098 7586 7977 
8090 7977 23 8090 7371 23 6603 8774 8761 
8774 8747 8839 9037 8839 8746 9037 9039 9039 
8683 8683 8970 9166 9170 9170 8967 5191 9199 
9199 9421 9416 9415 9418 9666 9666 9660 9661 
9655 9655 9853 9851 9849 9849 9629 9629 10026 
10025 10022 10025 10022 9916 9632 9916 10024 10024 
10268 10268 10271 10266 10169 10066 10066 10264 10345 
10345 10347 10347 10332 10332 10453 10332 10452 10452 
10452 10551 10551 10551 10550 10549 10059 10549 10084 
10084 10087 10087 10566 10560 10565 10565 10352 10352 
10352 10253 10253 10253 10542 10542 10542 10542 10542 
10624 10624 10624 10625 10629 10525 10629 10555 10555 
9989 10555 9998 9998 10609 10609 10848 10757 10729 
10729 10728 10920 10921 10921 10940 10940 10245 10740 
10740 10419 656 10663 656 10536 10677 10106 10830 
11133 11134 10937 9959 10986 10631 9959 11142 11142 
11237 11142 11237 11523 11522 11522 11855 8949 11595 
11595 11995 11995 12157 12157 12528 12423 12012 12012 
12685 12505 12679 12679 13050 13050 13648 13648 13778 
13316 13777 13777 13787 13786 13785 13786 13771 13771 
13772 13772 14220 14221 14225 14221 13663 13797 14046 
13797 14047 14047 14919 14057 14921 14921 14923 14923 
14923 14920 14835 14835 14365 14365 15377 16664 15854 
15058 16074 16074 13162 13162 16655 13162 17008 16655 
17006 17006 16657 16657 16466 16466 16466 16466 17211 
17211 17198 16133 17020 17020 17658 17658 17659 17656 
17666 17666 17347 17347 17835 17835 17834 17834 17834 
17834 15000 15000 16347 16347 17861 17933 17138 17933 
10320 17337 17966 17969 14316 17869 15893 15893 18122 
18122 18086 18086 18256 18256 18190 18190 18123 18123 
18038 18038 18142 18142 18344 18344 18402 18402 17341 
17341 18546 18546 15708 18367 18337 18337 18305 18343 
18471 18417 18472 18472 18575 18575 18583 18583 17994 
18333 17979 17979 18732 18658 18658 15916 18672 18672 
18901 18671 18694 18694 19132 18963 19140 19132 19131 
19136 18965 19136 18879 18879 18670 18670 19311 19311 
19197 19197 18625 18723 19273 19273 19275 17574 19191 
19191 19490 19490 19488 19488 19244 19551 19244 19551 
19333 19333 19605 19696 19701 19701 19690 19689 19612 
19044 19737 19737 19302 19302 19600 19600 19912 19912 
19973 19973 20033 20033 20269 20269 20261 20261 20143 
20296 20295 20295 20253 20253 20149 18693 20329 20329 
20376 19388 20376 20377 20328 20380 20432 20432 20427 
20427 20427 20488 20488 20488 20486 20486 19785 20394 
19785 20540 20542 20542 14506 14506 20552 20552 20470 
20470 20472 18832 20596 20596 20125 20646 18453 20601 
20709 18453 20709 20871 20386 20386 19474 19531 20313 
19653 20708 20708 20865 21043 19545 19545 19545 20945 
20945 21123 21088 21124 21108 21088 21110 21110 21086 
21086 21038 21038 20632 20561 21258 20600 21259 21259 
21259 21305 21306 21306 21206 21206 21195 21329 21246 
21195 21246 20987 21366 21366 21415 21415 21497 21497 
21500 21574 21572 20036 21596 21596 21662 20799 21662 
21664 21663 21664 21720 21720 21722 21722 21805 21805 
20316 21441 20316 21603 21706 21875 21878 21712 21318 
21712 21926 21926 21980 21980 21979 21979 21979 21979 
21982 21982 22032 22033 22034 22034 21978 22116 21978 
22116 21906 21906 21676 21676 22000 22000 22031.15098 22031.15098 
22031.15098 22031.15098 22041 22041 22347 22347 20812 20812 21392 
21392 22603 22603 22715 22715 22322 22322 22322 22322 
22618 22322 22940 22940 22939.730769 22972.846154 22939.730769 22972.846154 22938 
23184 22931 22931 23273 23180 23272 23272 22639 22643 
23715 22677 21010 21010 23728 22560 24017 24017 24195 
24092 24195 24166 23724 23856 23724 24198 24091 22763 
24161 24161 24475 24161 24475 24479 24477 24477 24478 
24478 24020 24376 24376 24401 24401 24725 24398 24728 
24292 24292 24406 24406 24450 24816 24248 24449 24411 
24411 24484 24484 24484 24730 24730 24730 24542 24542 
24732 24541 24541 24782 24337 24337 24619 24619 23563 
11037 22111 22111 25216 24129 25217 25217 25029 25217 
25059 25059 25228 25228 25232 25232 25232 25233 25233 
25233 25233 25057 25061 25061 25175 25062 24701 24921 
23960 23960 25465 25465 25465 24960 22610 22610 22610 
25463 25593 25463 25613 25610 25608 25608 25902 25110 
25902 25618 25618 25569 25915 25915 25924 25924 25924 
25923 25923 25921 25922 25909 26004 26004 26232 25551 
26229 26229 26101 26101 26107 26108 26104 26104 26422 
26423 24237 24237 24237 26015 26015 26015 26509 26509 
25993 25993 26589 26589 26643 26643 26644 26643 26644 
26640 26646 26645 26654 26654 26642 26642 26581 26912 
26913 26913 26552 26552 27015 27014 27014 26658 26658 
26450 26363 26450 25954 25616 27342 27342 27346 27450 
27440 27450 27455 27446 27593 27593 27937 27937 27944 
27944 27971 27943 27972 27972 27967 27957 27956 27956 
27920 27920 27910 27910 27775 27775 28321 27643 28321 
28323 28323 28322 28309 28309 28429 28429 28427 28419 
28494 28337 28637 28633 28591 28811 26976 28297 26976 
28813 28965 28824 28874 28964 28875 28875 28963 28963 
28879 28879 28958 28548 28959 28959 26983 29020 29021 
29021 29057 29057 28723 29056 29119 29119 26534 28170 
28556 29193 29199 29199 28330 28330 28969 28969 29187 
29187 28649 28649 29433 29433 29706 29706 29517 29517 
29759 29185 29994 29994 29995 29998 30059 30059 29760 
26369 28412 30174 30173 30173 29527 29527 29654 29615 
29721 29721 30023 30023 30872 30872 30876 30878 30970 
30970 30967 30995 31054 31054 30074 30074 31103 31103 
31105 31104 31106 30021 31098 31098 30724 30724 28187 
28187 31232 28187 31191 31191 31215 31219 31193 31193 
31274 31274 31274 31134 31134 31134 31309 31275 31309 
31357 31362 31362 31297 31378 31468 31468 31562 31562 
31560 31603 31604 31604 31601 31496 31554 31554 27256 
27256 31653 31653 31653 31653 31672 31672 31552 31552 
31797 31589 31797 31809 31809 31814 31815 31815 31512 
31512 31723 31366 30459 30459 31710 32003 31563 32003 
31836 31563 31998 31891 31454 31977 32136 32132 32135 
32135 32192 32192 32184 32184 32184 31973 31973 31932 
32224 32222 31742 31742 31359 32188 30083 32188 30083 
31590 31713 31713 32432 32432 32477 32425 31785 31785 
32948 31885 32404 32404 32459 32459 33133 33133 33539 
33539 33537 33537 33538 33538 33538 33538 33538 33518 
33518 33518 33519 33517 33521 33521 33516 33516 33508 
33508 33727 33727 33730 33730 33725 33725 33725 33725 
33947 33947 34006 34006 34245 34245 34490 34490 34488 
34488 34487 34487 34225 34225 34260 34261 34258 34258 
34679 34684 34683 34683 34393 34393 35169 35169 35192 
35192 35283 35190 35283 35284 35273 35273 35276 35276 
35042 35042 34597 35031 35032 35032 35026 35026 35255 
34995 35256 35256 34998 34998 34994 34600 34373 34373 
34591 34591 33650 33650 34985 34989 34991 34991 33649 
34388 34389 34389 34587 34587 34982 34982 34585 34585 
33422 33422 33909 33660 33907 33907 34140 34139 34139 
34133 34137 34100 34099 34099 33845 33845 33826 33826 
33622 34124 34123 34123 34120 33841 33191 33191 34365 
34365 34559 34564 34558 34558 34579 33864 34578 33864 
34337 34337 33855 33855 33855 34335 34959 34959 34966 
34966 34964 34965 34955 33810 34917 34917 34919 35216 
35237 35216 34912 34912 35203 35203 35203 35203 35203 
34915 34915 34915 33802 33802 35206 35206 35329 35329 
35321 35320 34923 34923 34923 35411 35411 35411 35089 
35089 35548 35548 35542 35542 35317 35317 35467 35467 
35094 35094 35587 35562 34573 34573 35716 35716 35753 
35753 35717 35717 35794 35794 35794 35794 35812 35906 
35725 35907 35978 35979 35524 35978 32400 32400 35029 
36424 36441 36162 37187 36473 37186 36672 37181 36874 
36874 36539 36539 36669 36669 37580 37589 35582 37584 
37584 37892 37583 37143 37144 36873 37394 36873 36828 
37387 37387 36477 36477 37384 37382 37386 37386 36857 
37373 36857 36830 37357 36854 37567 36517 37354 37354 
37246 37246 37271 37271 37271 37271 37276 37274 36639 
36639 35465 36011 37479 37479 35840 35840 37535 37535 
37690 37690 37691 37844 37846 37521 37521 37954 37478 
37478 37507 37507 37520 37227 38081 37227 38189 38189 
37527 37527 38090 38090 38085 38085 38085 38085 38119 
38119 38096 38096 38256 38926 37784 37784 38502 38502 
38223 38223 39036 39036 38028 38028 39882 39882 40125 
40125 40125 40125 36708 36708 37223 37223 41302 41302 
40329 40329 40396 40396 41808 41796 42096 42096 43435 
43435 43431 43437 43432 43433 44065 42956 44058 44058 
44075 44075 44094 44097 44097 44095 43537 43537 43536 
43536 42582 43536 42582 43307.403755 42582 43307.403755 42582 42619 
42616 42584 46175 46174 46177 46176 39794 39794 39794 
43084 42250.25 43072.75 42250.25 43072.75 43069 43069 42614 43069 
44665 44665 45176 45176 44752 44752 44752 44752 44752 
44668 44669 44669 44669 44670 42153 42153 46816 42153 
46818 46816 46818 46824 47379 46817 47378 47378 47376 
47376 47376 47376 47376 47375 47375 47375 47375 47770 
47770 47770 47382 47382 45013 43868 47392 47392 47810 
47350 47810 46426 48752 47809 47578 47578 49003 49003 
49004 47371 49501 47115 47836 47115 49891 49891 49888 
49888 51200 51186 51198 51201 52884 51201 52884 52883 
52886 52886 51202 51202 51202 51202 51202 53433 53433 
53433 53436 53437 53437 53457 51313 51313 53878 53875 
53874 53874 53462 53462 53866 53511 53865 53868 51544 
53868 50756 51544 52121 52121 52121 52123 52123 52123 
41365 41365 44790.830609 44790.830609 44790.830609 44790.830609 50706 50706 50712 
50706 50713 50713 46402 50221 50221 47775 47775 48997 
47168 47168 49455 49455 49577.666667 49455.333333 49577.666667 49455.333333 49823 
49456 49823 49817 49435 49817 47157 49435 47157 48730 
48731 48731 48722 48722 48271 48722 47599 47722 41836 
41836 47349 47349 45739 45739 45103 45103 45103 45103 
46172 46172 44729 44355 45144 45144 45143 45143 45143 
45143 44689 45143 43591 43591 43760 44078 44521 44078 
42426 44111 43922 44128 43922 44199 44115 44115 38594 
38594 44104 43561 44099 43562 41156 41888 41156 40913 
41376 41376 43026 42537 43026 43025 43024 43025 41861 
41861 42127 41861 42158 42158 42154 42154 39670 39670 
42149 42149 42149 42149 42152 42146 42152 41845 41801 
41845 41399 40342 41412 41412 41405 41405 40856 40163 
40163 40167 36010 40831 41387 40855 40344 40344 34800 
34800 41366 41366 41368 41366 41369 41369 40322 41325 
41327 41325 41337 41337 41322 41313 41360 41402 42042 
42042 42041 42054 41340 42054 42052 42051 42052 40338 
40172 40338 42062 42074 42039 42074 42061 42064 42047 
41839 40784 41839 40784 42425 42439 42439 41202 42902 
43370 43370 44493 43089 43911 43911 44506 44506 44505.074754 
44505.074754 44505.074754 44505.074754 44503 44503 45663 45663 45662 45663 
45090 45090 45613 45613 46333 45611.571429 46333 45611.571429 46621 
45611 46619 46621 46620 46620 46568 46568 45669 45669 
45669 44519 44519 44519 47256 47256 47226 44544 47691 
47230 47230 47667 47646 46786 48211 47764 48241 47759 
48652 48652 48652 48920 48919 48920 48919 48923 48923 
46098 49306 49302 49307 49307 48743 49656 48651 48651 
47591 47150 47150 49648 49648 50047 46660 42960 43356 
43356 50886 50886 50885 50885 48959 48959 51431 51431 
51431 51431 47984 47984 51959 51959 51960 51956 52557 
52557 53820 53820 43871 43871 50557 49840 51808 52564 
52308 52308 54844 54844 54996 54995 54997 54997 55163 
55163 55164 55164 55164 55164 55167 55167 55021 55021 
55000 55000 55536 55536 55561 55561 55754 55754 55754 
55754 55754 55754 54586 54586 55976 55976 55976 55976 
55979 55979 54640 54640 55974 56203 56203 56448 56949 
56448 56449 56949 56241 56241 56982 56982 55725 57007 
57694 57694 43845 43845 57703 57703 57713 57716 54730 
54730 58980 58980 58538 58538 54958 54958 54958 54958 
58541 58511 58507 58507 59350 59350 59573 59573 59354 
59580 59589 59603 57920 57920 59483 59483 59802 59802 
59802 60078 59748 60078 60362 60362 60360 60360 60359 
59961 56644 56644 56644 60016 60016 60016 59727 60057 
47358 47358 60099 47358 60099 60372 53966 53966 59286 
59286 60001 59093 60597 60596 61191 60869 60851 59363 
60764 57880 52982 52982 4153 4153 3764 3764 3470 
3470 3470 4459 4457 4457 4242 4242 1705 1705 
3939 3939 4601 4601 2650 6042 4763 6043 2649 
2401 2649 5188 5188 4842 3979 5187 5274 5274 
5270 2575 4847 4847 7082 5861 6923 6998 7005 
6917 6919 6406 4861 7416 7003 7003 7229 7223 
6996 6305 6996 5712 5969 7572 7578 7580 7578 
6714 7691 7685 7684 1933 7683 7683 7958 7958 
8194 8194 8184.62518 8184.62518 8184.62518 8184.62518 8181 8181 6696 
6696 6560 6560 6563 6563 6563 5242 6509 5242 
6360 6360 6290.6597938 6290.6597938 6290.6597938 6290.6597938 6208 6208 4437 
4437 6226 6226 3900.56592 3900.56592 3900.56592 3900.56592 3477 3477 
5321 5321 5319 5319 5020 4257 4040 4040 4005 
4005 4917 4917 4502 4502 4530 4502 4531 4531 
4528.0337079 4528.0337079 4528.0337079 4528.0337079 4515 4515 4104 4515 4517 
4067 4381 4411 4285 4285 4274.6622 4274.6622 4274.6622 4274.6622 
4265 4265 4288 4288 4288 4288 4289 4289 4284 
4284 4302 4283 4322 4322 4279 4279 3629 4279 
4375 4375 4278 4278 4278 4313 4418 4418 4417.9772727 
4417.9772727 4417.9772727 4417.9772727 4417 4417 3921 4417 4190 3921 
4475 4475 4584 4584 4792 4584 4790 4790 4790 
3851 4591 4591 5062 5062 5299 5299 5168 5168 
5664 5665 5666 5667 5667 5668 5668 5676 4037 
6158 6158 6162 6163 6163 6164 6164 6905 6905 
6782 6782 6450 6458 6460 6460 6445 6784 7056 
7056 7055 6914 7279 7279 7273 7273 6879 6879 
6868 6868 6912 6912 8260 8260 7372 7372 8551 
8551 8809 8808 8915 8808 8914 8555 8555 8147 
6466 8147 7949 7949 7949 8818 8818 8818 9008 
7132 6035 6035 7457 9362 9375 7457 9466 9466 
9932 9515 9932 9931 9931 8602 9930 9930 9930 
9934 9420 9420 9718 9718 9569 9718 10689 10689 
10863 10689 10863 10862 10512 10512 11002 11170 11020.11214 
11136.02494 11020.11214 11136.02494 11155 10883 11171 11746 11745 11745 
11745 11040 11040 11040 11645 11040 11773 11773 11773 
11777 11777 11936 11936 11776 12366 12366 12366 12376.4 
12366 12376.4 12366 12379 11780 12379 11779 12624 12624 
12214 12629 12636 12629 12631 12633 12633 12633 12980 
12980 12587 12241 12587 13229 13229 13234 13234 13233 
13233 13728 13728 13733 13733 13478 13478 15684 15684 
15167 15684 15358 15167 15824 15820 15819 15819 15176 
15176 13716 15140 15316 15508 15334 16649 13043 13043 
15803 15803 14500 14500 17174 17174 17174 17174 17177 
17176 17508 17086 17509 17085 17428 17511 17093 17428 
17091 17718 17719 17719 17713 17713 17297 17424 16803 
17420 17915 17915 14996 14996 18000 18000 18006 18006 
16620 16620 16291 17383 17954 17736 18065 17736 18029 
18065 18069 18069 18140 18140 17735 17735 18126 18126 
18126 18212 18182 18182 17747 18251 18353 18353 18355 
18355 18275 18275 18362 18356 18357 18357 18634 18634 
18760 18760 18761 18761 18748 18750 18751 18750 18751 
18752 18703 18703 18699 18811 18815 18815 18812 18814 
18813 18813 18602 18602 18735 18540 18740 18735 18741 
18741 18091 18091 18885 18885 18176 18176 19036 19035 
19036 18893 19032 14264 19038 19038 19084 18892 18593 
18593 18894 18894 19169 19169 19169 19167 19167 19167 
19165 19165 19366 19366 19254 19254 19405 19405 19369 
19369 18105 18105 19466 19466 19463 19463 19512 19512 
19511 19671 19635 19635 19713 19638 19710 19710 19677 
19677 19104 19104 19882 19882 19883 19883 19542 19542 
19506 19332 19556 19627 19556 19819 19945 19945 19944 
20007 20009 20009 20011 20011 18351 18351 19467 19467 
19467 20044 11904 20044 11486 11486 19680 20170 18169 
12481 12481 18502 18502 18907 19120 20213 19120 20222 
20216 20216 20407 20407 20409 20409 20272 20272 20530 
20530 20421 20421 20582 20700 20519 20704 20706 20704 
20625 20707 20623 20858 20689 20858 20853 20857 20895 
20896 20890 20890 20888 20888 20878 20878 20363 20587 
20908 20587 20855 20855 21007 21006 21008 21008 21183 
21183 21183 21181 21182 21182 20137 20137 20137 20137 
19860 20976 20957 21079 21217 21217 20874 20874 20164 
20164 21204 21129 20912 20926 21483 21433 21484 21484 
21533 21533 20813 20813 21512 21514 21276 21276 21498 
21498 21678 21678 21239 21612 21444 21530 21272 21888 
21576 21576 21934 21934 22018 22018 19685 19685 22054 
22054 22053 22053 22053 22053 19991 21725 21832 19991 
21546 21832 21546 22213 21013 21013 20973.22203 21152.685428 20973.22203 
21152.685428 20712 22070 22780 22780 23061 23061 22776 22783 
22893 22656 22893 22656 23463 22656 23471 22673 23474 
23474 23526.777778 23526.777778 23526.777778 23526.777778 23569 23569 21605 21605 
23573 23573 23646 23647 23651 23651 23804 23804 23803 
23803 23803 23803 20711 20711 24028 24028 23809 23809 
11067 11067 23950 23950 22228 23951 23949 23949 15313 
15313 25766 25766 25765 25769 25254 25254 26252 25946 
26252 26018 25932 25932 25932 25931 25931 25931 26052 
26052 26052 26463 26463 26464 26327 26464 26568 26568 
26834 26834 26834 26841 26841 26841 26838 26841 22031 
26838 22031 25820 26751 27169 26922 27168 27153 27024 
27634 27606 27633 27637 27637 27626 27803 27803 27631 
27631 27470 27470 27646 28222 28354 28354 28359 28359 
28351 28664 28666 28666 28668 28668 28752 28663 28750 
28750 28755 28755 28983 28981 28985 28985 28985 28902 
28991 28991 29142 29142 28990 28990 29347 29347 28768 
29324 29415 28768 29344 29450 29446 29450 29447 29446 
28579 28579 29694 29694 27691 27691 29802 29802 29802 
29802 29804 29804 29394 29297 26373 26373 29788 29901 
26296 26296 29815 29954 30032 30032 30260 30260 30263 
30263 30263 30263 29399 29399 28796 30362 30546 30546 
30679 30679 30678 30678 30678 30678 30785 30423 30252 
30252 30857 30532 30532 30912 30726 30533 30729 30497 
30731 30731 30720 30717 30722 30718 30840 30840 30844 
30838 30768 30768 30657 30657 30819 30819 30821 30821 
30762 30834 30100 30762 30693 30100 30644 30644 30063 
30063 30063 30551 30551 30551 30581 30579 30475 30475 
30474 30474 30474 30474 30477 30477 30148 30150 29795 
29879 29226 29226 29991 29947 29293 29293 29849 29849 
29403 29403 29658 29658 29508 29508 29507 29506 29503 
29503 29365 29369 29304 29304 29306 29306 29306 29306 
29327 29327 29327 29327 29227 29227 29227 28525 28525 
28525 28943 29010 29052 29052 29051 29051 29051 29051 
28996 28996 28931 28941 28848 28445 28782 28847 28552 
28552 28290 28290 28294 28181 28065 28086 28087 28172 
28088 28088 28175 28083 28090 28090 28091 28091 27762 
27762 28103 28102 28104 28104 28104 28074 28074 28074 
27935 27935 28105 28105 28105 28105 27929 27929 28145 
28145 28199 28200 28199 27977 27752 27977 27752 27622 
23250 23250 28424 28424 28347 28347 28274 28274 27623 
28029 26877 28411 28529 28529 29025 29025 29025 29034 
29034 29034 29081 27980 29081 29038 29063 28670 28629 
28436 25856 25856 29256 26801 29162 29162 29442 29337 
29442 29444 29443 29441 29443 28540 28540 29404 28338 
28338 28338 27464 29255 27464 29563 29563 29559 29559 
29559 29560 29560 29600 29743 29743 29746 29746 29749 
29749 29748 29748 29748 29772 29772 29772 29772 29773 
29773 29773 29874 29874 29874 29875 29875 29875 29871 
29871 29179 29889 29892 29892 29892 30090 30091 30091 
30089 30024 30080 30080 30437 30437 30450 30439 30449 
30449 30539 30539 30666 30666 30796 30796 30909 30904 
30534 30909 30045 30534 30987 30987 30985 30879 31006 
31033 31036 31036 1762 31037 31040 30954 31008 31008 
31125 31125 31203 31203 31137 31137 31087 31260 31259 
31340 31340 31342 31344 31344 31532 31532 31534 31292 
31298 31450 31097 31514 31514 31212 31449 31577 31576 
31576 31702 31702 31701 31701 31701 31701 31699 31699 
31667 31593 31598 31597 31599 31599 31851 31579 31503 
31503 31921 31921 31924 31921 31925 31923 31643 31643 
31953 31953 31523 31523 32041 32041 32040 32042 32043 
32043 32038 31875 31875 32022 32022 31967 31967 32054 
32053 32054 31965 31965 32062 32062 32214 32062 32214 
32104 32174 32104 32238 32239 32237 32239 31789 31789 
32251 32251 32251 32249 32249 32249 25311 25311 25311 
30982 32004 32004 32387 32387 30383 30383 30383 31775 
31775 31775 32516 31775 32580 31775 32581 32581 32583 
32581 32517 32583 32375 32375 32556 32506 32506 32559 
32559 32564 32564 32313 32545 32822 32823 32823 32204 
32204 33178 32555 32652 32807 32652 32547 32547 32980 
32982 32982 32982 32489 32489 32489 33156 33156 33564 
33564 33360 33565 33360 33362 33773 33775 33774 33775 
33554 32812 33554 33555 33584 33761 33584 33580 33580 
33157 34025 34025 34028 34028 33781 34292 34015 34015 
34037 34035 34035 33318 33498 33498 33499 33245 34811 
33499 34810 33501 34812 34812 34524 34808 33348 34809 
32758 32758 32938 33244 34840 33244 34839 34839 34236 
34481 34518 34481 34518 33476 34782 33536 34719 34719 
34724 34724 33678 34721 33111 33111 33674 33670 33674 
32907 33457 33457 33462 34467 34407 34407 33993 34474 
33049 33993 33704 33049 33704 34687 33705 33705 34651 
34651 34655 34655 34697 34697 34697 34696 34604 34696 
34155 34618 34616 34612 34611 34611 34613 34613 35010 
34191 35009 35010 35009 35012 35008 35011 35007 35007 
34817 34628 35144 35144 35144 35139 35139 35139 35366 
35140 35365 35365 35364 35368 34620 35150 34856 34856 
34086 35373 35480 35484 35491 35491 31980 31980 35445 
35445 33686 35486 35512 35512 34317 35610 35346 35346 
34273 35552 35690 35690 35686 35686 35688 35687 35668 
35688 35550 35550 35443 35443 35821 35821 34841 34841 
35345 34841 34950 34950 36089 36089 36046 36303 36302 
36302 36436 36439 36439 36443 35922 36438 36118 36118 
37425 37191 37472 37641 37620 37460 37782 37764 37783 
36545 38036 37783 37440 37421 37769 37769 37758 37758 
36287 36287 37874 37874 37865 37865 37865 37866 37867 
37866 37728 37199 37402 37120 37364 37364 37365 37364 
37365 37363 36869 36869 37154 37154 36658 36658 37341 
37341 37342 37340 36528 36528 37317 37317 37121 37312 
35899 37053 37087 36820 36798 37086 36785 36598 37075 
36785 37075 37076 37080 37075 37079 37079 36190 36190 
37045 37045 37046 37013 37017 37017 37017 35602 35602 
35995 37011 37011 37007 37007 37032 37032 37002 37003 
34313 37002 36977 36975 36600 36706 36706 35962 37539 
37541 36594 37541 37127 37224 37678 37815 38216 38216 
38659 38661 38667 38667 38851 38851 38270 38270 38644 
38644 39302 39460 32140 32140 36233 36233 39926 39926 
38668 40421 40423 40422 38959 38457 41436 41436 41437 
41437 39809 38829 42189 39809 40367 40367 32394 32394 
42575 42575 43581 43581 43581 43581 43584 43584 43574 
43574 44149 41513 44148 44148 43233 43233 44722 41512 
44724 44724 44709 44709 44709 45203 45203 45203 45201 
45202 45168 45168 45170 45164 44758 44758 44780 45214 
44779 44779 42570 42570 43651 43651 42738 42738 42738 
42322 42322 42322 42321 43160 44811 44811 43677 43677 
45220 45220 43207 43207 44800 44803 45282 45282 45297 
45297 45301 45301 45288 45293 45290 45290 45315.80653 45315.80653 
45315.80653 45315.80653 45326 45326 45326 45323 43738 43683 43683 
43733 46256 43733 43183 43183 45271 43218 45271 43218 
45276 45276 44273 43198 45262 43726 45261 45261 45261 
44277 44790 44277 44790 44248 44822 44822 42761 43193 
43197 43193 42697 42693 40925 42313 40864 42315 42718 
42715 42717 42717 41011 41011 40233 40233 38475 38475 
38475 38475 41477 38475 41599 41599 39304 39304 41120 
41120 41120 41120 39208 39208 41529 41529 39519 39519 
39674 39674 39674 39278 32263 39278 40614 40614 40615 
40615 40576 40576 40590 40588 40590 40588 39059 39059 
38064 38064 38064 39750 39750 39750 39249 39994 39994 
39747 39746 39746 39736 39736 40547 40547 40547 40547 
40547 40543 40543 40543 40542 40542 40542 40542 40488 
40490 40574 40574 39690 39690 40951 40952 40952 40957 
39210 39210 41467 41467 41468 41468 41470 41491 41484 
41484 36546 36546 41819 41819 41878 41883 40942 40942 
40944 42178 42175 42178 42508 42508 41851 41851 40946 
40946 39052 39052 39052 39052 42541 42541 42542 42542 
42542 42542 41850 43484 43016 43484 40839 41755 41755 
38842 44012 44012 43378 43378 41009 44035 42939 42939 
42976 44006 43453 44006 42440 35507 42440 42936 42539.658092 
42946.594284 42539.658092 42946.594284 42995 42995 43970 43970 43995.071429 43985.785714 
43995.071429 43985.785714 43997 43987 43983.064637 43978.638782 43983.064637 43978.638782 43972 
43972 43466 43466 43974 43974 43974 43974 40143 40143 
43418 43980 44647 43418 44646 44646 43444 44646 44643 
42601 44644 44644 39504 39504 43530 43530 44017 44017 
44089 44124 44120 43054 44698 42088 44697 44693 44703 
44696 44695 44696 43096 44173 43600 44172 43600 43531 
44182 44182 45154 45146 44179 44179 43669 43669 43154 
43154 43123 43123 41953 43123 41953 39922 37510 37510 
46224 44257 46225 46225 46226 46226 42640 42640 42999 
42640 24261 42999 44242 24261 46265 46265 46274 46274 
46275 46275 46275 46275 45793 46275 45793 44292 45831 
44292 45831 42860 46910 46323 46899 41813 47892 47892 
47887 47887 47887 47887 47928 47928 47931 47931 47929 
47929 47472 47472 47941 47941 45336 45336 46921 46921 
48357 48358 46888 46888 49097 49097 49096 49096 41991 
48339 49060 49060 49538 49540 45988 49562 43630 44738 
49914 49914 50287 50287 48365 48365 50283 50283 51709 
40380 51714 51709 41960 49886 47910.08596 52245.37988 47910.08596 52245.37988 
51697 53747 46168 46168 50704 46168 53898 50704 54714 
54712 54713.757576 54711.878788 54713.757576 54711.878788 54710 54710 54883 54889 
55111 55111 55437 55437 55429 55429 55641 55641 55641 
55641 55641 55623 55623 55623 55623 55650 55650 55650 
55878 55876 55871 55878 55886 55888 55889 55889 55431 
53089 55884 55884 55881 55881 55879 55879 55879 55879 
46931 46931 55120 55120 55906 55906 55906 55906 55913 
55915 55914 55914 53066 55905 55916 55916 56114 56114 
56112 56112 56112 56112 56112 56339 56339 56339 56338 
56338 56555 56555 56329 56329 56575 56575 55370 55370 
56566 56566 56586 55035 50767 56586 56523 56523 56523 
56582 56582 56582 56529 56529 53924 53924 56391 56391 
56391 55715 55715 55715 54893 54893 56594 56594 47500 
47500 54564 54564 57100 57100 57100 57410 57410 57410 
57407 57408 57112 57115 57416 57416 57123 56132 56842 
56146 57443 57443 57434 57443 57128 57119 57102 56843 
57047 57102 57784 57784 57783 57782 57449 57132 57806 
57806 57808 57808 57810 57810 57810 57810 57798 57798 
57798 57798 57780 57798 57789 57789 58181 58180 57814 
57494 58199 58199 58233 58233 58617 58617 58618 58621 
58629 58629 58628 58623 56834 56834 58725 58727 58728 
58727 58728 58235 58677 58677 58686 58688 58703 58699 
58702 58702 58772 58772 58749 58749 58805 58805 58780 
58780 57997 57997 57997 57997 57998 57998 58341 58341 
58341 58367 58367 58367 58782 58782 58788 58784 57756 
57756 56729 56729 58287 58287 58287 57937 57937 57937 
58291 58290 57510 58299 58300 58299 58302 58302 57966 
57966 58303 58303 57093 57093 58263 58263 58647 58647 
58635 58635 59081 59080 59082 59082 51286 51286 58411 
59393 59392 59392 58652 58652 59668 59667 56002 59667 
48527 48527 56239 59061 56239 59488 58550 59065 59325 
59325 59666 59876 59666 60169 60168 60168 60162 60162 
59660 59660 60416 60416 60410 58293 56662 60410 60402 
61020 60820 61032 60631 60631 61297 60631 61286 61297 
61298 61048 60814 61048 60814 60386 61047 61047 61877 
61877 60092 60092 61875 61875 61876 62059 62060 62060 
61288 61046 62075 62075 62050 61505 61505 62610 62435 
62435 62613 62606 62593 62593 62789 62789 62789 62590 
62590 62590 62823 62823 62729 62324 63107 63110 63112 
63109 63304 62396 63278 63303 63318 63318 62085 62085 
62085 63293 63293 63585 63586 63586 63588 62790 63588 
63157 63590 61026 61026 63610 63610 63617 63616 63616 
63629 63629 63620 63620 63620 63620 63385 63422 63648 
63142 63393 63648 63665 63661 63664 63664 4153 4153 
3764 3764 3470 3470 3470 4459 4457 4457 4242 
4242 1705 1705 3939 3939 4601 4601 2650 6042 
4763 6043 2649 2401 2649 5188 5188 4842 3979 
5187 5274 5274 5270 2575 4847 4847 7082 5861 
6923 6998 7005 6917 6919 6406 4861 7416 7003 
7003 7229 7223 6996 6305 6996 5712 5969 7572 
7578 7580 7578 6714 7691 7685 7684 1933 7683 
7683 7958 7958 8194 8194 8184.62518 8184.62518 8184.62518 8184.62518 
8181 8181 6696 6696 6560 6560 6563 6563 6563 
5242 6509 5242 6360 6360 6290.6597938 6290.6597938 6290.6597938 6290.6597938 
6208 6208 4437 4437 6226 6226 3900.56592 3900.56592 3900.56592 
3900.56592 3477 3477 5321 5321 5319 5319 5020 4257 
4040 4040 4005 4005 4917 4917 4502 4502 4530 
4502 4531 4531 4528.0337079 4528.0337079 4528.0337079 4528.0337079 4515 4515 
4104 4515 4517 4067 4381 4411 4285 4285 4274.6622 
4274.6622 4274.6622 4274.6622 4265 4265 4288 4288 4288 4288 
4289 4289 4284 4284 4302 4283 4322 4322 4279 
4279 3629 4279 4375 4375 4278 4278 4278 4313 
4418 4418 4417.9772727 4417.9772727 4417.9772727 4417.9772727 4417 4417 3921 
4417 4190 3921 4475 4475 4584 4584 4792 4584 
4790 4790 4790 3851 4591 4591 5062 5062 5299 
5299 5168 5168 5664 5665 5666 5667 5667 5668 
5668 5676 4037 6158 6158 6162 6163 6163 6164 
6164 6905 6905 6782 6782 6450 6458 6460 6460 
6445 6784 7056 7056 7055 6914 7279 7279 7273 
7273 6879 6879 6868 6868 6912 6912 8260 8260 
7372 7372 8551 8551 8809 8808 8915 8808 8914 
8555 8555 8147 6466 8147 7949 7949 7949 8818 
8818 8818 9008 7132 6035 6035 7457 9362 9375 
7457 9466 9466 9932 9515 9932 9931 9931 8602 
9930 9930 9930 9934 9420 9420 9718 9718 9569 
9718 10689 10689 10863 10689 10863 10862 10512 10512 
11002 11170 11020.11214 11136.02494 11020.11214 11136.02494 11155 10883 11171 
11746 11745 11745 11745 11040 11040 11040 11645 11040 
11773 11773 11773 11777 11777 11936 11936 11776 12366 
12366 12366 12376.4 12366 12376.4 12366 12379 11780 12379 
11779 12624 12624 12214 12629 12636 12629 12631 12633 
12633 12633 12980 12980 12587 12241 12587 13229 13229 
13234 13234 13233 13233 13728 13728 13733 13733 13478 
13478 15684 15684 15167 15684 15358 15167 15824 15820 
15819 15819 15176 15176 13716 15140 15316 15508 15334 
16649 13043 13043 15803 15803 14500 14500 17174 17174 
17174 17174 17177 17176 17508 17086 17509 17085 17428 
17511 17093 17428 17091 17718 17719 17719 17713 17713 
17297 17424 16803 17420 17915 17915 14996 14996 18000 
18000 18006 18006 16620 16620 16291 17383 17954 17736 
18065 17736 18029 18065 18069 18069 18140 18140 17735 
17735 18126 18126 18126 18212 18182 18182 17747 18251 
18353 18353 18355 18355 18275 18275 18362 18356 18357 
18357 18634 18634 18760 18760 18761 18761 18748 18750 
18751 18750 18751 18752 18703 18703 18699 18811 18815 
18815 18812 18814 18813 18813 18602 18602 18735 18540 
18740 18735 18741 18741 18091 18091 18885 18885 18176 
18176 19036 19035 19036 18893 19032 14264 19038 19038 
19084 18892 18593 18593 18894 18894 19169 19169 19169 
19167 19167 19167 19165 19165 19366 19366 19254 19254 
19405 19405 19369 19369 18105 18105 19466 19466 19463 
19463 19512 19512 19511 19671 19635 19635 19713 19638 
19710 19710 19677 19677 19104 19104 19882 19882 19883 
19883 19542 19542 19506 19332 19556 19627 19556 19819 
19945 19945 19944 20007 20009 20009 20011 20011 18351 
18351 19467 19467 19467 20044 11904 20044 11486 11486 
19680 20170 18169 12481 12481 18502 18502 18907 19120 
20213 19120 20222 20216 20216 20407 20407 20409 20409 
20272 20272 20530 20530 20421 20421 20582 20700 20519 
20704 20706 20704 20625 20707 20623 20858 20689 20858 
20853 20857 20895 20896 20890 20890 20888 20888 20878 
20878 20363 20587 20908 20587 20855 20855 21007 21006 
21008 21008 21183 21183 21183 21181 21182 21182 20137 
20137 20137 20137 19860 20976 20957 21079 21217 21217 
20874 20874 20164 20164 21204 21129 20912 20926 21483 
21433 21484 21484 21533 21533 20813 20813 21512 21514 
21276 21276 21498 21498 21678 21678 21239 21612 21444 
21530 21272 21888 21576 21576 21934 21934 22018 22018 
19685 19685 22054 22054 22053 22053 22053 22053 19991 
21725 21832 19991 21546 21832 21546 22213 21013 21013 
20973.22203 21152.685428 20973.22203 21152.685428 20712 22070 22780 22780 23061 
23061 22776 22783 22893 22656 22893 22656 23463 22656 
23471 22673 23474 23474 23526.777778 23526.777778 23526.777778 23526.777778 23569 
23569 21605 21605 23573 23573 23646 23647 23651 23651 
23804 23804 23803 23803 23803 23803 20711 20711 24028 
24028 23809 23809 11067 11067 23950 23950 22228 23951 
23949 23949 15313 15313 25766 25766 25765 25769 25254 
25254 26252 25946 26252 26018 25932 25932 25932 25931 
25931 25931 26052 26052 26052 26463 26463 26464 26327 
26464 26568 26568 26834 26834 26834 26841 26841 26841 
26838 26841 22031 26838 22031 25820 26751 27169 26922 
27168 27153 27024 27634 27606 27633 27637 27637 27626 
27803 27803 27631 27631 27470 27470 27646 28222 28354 
28354 28359 28359 28351 28664 28666 28666 28668 28668 
28752 28663 28750 28750 28755 28755 28983 28981 28985 
28985 28985 28902 28991 28991 29142 29142 28990 28990 
29347 29347 28768 29324 29415 28768 29344 29450 29446 
29450 29447 29446 28579 28579 29694 29694 27691 27691 
29802 29802 29802 29802 29804 29804 29394 29297 26373 
26373 29788 29901 26296 26296 29815 29954 30032 30032 
30260 30260 30263 30263 30263 30263 29399 29399 28796 
30362 30546 30546 30679 30679 30678 30678 30678 30678 
30785 30423 30252 30252 30857 30532 30532 30912 30726 
30533 30729 30497 30731 30731 30720 30717 30722 30718 
30840 30840 30844 30838 30768 30768 30657 30657 30819 
30819 30821 30821 30762 30834 30100 30762 30693 30100 
30644 30644 30063 30063 30063 30551 30551 30551 30581 
30579 30475 30475 30474 30474 30474 30474 30477 30477 
30148 30150 29795 29879 29226 29226 29991 29947 29293 
29293 29849 29849 29403 29403 29658 29658 29508 29508 
29507 29506 29503 29503 29365 29369 29304 29304 29306 
29306 29306 29306 29327 29327 29327 29327 29227 29227 
29227 28525 28525 28525 28943 29010 29052 29052 29051 
29051 29051 29051 28996 28996 28931 28941 28848 28445 
28782 28847 28552 28552 28290 28290 28294 28181 28065 
28086 28087 28172 28088 28088 28175 28083 28090 28090 
28091 28091 27762 27762 28103 28102 28104 28104 28104 
28074 28074 28074 27935 27935 28105 28105 28105 28105 
27929 27929 28145 28145 28199 28200 28199 27977 27752 
27977 27752 27622 23250 23250 28424 28424 28347 28347 
28274 28274 27623 28029 26877 28411 28529 28529 29025 
29025 29025 29034 29034 29034 29081 27980 29081 29038 
29063 28670 28629 28436 25856 25856 29256 26801 29162 
29162 29442 29337 29442 29444 29443 29441 29443 28540 
28540 29404 28338 28338 28338 27464 29255 27464 29563 
29563 29559 29559 29559 29560 29560 29600 29743 29743 
29746 29746 29749 29749 29748 29748 29748 29772 29772 
29772 29772 29773 29773 29773 29874 29874 29874 29875 
29875 29875 29871 29871 29179 29889 29892 29892 29892 
30090 30091 30091 30089 30024 30080 30080 30437 30437 
30450 30439 30449 30449 30539 30539 30666 30666 30796 
30796 30909 30904 30534 30909 30045 30534 30987 30987 
30985 30879 31006 31033 31036 31036 1762 31037 31040 
30954 31008 31008 31125 31125 31203 31203 31137 31137 
31087 31260 31259 31340 31340 31342 31344 31344 31532 
31532 31534 31292 31298 31450 31097 31514 31514 31212 
31449 31577 31576 31576 31702 31702 31701 31701 31701 
31701 31699 31699 31667 31593 31598 31597 31599 31599 
31851 31579 31503 31503 31921 31921 31924 31921 31925 
31923 31643 31643 31953 31953 31523 31523 32041 32041 
32040 32042 32043 32043 32038 31875 31875 32022 32022 
31967 31967 32054 32053 32054 31965 31965 32062 32062 
32214 32062 32214 32104 32174 32104 32238 32239 32237 
32239 31789 31789 32251 32251 32251 32249 32249 32249 
25311 25311 25311 30982 32004 32004 32387 32387 30383 
30383 30383 31775 31775 31775 32516 31775 32580 31775 
32581 32581 32583 32581 32517 32583 32375 32375 32556 
32506 32506 32559 32559 32564 32564 32313 32545 32822 
32823 32823 32204 32204 33178 32555 32652 32807 32652 
32547 32547 32980 32982 32982 32982 32489 32489 32489 
33156 33156 33564 33564 33360 33565 33360 33362 33773 
33775 33774 33775 33554 32812 33554 33555 33584 33761 
33584 33580 33580 33157 34025 34025 34028 34028 33781 
34292 34015 34015 34037 34035 34035 33318 33498 33498 
33499 33245 34811 33499 34810 33501 34812 34812 34524 
34808 33348 34809 32758 32758 32938 33244 34840 33244 
34839 34839 34236 34481 34518 34481 34518 33476 34782 
33536 34719 34719 34724 34724 33678 34721 33111 33111 
33674 33670 33674 32907 33457 33457 33462 34467 34407 
34407 33993 34474 33049 33993 33704 33049 33704 34687 
33705 33705 34651 34651 34655 34655 34697 34697 34697 
34696 34604 34696 34155 34618 34616 34612 34611 34611 
34613 34613 35010 34191 35009 35010 35009 35012 35008 
35011 35007 35007 34817 34628 35144 35144 35144 35139 
35139 35139 35366 35140 35365 35365 35364 35368 34620 
35150 34856 34856 34086 35373 35480 35484 35491 35491 
31980 31980 35445 35445 33686 35486 35512 35512 34317 
35610 35346 35346 34273 35552 35690 35690 35686 35686 
35688 35687 35668 35688 35550 35550 35443 35443 35821 
35821 34841 34841 35345 34841 34950 34950 36089 36089 
36046 36303 36302 36302 36436 36439 36439 36443 35922 
36438 36118 36118 37425 37191 37472 37641 37620 37460 
37782 37764 37783 36545 38036 37783 37440 37421 37769 
37769 37758 37758 36287 36287 37874 37874 37865 37865 
37865 37866 37867 37866 37728 37199 37402 37120 37364 
37364 37365 37364 37365 37363 36869 36869 37154 37154 
36658 36658 37341 37341 37342 37340 36528 36528 37317 
37317 37121 37312 35899 37053 37087 36820 36798 37086 
36785 36598 37075 36785 37075 37076 37080 37075 37079 
37079 36190 36190 37045 37045 37046 37013 37017 37017 
37017 35602 35602 35995 37011 37011 37007 37007 37032 
37032 37002 37003 34313 37002 36977 36975 36600 36706 
36706 35962 37539 37541 36594 37541 37127 37224 37678 
37815 38216 38216 38659 38661 38667 38667 38851 38851 
38270 38270 38644 38644 39302 39460 32140 32140 36233 
36233 39926 39926 38668 40421 40423 40422 38959 38457 
41436 41436 41437 41437 39809 38829 42189 39809 40367 
40367 32394 32394 42575 42575 43581 43581 43581 43581 
43584 43584 43574 43574 44149 41513 44148 44148 43233 
43233 44722 41512 44724 44724 44709 44709 44709 45203 
45203 45203 45201 45202 45168 45168 45170 45164 44758 
44758 44780 45214 44779 44779 42570 42570 43651 43651 
42738 42738 42738 42322 42322 42322 42321 43160 44811 
44811 43677 43677 45220 45220 43207 43207 44800 44803 
45282 45282 45297 45297 45301 45301 45288 45293 45290 
45290 45315.80653 45315.80653 45315.80653 45315.80653 45326 45326 45326 45323 
43738 43683 43683 43733 46256 43733 43183 43183 45271 
43218 45271 43218 45276 45276 44273 43198 45262 43726 
45261 45261 45261 44277 44790 44277 44790 44248 44822 
44822 42761 43193 43197 43193 42697 42693 40925 42313 
40864 42315 42718 42715 42717 42717 41011 41011 40233 
40233 38475 38475 38475 38475 41477 38475 41599 41599 
39304 39304 41120 41120 41120 41120 39208 39208 41529 
41529 39519 39519 39674 39674 39674 39278 32263 39278 
40614 40614 40615 40615 40576 40576 40590 40588 40590 
40588 39059 39059 38064 38064 38064 39750 39750 39750 
39249 39994 39994 39747 39746 39746 39736 39736 40547 
40547 40547 40547 40547 40543 40543 40543 40542 40542 
40542 40542 40488 40490 40574 40574 39690 39690 40951 
40952 40952 40957 39210 39210 41467 41467 41468 41468 
41470 41491 41484 41484 36546 36546 41819 41819 41878 
41883 40942 40942 40944 42178 42175 42178 42508 42508 
41851 41851 40946 40946 39052 39052 39052 39052 42541 
42541 42542 42542 42542 42542 41850 43484 43016 43484 
40839 41755 41755 38842 44012 44012 43378 43378 41009 
44035 42939 42939 42976 44006 43453 44006 42440 35507 
42440 42936 42539.658092 42946.594284 42539.658092 42946.594284 42995 42995 43970 
43970 43995.071429 43985.785714 43995.071429 43985.785714 43997 43987 43983.064637 43978.638782 
43983.064637 43978.638782 43972 43972 43466 43466 43974 43974 43974 
43974 40143 40143 43418 43980 44647 43418 44646 44646 
43444 44646 44643 42601 44644 44644 39504 39504 43530 
43530 44017 44017 44089 44124 44120 43054 44698 42088 
44697 44693 44703 44696 44695 44696 43096 44173 43600 
44172 43600 43531 44182 44182 45154 45146 44179 44179 
43669 43669 43154 43154 43123 43123 41953 43123 41953 
39922 37510 37510 46224 44257 46225 46225 46226 46226 
42640 42640 42999 42640 24261 42999 44242 24261 46265 
46265 46274 46274 46275 46275 46275 46275 45793 46275 
45793 44292 45831 44292 45831 42860 46910 46323 46899 
41813 47892 47892 47887 47887 47887 47887 47928 47928 
47931 47931 47929 47929 47472 47472 47941 47941 45336 
45336 46921 46921 48357 48358 46888 46888 49097 49097 
49096 49096 41991 48339 49060 49060 49538 49540 45988 
49562 43630 44738 49914 49914 50287 50287 48365 48365 
50283 50283 51709 51709 53696.32816 53696.32816 53696.32816 53696.32816 53941 
53941 52364 52364 54676 52364 54676 54687 53197 50676 
53197 51499.777778 53197 51499.777778 53197 54383 48338 51696 54555 
55219 55236 55235 55237 55235 55234 55234 53483 53483 
55093 55387 55389 55389 55403 55403 55406 55406 55406 
55405 55405 55405 32230 32230 54882 54882 55601 52754 
56063 56065 56066 56066 52291 56296 56298 56296 56300 
56300 55432 55432 56308 56308 56524 56524 56315 56315 
57340 32049 57339 57336 57336 57363 58147 58147 58146 
58145 58145 57203 56803 56803 58573 58573 58573 58573 
58571 58573 58572 58572 58572 50851 50851 58584 58583 
58583 58583 58578 58578 58578 58565 58565 58565 58565 
58153 57757 58552 58551 59013 58551 59023 59023 59022 
59023 59028 59022 59027 59027 59037 57645 57887 57887 
59629 57728 57728 59370 57740 57740 59638 57740 59633 
59633 59376 59376 51305 59046 59842 59840 59843 59843 
59644 59644 59050 59050 59481 59481 59481 59481 60106 
60106 60617 60617 60968 60968 57650 57650 60973 60644 
59630 60974 60794 60794 57075 57075 60977 60977 60930 
60930 60640 60640 60990 60990 61787 61787 61799 61799 
58884 58884 61949 61949 61947 61947 61947 61957 61957 
56520 62170 62170 62168 62168 61653 61653 61653 61995 
61995 61995 62199 62199 62355 62355 62217 62217 62325 
62325 62235 62232 61818 62239 62066 62242 62371 62242 
62370 62370 62372 62372 62372 62372 62372 62038 62038 
62038 62038 62040 58409 58409 62026 62026 62364 62364 
62246 62246 61857 61857 61857 61857 62552 62552 62562 
62685 62398 62398 62397 62397 62545 62545 62920 62920 
57908 57908 62916 62916 62939 62939 62424 62449 63084 
63089 62981 62981 61708 62981 61115 61115 63538 63538 
63538 63538 63538 63540 63540 63540 63268 62869 62223 
62223 63254 63254 63542 63542 62071 62940 62711 62711 
63806 63804 63802 63802 57623 57623 57623 57623 64077 
64084 64077 63559 63265 63559 62927 62927 63341 63329 
63551 63551 64394 64394 64408 64408 62753 64408 64361 
62753 64760 64764 64919 64919 64920 65078 64595 65078 
62637 62637 61865 61865 61865 61865 64271 64271 64271 
64271 62794 62794 62794 62794 64078 64078 64078 64078 
64508 64508 64508 64508 65242 65243 62508 62508 65096 
65096 65096 65096 65070 65096 64926 65070 64799 64799 
65256 65256 63171 63171 61037 61037 63079 63079 65490 
65490 65942 65942 65942 65942 65937 65937 65749 65749 
66140 65841 65790 65841 65359 66428 66131 66131 66429 
66180 66448 66448 66453 66448 66670 65963 66681 66680 
66690 66690 66690 66692 66692 66692 66633 66633 67138 
67138 67139 67139 67139 67139 66704 66704 67143 67143 
67143 66477 66887 66887 67389 67390 67522 67390 67380 
67526 67524 67524 66902 67525 66902 67519 67718 67717 
65250 65250 65250 66898 66159 66898 67726 66863 67176 
67176 67176 67731 67731 67731 67728 67729 67692 67692 
67725 67725 67837 67837 67837 67837 67910 67840 67910 
67860 67831 67860 67909 67831 67943 67934 67911 67906 
67912 67912 67862 67427 67865 67865 67902 67917 67825 
67916 67914 67825 66889 66889 67590 67590 66784 66784 
66784 66784 66784 65805 67491 67491 67497 67497 67355 
67355 67354 67354 67354 67354 67146 67146 67330 67330 
67327 67327 65641 65641 65641 65641 66160 66160 66875 
66875 66364 66364 66645 66645 66645 66645 66164 66164 
66441 66440 66441 66435 65966 65288 65398 65398 66144 
66144 65311 65404 64989 64989 65763 65763 65621 64257 
65496 65496 64600 65478 63368 65478 57511 63368 64977 
57511 64253 64253 62887 64498 64610 62887 60425 60425 
65130 65130 65128 65128 64849 64849 64967 64967 64961 
64961 64958 64958 64936 64936 64830 63444 64833 64833 
64833 64832 64832 64832 64416 64416 64639 64639 64641 
64448 64445 64642 63918 64642 63918 64633 64631 64631 
64429 64429 63834 63566 64133 64129 64146 64129 64146 
64117 63859 63829 64176 64116 64177 64143 64142 64160 
64145 64144 64138 64138 64137 64137 64196 63846 64196 
64198 64197 64200 64194 64201 64194 64184 57743 57743 
57933 57933 4153 4153 3764 3764 3470 3470 3470 
4459 4457 4457 4242 4242 1705 1705 3939 3939 
4601 4601 2650 6042 4763 6043 2649 2401 2649 
5188 5188 4842 3979 5187 5274 5274 5270 2575 
4847 4847 7082 5861 6923 6998 7005 6917 6919 
6406 4861 7416 7003 7003 7229 7223 6996 6305 
6996 5712 5969 7572 7578 7580 7578 6714 7691 
7685 7684 1933 7683 7683 7958 7958 8194 8194 
8184.62518 8184.62518 8184.62518 8184.62518 8181 8181 6696 6696 6560 
6560 6563 6563 6563 5242 6509 5242 6360 6360 
6290.6597938 6290.6597938 6290.6597938 6290.6597938 6208 6208 4437 4437 6226 
6226 3900.56592 3900.56592 3900.56592 3900.56592 3477 3477 5321 5321 
5319 5319 5020 4257 4040 4040 4005 4005 4917 
4917 4502 4502 4530 4502 4531 4531 4528.0337079 4528.0337079 
4528.0337079 4528.0337079 4515 4515 4104 4104 4397 4397 
EdgePCoordArray 1 14440 double
0 0 0 0.592 0 0 0 0 0 
0.148 0.16 0.168 0.992 0.004 0.892 0 0.18 0 
0.56 0.172 0.908 0.388 0.016 0 0.244 0.232 0.584 
0.156 0.232 0.108 0.16 0.288 0 0 0 0 
0.4230536 0.4230536 0.944 0.048 0.976 0 0 0.972 0.672 
0 0 0.108 0 0.42133333333 0.42133333333 0.632 0.288 0.252 
0.12 0 0 0.332 0.244 0.648 0.164 0 0 
0 0.956 0 0.484 0 0.932 0 0 0 
0.276 0.236 0.304 0 0 0 0.896 0 0 
0.144 0.468 0.76 0.596 0.484 0.732 0 0.872 0.028 
0.768 0 0 0 0.068 0 0.996 0 0.232 
0.944 0 0 0 0.048 0 0 0.284 0 
0.032 0.364 0.244 0.66 0.664 0 0 0 0 
0 0 0 0.792 0.172 0 0.492 0.824 0.244 
0.708 0.632 0.816 0.712 0.02 0.008 0 0.948 0.048 
0.968 0 0.92 0.208 0.916 0.804 0 0.384 0.988 
0.012 0 0.744 0 0 0.168 0.94 0.78 0.124 
0 0 0.008 0 0 0.688 0.252 0 0 
0 0 0.988 0.98 0.548 0 0.72 0.82 0.06 
0 0.808 0.324 0 0 0 0.04 0 0 
0 0 0.008 0.996 0.584 0.652 0.808 0.724 0.388 
0.092 0.924 0.02 0 0 0 0.616 0.44 0.52 
0.316 0 0 0 0.992 0.864 0.888 0.352 0.684 
0.756 0.804 0 0 0 0 0.592 0 0 
0 0 0 0.148 0.16 0.168 0.992 0.004 0.892 
0 0.18 0 0.56 0.172 0.908 0.388 0.016 0 
0.244 0.232 0.584 0.156 0.232 0.108 0.16 0.288 0 
0 0 0 0 0 0 0 0 0.464 
0.744 0 0 0 0 0 0.204 0.12 0.98 
0.988 0.636 0.404 0.98 0.136 0.08079488 0.08079488 0 0.404 
0.148 0.452 0 0 0 0.92 0 0.062181818182 0.062181818182 
0.072 0.516 0.772 0.012 0.968 0 0 0.264 0 
0.072 0 0 0 0 0.712 0 0 0 
0.072 0.04 0 0 0.036 0 0 0 0.236 
0.488 0.032 0.34 0.936 0.536 0.14 0.86 0.644 0.36 
0 0 0.148 0 0.02 0 0.388 0.444 0 
0.448 0 0.084 0 0 0.192 0.152 0.956 0.988 
0 0 0.68 0.62 0.936 0 0 0 0.108 
0 0.976 0 0.972 0.528 0 0 0.104 0 
0 0.992 0 0 0 0.988 0 0.548 0.916 
0 0.02 0 0 0.084 0 0.004 0 0 
0.344 0.8 0.048 0.216 0.428 0.464 0.392 0.592 0.576 
0 0.204 0.056 0 0.112 0 0 0 0.096 
0 0.184 0 0 0 0.296 0 0.14 0.292 
0 0 0.944 0.932 0.992 0.056 0 0.936 0 
0 0.864 0 0 0.764 0.592 0 0 0.2 
0.832 0 0 0 0 0 0.168 0 0 
0.996 0 0 0 0 0 0 0 0.856 
0.936 0.896 0.576 0.988 0 0 0 0 0 
0 0 0 0 0 0 0 0.048 0 
0.34 0.176 0 0 0 0.576 0 0.86 0.94 
0 0.972 0 0.508 0.428 0.72 0.004 0 0 
0 0 0.98 0 0.676 0 0 0 0.828 
0.828 0 0.328 0 0.2 0.924 0 0 0 
0 0 0 0 0 0.108 0 0 0.748 
0 0.616 0.104 0.108 0 0 0.98 0 0 
0.024 0.208 0 0 0 0 0.984 0 0.88 
0.532 0.24 0.16 0 0.916 0.912 0 0.34 0 
0.52 0.32 0.1 0.2 0 0 0 0.228 0.18 
0 0.428 0 0 0.404 0.24 0.068 0 0 
0 0.236 0.752 0 0.18 0.46 0.364 0 0 
0 0.008 0.028 0.924 0.588 0.096 0 0 0 
0 0 0.896 0 0.44 0.652 0.644 0 0.708 
0.54 0.049345200001 0.049345200001 0 0.848 0.804 0.564 0.504 0.248 
0.832 0 0 0.424 0 0.644 0.908 0.454 0.454 
0 0 0.996 0 0 0 0 0 0 
0.084 0.032 0 0 0 0.428 0.208 0 0 
0 0 0 0.788 0.256 0.948 0.852 0.012 0 
0 0 0 0 0.052 0 0 0 0 
0.444 0.268 0.992 0.676 0.04 0 0 0 0 
0 0 0 0.088 0.98 0 0 0.38 0 
0 0 0 0.592 0 0 0 0 0 
0.148 0.16 0.168 0.992 0.004 0.892 0 0.18 0 
0.56 0.172 0.908 0.388 0.016 0 0.244 0.232 0.584 
0.156 0.232 0.108 0.16 0.288 0 0 0 0 
0 0 0 0 0 0.464 0.744 0 0 
0 0 0 0 0 0 0 0 0 
0.996 0 0 0 0 0.924 0 0 0 
0 0.812 0.38 0.96 0 0 0 0 0 
0 0 0 0.088 0 0 0.752 0 0 
0.968 0 0 0 0 0.044 0.136 0 0 
0.068 0 0.168 0 0 0 0 0.624 0.52 
0.676 0.148 0.932 0.42 0 0 0 0 0.996 
0 0.968 0 0.064 0 0 0 0 0 
0 0 0 0.9 0.98 0.576 0.992 0.992 0 
0.96 0 0.096 0 0.184 0.872 0 0.22 0.536 
0.676 0 0.984 0 0 0.712 0 0 0 
0 0 0 0 0 0 0 0 0.16 
0 0.92 0.332 0 0.688 0.68673684211 0.68673684211 0.672 0 
0 0 0 0 0 0 0 0.152 0 
0.024 0.924 0 0 0 0 0 0 0.272 
0.964 0.384 0 0.824 0.152 0.12 0.084 0.252 0 
0 0 0 0.592 0 0 0 0 0 
0.148 0.16 0.168 0.992 0.004 0.892 0 0.18 0 
0.56 0.172 0.908 0.388 0.016 0 0.244 0.232 0.584 
0.156 0.232 0.108 0.16 0.288 0 0 0 0 
0 0 0 0 0 0.464 0.744 0 0 
0 0 0 0 0 0 0 0 0 
0.996 0 0 0 0 0.924 0 0 0 
0 0.812 0.38 0.96 0 0 0 0 0 
0 0 0 0.088 0 0 0.752 0 0 
0.968 0 0 0 0 0.044 0.136 0 0 
0.068 0 0.168 0 0 0 0 0.624 0.52 
0.676 0.148 0.932 0.42 0 0 0 0 0.996 
0 0.968 0 0.064 0 0 0 0 0 
0 0 0 0.9 0.98 0.576 0.992 0.992 0 
0.96 0 0.096 0 0.184 0.872 0 0.22 0.536 
0.676 0 0.984 0 0 0.712 0 0 0 
0 0 0 0 0 0 0 0 0.16 
0 0.92 0.332 0 0.688 0.68673684211 0.68673684211 0.672 0 
0 0 0 0 0 0 0 0.152 0 
0.024 0.924 0 0.04 0.888 0.964 0.832 0.904 0 
0.972 0.84072727273 0.84072727273 0 0.016 0.008 0 0 0.004 
0.872 0.092 0 0.856 0.87866666667 0.87866666667 0.924 0 0.9 
0 0.672 0.208 0 0 0 0.896 0.464 0.76 
0 0 0.196 0 0.468 0 0 0.676 0 
0 0.996 0 0 0.912 0.672 0.336 0.844 0.484 
0 0.932 0 0 0.208 0 0.668 0 0.132 
0.008 0.992 0.368 0 0 0 0.152 0 0.968 
0.988 0 0.624 0.588 0.936 0.048 0.516 0.212 0.004 
0.072 0.668 0.116 0.472 0.224 0 0 0.172 0.92 
0 0.98 0 0 0.96 0 0 0 0.216 
0.58 0.796 0.548 0.636 0.412 0.976 0.256 0.14 0.688 
0.316 0.864 0.176 0.776 0.916 0 0 0 0 
0.592 0 0 0 0 0 0.148 0.16 0.168 
0.992 0.004 0.892 0 0.18 0 0.56 0.172 0.908 
0.388 0.016 0 0.244 0.232 0.584 0.156 0.232 0.108 
0.16 0.288 0 0 0 0 0 0 0 
0 0 0.464 0.744 0 0 0 0 0 
0.204 0.12 0.98 0.988 0.636 0.404 0.98 0.136 0.08079488 
0.08079488 0 0.404 0.148 0.452 0 0 0 0.92 
0 0.062181818182 0.062181818182 0.072 0.516 0.772 0.012 0.968 0 
0 0.264 0 0.072 0 0 0 0 0.712 
0 0 0 0.072 0.04 0 0 0.036 0 
0 0 0.236 0.488 0.032 0.34 0.936 0.536 0.14 
0.86 0.644 0.36 0 0 0.148 0 0.02 0 
0.388 0.444 0 0.448 0 0.084 0 0 0.192 
0.152 0.956 0.988 0 0 0.68 0.62 0.936 0 
0 0 0.108 0 0.976 0 0.972 0.528 0 
0 0.104 0 0 0.992 0 0 0 0.988 
0 0.548 0.916 0 0.02 0 0 0.084 0 
0.004 0 0 0.344 0.8 0.048 0.216 0.428 0.464 
0.392 0.592 0.576 0 0.204 0.056 0 0.112 0 
0 0 0.096 0 0.184 0 0 0 0.296 
0 0.14 0.292 0 0 0.944 0.932 0.992 0.056 
0 0.936 0 0 0.864 0 0 0.764 0.592 
0 0 0.2 0.832 0 0 0 0 0 
0.168 0 0 0.996 0 0 0 0 0 
0 0 0.856 0.936 0.896 0.576 0.988 0 0 
0 0 0 0 0 0 0 0 0 
0 0.048 0 0.34 0.176 0 0 0 0.576 
0 0.86 0.94 0 0.972 0 0.508 0.428 0.72 
0.004 0 0 0 0 0.98 0 0.676 0 
0 0 0.828 0.828 0 0.328 0 0.2 0.924 
0 0 0 0 0 0 0 0 0.108 
0 0 0.748 0 0.616 0.104 0.108 0 0 
0.98 0 0 0.024 0.208 0 0 0 0 
0.984 0 0.88 0.532 0.24 0.16 0 0.916 0.912 
0 0.34 0 0.52 0.32 0.1 0.2 0 0 
0 0.228 0.18 0 0.428 0 0 0.404 0.24 
0.068 0 0 0 0.236 0.752 0 0.18 0.46 
0.364 0 0 0 0.008 0.028 0.924 0.588 0.096 
0 0 0 0 0 0.896 0 0.024 0.024 
0 0 0 0 0 0 0 0 0 
0 0 0 0 0.18 0 0.10015384615 0.10015384615 0.744 
0 0.248 0 0.216 0.988 0 0.972 0 0.352 
0.424 0.116 0.1 0.908 0 0.084 0.44 0 0 
0.652 0.868 0.012 0.236 0 0 0.068 0.008 0 
0 0.996 0 0 0.816 0.088 0 0 0.364 
0 0.024 0 0.984 0 0 0 0.992 0 
0.148 0 0.384 0.996 0 0 0.06 0 0.984 
0.98 0.732 0 0.416 0.524 0.472 0 0 0.252 
0.096 0.628 0 0.276 0 0 0.964 0 0.988 
0 0.928 0 0 0 0 0 0.132 0.076 
0.008 0 0 0.948 0 0 0.956 0.92 0.056 
0.816 0.628 0 0.16 0.632 0.796 0 0 0 
0.052 0 0.892 0 0 0 0 0.032 0.736 
0.16 0 0 0.424 0.56 0.324 0.228 0.02 0.04 
0.672 0.036 0 0 0 0.084 0 0.972 0 
0 0.064 0 0.272 0.044 0 0 0 0 
0 0 0 0 0.984 0 0.78 0 0.236 
0.688 0 0 0.168 0 0 0 0.92 0 
0.988 0 0 0 0.1 0.384 0 0 0 
0.02 0 0.996 0 0 0.992 0 0.348 0.224 
0 0.944 0 0 0.844 0 0.004 0 0 
0 0 0 0 0.692 0.344 0.836 0 0 
0.464 0 0.764 0.368 0.8 0.488 0.948 0.032 0 
0 0 0.884 0.076 0.948 0 0.932 0.628 0.192 
0 0 0.112 0 0.368 0 0 0 0 
0 0 0 0.996 0 0.592 0 0 0 
0 0 0 0 0 0 0 0 0 
0 0 0.96 0 0.948 0 0 0 0 
0.62 0.44 0 0 0 0.048 0 0 0.14 
0 0 0.836 0 0 0 0.936 0 0.996 
0 0 0 0 0 0.084 0 0.428 0.552 
0.952 0 0 0 0.912 0 0.112 0 0 
0.328 0 0.768 0.868 0 0 0.124 0 0 
0.544 0.272 0 0.888 0.924 0 0 0 0.992 
0 0 0 0 0.188 0 0.988 0 0 
0 0 0 0 0 0.296 0 0 0 
0 0 0 0.648 0.908 0.224 0.008 0 0.708 
0.712 0.216 0.144 0.896 0.392 0.68 0.44 0.304 0 
0.696 0.82 0.772 0.852 0 0 0.008 0 0.428 
0.428 0.648 0.9 0 0 0 0 0.896 0 
0.012 0 0 0 0 0.332 0.944 0.084 0 
0 0.816 0.46 0 0 0 0 0 0 
0 0.036 0 0 0 0 0 0 0 
0 0 0 0 0 0 0.02 0 0 
0.832 0.084 0.964 0 0.064 0 0.9 0.044 0.928 
0 0.04533888 0.04533888 0.048 0.58 0.04 0.488 0.752 0 
0 0.024 0 0 0.956 0 0 0.24 0 
0.676 0 0.964 0.872 0 0.048 0 0 0 
0 0 0 0 0 0 0 0 0.688 
0.492 0.188 0.988 0 0 0 0 0.04 0 
0.028 0 0 0 0 0.928 0 0 0 
0.06 0.652 0.412 0.556 0.148 0.632 0.98 0 0.7 
0 0 0 0.396 0 0.98 0 0.92 0.712 
0.464 0 0 0.98 0 0 0 0 0.852 
0 0 0 0 0.036 0 0 0 0.964 
0 0.968 0.832 0 0.92 0.508 0.228 0 0.548 
0 0.004 0 0 0 0.888 0 0 0 
0 0 0 0 0.952 0.24 0.148 0 0 
0 0 0.056 0.604 0.772 0 0.704 0.768 0.272 
0 0.484 0.752 0 0 0 0 0 0.196 
0.388 0.972 0 0 0.976 0 0.448 0 0.16 
0.156 0.416 0.984 0.984 0 0 0 0 0 
0.0226366 0.0226366 0.38 0.268 0.824 0.692 0 0 0 
0 0 0 0.464 0.22 0.812 0 0.224 0 
0 0 0 0.624 0.844 0.6 0 0 0 
0 0.592 0 0 0 0 0 0.148 0.16 
0.168 0.992 0.004 0.892 0 0.18 0 0.56 0.172 
0.908 0.388 0.016 0 0.244 0.232 0.584 0.156 0.232 
0.108 0.16 0.288 0 0 0 0 0 0 
0 0 0 0.464 0.744 0 0 0 0 
0 0.204 0.12 0.98 0.988 0.636 0.404 0.98 0.136 
0.08079488 0.08079488 0 0.404 0.148 0.452 0 0 0 
0.92 0 0.062181818182 0.062181818182 0.072 0.516 0.772 0.012 0.968 
0 0 0.264 0 0.072 0 0 0 0 
0.712 0 0 0 0.072 0.04 0 0 0.036 
0 0 0 0.236 0.488 0.032 0.34 0.936 0.536 
0.14 0.86 0.644 0.36 0 0 0.148 0 0.02 
0 0.388 0.444 0 0.448 0 0.084 0 0 
0.192 0.152 0.956 0.988 0 0 0.68 0.62 0.936 
0 0 0 0.108 0 0.976 0 0.972 0.528 
0 0 0.104 0 0 0.992 0 0 0 
0.988 0 0.548 0.916 0 0.02 0 0 0.084 
0 0.004 0 0 0.344 0.8 0.048 0.216 0.428 
0.464 0.392 0.592 0.576 0 0.204 0.056 0 0.112 
0 0 0 0.096 0 0.184 0 0 0 
0.296 0 0.14 0.292 0 0 0.944 0.932 0.992 
0.056 0 0.936 0 0 0.864 0 0 0.764 
0.592 0 0 0.2 0.832 0 0 0 0 
0 0.168 0 0 0.996 0 0 0 0 
0 0 0 0.856 0.936 0.896 0.576 0.988 0 
0 0 0 0 0 0 0 0 0 
0 0 0.048 0 0.34 0.176 0 0 0 
0.576 0 0.86 0.94 0 0.972 0 0.508 0.428 
0.72 0.004 0 0 0 0 0.98 0 0.676 
0 0 0 0.828 0.828 0 0.328 0 0.2 
0.924 0 0 0 0 0 0 0 0 
0.108 0 0 0.748 0 0.616 0.104 0.108 0 
0 0.98 0 0 0.024 0.208 0 0 0 
0 0.984 0 0.88 0.532 0.24 0.16 0 0.916 
0.912 0 0.34 0 0.52 0.32 0.1 0.2 0 
0 0 0.228 0.18 0 0.428 0 0 0.404 
0.24 0.068 0 0 0 0.236 0.752 0 0.18 
0.46 0.364 0 0 0 0.008 0.028 0.924 0.588 
0.096 0 0 0 0 0 0.896 0 0.024 
0.024 0 0 0 0 0 0 0 0 
0 0 0 0 0 0.18 0 0.10015384615 0.10015384615 
0.744 0 0.248 0 0.216 0.988 0 0.972 0 
0.352 0.424 0.116 0.1 0.908 0 0.084 0.44 0 
0 0.652 0.868 0.012 0.236 0 0 0.068 0.008 
0 0 0.996 0 0 0.816 0.088 0 0 
0.364 0 0.024 0 0.984 0 0 0 0.992 
0 0.148 0 0.384 0.996 0 0 0.06 0 
0.984 0.98 0.732 0 0.416 0.524 0.472 0 0 
0.252 0.096 0.628 0 0.276 0 0 0.964 0 
0.988 0 0.928 0 0 0 0 0 0.132 
0.076 0.008 0 0 0.948 0 0 0.956 0.92 
0.056 0.816 0.628 0 0.16 0.632 0.796 0 0 
0 0.052 0 0.892 0 0 0 0 0.032 
0.736 0.16 0 0 0.424 0.56 0.324 0.228 0.02 
0.04 0.672 0.036 0 0 0 0.084 0 0.972 
0 0 0.064 0 0.272 0.044 0 0 0 
0 0 0 0 0 0.984 0 0.78 0 
0.236 0.688 0 0 0.168 0 0 0 0.92 
0 0.988 0 0 0 0.1 0.384 0 0 
0 0.02 0 0.996 0 0 0.992 0 0.348 
0.224 0 0.944 0 0 0.844 0 0.004 0 
0 0 0 0 0 0.692 0.344 0.836 0 
0 0.464 0 0.764 0.368 0.8 0.488 0.948 0.032 
0 0 0 0.884 0.076 0.948 0 0.932 0.628 
0.192 0 0 0.112 0 0.368 0 0 0 
0 0 0 0 0.996 0 0.592 0 0 
0 0 0 0 0 0 0 0 0 
0 0 0 0.96 0 0.948 0 0 0 
0 0.62 0.44 0 0 0 0.048 0 0 
0.14 0 0 0.836 0 0 0 0.936 0 
0.996 0 0 0 0 0 0.084 0 0.428 
0.552 0.952 0 0 0 0.912 0 0.112 0 
0 0.328 0 0.768 0.868 0 0 0.124 0 
0 0.544 0.272 0 0.888 0.924 0 0 0 
0.992 0 0 0 0 0.188 0 0.988 0 
0 0 0 0 0 0 0.296 0 0 
0 0 0 0 0.648 0.908 0.224 0.008 0 
0.708 0.712 0.216 0.144 0.896 0.392 0.68 0.44 0.304 
0 0.696 0.82 0.772 0.852 0 0 0.008 0 
0.428 0.428 0.648 0.9 0 0 0 0 0.896 
0 0.012 0 0 0 0 0.332 0.944 0.084 
0 0 0.816 0.46 0 0 0 0 0 
0 0 0.036 0 0 0 0 0 0 
0 0 0 0 0 0 0 0.02 0 
0 0.832 0.084 0.964 0 0 0.6 0.34 0 
0 0.264 0.22710551331 0.22710551331 0.116 0.92 0.484 0.94 0 
0.776 0.194 0.194 0 0.216 0 0 0 0 
0.784 0 0.044 0 0.028 0.332 0.188 0.024 0 
0 0 0.992 0 0.98 0 0 0.032 0 
0.028 0.016 0.112 0 0 0.736 0.564 0.624 0 
0 0.376 0.988 0.852 0.148 0 0 0 0.98 
0 0.388 0.972 0 0.676 0 0 0.344 0.524 
0.02 0.992 0 0.992 0 0.932 0.692 0 0 
0 0 0.592 0 0 0 0 0 0.148 
0.16 0.168 0.992 0.004 0.892 0 0.18 0 0.56 
0.172 0.908 0.388 0.016 0 0.244 0.232 0.584 0.156 
0.232 0.108 0.16 0.288 0 0 0 0 0 
0 0 0 0 0.464 0.744 0 0 0 
0 0 0.204 0.12 0.98 0.988 0.636 0.404 0.98 
0.136 0.08079488 0.08079488 0 0.404 0.148 0.452 0 0 
0 0.92 0 0.062181818182 0.062181818182 0.072 0.516 0.772 0.012 
0.968 0 0 0.264 0 0.072 0 0 0 
0 0.712 0 0 0 0.072 0.04 0 0 
0.036 0 0 0 0.236 0.488 0.032 0.34 0.936 
0.536 0.14 0.86 0.644 0.36 0 0 0.148 0 
0.02 0 0.388 0.444 0 0.448 0 0.084 0 
0 0.192 0.152 0.956 0.988 0 0 0.68 0.62 
0.936 0 0 0 0.108 0 0.976 0 0.972 
0.528 0 0 0.104 0 0 0.992 0 0 
0 0.988 0 0.548 0.916 0 0.02 0 0 
0.084 0 0.004 0 0 0.344 0.8 0.048 0.216 
0.428 0.464 0.392 0.592 0.576 0 0.204 0.056 0 
0.112 0 0 0 0.096 0 0.184 0 0 
0 0.296 0 0.14 0.292 0 0 0.944 0.932 
0.992 0.056 0 0.936 0 0 0.864 0 0 
0.764 0.592 0 0 0.2 0.832 0 0 0 
0 0 0.168 0 0 0.996 0 0 0 
0 0 0 0 0.856 0.936 0.896 0.576 0.988 
0 0 0 0 0 0 0 0 0 
0 0 0 0.048 0 0.34 0.176 0 0 
0 0.576 0 0.86 0.94 0 0.972 0 0.508 
0.428 0.72 0.004 0 0 0 0 0.98 0 
0.676 0 0 0 0.828 0.828 0 0.328 0 
0.2 0.924 0 0 0 0 0 0 0 
0 0.108 0 0 0.748 0 0.616 0.104 0.108 
0 0 0.98 0 0 0.024 0.208 0 0 
0 0 0.984 0 0.88 0.532 0.24 0.16 0 
0.916 0.912 0 0.34 0 0.52 0.32 0.1 0.2 
0 0 0 0.228 0.18 0 0.428 0 0 
0.404 0.24 0.068 0 0 0 0.236 0.752 0 
0.18 0.46 0.364 0 0 0 0.008 0.028 0.924 
0.588 0.096 0 0 0 0 0 0.896 0 
0.024 0.024 0 0 0 0 0 0 0 
0 0 0 0 0 0 0.18 0 0.10015384615 
0.10015384615 0.744 0 0.248 0 0.216 0.988 0 0.972 
0 0.352 0.424 0.116 0.1 0.908 0 0.084 0.44 
0 0 0.652 0.868 0.012 0.236 0 0 0.068 
0.008 0 0 0.996 0 0 0.816 0.088 0 
0 0.364 0 0.024 0 0.984 0 0 0 
0.992 0 0.148 0 0.384 0.996 0 0 0.06 
0 0.984 0.98 0.732 0 0.416 0.524 0.472 0 
0 0.252 0.096 0.628 0 0.276 0 0 0.964 
0 0.988 0 0.928 0 0 0 0 0 
0.132 0.076 0.008 0 0 0.948 0 0 0.956 
0.92 0.056 0.816 0.628 0 0.16 0.632 0.796 0 
0 0 0.052 0 0.892 0 0 0 0 
0.032 0.736 0.16 0 0 0.424 0.56 0.324 0.228 
0.02 0.04 0.672 0.036 0 0 0 0.084 0 
0.972 0 0 0.064 0 0.272 0.044 0 0 
0 0 0 0 0 0 0.984 0 0.78 
0 0.236 0.688 0 0 0.168 0 0 0 
0.92 0 0.988 0 0 0 0.1 0.384 0 
0 0 0.02 0 0.996 0 0 0.992 0 
0.348 0.224 0 0.944 0 0 0.844 0 0.004 
0 0 0 0 0 0 0.692 0.344 0.836 
0 0 0.464 0 0.764 0.368 0.8 0.488 0.948 
0.032 0 0 0 0.884 0.076 0.948 0 0.932 
0.628 0.192 0 0 0.112 0 0.368 0 0 
0 0 0 0 0 0.996 0 0.592 0 
0 0 0 0 0 0 0 0 0 
0 0 0 0 0.96 0 0.948 0 0 
0 0 0.62 0.44 0 0 0 0.048 0 
0 0.14 0 0 0.836 0 0 0 0.936 
0 0.996 0 0 0 0 0 0.084 0 
0.428 0.552 0.952 0 0 0 0.912 0 0.112 
0 0 0.328 0 0.768 0.868 0 0 0.124 
0 0 0.544 0.272 0 0.888 0.924 0 0 
0 0.992 0 0 0 0 0.188 0 0.988 
0 0 0 0 0 0 0 0.296 0 
0 0 0 0 0 0.648 0.908 0.224 0.008 
0 0.708 0.712 0.216 0.144 0.896 0.392 0.68 0.44 
0.304 0 0.696 0.82 0.772 0.852 0 0 0.008 
0 0.428 0.428 0.648 0.9 0 0 0 0 
0.896 0 0.012 0 0 0 0 0.332 0.944 
0.084 0 0 0.816 0.46 0 0 0 0 
0 0 0 0.036 0 0 0 0 0 
0 0 0 0 0 0 0 0 0.02 
0 0 0.832 0.084 0.964 0 0.064 0 0.9 
0.044 0.928 0 0.04533888 0.04533888 0.048 0.58 0.04 0.488 
0.752 0 0 0.024 0 0 0.956 0 0 
0.24 0 0.676 0 0.964 0.872 0 0.048 0 
0 0 0 0 0 0 0 0 0 
0 0.688 0.492 0.188 0.988 0 0 0 0 
0.04 0 0.028 0 0 0 0 0.928 0 
0 0 0.06 0.652 0.412 0.556 0.148 0.632 0.98 
0 0.7 0 0 0 0.396 0 0.98 0 
0.92 0.712 0.464 0 0 0.98 0 0 0 
0 0.852 0 0 0 0 0.036 0 0 
0 0.964 0 0.968 0.832 0 0.92 0.508 0.228 
0 0.548 0 0.004 0 0 0 0.888 0 
0 0 0 0 0 0 0.952 0.24 0.148 
0 0 0 0 0.056 0.604 0.772 0 0.704 
0.768 0.272 0 0.484 0.752 0 0 0 0 
0 0.196 0.388 0.972 0 0 0.976 0 0.448 
0 0.16 0.156 0.416 0.984 0.984 0 0 0.204 
0.748 0.06 0 0 0 0 0 0.328 0.388 
0.388 0 0.056 0.06 0.536 0 0 0 0 
0 0 0.02 0 0 0 0 0 0.876 
0.124 0.984 0.86777562225 0.86777562225 0.724 0.34 0 0 0.38 
0.67672727273 0.67672727273 0.924 0 0 0 0.04 0.232 0 
0 0.184 0 0 0 0 0.568 0.272 0.62 
0.956 0.512 0.208 0 0 0 0 0 0.66 
0 0.716 0 0.592 0 0 0 0 0 
0 0.272 0 0 0 0.932 0 0 0.1 
0 0.708 0.064 0 0 0 0.584 0.796 0.156 
0.168 0.096 0.04 0.248 0.844 0.34 0 0.568 0 
0 0 0 0.592 0 0 0 0 0 
0.148 0.16 0.168 0.992 0.004 0.892 0 0.18 0 
0.56 0.172 0.908 0.388 0.016 0 0.244 0.232 0.584 
0.156 0.232 0.108 0.16 0.288 0 0 0 0 
0 0 0 0 0 0.464 0.744 0 0 
0 0 0 0.204 0.12 0.98 0.988 0.636 0.404 
0.98 0.136 0.08079488 0.08079488 0 0.404 0.148 0.452 0 
0 0 0.92 0 0.062181818182 0.062181818182 0.072 0.516 0.772 
0.012 0.968 0 0 0.264 0 0.072 0 0 
0 0 0.712 0 0 0 0.072 0.04 0 
0 0.036 0 0 0 0.236 0.488 0.032 0.34 
0.936 0.536 0.14 0.86 0.644 0.36 0 0 0.148 
0 0.02 0 0.388 0.444 0 0.448 0 0.084 
0 0 0.192 0.152 0.956 0.988 0 0 0.68 
0.62 0.936 0 0 0 0.108 0 0.976 0 
0.972 0.528 0 0 0.104 0 0 0.992 0 
0 0 0.988 0 0.548 0.916 0 0.02 0 
0 0.084 0 0.004 0 0 0.344 0.8 0.048 
0.216 0.428 0.464 0.392 0.592 0.576 0 0.204 0.056 
0 0.112 0 0 0 0.096 0 0.184 0 
0 0 0.296 0 0.14 0.292 0 0 0.944 
0.932 0.992 0.056 0 0.936 0 0 0.864 0 
0 0.764 0.592 0 0 0.2 0.832 0 0 
0 0 0 0.168 0 0 0.996 0 0 
0 0 0 0 0 0.856 0.936 0.896 0.576 
0.988 0 0 0 0 0 0 0 0 
0 0 0 0 0.048 0 0.34 0.176 0 
0 0 0.576 0 0.86 0.94 0 0.972 0 
0.508 0.428 0.72 0.004 0 0 0 0 0.98 
0 0.676 0 0 0 0.828 0.828 0 0.328 
0 0.2 0.924 0 0 0 0 0 0 
0 0 0.108 0 0 0.748 0 0.616 0.104 
0.108 0 0 0.98 0 0 0.024 0.208 0 
0 0 0 0.984 0 0.88 0.532 0.24 0.16 
0 0.916 0.912 0 0.34 0 0.52 0.32 0.1 
0.2 0 0 0 0.228 0.18 0 0.428 0 
0 0.404 0.24 0.068 0 0 0 0.236 0.752 
0 0.18 0.46 0.364 0 0 0 0.008 0.028 
0.924 0.588 0.096 0 0 0 0 0 0.896 
0 0.024 0.024 0 0 0 0 0 0 
0 0 0 0 0 0 0 0.18 0 
0.10015384615 0.10015384615 0.744 0 0.248 0 0.216 0.988 0 
0.972 0 0.352 0.424 0.116 0.1 0.908 0 0.084 
0.44 0 0 0.652 0.868 0.012 0.236 0 0 
0.068 0.008 0 0 0.996 0 0 0.816 0.088 
0 0 0.364 0 0.024 0 0.984 0 0 
0 0.992 0 0.148 0 0.384 0.996 0 0 
0.06 0 0.984 0.98 0.732 0 0.416 0.524 0.472 
0 0 0.252 0.096 0.628 0 0.276 0 0 
0.964 0 0.988 0 0.928 0 0 0 0 
0 0.132 0.076 0.008 0 0 0.948 0 0 
0.956 0.92 0.056 0.816 0.628 0 0.16 0.632 0.796 
0 0 0 0.052 0 0.892 0 0 0 
0 0.032 0.736 0.16 0 0 0.424 0.56 0.324 
0.228 0.02 0.04 0.672 0.036 0 0 0 0.084 
0 0.972 0 0 0.064 0 0.272 0.044 0 
0 0 0 0 0 0 0 0.984 0 
0.78 0 0.236 0.688 0 0 0.168 0 0 
0 0.92 0 0.988 0 0 0 0.1 0.384 
0 0 0 0.02 0 0.996 0 0 0.992 
0 0.348 0.224 0 0.944 0 0 0.844 0 
0.004 0 0 0 0 0 0 0.692 0.344 
0.836 0 0 0.464 0 0.764 0.368 0.8 0.488 
0.948 0.032 0 0 0 0.884 0.076 0.948 0 
0.932 0.628 0.192 0 0 0.112 0 0.368 0 
0 0 0 0 0 0 0.996 0 0.592 
0 0 0 0 0 0 0 0 0 
0 0 0 0 0 0.96 0 0.948 0 
0 0 0 0.62 0.44 0 0 0 0.048 
0 0 0.14 0 0 0.836 0 0 0 
0.936 0 0.996 0 0 0 0 0 0.084 
0 0.428 0.552 0.952 0 0 0 0.912 0 
0.112 0 0 0.328 0 0.768 0.868 0 0 
0.124 0 0 0.544 0.272 0 0.888 0.924 0 
0 0 0.992 0 0 0 0 0.188 0 
0.988 0 0 0 0 0 0 0 0.296 
0 0 0 0 0 0 0.648 0.908 0.224 
0.008 0 0.708 0.712 0.216 0.144 0.896 0.392 0.68 
0.44 0.304 0 0.696 0.82 0.772 0.852 0 0 
0.008 0 0.428 0.428 0.648 0.9 0 0 0 
0 0.896 0 0.012 0 0 0 0 0.332 
0.944 0.084 0 0 0.816 0.46 0 0 0 
0 0 0 0 0.036 0 0 0 0 
0 0 0 0 0 0 0 0 0 
0.02 0 0 0.832 0.084 0.964 0 0.064 0 
0.9 0.044 0.928 0 0.04533888 0.04533888 0.048 0.58 0.04 
0.488 0.752 0 0 0.024 0 0 0.956 0 
0 0.24 0 0.676 0 0.964 0.872 0 0.048 
0 0 0 0 0 0 0 0 0 
0 0 0.688 0.492 0.188 0.988 0 0 0 
0 0.04 0 0.028 0 0 0 0 0.928 
0 0 0 0.06 0.652 0.412 0.556 0.148 0.632 
0.98 0 0.7 0 0 0 0.396 0 0.98 
0 0.92 0.712 0.464 0 0 0.98 0 0 
0 0 0.852 0 0 0 0 0.036 0 
0 0 0.964 0 0.968 0.832 0 0.92 0.508 
0.228 0 0.548 0 0.004 0 0 0 0.888 
0 0 0 0 0 0 0 0.952 0.24 
0.148 0 0 0 0 0.056 0.604 0.772 0 
0.704 0.768 0.272 0 0.484 0.752 0 0 0 
0 0 0.196 0.388 0.972 0 0 0.976 0 
0.448 0 0.16 0.156 0.416 0.984 0.984 0 0 
0.204 0.748 0.06 0 0 0 0 0 0.328 
0.388 0.388 0 0.056 0.06 0.536 0 0 0 
0 0 0 0.02 0 0 0 0 0.148 
0.876 0 0 0 0 0 0 0 0 
0 0 0 0 0.916 0 0.984 0 0.876 
0 0.52 0 0 0 0 0.06 0.036 0 
0.18 0.228 0.124 0.308 0.048 0 0.148 0.376 0.632 
0.588 0.32 0 0.408 0.116 0.928 0.236 0.924 0.944 
0.312 0.06 0 0 0.404 0 0 0 0.976 
0 0 0 0 0.812 0.948 0 0 0 
0.016 0 0 0.46 0.192 0.184 0.62 0 0 
0.852 0.324 0 0 0 0 0 0.592 0 
0 0 0 0 0.148 0.16 0.168 0.992 0.004 
0.892 0 0.18 0 0.56 0.172 0.908 0.388 0.016 
0 0.244 0.232 0.584 0.156 0.232 0.108 0.16 0.288 
0 0 0 0 0 0 0 0 0 
0.464 0.744 0 0 0 0 0 0 0 
0 0 0 0 0.996 0 0 0 0 
0.924 0 0 0 0 0.812 0.38 0.96 0 
0 0 0 0 0 0 0 0.088 0 
0 0.752 0 0 0.968 0 0 0 0 
0.044 0.136 0 0 0.068 0 0.168 0 0 
0 0 0.624 0.52 0.676 0.148 0.932 0.42 0 
0 0 0 0.996 0 0.968 0 0.064 0 
0 0 0 0 0 0 0 0.9 0.98 
0.576 0.992 0.992 0 0.96 0 0.096 0 0.184 
0.872 0 0.22 0.536 0.676 0 0.984 0 0 
0.712 0 0.992 0.484 0 0.804 0.79074144 0.79074144 0.692 
0.86 0 0.996 0 0.096 0 0.292 0.588 0.54 
0 0.7424 0.7424 0.928 0.984 0.356 0.552 0.04 0.144 
0 0.9 0.336 0.668 0 0 0 0 0 
0 0 0.764 0.54 0.888 0 0 0.756 0.316 
0.108 0 0 0 0 0 0.512 0.576 0.632 
0.012 0.988 0.988 0 0 0.888 0.928 0 0 
0 0 0 0.592 0.796 0.172 0.804 0 0 
0 0 0.704 0 0.056 0 0 0 0.704 
0 0 0 0 0.436 0.744 0.712 0 0.364 
0 0.832 0 0 0.18 0.012 0 0 0 
0 0.696 0.304 0.876 0 0.964 0 0 0 
0.976 0 0 0 0 0 0 0 0 
0 0 0.912 0 0.012 0 0 0 0 
0 0 0.54 0.028 0.02 0 0.976 0 0 
0 0 0.032 0.428 0 0.032 0.772 0.564 0.076 
0.032 0.408 0 0 0 0 0 0 0.684 
0.852 0.548 0.856 0.408 0.24 0.156 0.404 0 0 
0 0.98 0.988 0 0.116 0 0 0.66 0 
0 0 0.716 0.976 0 0 0 0.188 0.264 
0.008 0 0 0 0.996 0 0 0 0.624 
0.368 0.004 0 0 0 0 0 0 0 
0.32 0.696 0.124 0.14 0 0.0079291633781 0.0079291633781 0.06 0 
0 0.164 0.004 0.004 0.704 0.004 0 0 0 
0 0 0 0.316 0 0 0 0 0 
0 0 0 0 0.076 0 0 0 0.64 
0 0.524 0.412 0 0.972 0 0 0.948 0.928 
0.724 0 0 0.992 0 0.132 0.48 0.288 0.34 
0.244 0.212 0.176 0.904 0.208 0 0 0 0.48 
0 0 0.372 0 0 0.544 0 0 0.044 
0 0.024 0 0 0 0 0.436 0.688 0.584 
0.452 0.388 0 0 0 0 0 0 0.956 
0 0.936 0 0.696 0 0 0 0 0 
0.624 0 0 0 0 0.384 0 0.44 0.416 
0.648 0.016 0 0.48 0.528 0 0.032 0 0 
0 0 0.96 0.06 0.964 0 0 0.996 0 
0.844 0 0 0 0 0.308 0.592 0 0.576 
0 0 0 0 0 0.96 0 0.236 0 
0 0 0 0 0 0.996 0 0.016 0 
0 0 0 0.208 0.88 0.164 0 0 0.9 
0.92 0.436 0 0.012 0 0 0 0.456 0 
0.98 0 0 0 0 0 0 0.2 0.248 
0.408 0.628 0 0 0 0 0.244 0.984 0 
0 0.988 0 0.556 0.588 0.988 0.108 0 0.556 
0 0.38 0.52 0.284 0.416 0.356 0 0.096 0.848 
0 0 0.984 0.18 0 0 0 0 0.972 
0 0.992 0 0 0.972 0 0 0.96 0 
0.556 0 0.612 0 0 0.096 0 0 0 
0 0.144 0.792 0.72 0 0.072 0.144 0 0.248 
0.384 0 0 0 0 0.4 0.916 0.076 0 
0 0.028 0.32 0.948 0.272 0.744 0 0 0 
0 0 0.86 0.8 0 0.768 0 0 0.772 
0.204 0 0 0 0 0.316 0 0.504 0.984 
0.14 0.956 0.988 0 0 0.152 0.18 0.612 0.404 
0.628 0 0 0.98 0 0 0.604 0 0 
0 0.984 0 0.516 0.272 0 0.208 0.904 0 
0.832 0.916 0.796 0.2 0.88 0 0 0.044 0.476 
0.476 0.932 0 0.992 0 0 0 0.184 0.172 
0.952 0.956 0.628 0.2 0.14 0.664 0.016 0 0 
0.656 0 0.536 0.86 0 0.024 0.808 0.664 0 
0.248 0.096 0 0.724 0.572 0 0.884 0.124 0.028 
0.44 0 0 0.548 0 0.104 0.028 0 0.256 
0 0.06 0.248 0.856 0.06 0 0 0 0 
0.808 0.936 0.304 0.828 0 0 0.096 0.472 0.212 
0.804 0 0.972 0 0.984 0 0.028 0 0.304 
0.084 0 0.4 0.516 0 0 0 0.06 0 
0.132 0 0.804 0 0 0.104 0.82 0 0 
0 0 0.512 0 0 0.988 0 0.996 0.056 
0.948 0 0.176 0.404 0.604 0.528 0.396 0.576 0.148 
0 0 0 0 0 0.204 0.336 0.456 0.016 
0 0.648 0.236 0 0 0 0 0.056 0 
0 0.952 0.916 0.024 0.972 0.212 0.028 0.024 0.196 
0 0 0 0.308 0 0.664 0.956 0 0 
0 0.036 0.92 0.56 0.62 0.344 0.924 0.948 0.58 
0.464 0 0.932 0 0 0 0 0.848 0 
0 0 0.384 0.752 0.092 0 0 0.064 0.888 
0 0 0 0 0 0 0 0.004 0 
0 0.876 0 0 0.968 0 0.992 0 0.98 
0 0.324 0 0 0 0 0.996 0 0.98 
0 0 0 0 0.028 0 0 0 0.008 
0 0 0 0 0.344 0.868 0.608 0.668 0 
0.044 0.044 0 0.844 0.032 0 0.304 0.844 0.828 
0 0.504 0.712 0.52 0.376 0.504 0.224 0 0 
0 0 0 0.168 0 0 0 0 0 
0 0 0 0.704 0.308 0 0 0 0.004 
0.004 0 0 0.984 0 0.376 0.828 0 0 
0 0 0.992 0 0 0 0.688 0 0 
0.988 0.048 0 0 0 0.516 0 0 0 
0.04 0 0.352 0.08 0 0 0 0 0 
0 0 0 0.94 0.54 0.08 0.992 0 0 
0.824 0.268 0.108 0 0.936 0.02 0.0086772 0.0086772 0 
0.028 0.668 0.164 0.872 0.464 0.12 0 0.33703703704 0.33703703704 
0.364 0 0.164 0 0 0 0 0 0 
0 0 0 0 0.088 0 0 0 0 
0 0 0 0 0.288 0 0 0 0 
0 0.944 0 0.048 0 0 0 0 0.968 
0.9 0 0.992 0 0 0 0 0 0.972 
0 0.412 0.452 0.6 0.512 0.436 0.332 0 0 
0.96 0.004 0.004 0.796 0 0 0 0 0.04 
0 0.736 0.836 0 0 0 0 0.592 0 
0 0 0 0 0.148 0.16 0.168 0.992 0.004 
0.892 0 0.18 0 0.56 0.172 0.908 0.388 0.016 
0 0.244 0.232 0.584 0.156 0.232 0.108 0.16 0.288 
0 0 0 0 0 0 0 0 0 
0.464 0.744 0 0 0 0 0 0.204 0.12 
0.98 0.988 0.636 0.404 0.98 0.136 0.08079488 0.08079488 0 
0.404 0.148 0.452 0 0 0 0.92 0 0.062181818182 
0.062181818182 0.072 0.516 0.772 0.012 0.968 0 0 0.264 
0 0.072 0 0 0 0 0.712 0 0 
0 0.072 0.04 0 0 0.036 0 0 0 
0.236 0.488 0.032 0.34 0.936 0.536 0.14 0.86 0.644 
0.36 0 0 0.148 0 0.02 0 0.388 0.444 
0 0.448 0 0.084 0 0 0.192 0.152 0.956 
0.988 0 0 0.68 0.62 0.936 0 0 0 
0.108 0 0.976 0 0.972 0.528 0 0 0.104 
0 0 0.992 0 0 0 0.988 0 0.548 
0.916 0 0.02 0 0 0.084 0 0.004 0 
0 0.344 0.8 0.048 0.216 0.428 0.464 0.392 0.592 
0.576 0 0.204 0.056 0 0.112 0 0 0 
0.096 0 0.184 0 0 0 0.296 0 0.14 
0.292 0 0 0.944 0.932 0.992 0.056 0 0.936 
0 0 0.864 0 0 0.764 0.592 0 0 
0.2 0.832 0 0 0 0 0 0.168 0 
0 0.996 0 0 0 0 0 0 0 
0.856 0.936 0.896 0.576 0.988 0 0 0 0 
0 0 0 0 0 0 0 0 0.048 
0 0.34 0.176 0 0 0 0.576 0 0.86 
0.94 0 0.972 0 0.508 0.428 0.72 0.004 0 
0 0 0 0.98 0 0.676 0 0 0 
0.828 0.828 0 0.328 0 0.2 0.924 0 0 
0 0 0 0 0 0 0.108 0 0 
0.748 0 0.616 0.104 0.108 0 0 0.98 0 
0 0.024 0.208 0 0 0 0 0.984 0 
0.88 0.532 0.24 0.16 0 0.916 0.912 0 0.34 
0 0.52 0.32 0.1 0.2 0 0 0 0.228 
0.18 0 0.428 0 0 0.404 0.24 0.068 0 
0 0 0.236 0.752 0 0.18 0.46 0.364 0 
0 0 0.008 0.028 0.924 0.588 0.096 0 0 
0 0 0 0.896 0 0.024 0.024 0 0 
0 0 0 0 0 0 0 0 0 
0 0 0.18 0 0.10015384615 0.10015384615 0.744 0 0.248 
0 0.216 0.988 0 0.972 0 0.352 0.424 0.116 
0.1 0.908 0 0.084 0.44 0 0 0.652 0.868 
0.012 0.236 0 0 0.068 0.008 0 0 0.996 
0 0 0.816 0.088 0 0 0.364 0 0.024 
0 0.984 0 0 0 0.992 0 0.148 0 
0.384 0.996 0 0 0.06 0 0.984 0.98 0.732 
0 0.416 0.524 0.472 0 0 0.252 0.096 0.628 
0 0.276 0 0 0.964 0 0.988 0 0.928 
0 0 0 0 0 0.132 0.076 0.008 0 
0 0.948 0 0 0.956 0.92 0.056 0.816 0.628 
0 0.16 0.632 0.796 0 0 0 0.052 0 
0.892 0 0 0 0 0.032 0.736 0.16 0 
0 0.424 0.56 0.324 0.228 0.02 0.04 0.672 0.036 
0 0 0 0.084 0 0.972 0 0 0.064 
0 0.272 0.044 0 0 0 0 0 0 
0 0 0.984 0 0.78 0 0.236 0.688 0 
0 0.168 0 0 0 0.92 0 0.988 0 
0 0 0.1 0.384 0 0 0 0.02 0 
0.996 0 0 0.992 0 0.348 0.224 0 0.944 
0 0 0.844 0 0.004 0 0 0 0 
0 0 0.692 0.344 0.836 0 0 0.464 0 
0.764 0.368 0.8 0.488 0.948 0.032 0 0 0 
0.884 0.076 0.948 0 0.932 0.628 0.192 0 0 
0.112 0 0.368 0 0 0 0 0 0 
0 0.996 0 0.592 0 0 0 0 0 
0 0 0 0 0 0 0 0 0 
0.96 0 0.948 0 0 0 0 0.62 0.44 
0 0 0 0.048 0 0 0.14 0 0 
0.836 0 0 0 0.936 0 0.996 0 0 
0 0 0 0.084 0 0.428 0.552 0.952 0 
0 0 0.912 0 0.112 0 0 0.328 0 
0.768 0.868 0 0 0.124 0 0 0.544 0.272 
0 0.888 0.924 0 0 0 0.992 0 0 
0 0 0.188 0 0.988 0 0 0 0 
0 0 0 0.296 0 0 0 0 0 
0 0.648 0.908 0.224 0.008 0 0.708 0.712 0.216 
0.144 0.896 0.392 0.68 0.44 0.304 0 0.696 0.82 
0.772 0.852 0 0 0.008 0 0.428 0.428 0.648 
0.9 0 0 0 0 0.896 0 0.012 0 
0 0 0 0.332 0.944 0.084 0 0 0.816 
0.46 0 0 0 0 0 0 0 0.036 
0 0 0 0 0 0 0 0 0 
0 0 0 0 0.02 0 0 0.832 0.084 
0.964 0 0 0.6 0.34 0 0 0.264 0.22710551331 
0.22710551331 0.116 0.92 0.484 0.94 0 0.776 0.194 0.194 
0 0.216 0 0 0 0 0.784 0 0.044 
0 0.028 0.332 0.188 0.024 0 0 0 0.992 
0 0.98 0 0 0.032 0 0.028 0.016 0.112 
0 0 0.736 0.564 0.624 0 0 0.376 0.988 
0.852 0.148 0 0 0 0.98 0 0.388 0.972 
0 0.676 0 0 0.344 0.524 0.02 0.992 0 
0.992 0 0 0 0 0 0.088 0 0.952 
0.376 0.764 0 0 0.0053333333333 0.0053333333333 0.016 0.612 0.836 
0.652 0.136 0 0 0.972 0.644 0 0 0 
0 0 0 0.196 0 0 0 0.04 0 
0.92 0.68 0.252 0.04 0.812 0 0 0.54 0.612 
0.316 0.572 0 0.008 0.928 0.96 0 0.212 0 
0 0 0 0 0.028 0.032 0.088 0.152 0 
0 0.56 0.856 0.98 0.892 0 0 0 0.304 
0 0.968 0.98 0 0.496 0.38 0 0.128 0.692 
0.084 0.636 0.928 0.452 0.2 0.836 0.256 0.868 0.292 
0 0.92 0 0 0 0.38 0 0 0 
0 0.015555555556 0.015555555556 0.02 0 0 0 0.744 0.488 
0.864 0 0.276 0 0 0 0 0 0 
0.592 0 0 0 0 0 0.148 0.16 0.168 
0.992 0.004 0.892 0 0.18 0 0.56 0.172 0.908 
0.388 0.016 0 0.244 0.232 0.584 0.156 0.232 0.108 
0.16 0.288 0 0 0 0 0 0 0 
0 0 0.464 0.744 0 0 0 0 0 
0 0 0 0 0 0 0.996 0 0 
0 0 0.924 0 0 0 0 0.812 0.38 
0.96 0 0 0 0 0 0 0 0 
0.088 0 0 0.752 0 0 0.968 0 0 
0 0 0.044 0.136 0 0 0.068 0 0.168 
0 0 0 0 0.624 0.52 0.676 0.148 0.932 
0.42 0 0 0 0 0.996 0 0.968 0 
0.064 0 0 0 0 0 0 0 0 
0.9 0.98 0.576 0.992 0.992 0 0.96 0 0.096 
0 0.184 0.872 0 0.22 0.536 0.676 0 0.984 
0 0 0.712 0 0.992 0.484 0 0.804 0.79074144 
0.79074144 0.692 0.86 0 0.996 0 0.096 0 0.292 
0.588 0.54 0 0.7424 0.7424 0.928 0.984 0.356 0.552 
0.04 0.144 0 0.9 0.336 0.668 0 0 0 
0 0 0 0 0.764 0.54 0.888 0 0 
0.756 0.316 0.108 0 0 0 0 0 0.512 
0.576 0.632 0.012 0.988 0.988 0 0 0.888 0.928 
0 0 0 0 0 0.592 0.796 0.172 0.804 
0 0 0 0 0.704 0 0.056 0 0 
0 0.704 0 0 0 0 0.436 0.744 0.712 
0 0.364 0 0.832 0 0 0.18 0.012 0 
0 0 0 0.696 0.304 0.876 0 0.964 0 
0 0 0.976 0 0 0 0 0 0 
0 0 0 0 0.912 0 0.012 0 0 
0 0 0 0 0.54 0.028 0.02 0 0.976 
0 0 0 0 0.032 0.428 0 0.032 0.772 
0.564 0.076 0.032 0.408 0 0 0 0 0 
0 0.684 0.852 0.548 0.856 0.408 0.24 0.156 0.404 
0 0 0 0.98 0.988 0 0.116 0 0 
0.66 0 0 0 0.716 0.976 0 0 0 
0.188 0.264 0.008 0 0 0 0.996 0 0 
0 0.624 0.368 0.004 0 0 0 0 0 
0 0 0.32 0.696 0.124 0.14 0 0.0079291633781 0.0079291633781 
0.06 0 0 0.164 0.004 0.004 0.704 0.004 0 
0 0 0 0 0 0.316 0 0 0 
0 0 0 0 0 0 0.076 0 0 
0 0.64 0 0.524 0.412 0 0.972 0 0 
0.948 0.928 0.724 0 0 0.992 0 0.132 0.48 
0.288 0.34 0.244 0.212 0.176 0.904 0.208 0 0 
0 0.48 0 0 0.372 0 0 0.544 0 
0 0.044 0 0.024 0 0 0 0 0.436 
0.688 0.584 0.452 0.388 0 0 0 0 0 
0 0.956 0 0.936 0 0.696 0 0 0 
0 0 0.624 0 0 0 0 0.384 0 
0.44 0.416 0.648 0.016 0 0.48 0.528 0 0.032 
0 0 0 0 0.96 0.06 0.964 0 0 
0.996 0 0.844 0 0 0 0 0.308 0.592 
0 0.576 0 0 0 0 0 0.96 0 
0.236 0 0 0 0 0 0 0.996 0 
0.016 0 0 0 0 0.208 0.88 0.164 0 
0 0.9 0.92 0.436 0 0.012 0 0 0 
0.456 0 0.98 0 0 0 0 0 0 
0.2 0.248 0.408 0.628 0 0 0 0 0.244 
0.984 0 0 0.988 0 0.556 0.588 0.988 0.108 
0 0.556 0 0.38 0.52 0.284 0.416 0.356 0 
0.096 0.848 0 0 0.984 0.18 0 0 0 
0 0.972 0 0.992 0 0 0.972 0 0 
0.96 0 0.556 0 0.612 0 0 0.096 0 
0 0 0 0.144 0.792 0.72 0 0.072 0.144 
0 0.248 0.384 0 0 0 0 0.4 0.916 
0.076 0 0 0.028 0.32 0.948 0.272 0.744 0 
0 0 0 0 0.86 0.8 0 0.768 0 
0 0.772 0.204 0 0 0 0 0.316 0 
0.504 0.984 0.14 0.956 0.988 0 0 0.152 0.18 
0.612 0.404 0.628 0 0 0.98 0 0 0.604 
0 0 0 0.984 0 0.516 0.272 0 0.208 
0.904 0 0.832 0.916 0.796 0.2 0.88 0 0 
0.044 0.476 0.476 0.932 0 0.992 0 0 0 
0.184 0.172 0.952 0.956 0.628 0.2 0.14 0.664 0.016 
0 0 0.656 0 0.536 0.86 0 0.024 0.808 
0.664 0 0.248 0.096 0 0.724 0.572 0 0.884 
0.124 0.028 0.44 0 0 0.548 0 0.104 0.028 
0 0.256 0 0.06 0.248 0.856 0.06 0 0 
0 0 0.808 0.936 0.304 0.828 0 0 0.096 
0.472 0.212 0.804 0 0.972 0 0.984 0 0.028 
0 0.304 0.084 0 0.4 0.516 0 0 0 
0.06 0 0.132 0 0.804 0 0 0.104 0.82 
0 0 0 0 0.512 0 0 0.988 0 
0.996 0.056 0.948 0 0.176 0.404 0.604 0.528 0.396 
0.576 0.148 0 0 0 0 0 0.204 0.336 
0.456 0.016 0 0.648 0.236 0 0 0 0 
0.056 0 0 0.952 0.916 0.024 0.972 0.212 0.028 
0.024 0.196 0 0 0 0.308 0 0.664 0.956 
0 0 0 0.036 0.92 0.56 0.62 0.344 0.924 
0.948 0.58 0.464 0 0.932 0 0 0 0 
0.848 0 0 0 0.384 0.752 0.092 0 0 
0.064 0.888 0 0 0 0 0 0 0 
0.004 0 0 0.876 0 0 0.968 0 0.992 
0 0.98 0 0.324 0 0 0 0 0.996 
0 0.98 0 0 0 0 0.028 0 0 
0 0.176 0.212 0.132 0.36097163734 0.36097163734 0.448 0.04 0.2 
0 0.18 0 0.992 0 0.984 0 0.956 0 
0.896 0 0 0 0 0.984 0 0.98 0 
0 0 0.46 0 0.016 0 0.024 0.884 0 
0.552 0.508 0.596 0.26 0.848 0.12 0.312 0 0.148 
0.184 0.104 0 0 0 0.656 0 0 0.492 
0.188 0.304 0.176 0 0.784 0.968 0.328 0.56 0 
0 0 0.34 0.972 0.892 0.8 0.792 0.224 0.132 
0.748 0.168 0.292 0 0 0 0.088 0.52 0.908 
0 0 0.068 0 0 0.972 0.028 0.028 0 
0 0.36 0.672 0.128 0 0 0 0 0.256 
0.304 0.008 0.224 0.916 0.076 0 0.508 0 0.864 
0 0.744 0.912 0 0 0 0 0 0 
0 0.54 0 0 0 0 0 0 0 
0.98 0.1 0.58 0.72 0.62 0.832 0 0.564 0.648 
0.256 0 0 0.084 0.08 0.94 0 0.924 0 
0 0 0 0.056 0.168 0 0 0.968 0 
0 0 0.864 0 0 0.596 0 0.7 0.748 
0.504 0 0 0 0 0.572 0.16 0.748 0.096 
0 0.14 0.92 0 0.004 0 0.168 0.096 0.024 
0 0.084 0.116 0.068 0.684 0 0 0 0 
0.064 0 0.94 0 0.62 0.904 0.08 0.04 0 
0.9 0.108 0 0 0 0 0 0 0 
0 0.864 0 0 0 0 0.992 0 0 
0 0 0.968 0 0 0 0.672 0 0.02 
0.752 0.032 0 0 0.94 0.948 0 0 0 
0 0 0 0 0 0 0 0.856 0.928 
0 0 0.58 0.116 0 0 0 0 0 
0.712 0.792 0.384 0.244 0 0 0.412 0 0 
0 0 0 0 0.82 0.72 0.896 0 0 
0 0 0.692 0.628 0 0.472 0.304 0.232 0 
0.988 0 0.356 0 0 0 0.96 0 0.388 
0.468 0.108 0.576 0 0 0 0 0 0 
0 0 0.968 0 0 0 0 0 0 
0 0 0 0 0 0.648 0 0.976 0 
0 0.976 0.976 0 0 0 0.992 0 0.468 
0.084 0 0 0.808 0.956 0.08 0.052 0.872 0 
0.996 0 0.284 0 0 0 0 0 0.156 
0.156 0.468 0 0.932 0 0.112 0 0.84 0.068 
0.388 0.792 0.92 0 0.848 0.832 0 0.024 0 
0.484 0.58 0.716 0 0 0 0.792 0 0 
0.016 0 0.564 0 0.164 0.868 0.772 0 0 
0 0.968 0 0.992 0 0.976 0 0 0 
0 0.592 0 0 0 0 0 0.148 0.16 
0.168 0.992 0.004 0.892 0 0.18 0 0.56 0.172 
0.908 0.388 0.016 0 0.244 0.232 0.584 0.156 0.232 
0.108 0.16 0.288 0 0 0 0 0 0 
0 0 0 0.464 0.744 0 0 0 0 
0 0 0 0 0 0 0 0.996 0 
0 0 0 0.924 0 0 0 0 0.812 
0.38 0.96 0 0 0 0 0 0 0 
0 0.088 0 0 0.752 0 0 0.968 0 
0 0 0 0.044 0.136 0 0 0.068 0 
0.168 0 0 0 0 0.624 0.52 0.676 0.148 
0.932 0.42 0 0 0 0 0.996 0 0.968 
0 0.064 0 0 0 0 0 0 0 
0 0.9 0.98 0.576 0.992 0.992 0 0.96 0 
0.096 0 0.184 0.872 0 0.22 0.536 0.676 0 
0.984 0 0 0.712 0 0.992 0.484 0 0.804 
0.79074144 0.79074144 0.692 0.86 0 0.996 0 0.096 0 
0.292 0.588 0.54 0 0.7424 0.7424 0.928 0.984 0.356 
0.552 0.04 0.144 0 0.9 0.336 0.668 0 0 
0 0 0 0 0 0.764 0.54 0.888 0 
0 0.756 0.316 0.108 0 0 0 0 0 
0.512 0.576 0.632 0.012 0.988 0.988 0 0 0.888 
0.928 0 0 0 0 0 0.592 0.796 0.172 
0.804 0 0 0 0 0.704 0 0.056 0 
0 0 0.704 0 0 0 0 0.436 0.744 
0.712 0 0.364 0 0.832 0 0 0.18 0.012 
0 0 0 0 0.696 0.304 0.876 0 0.964 
0 0 0 0.976 0 0 0 0 0 
0 0 0 0 0 0.912 0 0.012 0 
0 0 0 0 0 0.54 0.028 0.02 0 
0.976 0 0 0 0 0.032 0.428 0 0.032 
0.772 0.564 0.076 0.032 0.408 0 0 0 0 
0 0 0.684 0.852 0.548 0.856 0.408 0.24 0.156 
0.404 0 0 0 0.98 0.988 0 0.116 0 
0 0.66 0 0 0 0.716 0.976 0 0 
0 0.188 0.264 0.008 0 0 0 0.996 0 
0 0 0.624 0.368 0.004 0 0 0 0 
0 0 0 0.32 0.696 0.124 0.14 0 0.0079291633781 
0.0079291633781 0.06 0 0 0.164 0.004 0.004 0.704 0.004 
0 0 0 0 0 0 0.316 0 0 
0 0 0 0 0 0 0 0.076 0 
0 0 0.64 0 0.524 0.412 0 0.972 0 
0 0.948 0.928 0.724 0 0 0.992 0 0.132 
0.48 0.288 0.34 0.244 0.212 0.176 0.904 0.208 0 
0 0 0.48 0 0 0.372 0 0 0.544 
0 0 0.044 0 0.024 0 0 0 0 
0.436 0.688 0.584 0.452 0.388 0 0 0 0 
0 0 0.956 0 0.936 0 0.696 0 0 
0 0 0 0.624 0 0 0 0 0.384 
0 0.44 0.416 0.648 0.016 0 0.48 0.528 0 
0.032 0 0 0 0 0.96 0.06 0.964 0 
0 0.996 0 0.844 0 0 0 0 0.308 
0.592 0 0.576 0 0 0 0 0 0.96 
0 0.236 0 0 0 0 0 0 0.996 
0 0.016 0 0 0 0 0.208 0.88 0.164 
0 0 0.9 0.92 0.436 0 0.012 0 0 
0 0.456 0 0.98 0 0 0 0 0 
0 0.2 0.248 0.408 0.628 0 0 0 0 
0.244 0.984 0 0 0.988 0 0.556 0.588 0.988 
0.108 0 0.556 0 0.38 0.52 0.284 0.416 0.356 
0 0.096 0.848 0 0 0.984 0.18 0 0 
0 0 0.972 0 0.992 0 0 0.972 0 
0 0.96 0 0.556 0 0.612 0 0 0.096 
0 0 0 0 0.144 0.792 0.72 0 0.072 
0.144 0 0.248 0.384 0 0 0 0 0.4 
0.916 0.076 0 0 0.028 0.32 0.948 0.272 0.744 
0 0 0 0 0 0.86 0.8 0 0.768 
0 0 0.772 0.204 0 0 0 0 0.316 
0 0.504 0.984 0.14 0.956 0.988 0 0 0.152 
0.18 0.612 0.404 0.628 0 0 0.98 0 0 
0.604 0 0 0 0.984 0 0.516 0.272 0 
0.208 0.904 0 0.832 0.916 0.796 0.2 0.88 0 
0 0.044 0.476 0.476 0.932 0 0.992 0 0 
0 0.184 0.172 0.952 0.956 0.628 0.2 0.14 0.664 
0.016 0 0 0.656 0 0.536 0.86 0 0.024 
0.808 0.664 0 0.248 0.096 0 0.724 0.572 0 
0.884 0.124 0.028 0.44 0 0 0.548 0 0.104 
0.028 0 0.256 0 0.06 0.248 0.856 0.06 0 
0 0 0 0.808 0.936 0.304 0.828 0 0 
0.096 0.472 0.212 0.804 0 0.972 0 0.984 0 
0.028 0 0.304 0.084 0 0.4 0.516 0 0 
0 0.06 0 0.132 0 0.804 0 0 0.104 
0.82 0 0 0 0 0.512 0 0 0.988 
0 0.996 0.056 0.948 0 0.176 0.404 0.604 0.528 
0.396 0.576 0.148 0 0 0 0 0 0.204 
0.336 0.456 0.016 0 0.648 0.236 0 0 0 
0 0.056 0 0 0.952 0.916 0.024 0.972 0.212 
0.028 0.024 0.196 0 0 0 0.308 0 0.664 
0.956 0 0 0 0.036 0.92 0.56 0.62 0.344 
0.924 0.948 0.58 0.464 0 0.932 0 0 0 
0 0.848 0 0 0 0.384 0.752 0.092 0 
0 0.064 0.888 0 0 0 0 0 0 
0 0.004 0 0 0.876 0 0 0.968 0 
0.992 0 0.98 0 0.324 0 0 0 0 
0.996 0 0.98 0 0 0 0 0.028 0 
0 0 0.176 0.212 0.132 0.36097163734 0.36097163734 0.448 0.04 
0.2 0 0.18 0 0.992 0 0.984 0 0.956 
0 0.896 0 0 0 0 0.984 0 0.98 
0 0 0 0.46 0 0.016 0 0.024 0.884 
0 0.552 0.508 0.596 0.26 0.848 0.12 0.312 0 
0.148 0.184 0.104 0 0 0 0.656 0 0 
0.492 0.188 0.304 0.176 0 0.784 0.968 0.328 0.56 
0 0 0 0.34 0.972 0.892 0.8 0.792 0.224 
0.132 0.748 0.168 0.292 0 0 0 0.088 0.52 
0.908 0 0 0.068 0 0 0.972 0.028 0.028 
0 0 0.36 0.672 0.128 0 0 0 0 
0.256 0.304 0.008 0.224 0.916 0.076 0 0.508 0 
0.864 0 0.744 0.912 0 0 0 0 0 
0 0 0.54 0 0 0 0 0 0 
0 0.98 0.1 0.58 0.72 0.62 0.832 0 0.564 
0.648 0.256 0 0 0.084 0.08 0.94 0 0.924 
0 0 0 0 0.056 0.168 0 0 0.968 
0 0 0 0.864 0 0 0.596 0 0.7 
0.748 0.504 0 0 0 0 0.572 0.16 0.748 
0.096 0 0.14 0.92 0 0.004 0 0.168 0.096 
0.024 0 0.084 0.116 0.068 0.684 0 0 0 
0 0.064 0 0.94 0 0.62 0.904 0.08 0.04 
0 0.9 0.108 0 0 0 0 0 0 
0 0 0.864 0 0 0 0 0.992 0 
0 0 0 0.968 0 0 0 0.672 0 
0.02 0.752 0.032 0 0 0.94 0.948 0 0 
0 0 0 0 0 0 0 0 0.856 
0.928 0 0 0.58 0.116 0 0 0 0 
0 0.712 0.792 0.384 0.244 0 0 0.412 0 
0 0 0 0 0 0.82 0.72 0.896 0 
0 0 0 0.692 0.628 0 0.472 0.304 0.232 
0 0.988 0 0.356 0 0 0 0.96 0 
0.388 0.468 0.108 0.576 0 0 0 0 0 
0 0 0 0.968 0 0 0 0 0 
0 0 0 0 0 0 0.648 0 0.976 
0 0 0.976 0.976 0 0 0 0.992 0 
0.468 0.084 0 0 0.808 0.956 0.08 0.052 0.872 
0 0.996 0 0.284 0 0.07386288 0.07386288 0.104 0 
0 0.388 0.236 0.593 0.593 0.644 0.756 0 0.916 
0 0 0.552 0.904 0.448 0.376 0 0 0.924 
0 0.992 0 0 0 0 0.592 0 0 
0 0 0 0.148 0.16 0.168 0.992 0.004 0.892 
0 0.18 0 0.56 0.172 0.908 0.388 0.016 0 
0.244 0.232 0.584 0.156 0.232 0.108 0.16 0.288 0 
0 0 0 0 0 0 0 0 0.464 
0.744 0 0 0 0 0 0 0 0 
0 0 0 0.996 0 0 0 0 0.924 
0 0 0 0 0.812 0.38 0.96 0 0 
0 0 0 0 0 0 0.088 0 0 
0.752 0 0 0.968 0 0 0 0 0.044 
0.136 0 0 0.068 0 0.168 0 0 0 
0 0.624 0.52 0.676 0.148 0.932 0.42 0 0 
0 0 0.996 0 0.968 0 0.064 0 0 
0 0 0 0 0 0 0.9 0.98 0.576 
0.992 0.992 0 0.96 0 0.096 0 0.184 0.872 
0 0.22 0.536 0.676 0 0.984 0 0 0.712 
0 0.992 0.484 0 0.804 0.79074144 0.79074144 0.692 0.86 
0 0.996 0 0.096 0 0.292 0.588 0.54 0 
0.7424 0.7424 0.928 0.984 0.356 0.552 0.04 0.144 0 
0.9 0.336 0.668 0 0 0 0 0 0 
0 0.764 0.54 0.888 0 0 0.756 0.316 0.108 
0 0 0 0 0 0.512 0.576 0.632 0.012 
0.988 0.988 0 0 0.888 0.928 0 0 0 
0 0 0.592 0.796 0.172 0.804 0 0 0 
0 0.704 0 0.056 0 0 0 0.704 0 
0 0 0 0.436 0.744 0.712 0 0.364 0 
0.832 0 0 0.18 0.012 0 0 0 0 
0.696 0.304 0.876 0 0.964 0 0 0 0.976 
0 0 0 0 0 0 0 0 0 
0 0.912 0 0.012 0 0 0 0 0 
0 0.54 0.028 0.02 0 0.976 0 0 0 
0 0.032 0.428 0 0.032 0.772 0.564 0.076 0.032 
0.408 0 0 0 0 0 0 0.684 0.852 
0.548 0.856 0.408 0.24 0.156 0.404 0 0 0 
0.98 0.988 0 0.116 0 0 0.66 0 0 
0 0.716 0.976 0 0 0 0.188 0.264 0.008 
0 0 0 0.996 0 0 0 0.624 0.368 
0.004 0 0 0 0 0 0 0 0 
0 0 0.0042378217298 0.0042378217298 0.012 0.992 0.508 0.84 0.668 
0.208 0 0 0.008 0.376 0 0 0 0.116 
0 0.012 0 0 0.98 0 0.996 0 0.98 
0.676 0.976 0 0.076 0 0.996 0.596 0 0.252 
0.952 0.88 0 0 0.404 0 0 0.996 0 
0 0.792 0.22 0.936 0.26 0 0 0.736 0.472 
0.132 0 0.776 0.436 0.332 0 0.368 0.856 0.08 
0.592 0.332 0 0 0 0 0.592 0 0 
0 0 0 0.148 0.16 0.168 0.992 0.004 0.892 
0 0.18 0 0.56 0.172 0.908 0.388 0.016 0 
0.244 0.232 0.584 0.156 0.232 0.108 0.16 0.288 0 
0 0 0 0 0 0 0 0 0.464 
0.744 0 0 0 0 0 0 0 0 
0 0 0 0.996 0 0 0 0 0.924 
0 0 0 0 0.812 0.38 0.96 0 0 
0 0 0 0 0 0 0.088 0 0 
0.752 0 0 0.968 0 0 0 0 0.044 
0.136 0 0 0.068 0 0.168 0 0 0 
0 0.624 0.52 0.676 0.148 0.932 0.42 0 0 
0 0 0.996 0 0.968 0 0.064 0 0 
0 0 0 0 0 0 0.9 0.98 0.576 
0.992 0.992 0 0.96 0 0.096 0 0.184 0.872 
0 0.22 0.536 0.676 0 0.984 0 0 0.712 
0 0.992 0.484 0 0.804 0.79074144 0.79074144 0.692 0.86 
0 0.996 0 0.096 0 0.292 0.588 0.54 0 
0.7424 0.7424 0.928 0.984 0.356 0.552 0.04 0.144 0 
0.9 0.336 0.668 0 0 0 0 0 0 
0 0.764 0.54 0.888 0 0 0.756 0.316 0.108 
0 0 0 0 0 0.512 0.576 0.632 0.012 
0.988 0.988 0 0 0.888 0.928 0 0 0 
0 0 0.592 0.796 0.172 0.804 0 0 0 
0 0.704 0 0.056 0 0 0 0.704 0 
0 0 0 0.436 0.744 0.712 0 0.364 0 
0.832 0 0 0.18 0.012 0 0 0 0 
0.696 0.304 0.876 0 0.964 0 0 0 0.976 
0 0 0 0 0 0 0 0 0 
0 0.912 0 0.012 0 0 0 0 0 
0 0.54 0.028 0.02 0 0.976 0 0 0 
0 0.032 0.428 0 0.032 0.772 0.564 0.076 0.032 
0.408 0 0 0 0 0 0 0.684 0.852 
0.548 0.856 0.408 0.24 0.156 0.404 0 0 0 
0.98 0.988 0 0.116 0 0 0.66 0 0 
0 0.716 0.976 0 0 0 0.188 0.264 0.008 
0 0 0 0.996 0 0 0 0.624 0.368 
0.004 0 0 0 0 0 0 0 0.32 
0.696 0.124 0.14 0 0.0079291633781 0.0079291633781 0.06 0 0 
0.164 0.004 0.004 0.704 0.004 0 0 0 0 
0 0 0.316 0 0 0 0 0 0 
0 0 0 0.076 0 0 0 0.64 0 
0.524 0.412 0 0.972 0 0 0.948 0.928 0.724 
0 0 0.992 0 0.132 0.48 0.288 0.34 0.244 
0.212 0.176 0.904 0.208 0 0 0 0.48 0 
0 0.372 0 0 0.544 0 0 0.044 0 
0.024 0 0 0 0 0.436 0.688 0.584 0.452 
0.388 0 0 0 0 0 0 0.956 0 
0.936 0 0.696 0 0 0 0 0 0.624 
0 0 0 0 0.384 0 0.44 0.416 0.648 
0.016 0 0.48 0.528 0 0.032 0 0 0 
0 0.96 0.06 0.964 0 0 0.996 0 0.844 
0 0 0 0 0.308 0.592 0 0.576 0 
0 0 0 0 0.96 0 0.236 0 0 
0 0 0 0 0.996 0 0.016 0 0 
0 0 0.208 0.88 0.164 0 0 0.9 0.92 
0.436 0 0.012 0 0 0 0.456 0 0.98 
0 0 0 0 0 0 0.2 0.248 0.408 
0.628 0 0 0 0 0.244 0.984 0 0 
0.988 0 0.556 0.588 0.988 0.108 0 0.556 0 
0.38 0.52 0.284 0.416 0.356 0 0.096 0.848 0 
0 0.984 0.18 0 0 0 0 0.972 0 
0.992 0 0 0.972 0 0 0.96 0 0.556 
0 0.612 0 0 0.096 0 0 0 0 
0.144 0.792 0.72 0 0.072 0.144 0 0.248 0.384 
0 0 0 0 0.4 0.916 0.076 0 0 
0.028 0.32 0.948 0.272 0.744 0 0 0 0 
0 0.86 0.8 0 0.768 0 0 0.772 0.204 
0 0 0 0 0.316 0 0.504 0.984 0.14 
0.956 0.988 0 0 0.152 0.18 0.612 0.404 0.628 
0 0 0.98 0 0 0.604 0 0 0 
0.984 0 0.516 0.272 0 0.208 0.904 0 0.832 
0.916 0.796 0.2 0.88 0 0 0.044 0.476 0.476 
0.932 0 0.992 0 0 0 0.184 0.172 0.952 
0.956 0.628 0.2 0.14 0.664 0.016 0 0 0.656 
0 0.536 0.86 0 0.024 0.808 0.664 0 0.248 
0.096 0 0.724 0.572 0 0.884 0.124 0.028 0.44 
0 0 0.548 0 0.104 0.028 0 0.256 0 
0.06 0.248 0.856 0.06 0 0 0 0 0.808 
0.936 0.304 0.828 0 0 0.096 0.472 0.212 0.804 
0 0.972 0 0.984 0 0.028 0 0.304 0.084 
0 0.4 0.516 0 0 0 0.06 0 0.132 
0 0.804 0 0 0.104 0.82 0 0 0 
0 0.512 0 0 0.988 0 0.996 0.056 0.948 
0 0.176 0.404 0.604 0.528 0.396 0.576 0.148 0 
0 0 0 0 0.204 0.336 0.456 0.016 0 
0.648 0.236 0 0 0 0 0.056 0 0 
0.952 0.916 0.024 0.972 0.212 0.028 0.024 0.196 0 
0 0 0.308 0 0.664 0.956 0 0 0 
0.036 0.92 0.56 0.62 0.344 0.924 0.948 0.58 0.464 
0 0.932 0 0 0 0 0.848 0 0 
0 0.384 0.752 0.092 0 0 0.064 0.888 0 
0 0 0 0 0 0 0.004 0 0 
0.876 0 0 0.968 0 0.992 0 0.98 0 
0.324 0 0 0 0 0.996 0 0.98 0 
0 0 0 0.028 0 0 0 0.008 0 
0 0 0 0.344 0.868 0.608 0.668 0 0.044 
0.044 0 0.844 0.032 0 0.304 0.844 0.828 0 
0.504 0.712 0.52 0.376 0.504 0.224 0 0 0 
0 0 0.168 0 0 0 0 0 0 
0 0 0.704 0.308 0 0 0 0.004 0.004 
0 0 0.984 0 0.376 0.828 0 0 0 
0 0.992 0 0 0 0.688 0 0 0.988 
0.048 0 0 0 0.516 0 0 0 0.04 
0 0.352 0.08 0 0 0 0 0 0 
0 0 0.94 0.54 0.08 0.992 0 0 0 
0 0 0 0 0 0.592 0 0 0 
0 0 0.148 0.16 0.168 0.992 0.004 0.892 0 
0.18 0 0.56 0.172 0.908 0.388 0.016 0 0.244 
0.232 0.584 0.156 0.232 0.108 0.16 0.288 0 0 
0 0 0 0 0 0 0 0.464 0.744 
0 0 0 0 0 0.204 0.12 0.98 0.988 
0.636 0.404 0.98 0.136 0.08079488 0.08079488 0 0.404 0.148 
0.452 0 0 0 0.92 0 0.062181818182 0.062181818182 0.072 
0.516 0.772 0.012 0.968 0 0 0.264 0 0.072 
0 0 0 0 0.712 0 0 0 0.072 
0.04 0 0 0.036 0 0 0 0.236 0.488 
0.032 0.34 0.936 0.536 0.14 0.86 0.644 0.36 0 
0 0.148 0 0.02 0 0.388 0.444 0 0.448 
0 0.084 0 0 0.192 0.152 0.956 0.988 0 
0 0.68 0.62 0.936 0 0 0 0.108 0 
0.976 0 0.972 0.528 0 0 0.104 0 0 
0.992 0 0 0 0.988 0 0.548 0.916 0 
0.02 0 0 0.084 0 0.004 0 0 0.344 
0.8 0.048 0.216 0.428 0.464 0.392 0.592 0.576 0 
0.204 0.056 0 0.112 0 0 0 0.096 0 
0.184 0 0 0 0.296 0 0.14 0.292 0 
0 0.944 0.932 0.992 0.056 0 0.936 0 0 
0.864 0 0 0.764 0.592 0 0 0.2 0.832 
0 0 0 0 0 0.168 0 0 0.996 
0 0 0 0 0 0 0 0.856 0.936 
0.896 0.576 0.988 0 0 0 0 0 0 
0 0 0 0 0 0 0.048 0 0.34 
0.176 0 0 0 0.576 0 0.86 0.94 0 
0.972 0 0.508 0.428 0.72 0.004 0 0 0 
0 0.98 0 0.676 0 0 0 0.828 0.828 
0 0.328 0 0.2 0.924 0 0 0 0 
0 0 0 0 0.108 0 0 0.748 0 
0.616 0.104 0.108 0 0 0.98 0 0 0.024 
0.208 0 0 0 0 0.984 0 0.88 0.532 
0.24 0.16 0 0.916 0.912 0 0.34 0 0.52 
0.32 0.1 0.2 0 0 0 0.228 0.18 0 
0.428 0 0 0.404 0.24 0.068 0 0 0 
0.236 0.752 0 0.18 0.46 0.364 0 0 0 
0.008 0.028 0.924 0.588 0.096 0 0 0 0 
0 0.896 0 0.024 0.024 0 0 0 0 
0 0 0 0 0 0 0 0 0 
0.18 0 0.10015384615 0.10015384615 0.744 0 0.248 0 0.216 
0.988 0 0.972 0 0.352 0.424 0.116 0.1 0.908 
0 0.084 0.44 0 0 0.652 0.868 0.012 0.236 
0 0 0.068 0.008 0 0 0.996 0 0 
0.816 0.088 0 0 0.364 0 0.024 0 0.984 
0 0 0 0.992 0 0.148 0 0.384 0.996 
0 0 0.06 0 0.984 0.98 0.732 0 0.416 
0.524 0.472 0 0 0.252 0.096 0.628 0 0.276 
0 0 0.964 0 0.988 0 0.928 0 0 
0 0 0 0.132 0.076 0.008 0 0 0.948 
0 0 0.956 0.92 0.056 0.816 0.628 0 0.16 
0.632 0.796 0 0 0 0.052 0 0.892 0 
0 0 0 0.032 0.736 0.16 0 0 0.424 
0.56 0.324 0.228 0.02 0.04 0.672 0.036 0 0 
0 0.084 0 0.972 0 0 0.064 0 0.272 
0.044 0 0 0 0 0 0 0 0 
0.984 0 0.78 0 0.236 0.688 0 0 0.168 
0 0 0 0.92 0 0.988 0 0 0 
0.1 0.384 0 0 0 0.02 0 0.996 0 
0 0.992 0 0.348 0.224 0 0.944 0 0 
0.844 0 0.004 0 0 0 0 0 0 
0.692 0.344 0.836 0 0 0.464 0 0.764 0.368 
0.8 0.488 0.948 0.032 0 0 0 0.884 0.076 
0.948 0 0.932 0.628 0.192 0 0 0.112 0 
0.368 0 0 0 0 0 0 0 0.996 
0 0.592 0 0 0 0 0 0 0 
0 0 0 0 0 0 0 0.96 0 
0.948 0 0 0 0 0.62 0.44 0 0 
0 0.048 0 0 0.14 0 0 0.836 0 
0 0 0.936 0 0.996 0 0 0 0 
0 0.084 0 0.428 0.552 0.952 0 0 0 
0.912 0 0.112 0 0 0.328 0 0.768 0.868 
0 0 0.124 0 0 0.544 0.272 0 0.888 
0.924 0 0 0 0.992 0 0 0 0 
0.188 0 0.988 0 0 0 0 0 0 
0 0.296 0 0 0 0 0 0 0.648 
0.908 0.224 0.008 0 0.708 0.712 0.216 0.144 0.896 
0.392 0.68 0.44 0.304 0 0.696 0.82 0.772 0.852 
0 0 0.008 0 0.428 0.428 0.648 0.9 0 
0 0 0 0.896 0 0.012 0 0 0 
0 0.332 0.944 0.084 0 0 0.816 0.46 0 
0 0 0 0 0 0 0.036 0 0 
0 0 0 0 0 0 0 0 0 
0 0 0.02 0 0 0.832 0.084 0.964 0 
0 0.6 0.34 0 0 0.264 0.22710551331 0.22710551331 0.116 
0.92 0.484 0.94 0 0.776 0.194 0.194 0 0.216 
0 0 0 0 0.784 0 0.044 0 0.028 
0.332 0.188 0.024 0 0 0 0.992 0 0.98 
0 0 0.032 0 0.028 0.016 0.112 0 0 
0.736 0.564 0.624 0 0 0.376 0.988 0.852 0.148 
0 0 0 0.98 0 0.388 0.972 0 0.676 
0 0 0.344 0.524 0.02 0.992 0 0.992 0 
0 0 0 0 0.088 0 0.952 0.376 0.764 
0 0 0.0053333333333 0.0053333333333 0.016 0.612 0.836 0.652 0.136 
0 0 0.972 0.644 0 0 0 0 0 
0 0.196 0 0 0 0.04 0 0.92 0.68 
0.252 0.04 0.812 0 0 0.54 0.612 0.316 0.572 
0 0.008 0.928 0.96 0 0.212 0 0 0 
0 0 0.028 0.032 0.088 0.152 0 0 0.56 
0.856 0.98 0.892 0 0 0 0.304 0 0.968 
0.98 0 0.496 0.38 0 0.128 0.692 0.084 0.636 
0.928 0.452 0.2 0.836 0.256 0.868 0.292 0 0.92 
0 0.032 0 0 0 0 0 0 0.936 
0 0 0.11428571429 0.11428571429 0.16 0.276 0 0 0 
0.9 0 0 0.064 0.852 0.068 0.812 0.98 0.28 
0 0.904 0.112 0.936 0.012 0.136 0 0.268 0 
0.9 0.496 0.208 0.588 0 0 0 0 0 
0 0 0 0.968 0 0 0 0.684 0.004 
0 0 0.264 0 0 0 0 0 0 
0 0 0 0 0 0 0 0 0 
0 0 0.552 0.728 0.532 0.332 0 0 0.756 
0 0 0 0.988 0 0 0 0 0 
0.028 0 0 0 0.456 0.744 0 0 0 
0.464 0.864 0 0 0.968 0 0.984 0 0.108 
0 0.748 0.66 0 0 0.512 0.164 0.428 0.22 
0.484 0 0 0 0 0.592 0 0 0 
0 0 0.148 0.16 0.168 0.992 0.004 0.892 0 
0.18 0 0.56 0.172 0.908 0.388 0.016 0 0.244 
0.232 0.584 0.156 0.232 0.108 0.16 0.288 0 0 
0 0 0 0 0 0 0 0.464 0.744 
0 0 0 0 0 0 0 0 0 
0 0 0.996 0 0 0 0 0.924 0 
0 0 0 0.812 0.38 0.96 0 0 0 
0 0 0 0 0 0.088 0 0 0.752 
0 0 0.968 0 0 0 0 0.044 0.136 
0 0 0.068 0 0.168 0 0 0 0 
0.624 0.52 0.676 0.148 0.932 0.42 0 0 0 
0 0.996 0 0.968 0 0.064 0 0 0 
0 0 0 0 0 0.9 0.98 0.576 0.992 
0.992 0 0.96 0 0.096 0 0.184 0.872 0 
0.22 0.536 0.676 0 0.984 0 0 0.712 0 
0.992 0.484 0 0.804 0.79074144 0.79074144 0.692 0.86 0 
0.996 0 0.096 0 0.292 0.588 0.54 0 0.7424 
0.7424 0.928 0.984 0.356 0.552 0.04 0.144 0 0.9 
0.336 0.668 0 0 0 0 0 0 0 
0.764 0.54 0.888 0 0 0.756 0.316 0.108 0 
0 0 0 0 0.512 0.576 0.632 0.012 0.988 
0.988 0 0 0.888 0.928 0 0 0 0 
0 0.592 0.796 0.172 0.804 0 0 0 0 
0.704 0 0.056 0 0 0 0.704 0 0 
0 0 0.436 0.744 0.712 0 0.364 0 0.832 
0 0 0.18 0.012 0 0 0 0 0.696 
0.304 0.876 0 0.964 0 0 0 0.976 0 
0 0 0 0 0 0 0 0 0 
0.912 0 0.012 0 0 0 0 0 0 
0.54 0.028 0.02 0 0.976 0 0 0 0 
0.032 0.428 0 0.032 0.772 0.564 0.076 0.032 0.408 
0 0 0 0 0 0 0.684 0.852 0.548 
0.856 0.408 0.24 0.156 0.404 0 0 0 0.98 
0.988 0 0.116 0 0 0.66 0 0 0 
0.716 0.976 0 0 0 0.188 0.264 0.008 0 
0 0 0.996 0 0 0 0.624 0.368 0.004 
0 0 0 0 0 0 0 0.32 0.696 
0.124 0.14 0 0.0079291633781 0.0079291633781 0.06 0 0 0.164 
0.004 0.004 0.704 0.004 0 0 0 0 0 
0 0.316 0 0 0 0 0 0 0 
0 0 0.076 0 0 0 0.64 0 0.524 
0.412 0 0.972 0 0 0.948 0.928 0.724 0 
0 0.992 0 0.132 0.48 0.288 0.34 0.244 0.212 
0.176 0.904 0.208 0 0 0 0.48 0 0 
0.372 0 0 0.544 0 0 0.044 0 0.024 
0 0 0 0 0.436 0.688 0.584 0.452 0.388 
0 0 0 0 0 0 0.956 0 0.936 
0 0.696 0 0 0 0 0 0.624 0 
0 0 0 0.384 0 0.44 0.416 0.648 0.016 
0 0.48 0.528 0 0.032 0 0 0 0 
0.96 0.06 0.964 0 0 0.996 0 0.844 0 
0 0 0 0.308 0.592 0 0.576 0 0 
0 0 0 0.96 0 0.236 0 0 0 
0 0 0 0.996 0 0.016 0 0 0 
0 0.208 0.88 0.164 0 0 0.9 0.92 0.436 
0 0.012 0 0 0 0.456 0 0.98 0 
0 0 0 0 0 0.2 0.248 0.408 0.628 
0 0 0 0 0.244 0.984 0 0 0.988 
0 0.556 0.588 0.988 0.108 0 0.556 0 0.38 
0.52 0.284 0.416 0.356 0 0.096 0.848 0 0 
0.984 0.18 0 0 0 0 0.972 0 0.992 
0 0 0.972 0 0 0.96 0 0.556 0 
0.612 0 0 0.096 0 0 0 0 0.144 
0.792 0.72 0 0.072 0.144 0 0.248 0.384 0 
0 0 0 0.4 0.916 0.076 0 0 0.028 
0.32 0.948 0.272 0.744 0 0 0 0 0 
0.86 0.8 0 0.768 0 0 0.772 0.204 0 
0 0 0 0.316 0 0.504 0.984 0.14 0.956 
0.988 0 0 0.152 0.18 0.612 0.404 0.628 0 
0 0.98 0 0 0.604 0 0 0 0.984 
0 0.516 0.272 0 0.208 0.904 0 0.832 0.916 
0.796 0.2 0.88 0 0 0.044 0.476 0.476 0.932 
0 0.992 0 0 0 0.184 0.172 0.952 0.956 
0.628 0.2 0.14 0.664 0.016 0 0 0.656 0 
0.536 0.86 0 0.024 0.808 0.664 0 0.248 0.096 
0 0.724 0.572 0 0.884 0.124 0.028 0.44 0 
0 0.548 0 0.104 0.028 0 0.256 0 0.06 
0.248 0.856 0.06 0 0 0 0 0.808 0.936 
0.304 0.828 0 0 0.096 0.472 0.212 0.804 0 
0.972 0 0.984 0 0.028 0 0.304 0.084 0 
0.4 0.516 0 0 0 0.06 0 0.132 0 
0.804 0 0 0.104 0.82 0 0 0 0 
0.512 0 0 0.988 0 0.996 0.056 0.948 0 
0.176 0.404 0.604 0.528 0.396 0.576 0.148 0 0 
0 0 0 0.204 0.336 0.456 0.016 0 0.648 
0.236 0 0 0 0 0.056 0 0 0.952 
0.916 0.024 0.972 0.212 0.028 0.024 0.196 0 0 
0 0.308 0 0.664 0.956 0 0 0 0.036 
0.92 0.56 0.62 0.344 0.924 0.948 0.58 0.464 0 
0.932 0 0 0 0 0.848 0 0 0 
0.384 0.752 0.092 0 0 0.064 0.888 0 0 
0 0 0 0 0 0.004 0 0 0.876 
0 0 0.968 0 0.992 0 0.98 0 0.324 
0 0 0 0 0.996 0 0.98 0 0 
0 0 0.028 0 0 0 0.008 0 0 
0 0 0.344 0.868 0.608 0.668 0 0.044 0.044 
0 0.844 0.032 0 0.304 0.844 0.828 0 0.504 
0.712 0.52 0.376 0.504 0.224 0 0 0 0 
0 0.168 0 0 0 0 0 0 0 
0 0.704 0.308 0 0 0 0.004 0.004 0 
0 0.984 0 0.376 0.828 0 0 0 0 
0.992 0 0 0 0.688 0 0 0.988 0.048 
0 0 0 0.516 0 0 0 0.04 0 
0.352 0.08 0 0 0 0 0 0 0 
0 0.94 0.54 0.08 0.992 0 0 0.76 0 
0.82 0.764 0.024 0.096 0.078761843592 0.078761843592 0 0 0.14857142857 
0.14857142857 0.16 0.070813676378 0.070813676378 0 0 0 0 0 
0.556 0.16 0 0.388 0.028 0 0 0 0 
0.512 0.784 0.412 0.58 0.648 0.344 0.772 0.08 0.176 
0 0.94 0 0 0 0 0.532 0.304 0 
0.072 0 0 0 0.328 0.16 0.532 0 0 
0 0 0.184 0.068 0.088 0.08 0.472 0.44 0 
0 0 0 0 0 0 0 0 0 
0.088 0 0 0 0.116 0 0.72 0.152 0.932 
0 0 0 0 0.028 0.964 0.824 0.885108 0.885108 
0.924 0 0.108 0.892 0.328 0.30812121212 0.30812121212 0 0.104 
0 0 0 0 0 0.988 0 0.992 0 
0.148 0.936 0.1 0 0.092 0 0 0 0 
0 0 0 0 0.264 0 0.992 0 0 
0 0 0.992 0 0 0 0 0 0 
0 0.244 0.88 0 0.992 0 0 0 0 
0.98 0 0 0 0 0 0 0.964 0 
0.372 0.436 0 0.588 0.652 0 0.964 0.316 0.108 
0.764 0 0.356 0.628 0 0 0 0 0 
0 0.2 0 0.576 0.128 0 0 0 0.944 
0 0.352 0 0.936 0.768 0.34 0 0.652 0.576 
0 0 0 0 0 0 0 0 0 
0.984 0 0 0.008 0 0 0 0.992 0 
0.448 0.956 0.904 0 0 0 0 0 0 
0 0.892 0 0 0.936 0 0 0.712 0.768 
0 0.056 0.332 0.452 0 0.06 0.044 0 0 
0 0 0.108 0.808 0.672 0.244 0 0.824 0.568 
0.9 0.864 0.992 0 0 0 0 0.86 0 
0.944 0 0.444 0.216 0 0.976 0 0 0.972 
0 0 0.6 0.376 0.384 0.556 0.332 0 0 
0.52 0.1 0 0.064 0.388 0.476 0.676 0.128 0 
0 0 0 0.244 0.78 0.296 0.132 0 0 
0 0 0.592 0 0 0 0 0 0.148 
0.16 0.168 0.992 0.004 0.892 0 0.18 0 0.56 
0.172 0.908 0.388 0.016 0 0.244 0.232 0.584 0.156 
0.232 0.108 0.16 0.288 0 0 0 0 0 
0 0 0 0 0.464 0.744 0 0 0 
0 0 0 0 0 0 0 0 0.996 
0 0 0 0 0.924 0 0 0 0 
0.812 0.38 0.96 0 0 0 0 0 0 
0 0 0.088 0 0 0.752 0 0 0.968 
0 0 0 0 0.044 0.136 0 0 0.068 
0 0.168 0 0 0 0 0.624 0.52 0.676 
0.148 0.932 0.42 0 0 0 0 0.996 0 
0.968 0 0.064 0 0 0 0 0 0 
0 0 0.9 0.98 0.576 0.992 0.992 0 0.96 
0 0.096 0 0.184 0.872 0 0.22 0.536 0.676 
0 0.984 0 0 0.712 0 0.992 0.484 0 
0.804 0.79074144 0.79074144 0.692 0.86 0 0.996 0 0.096 
0 0.292 0.588 0.54 0 0.7424 0.7424 0.928 0.984 
0.356 0.552 0.04 0.144 0 0.9 0.336 0.668 0 
0 0 0 0 0 0 0.764 0.54 0.888 
0 0 0.756 0.316 0.108 0 0 0 0 
0 0.512 0.576 0.632 0.012 0.988 0.988 0 0 
0.888 0.928 0 0 0 0 0 0.592 0.796 
0.172 0.804 0 0 0 0 0.704 0 0.056 
0 0 0 0.704 0 0 0 0 0.436 
0.744 0.712 0 0.364 0 0.832 0 0 0.18 
0.012 0 0 0 0 0.696 0.304 0.876 0 
0.964 0 0 0 0.976 0 0 0 0 
0 0 0 0 0 0 0.912 0 0.012 
0 0 0 0 0 0 0.54 0.028 0.02 
0 0.976 0 0 0 0 0.032 0.428 0 
0.032 0.772 0.564 0.076 0.032 0.408 0 0 0 
0 0 0 0.684 0.852 0.548 0.856 0.408 0.24 
0.156 0.404 0 0 0 0.98 0.988 0 0.116 
0 0 0.66 0 0 0 0.716 0.976 0 
0 0 0.188 0.264 0.008 0 0 0 0.996 
0 0 0 0.624 0.368 0.004 0 0 0 
0 0 0 0 0.32 0.696 0.124 0.14 0 
0.0079291633781 0.0079291633781 0.06 0 0 0.164 0.004 0.004 0.704 
0.004 0 0 0 0 0 0 0.316 0 
0 0 0 0 0 0 0 0 0.076 
0 0 0 0.64 0 0.524 0.412 0 0.972 
0 0 0.948 0.928 0.724 0 0 0.992 0 
0.132 0.48 0.288 0.34 0.244 0.212 0.176 0.904 0.208 
0 0 0 0.48 0 0 0.372 0 0 
0.544 0 0 0.044 0 0.024 0 0 0 
0 0.436 0.688 0.584 0.452 0.388 0 0 0 
0 0 0 0.956 0 0.936 0 0.696 0 
0 0 0 0 0.624 0 0 0 0 
0.384 0 0.44 0.416 0.648 0.016 0 0.48 0.528 
0 0.032 0 0 0 0 0.96 0.06 0.964 
0 0 0.996 0 0.844 0 0 0 0 
0.308 0.592 0 0.576 0 0 0 0 0 
0.96 0 0.236 0 0 0 0 0 0 
0.996 0 0.016 0 0 0 0 0.208 0.88 
0.164 0 0 0.9 0.92 0.436 0 0.012 0 
0 0 0.456 0 0.98 0 0 0 0 
0 0 0.2 0.248 0.408 0.628 0 0 0 
0 0.244 0.984 0 0 0.988 0 0.556 0.588 
0.988 0.108 0 0.556 0 0.38 0.52 0.284 0.416 
0.356 0 0.096 0.848 0 0 0.984 0.18 0 
0 0 0 0.972 0 0.992 0 0 0.972 
0 0 0.96 0 0.556 0 0.612 0 0 
0.096 0 0 0 0 0.144 0.792 0.72 0 
0.072 0.144 0 0.248 0.384 0 0 0 0 
0.4 0.916 0.076 0 0 0.028 0.32 0.948 0.272 
0.744 0 0 0 0 0 0.86 0.8 0 
0.768 0 0 0.772 0.204 0 0 0 0 
0.316 0 0.504 0.984 0.14 0.956 0.988 0 0 
0.152 0.18 0.612 0.404 0.628 0 0 0.98 0 
0 0.604 0 0 0 0.984 0 0.516 0.272 
0 0.208 0.904 0 0.832 0.916 0.796 0.2 0.88 
0 0 0.044 0.476 0.476 0.932 0 0.992 0 
0 0 0.184 0.172 0.952 0.956 0.628 0.2 0.14 
0.664 0.016 0 0 0.656 0 0.536 0.86 0 
0.024 0.808 0.664 0 0.248 0.096 0 0.724 0.572 
0 0.884 0.124 0.028 0.44 0 0 0.548 0 
0.104 0.028 0 0.256 0 0.06 0.248 0.856 0.06 
0 0 0 0 0.808 0.936 0.304 0.828 0 
0 0.096 0.472 0.212 0.804 0 0.972 0 0.984 
0 0.028 0 0.304 0.084 0 0.4 0.516 0 
0 0 0.06 0 0.132 0 0.804 0 0 
0.104 0.82 0 0 0 0 0.512 0 0 
0.988 0 0.996 0.056 0.948 0 0.176 0.404 0.604 
0.528 0.396 0.576 0.148 0 0 0 0 0 
0.204 0.336 0.456 0.016 0 0.648 0.236 0 0 
0 0 0.056 0 0 0.952 0.916 0.024 0.972 
0.212 0.028 0.024 0.196 0 0 0 0.308 0 
0.664 0.956 0 0 0 0.036 0.92 0.56 0.62 
0.344 0.924 0.948 0.58 0.464 0 0.932 0 0 
0 0 0.848 0 0 0 0.384 0.752 0.092 
0 0 0.064 0.888 0 0 0 0 0 
0 0 0.004 0 0 0.876 0 0 0.968 
0 0.992 0 0.98 0 0.324 0 0 0 
0 0.996 0 0.98 0 0 0 0 0.028 
0 0 0 0.008 0 0 0 0 0.344 
0.868 0.608 0.668 0 0.044 0.044 0 0.844 0.032 
0 0.304 0.844 0.828 0 0.504 0.712 0.52 0.376 
0.504 0.224 0 0 0 0 0 0.168 0 
0 0 0 0 0 0 0 0.704 0.308 
0 0 0 0.004 0.004 0 0 0.984 0 
0.376 0.828 0 0 0 0 0.992 0 0 
0 0.688 0 0 0.988 0.048 0 0 0 
0.516 0 0 0 0.04 0 0.352 0.08 0 
0 0 0 0 0 0 0 0.94 0.54 
0.08 0.992 0 0 0.76 0 0.82 0.764 0.024 
0.096 0.078761843592 0.078761843592 0 0 0.14857142857 0.14857142857 0.16 0.070813676378 
0.070813676378 0 0 0 0 0 0.556 0.16 0 
0.388 0.028 0 0 0 0 0.512 0.784 0.412 
0.58 0.648 0.344 0.772 0.08 0.176 0 0.94 0 
0 0 0 0.532 0.304 0 0.072 0 0 
0 0.328 0.16 0.532 0 0 0 0 0.184 
0.068 0.088 0.08 0.472 0.44 0 0 0 0 
0 0 0 0 0 0 0.088 0 0 
0 0.116 0 0.72 0.152 0.932 0 0 0 
0 0 0 0 0 0 0.568 0.2 0.588 
0.63333333333 0.63333333333 0.792 0.552 0.456 0.216 0.312 0 0 
0.068 0 0 0 0.992 0 0 0 0.284 
0.744 0 0.988 0.88 0 0 0 0 0 
0.264 0.984 0.336 0 0.848 0.424 0 0 0 
0.952 0 0.74 0.952 0 0.968 0 0 0 
0.552 0.96 0.836 0 0.088 0.628 0 0.632 0 
0.94 0.372 0 0.544 0 0 0.628 0.072 0 
0 0 0 0 0 0 0 0 0.44 
0.732 0 0 0 0 0 0 0 0 
0 0 0 0.808 0.104 0 0 0 0.992 
0 0 0 0 0 0.42 0.884 0.816 0.452 
0 0 0 0.996 0 0.712 0 0 0 
0 0 0 0 0.016 0 0 0 0 
0 0 0 0.136 0.944 0 0.16 0 0 
0 0.992 0 0.088 0 0 0 0.052 0 
0.884 0 0 0 0.012 0.152 0.916 0 0.108 
0 0 0 0.064 0.98 0.168 0 0.572 0.512 
0 0 0 0 0 0 0 0 0 
0 0 0.028 0 0 0 0.216 0.4 0 
0 0 0 0 0 0 0 0 0 
0.184 0.2 0.312 0 0.816 0 0.816 0.72 0.056 
0 0.984 0 0 0 0 0 0 0 
0.132 0 0.636 0.608 0.628 0 0.228 0.44 0.708 
0 0.292 0.804 0.176 0 0.992 0 0.68 0 
0 0 0 0.244 0.668 0.408 0.644 0.628 0.048 
0 0.34 0 0.984 0.552 0.636 0 0 0 
0 0.856 0 0 0 0 0 0 0 
0 0 0 0 0 0 0 0 0 
0.592 0.392 0.176 0 0 0.88 0 0 0.888 
0 0.732 0.436 0.104 0.628 0 0.096 0.516 0 
0 0 0 0 0 0 0 0.972 0 
0.992 0 0 0 0.712 0.832 0.04 0.956 0 
0 0.224 0.908 0.748 0.88 0.896 0.072 0.252 0.164 
0.296 0 0 0.612 0.316 0.444 0.388 0.824 0 
0 0 0 0 0.592 0 0 0 0 
0 0.148 0.16 0.168 0.992 0.004 0.892 0 0.18 
0 0.56 0.172 0.908 0.388 0.016 0 0.244 0.232 
0.584 0.156 0.232 0.108 0.16 0.288 0 0 0 
0 0 0 0 0 0 0.464 0.744 0 
0 0 0 0 0 0 0 0 0 
0 0.996 0 0 0 0 0.924 0 0 
0 0 0 0 
MaximumInscribedSphereRadius 1 14440 double
10.015602182 13.24198378 13.428437522 13.453354474 13.465679647 13.583570224 13.621389781 13.689609847 13.697811918 
13.646439277 13.698809376 13.894470222 13.981948718 13.982212375 13.747031654 13.773700098 13.919061594 13.964682495 
13.623851997 13.430086777 13.169469936 12.966214747 12.73196761 12.724428807 12.310182417 12.109309749 11.833763408 
11.628183729 11.610151994 11.658451785 11.694612617 11.741620233 11.873921395 11.863958902 11.760107243 11.602616737 
11.004710876 11.004710876 10.268452147 10.196056803 9.3117288506 9.23402478 9.1979860463 9.0579002636 8.9999457793 
8.3896978746 7.4786897531 7.3103876264 7.2108827176 7.1239782859 7.1239782859 7.08052607 6.8472578481 6.839726639 
6.585221837 6.2600271098 6.2364354971 6.3181517254 6.5498287316 6.5746575077 6.6804075459 6.6992693845 6.9292551218 
6.9223783764 6.743338225 6.7149999598 6.7000825435 6.6270517608 6.4048718299 6.3712305631 6.1215662734 6.088807101 
6.0707581804 5.9993600066 5.8542397942 5.7234155171 5.3690513623 5.2669509668 5.1598160601 5.0779010419 4.9790831342 
4.7511293006 4.7139929516 4.6229853226 4.6050003045 4.6024720763 4.4580826742 4.3595223213 4.2322393369 4.1979723742 
4.1769872899 3.9982689596 3.9624693516 3.851076774 3.7089084396 3.6772902365 3.5950149337 3.5946845108 3.5047989548 
3.5019233792 3.4970974049 3.5931785681 3.770305203 3.7727227362 3.772351632 3.8080393134 3.8048235999 3.8045199391 
3.6155416287 3.5852580961 3.5776173919 3.5586761417 3.4690650822 3.4292481698 3.2413479018 3.2180178259 3.2193745618 
3.2158880239 3.1444045814 3.0372065685 3.0406695362 3.057767805 3.0601709658 3.1472098547 3.1803472013 3.2410297763 
3.331788819 3.3650705064 3.3783181696 3.3674469719 3.3371386349 3.3359989956 3.3090625567 3.2484974324 3.2393525545 
3.1735036428 3.1556494312 3.1549539549 3.0906932456 3.0650133913 3.0517116039 2.9875957263 2.8909582493 2.7080061839 
2.7049215791 2.6705629044 2.600857851 2.6790440733 2.5756252225 2.5618125484 2.5601365994 2.6297526251 2.6501136703 
2.6612218503 2.7527767758 2.7802635324 2.780351841 2.7440372721 2.7431814079 2.7384172502 2.6985720293 2.7098883882 
2.7236353406 2.7236353406 2.7611867725 2.7616547211 2.7541509147 2.776501047 2.8927355396 2.9823882152 2.973667608 
2.9554267161 2.8789172068 2.8530183757 2.8212246337 2.7808888274 2.7707991421 2.6816830487 2.6665875276 2.6836847167 
2.756763776 2.6829392136 2.7845584911 2.7850367217 2.8025174705 2.7970372052 2.7941490857 2.8010161759 2.8272077455 
2.8519312677 2.8530737607 2.9363257188 2.9419587383 2.8872220423 2.8830423554 2.8753988945 2.839899251 2.8113952174 
2.7776415991 2.7572504983 2.7490488742 2.6955987028 2.6684121249 2.6675445884 2.6654817926 2.6280263137 2.6245533665 
2.6418556977 2.6496641041 2.6498403724 10.015602182 13.24198378 13.428437522 13.453354474 13.465679647 13.583570224 
13.621389781 13.689609847 13.697811918 13.646439277 13.698809376 13.894470222 13.981948718 13.982212375 13.747031654 
13.773700098 13.919061594 13.964682495 13.623851997 13.430086777 13.169469936 12.966214747 12.73196761 12.724428807 
12.310182417 12.109309749 11.833763408 11.628183729 11.610151994 11.658451785 11.694612617 11.741620233 11.873921395 
11.863958902 11.760107243 11.698115595 11.698115595 11.67414384 11.575556274 11.096103899 11.029827159 11.032424401 
11.035808014 11.272349489 11.486827327 11.486827327 11.742504297 11.830583062 12.40559479 12.123981223 11.224488519 
11.216866039 10.7794522 10.686951952 9.7645797262 9.7107182408 9.3940122075 9.3940122075 8.9305003819 8.4103298648 
7.9253044681 7.7103080449 7.0638765206 6.4838589455 5.9075001216 5.6033233763 5.4628960679 5.1065274559 5.1065274559 
5.0502587277 4.9568505549 4.8859497253 4.688234935 4.6832481615 4.4388384227 3.9901263373 3.9448262763 3.8579601324 
3.819989959 3.8039442451 3.6169418342 3.4981367357 3.4666351996 3.4515492258 3.4481384887 3.4360745151 3.4338046966 
3.3989619445 3.3993565084 3.4164314721 3.3089967148 3.3139475937 3.3137990249 3.1599996478 3.134449878 3.1773236803 
3.1451211148 3.1198539151 3.0881829002 3.0621461829 3.0222593326 2.9734562884 3.054750794 3.0589098343 3.0630907964 
3.064747374 3.2599803798 3.3044712829 3.2789294898 3.3342302324 3.3752556888 3.3272142202 3.2931890738 3.1996831255 
3.2654433182 3.2625584017 3.2579181077 3.2053308526 3.1415809578 3.0184433812 3.0348337506 3.0590348828 3.0596653985 
3.0481625324 3.0231286514 3.02048501 3.0171055688 3.0059413128 2.9994519335 2.9576513142 2.9520666902 2.9511207557 
2.9501003755 2.946472699 2.9463834939 2.9309350855 2.9274682246 2.9046276323 2.859328481 2.8763946392 2.8789862619 
2.8283466733 2.8081795299 2.8080168917 2.8020378236 2.8020378236 2.7850493102 2.784842972 2.7814503402 2.7825194207 
2.7850355683 2.7624934861 2.7613304003 2.7124212839 2.6908196562 2.7355483169 2.7512036263 2.7515395953 2.8091972316 
2.921544889 2.9228577433 2.9106454522 2.8831193349 2.7738944822 2.7333814767 2.7924897594 2.8021749953 2.7726181582 
2.7312082483 2.7247043087 2.7196488741 2.6874603991 2.8289991415 2.8382693777 3.0744830274 3.2063807503 3.1823942378 
3.1775019256 3.218717223 3.2628759841 3.3018753718 3.2729242865 3.2676162203 3.2594722657 3.2366475409 3.2367341996 
3.2281856335 3.22790854 3.1933995859 3.1934066893 3.2350255033 3.228028531 3.2262430257 3.3794046058 3.3779532028 
3.3075841944 3.2240751574 3.1958742331 3.2036844623 3.2107610034 3.2161797759 3.2160632325 3.1414877451 3.1250014747 
3.1199937315 3.1104613132 3.0237339892 3.0189599903 3.0189599903 3.0441072119 2.9854202384 2.9424849418 2.9263599333 
3.0489063496 3.0538411457 3.0842134284 3.1283017374 3.1276991446 3.1276991446 3.1297082671 3.2104182818 3.2118128581 
3.2124435938 3.2133111727 3.1948697394 3.217581019 3.2209789918 3.2431040078 3.2661368712 3.2907929495 3.2690744659 
3.2665336601 3.2103709414 3.1843984055 3.2682454192 3.267115139 3.2723294178 3.2095628288 3.2307410898 3.2313750024 
3.2264006075 3.2203472223 3.1687093817 3.0918627005 3.0903957722 3.0862849815 3.0507080805 3.0293345826 2.9996834306 
2.9765433069 3.0154967343 3.0288753995 3.0288759424 3.0323275164 3.0017156548 3.0020289501 3.0055280638 3.1705091609 
3.1890241882 3.1481013397 3.0059765494 3.0022457718 2.9838139178 2.9839228491 3.0078093589 3.0473249477 3.0558096605 
3.0558096605 3.0521784501 3.0314350819 3.034296226 3.0024184575 3.0138719335 3.0335721352 3.0852607345 3.0895257094 
3.0731592806 3.0570697901 3.0260467127 3.0760707721 3.1126423435 3.124301834 3.1223269013 3.1309373464 3.1307088578 
3.1253338896 3.1269789657 3.1265070694 3.1292385419 3.1551886454 3.1484697567 3.1243927949 3.1239014283 3.0808635135 
3.1527165805 3.1539915353 3.1410283008 3.1380043101 3.1345259464 3.1080111608 3.2035104841 3.2240879983 3.1946128499 
3.2020472665 3.2227305627 3.2265208312 3.2120339298 3.2291892066 3.2293088902 3.2590274356 3.261664357 3.259997903 
3.2401575396 3.2081941667 3.1827829609 3.1067594489 3.0640154008 3.1291967093 3.1284493162 3.1107676852 3.1154092653 
3.0820581032 3.0800151097 3.0679437137 3.1212687056 3.1122258295 3.103020805 3.097830676 3.0832744046 3.0833100586 
3.0445473281 2.9397159202 2.939134963 2.9332486951 2.9389554038 2.9496962156 2.9561712133 2.9820176173 2.9743604995 
2.941480688 2.9622452633 2.9623823362 2.9585690574 2.9567288467 2.9388504604 2.9377914882 3.0042372679 3.0030738434 
3.0030738434 3.0004714454 3.0737010449 3.0882954201 3.2465415112 3.249728031 3.2622531503 3.2716139442 3.2964874393 
3.2779802379 3.6490866432 3.6490866432 3.6864088498 3.6941523923 3.6841267114 3.6121386004 3.5689607421 3.4539396293 
3.4366153877 3.0956732953 2.7053262004 2.6908405362 2.6285210639 2.5915560684 2.5740268043 2.5337315887 2.5337315887 
2.4934363731 2.1713790579 2.0620941805 2.0616552854 1.9323916703 1.894081519 1.8144416191 1.8111463924 1.8261861242 
1.8469604357 1.8477953119 1.8165620985 1.7128097724 1.7058100005 1.6958442513 1.6731986631 1.6505111893 1.6280680784 
1.617056593 1.6158067665 1.6158067665 1.6154664145 1.6185123976 1.6046346138 1.6003100346 1.5340638607 1.5146885425 
1.5443699121 1.5291601706 1.5086546463 1.5086546463 1.4278634824 1.4218161539 1.4385527809 1.4210750764 1.4336375753 
1.4800757701 1.4881341505 1.4708244084 1.4642183665 1.4425371191 1.440679392 1.381510242 1.3710572905 1.3261326611 
1.3498308233 1.3466585995 1.3234251635 1.3216957697 1.321716526 1.3661726029 1.319904224 1.364993835 1.4076076812 
10.015602182 13.24198378 13.428437522 13.453354474 13.465679647 13.583570224 13.621389781 13.689609847 13.697811918 
13.646439277 13.698809376 13.894470222 13.981948718 13.982212375 13.747031654 13.773700098 13.919061594 13.964682495 
13.623851997 13.430086777 13.169469936 12.966214747 12.73196761 12.724428807 12.310182417 12.109309749 11.833763408 
11.628183729 11.610151994 11.658451785 11.694612617 11.741620233 11.873921395 11.863958902 11.760107243 11.698115595 
11.698115595 11.67414384 11.575556274 11.096103899 11.029827159 11.032424401 11.035808014 11.272349489 11.486827327 
11.486827327 11.742504297 11.830583062 12.501445409 12.628385867 12.628385867 12.651507422 12.683292881 12.726794447 
12.890787949 12.895703963 13.480511334 13.559836878 13.302082386 13.296052114 13.17053553 12.987714405 12.987714405 
12.18440946 12.257826178 12.22568063 12.137079717 12.205267304 11.651803592 11.651803592 11.13451006 11.124366243 
11.124366243 10.545391374 9.9832914881 9.9671026663 9.8002833975 9.5665281162 9.3702699955 8.5656078169 8.3343603077 
7.7959392773 7.722683265 7.7057762548 7.7057762548 6.9787748179 6.7013295692 6.6454832646 6.6132910621 6.4964941551 
6.4518278837 6.4468731209 6.4407788311 6.3269369074 6.2640531552 6.2324780874 6.2242494369 6.0710691898 6.0842941321 
6.094059858 6.0860526993 6.2806902467 6.3115547497 6.3305295678 6.2134270225 6.2724741601 6.3170213864 6.3224364866 
6.3145622064 6.202511209 6.3039373454 6.3732197186 6.4667642987 6.6019245618 6.6405133269 6.5823196864 6.493093758 
6.5272949325 6.5494868521 6.6140149301 6.593390947 6.5910056869 6.5033633694 6.5322633135 6.5313687025 6.5163728696 
6.5169290733 6.5169522485 6.7274904839 6.7573169871 6.7920545667 6.793247332 6.7325024573 6.599611261 6.6055123789 
6.571048749 6.3356894122 6.0459531971 6.0347640125 6.0062910565 5.9910584563 5.9026062258 5.8650081544 5.8522492523 
5.8316181162 5.8316181162 5.822894041 5.5146672888 5.5049173876 5.5049173876 5.3182927791 5.0827853461 5.0071644151 
4.9401440319 4.7904512729 4.7560784293 4.6828401537 4.3402429886 4.319155583 4.319155583 4.0731358512 4.017080449 
4.2008753106 4.3763487427 4.5046984518 4.6307458986 4.8324714179 5.2141542231 5.2496280964 5.2575765778 5.2685987778 
5.4499876916 5.4580314989 5.5170305239 5.5971602361 5.7369507792 5.7394480987 5.7394480987 5.9044812618 5.9086449439 
5.9220950923 5.9155083081 5.9142916473 5.4987632726 5.4933968113 5.3422948322 5.1563823488 4.9743069891 4.8416684471 
10.015602182 13.24198378 13.428437522 13.453354474 13.465679647 13.583570224 13.621389781 13.689609847 13.697811918 
13.646439277 13.698809376 13.894470222 13.981948718 13.982212375 13.747031654 13.773700098 13.919061594 13.964682495 
13.623851997 13.430086777 13.169469936 12.966214747 12.73196761 12.724428807 12.310182417 12.109309749 11.833763408 
11.628183729 11.610151994 11.658451785 11.694612617 11.741620233 11.873921395 11.863958902 11.760107243 11.698115595 
11.698115595 11.67414384 11.575556274 11.096103899 11.029827159 11.032424401 11.035808014 11.272349489 11.486827327 
11.486827327 11.742504297 11.830583062 12.501445409 12.628385867 12.628385867 12.651507422 12.683292881 12.726794447 
12.890787949 12.895703963 13.480511334 13.559836878 13.302082386 13.296052114 13.17053553 12.987714405 12.987714405 
12.18440946 12.257826178 12.22568063 12.137079717 12.205267304 11.651803592 11.651803592 11.13451006 11.124366243 
11.124366243 10.545391374 9.9832914881 9.9671026663 9.8002833975 9.5665281162 9.3702699955 8.5656078169 8.3343603077 
7.7959392773 7.722683265 7.7057762548 7.7057762548 6.9787748179 6.7013295692 6.6454832646 6.6132910621 6.4964941551 
6.4518278837 6.4468731209 6.4407788311 6.3269369074 6.2640531552 6.2324780874 6.2242494369 6.0710691898 6.0842941321 
6.094059858 6.0860526993 6.2806902467 6.3115547497 6.3305295678 6.2134270225 6.2724741601 6.3170213864 6.3224364866 
6.3145622064 6.202511209 6.3039373454 6.3732197186 6.4667642987 6.6019245618 6.6405133269 6.5823196864 6.493093758 
6.5272949325 6.5494868521 6.6140149301 6.593390947 6.5910056869 6.5033633694 6.5322633135 6.5313687025 6.5163728696 
6.5169290733 6.5169522485 6.7274904839 6.7573169871 6.7920545667 6.793247332 6.7325024573 6.599611261 6.6055123789 
6.571048749 6.3356894122 6.0459531971 6.0347640125 6.0062910565 5.9910584563 5.9026062258 5.8650081544 5.8522492523 
5.8316181162 5.8316181162 5.822894041 5.5146672888 5.5049173876 5.5049173876 5.3182927791 5.0827853461 5.0071644151 
4.9401440319 4.7904512729 4.7560784293 4.6828401537 4.3402429886 4.319155583 4.319155583 4.0731358512 4.017080449 
4.2008753106 4.3763487427 4.5046984518 4.6307458986 4.8324714179 5.2141542231 5.2496280964 5.2575765778 5.2685987778 
5.4499876916 5.4580314989 5.5170305239 5.5734483074 5.6850573612 5.6921942187 5.7129090254 5.7435265158 5.8820809534 
5.916856616 5.9158017797 5.9158017797 5.909046152 5.9079013588 5.9078694922 5.8720491145 5.6893295158 5.6806458424 
5.6800629032 5.5897803646 5.5673335874 5.386294224 5.3602002386 5.3602002386 5.3080122679 5.2246277647 5.0445466412 
4.9992107602 4.973785481 4.9590217646 4.9414159899 4.8815099677 4.8200498438 4.8097199894 4.7206977294 4.6564613194 
4.5793753233 4.1945477693 4.0879527102 4.0182321411 3.8371827733 3.8076190843 3.5405691382 3.5412524647 3.540326497 
3.3466998985 3.3626773505 3.362741517 3.3255615898 3.3641465917 3.3860711809 3.4277253563 3.4429578168 3.4492374774 
3.4527357532 3.5366041765 3.5584748044 3.6016938628 3.5915749058 3.579153367 3.5632336615 3.561036342 3.5211927845 
3.6054532477 3.6054032791 3.6080466456 3.5657155548 3.5306022178 3.5478714908 3.5425248474 3.5102335818 3.4388740067 
3.4374095431 3.4551507408 3.4854591592 3.5077864971 3.5388046024 3.5389428718 3.4839470764 3.4120039185 3.3391658943 
3.3373738625 3.3128650576 3.2603182744 3.2266755116 3.1758534244 3.130695876 3.1195487672 3.075580173 3.0735320536 
3.0730183432 3.0456127299 3.0450534316 2.907893184 2.8722184515 2.8679565437 2.9038402609 2.9001335776 2.8494617389 
2.8338536064 2.7968638182 2.7527008197 2.7570616876 2.7064010123 2.599563205 2.5749490821 2.5947710778 2.5904843453 
2.5574915623 2.5517562616 2.4162232435 2.4137192152 2.3729350471 2.3203764181 10.015602182 13.24198378 13.428437522 
13.453354474 13.465679647 13.583570224 13.621389781 13.689609847 13.697811918 13.646439277 13.698809376 13.894470222 
13.981948718 13.982212375 13.747031654 13.773700098 13.919061594 13.964682495 13.623851997 13.430086777 13.169469936 
12.966214747 12.73196761 12.724428807 12.310182417 12.109309749 11.833763408 11.628183729 11.610151994 11.658451785 
11.694612617 11.741620233 11.873921395 11.863958902 11.760107243 11.698115595 11.698115595 11.67414384 11.575556274 
11.096103899 11.029827159 11.032424401 11.035808014 11.272349489 11.486827327 11.486827327 11.742504297 11.830583062 
12.40559479 12.123981223 11.224488519 11.216866039 10.7794522 10.686951952 9.7645797262 9.7107182408 9.3940122075 
9.3940122075 8.9305003819 8.4103298648 7.9253044681 7.7103080449 7.0638765206 6.4838589455 5.9075001216 5.6033233763 
5.4628960679 5.1065274559 5.1065274559 5.0502587277 4.9568505549 4.8859497253 4.688234935 4.6832481615 4.4388384227 
3.9901263373 3.9448262763 3.8579601324 3.819989959 3.8039442451 3.6169418342 3.4981367357 3.4666351996 3.4515492258 
3.4481384887 3.4360745151 3.4338046966 3.3989619445 3.3993565084 3.4164314721 3.3089967148 3.3139475937 3.3137990249 
3.1599996478 3.134449878 3.1773236803 3.1451211148 3.1198539151 3.0881829002 3.0621461829 3.0222593326 2.9734562884 
3.054750794 3.0589098343 3.0630907964 3.064747374 3.2599803798 3.3044712829 3.2789294898 3.3342302324 3.3752556888 
3.3272142202 3.2931890738 3.1996831255 3.2654433182 3.2625584017 3.2579181077 3.2053308526 3.1415809578 3.0184433812 
3.0348337506 3.0590348828 3.0596653985 3.0481625324 3.0231286514 3.02048501 3.0171055688 3.0059413128 2.9994519335 
2.9576513142 2.9520666902 2.9511207557 2.9501003755 2.946472699 2.9463834939 2.9309350855 2.9274682246 2.9046276323 
2.859328481 2.8763946392 2.8789862619 2.8283466733 2.8081795299 2.8080168917 2.8020378236 2.8020378236 2.7850493102 
2.784842972 2.7814503402 2.7825194207 2.7850355683 2.7624934861 2.7613304003 2.7124212839 2.6908196562 2.7355483169 
2.7512036263 2.7515395953 2.8091972316 2.921544889 2.9228577433 2.9106454522 2.8831193349 2.7738944822 2.7333814767 
2.7924897594 2.8021749953 2.7726181582 2.7312082483 2.7247043087 2.7196488741 2.6874603991 2.8289991415 2.8382693777 
3.0744830274 3.2063807503 3.1823942378 3.1775019256 3.218717223 3.2628759841 3.3018753718 3.2729242865 3.2676162203 
3.2594722657 3.2366475409 3.2367341996 3.2281856335 3.22790854 3.1933995859 3.1934066893 3.2350255033 3.228028531 
3.2262430257 3.3794046058 3.3779532028 3.3075841944 3.2240751574 3.1958742331 3.2036844623 3.2107610034 3.2161797759 
3.2160632325 3.1414877451 3.1250014747 3.1199937315 3.1104613132 3.0237339892 3.0189599903 3.0189599903 3.0441072119 
2.9854202384 2.9424849418 2.9263599333 3.0489063496 3.0538411457 3.0842134284 3.1283017374 3.1276991446 3.1276991446 
3.1297082671 3.2104182818 3.2118128581 3.2124435938 3.2133111727 3.1948697394 3.217581019 3.2209789918 3.2431040078 
3.2661368712 3.2907929495 3.2690744659 3.2665336601 3.2103709414 3.1843984055 3.2682454192 3.267115139 3.2723294178 
3.2095628288 3.2307410898 3.2313750024 3.2264006075 3.2203472223 3.1687093817 3.0918627005 3.0903957722 3.0862849815 
3.0507080805 3.0293345826 2.9996834306 2.9765433069 3.0154967343 3.0288753995 3.0288759424 3.0323275164 3.0017156548 
3.0020289501 3.0055280638 3.1705091609 3.1890241882 3.1481013397 3.0059765494 3.0022457718 2.9838139178 2.9839228491 
3.0078093589 3.0473249477 3.0558096605 3.0558096605 3.0521784501 3.0314350819 3.034296226 3.0024184575 3.0138719335 
3.0335721352 3.0852607345 3.0895257094 3.0731592806 3.0570697901 3.0260467127 3.0760707721 3.1126423435 3.124301834 
3.1223269013 3.1309373464 3.1307088578 3.1253338896 3.1269789657 3.1265070694 3.1292385419 3.1551886454 3.1484697567 
3.1243927949 3.1239014283 3.0808635135 3.1527165805 3.1539915353 3.1410283008 3.1380043101 3.1345259464 3.1080111608 
3.2035104841 3.2240879983 3.1946128499 3.2020472665 3.2227305627 3.2265208312 3.2120339298 3.2291892066 3.2293088902 
3.2590274356 3.261664357 3.259997903 3.2401575396 3.2081941667 3.1827829609 3.1067594489 3.0640154008 3.1291967093 
3.1284493162 3.1107676852 3.1154092653 3.0820581032 3.0800151097 3.0679437137 3.1212687056 3.1122258295 3.103020805 
3.097830676 3.0832744046 3.0833100586 3.0445473281 2.9397159202 2.939134963 2.9332486951 2.9389554038 2.9496962156 
2.9561712133 2.9820176173 2.9743604995 2.941480688 2.9622452633 2.9623823362 2.9585690574 2.9567288467 2.9388504604 
2.9377914882 3.0042372679 3.0030738434 3.0030738434 3.0004714454 3.0737010449 3.0882954201 3.2414205931 3.2414205931 
3.2765832983 3.4859344585 3.5456228832 3.5974952555 3.5974952555 3.6138957679 3.5835344725 3.4119507157 2.9920339257 
2.9449843347 2.7891886259 2.7647594663 2.7647594663 2.6350208304 2.5511886132 2.5425556122 2.5425556122 2.4870577486 
2.4825833013 2.5951392883 2.642336485 2.7467321167 2.8257264728 2.8263848405 2.7374615108 2.7210800319 2.6916109006 
2.6753889664 2.4310519074 2.4220637257 2.0587725108 1.9966888385 1.7742006886 1.6706997759 1.524172864 1.4084162424 
1.3815532702 1.3762065847 1.3760497071 1.4119881752 1.7998410589 1.8133464416 1.9573881557 2.0335934676 2.0633905485 
2.1695428245 2.2485869201 2.2489043662 2.4026897294 2.4160695859 2.41802069 2.5261509095 2.5511439883 2.5407530555 
2.4831623611 2.3055814253 2.2772920017 2.2760954582 2.1639086636 2.1429384045 2.0974108328 2.0784092664 2.078256028 
2.0744968107 2.0475789406 1.9938755185 1.9320855397 1.9311787317 1.8551145018 1.8537483973 1.831375256 1.7503795262 
1.747629069 1.6956220783 1.5988052438 1.5302688661 1.524687601 1.5070831241 1.4917999976 1.3682200968 1.3648485266 
1.3523285678 1.3224842947 1.2947005798 1.3434889776 1.3398958367 1.3678344969 1.3924564172 1.3949000612 1.3922048495 
1.394256294 1.3933697962 1.3933010162 1.3654171312 1.3898474187 1.4188107387 1.4051895818 1.376975867 1.3757170679 
1.3462921038 1.3456823175 1.3717900965 1.4884609278 1.4972005693 1.4542091487 1.4843522822 1.4843718488 1.4839809429 
1.4791712776 1.478376241 1.4747569516 1.4711422072 1.4396420989 1.4079306639 1.3982355407 1.3932620106 1.3973234319 
1.3915627889 1.3906241498 1.3836393904 1.3866472864 1.3718619252 1.348697084 1.2303008524 1.2530155957 1.2598105123 
1.2604204442 1.3075852848 1.3220596441 1.3249088441 1.3250315946 1.3538722225 1.3568257778 1.3552297699 1.3550423346 
1.3279248457 1.315153437 1.3152841369 1.3254959487 1.3335268722 1.3606916872 1.3868297925 1.4011783798 1.402633162 
1.4365839916 1.4860118451 1.4946270065 1.5506282769 1.5829836744 1.588472607 1.6294188209 1.6311741636 1.6962752214 
1.7252027077 1.7225067309 1.823051602 1.7837641622 1.7705980999 1.7622194214 1.7248415984 1.7790343334 1.7732768677 
1.7474655682 1.8547512838 1.8509119209 1.9002212181 1.9354626975 2.0233097579 2.0097188208 1.9288748863 1.9239683404 
1.8888392425 1.8992596913 1.9256037607 1.9921041402 2.0012056621 1.9983637212 1.9820591323 1.9029703457 1.9397192568 
1.9372410586 1.9098489906 1.8802220456 1.88056566 1.8852329649 1.8950628934 1.8951421671 1.8870387533 1.8757299988 
1.8703726431 1.8663480508 1.8699060292 1.8505810341 1.8499375163 1.831184094 1.8288288176 1.8302874972 1.8239323019 
1.8238960241 1.8238960241 1.7911402719 1.784798929 1.7914847647 1.8084488933 1.8312174026 1.8366908711 1.8166629935 
1.8105357133 1.7980300759 1.762200559 1.7416862761 1.7225626882 1.6831234427 1.658123348 1.6574767844 1.6567289806 
1.7314669874 1.7246538119 1.7128591459 1.7063870373 1.5252909952 1.52762906 1.5819602062 1.5784367713 1.5701955545 
1.5177695357 1.514341541 1.4750332044 1.4762174013 1.4653435709 1.4514540405 1.2879902466 1.2534018618 1.1991017612 
1.1877540903 1.1761661422 1.1761661422 1.106162657 1.1058815185 1.0995597125 1.0925105378 1.0809843689 1.1066250278 
1.1317108153 1.1510571104 1.1524255315 1.1524255315 1.2280337072 1.2311428068 1.2922395662 1.2676582306 1.2633247559 
1.2701079193 1.3161276721 1.3703535859 1.3726448805 1.384755547 1.3859355774 1.4066818319 1.4092058491 1.4556474563 
1.4701376101 1.4759989838 1.463207566 1.5500977695 1.5648158697 1.6296223627 1.6318259831 1.6050901918 1.5957275526 
1.59847948 1.6533735354 1.6800275856 1.6645115466 1.6425046809 1.6545811077 1.6809861361 1.6762648272 1.6999210791 
1.6999296678 1.6828163834 1.6499930662 1.6462681141 1.6752554061 1.6802792194 1.6651229738 1.6498898177 1.6525872155 
1.6897950045 1.6928132755 1.7116614862 1.6959582683 1.6948800828 1.7043870076 1.7091300255 1.7718505068 1.7909207216 
1.7966313342 1.8014849734 1.8493771675 1.8501430778 1.8346558134 1.8633158345 1.8643683643 1.8711154197 1.9022848675 
1.9044068103 1.9033546829 1.9211059196 1.9332453331 1.9319046594 1.9305394393 1.9312646893 1.9312646893 1.9303779337 
1.9303707824 1.9254448312 1.9359208672 2.0403659706 2.0333819906 2.0293533779 1.9590738862 1.9582202891 1.9983317588 
2.189420507 2.1880527417 2.1438114425 2.1729807361 2.1704457628 2.1652750138 2.1596884031 2.178941545 2.2131812297 
2.2376448723 2.2184246373 2.2184246373 2.2545132377 2.2626973814 2.2511844261 2.2229633206 2.2222171009 2.1402923857 
2.1520782689 2.1457015373 2.1145540331 2.0561601581 2.0493477469 2.0071918439 1.9214369605 1.6965429134 1.7002935509 
1.6696196699 1.657016251 1.7361957393 1.7337156442 1.7207425234 1.6725754649 1.6285423651 1.628002813 1.5858094283 
1.5867903509 1.5854904382 1.5809840384 1.6960848694 1.7606237129 1.7646705305 1.7646705305 1.7533362788 1.7683054268 
1.8405071061 1.8053285895 1.8107189881 1.9050853731 1.9435576533 1.9372863747 1.9150965177 1.9164153318 1.9230253303 
1.9864307946 1.9466085212 1.9256375812 1.8910548572 1.7883424253 1.7940893733 1.7941282622 1.7941282622 1.7882530595 
1.786200562 1.7776088978 1.786562871 1.7654350668 1.7667335826 1.7909130454 1.7829783799 1.8438810207 1.8637044489 
1.8637044489 1.8536806797 1.852250677 1.9062696877 1.9519620938 1.9437195036 1.9045163718 1.9101133878 1.952644625 
1.9506341042 1.9547220298 1.9497425013 1.9438335313 1.9509960251 1.9572936119 1.9856933626 1.9851233742 1.9645169428 
1.9614508101 1.8278682006 1.8278682006 1.8200277036 1.8135490718 1.816282457 1.7077582305 1.6564102666 1.5032743984 
1.499132719 1.3852507134 1.3584386335 1.3584386335 1.3243573789 1.3227887856 1.3161043914 1.3131122234 1.3060859712 
1.288565867 1.2750457704 1.2066270599 1.1943261121 1.1713557292 1.1580326922 1.0772906586 1.0498592678 1.0498592678 
1.0447846415 1.0447846415 1.0998863557 1.0824531574 1.037496149 1.0270916882 1.0282667903 1.0208928692 0.98928664895 
0.97197332668 0.96094182114 0.93796939827 0.93701755112 0.92486941503 0.93362423282 0.93362423282 0.92451810358 0.9524912716 
1.0494994499 1.0515043741 1.0531195152 1.0545324014 1.0545324014 1.0716077507 1.0590313157 1.0252822261 1.0023922746 
1.0399536241 1.0483751085 1.0466771734 1.0441189976 1.0315707154 1.0291804768 1.0460564956 1.0477216062 1.0327566842 
1.0601368974 1.0589062252 1.0324110737 1.0085934212 0.93586778368 0.90906842967 0.90852150408 0.91236390612 0.91933451418 
0.93145098067 0.93972363577 0.92427307056 0.92738228826 0.92744574168 0.95416128419 1.010520731 1.1787320621 1.156326151 
1.1601656721 1.2363926299 1.2597005873 1.1850820335 1.1875495067 1.1886479596 1.2284619176 1.2565311119 1.2604281999 
1.2605737343 1.3166188311 1.3312960996 1.346057185 1.3556333336 1.3578406173 1.357618018 1.3422666727 1.3583701341 
1.3391057645 1.3195857912 1.3195202835 1.3082997699 1.2123931957 1.1796497838 1.1766565646 1.2534521571 1.2817938503 
1.3096154325 1.3066502205 1.3010836838 1.3010836838 1.2890811294 1.2540845011 1.2207958913 1.2105911587 1.2706986844 
1.2728591023 1.2728591023 1.2729340439 1.2748058534 1.2768228168 1.2600529641 1.2244278379 1.2035973467 1.1845362563 
1.1893666008 1.1856312866 1.1805043771 1.1886840791 1.1535615121 1.1722633887 1.1554982519 1.18216812 1.2253423104 
1.2218580879 1.2208284344 1.218241277 1.1442880486 1.1385822767 1.1384419709 1.1251764312 1.1319785262 1.1477176853 
1.1478175705 1.1403603358 1.1393633968 1.1393633968 1.1198764267 1.0987366432 1.1074755529 1.1488840594 1.1585326836 
1.1634803034 1.1634803034 1.2415882454 1.2556234686 1.2549185537 1.2529969142 1.2287373982 1.144754215 1.144754215 
1.0733685092 1.0097652175 0.99837624135 1.0169322615 1.0102082638 1.0096580262 1.0773477966 1.1046851721 1.0872239129 
1.1041210384 1.1086184643 1.0449399736 1.023894634 0.97606357379 0.93007280749 1.0589243411 10.015602182 13.24198378 
13.428437522 13.453354474 13.465679647 13.583570224 13.621389781 13.689609847 13.697811918 13.646439277 13.698809376 
13.894470222 13.981948718 13.982212375 13.747031654 13.773700098 13.919061594 13.964682495 13.623851997 13.430086777 
13.169469936 12.966214747 12.73196761 12.724428807 12.310182417 12.109309749 11.833763408 11.628183729 11.610151994 
11.658451785 11.694612617 11.741620233 11.873921395 11.863958902 11.760107243 11.698115595 11.698115595 11.67414384 
11.575556274 11.096103899 11.029827159 11.032424401 11.035808014 11.272349489 11.486827327 11.486827327 11.742504297 
11.830583062 12.40559479 12.123981223 11.224488519 11.216866039 10.7794522 10.686951952 9.7645797262 9.7107182408 
9.3940122075 9.3940122075 8.9305003819 8.4103298648 7.9253044681 7.7103080449 7.0638765206 6.4838589455 5.9075001216 
5.6033233763 5.4628960679 5.1065274559 5.1065274559 5.0502587277 4.9568505549 4.8859497253 4.688234935 4.6832481615 
4.4388384227 3.9901263373 3.9448262763 3.8579601324 3.819989959 3.8039442451 3.6169418342 3.4981367357 3.4666351996 
3.4515492258 3.4481384887 3.4360745151 3.4338046966 3.3989619445 3.3993565084 3.4164314721 3.3089967148 3.3139475937 
3.3137990249 3.1599996478 3.134449878 3.1773236803 3.1451211148 3.1198539151 3.0881829002 3.0621461829 3.0222593326 
2.9734562884 3.054750794 3.0589098343 3.0630907964 3.064747374 3.2599803798 3.3044712829 3.2789294898 3.3342302324 
3.3752556888 3.3272142202 3.2931890738 3.1996831255 3.2654433182 3.2625584017 3.2579181077 3.2053308526 3.1415809578 
3.0184433812 3.0348337506 3.0590348828 3.0596653985 3.0481625324 3.0231286514 3.02048501 3.0171055688 3.0059413128 
2.9994519335 2.9576513142 2.9520666902 2.9511207557 2.9501003755 2.946472699 2.9463834939 2.9309350855 2.9274682246 
2.9046276323 2.859328481 2.8763946392 2.8789862619 2.8283466733 2.8081795299 2.8080168917 2.8020378236 2.8020378236 
2.7850493102 2.784842972 2.7814503402 2.7825194207 2.7850355683 2.7624934861 2.7613304003 2.7124212839 2.6908196562 
2.7355483169 2.7512036263 2.7515395953 2.8091972316 2.921544889 2.9228577433 2.9106454522 2.8831193349 2.7738944822 
2.7333814767 2.7924897594 2.8021749953 2.7726181582 2.7312082483 2.7247043087 2.7196488741 2.6874603991 2.8289991415 
2.8382693777 3.0744830274 3.2063807503 3.1823942378 3.1775019256 3.218717223 3.2628759841 3.3018753718 3.2729242865 
3.2676162203 3.2594722657 3.2366475409 3.2367341996 3.2281856335 3.22790854 3.1933995859 3.1934066893 3.2350255033 
3.228028531 3.2262430257 3.3794046058 3.3779532028 3.3075841944 3.2240751574 3.1958742331 3.2036844623 3.2107610034 
3.2161797759 3.2160632325 3.1414877451 3.1250014747 3.1199937315 3.1104613132 3.0237339892 3.0189599903 3.0189599903 
3.0441072119 2.9854202384 2.9424849418 2.9263599333 3.0489063496 3.0538411457 3.0842134284 3.1283017374 3.1276991446 
3.1276991446 3.1297082671 3.2104182818 3.2118128581 3.2124435938 3.2133111727 3.1948697394 3.217581019 3.2209789918 
3.2431040078 3.2661368712 3.2907929495 3.2690744659 3.2665336601 3.2103709414 3.1843984055 3.2682454192 3.267115139 
3.2723294178 3.2095628288 3.2307410898 3.2313750024 3.2264006075 3.2203472223 3.1687093817 3.0918627005 3.0903957722 
3.0862849815 3.0507080805 3.0293345826 2.9996834306 2.9765433069 3.0154967343 3.0288753995 3.0288759424 3.0323275164 
3.0017156548 3.0020289501 3.0055280638 3.1705091609 3.1890241882 3.1481013397 3.0059765494 3.0022457718 2.9838139178 
2.9839228491 3.0078093589 3.0473249477 3.0558096605 3.0558096605 3.0521784501 3.0314350819 3.034296226 3.0024184575 
3.0138719335 3.0335721352 3.0852607345 3.0895257094 3.0731592806 3.0570697901 3.0260467127 3.0760707721 3.1126423435 
3.124301834 3.1223269013 3.1309373464 3.1307088578 3.1253338896 3.1269789657 3.1265070694 3.1292385419 3.1551886454 
3.1484697567 3.1243927949 3.1239014283 3.0808635135 3.1527165805 3.1539915353 3.1410283008 3.1380043101 3.1345259464 
3.1080111608 3.2035104841 3.2240879983 3.1946128499 3.2020472665 3.2227305627 3.2265208312 3.2120339298 3.2291892066 
3.2293088902 3.2590274356 3.261664357 3.259997903 3.2401575396 3.2081941667 3.1827829609 3.1067594489 3.0640154008 
3.1291967093 3.1284493162 3.1107676852 3.1154092653 3.0820581032 3.0800151097 3.0679437137 3.1212687056 3.1122258295 
3.103020805 3.097830676 3.0832744046 3.0833100586 3.0445473281 2.9397159202 2.939134963 2.9332486951 2.9389554038 
2.9496962156 2.9561712133 2.9820176173 2.9743604995 2.941480688 2.9622452633 2.9623823362 2.9585690574 2.9567288467 
2.9388504604 2.9377914882 3.0042372679 3.0030738434 3.0030738434 3.0004714454 3.0737010449 3.0882954201 3.2414205931 
3.2414205931 3.2765832983 3.4859344585 3.5456228832 3.5974952555 3.5974952555 3.6138957679 3.5835344725 3.4119507157 
2.9920339257 2.9449843347 2.7891886259 2.7647594663 2.7647594663 2.6350208304 2.5511886132 2.5425556122 2.5425556122 
2.4870577486 2.4825833013 2.5951392883 2.642336485 2.7467321167 2.8257264728 2.8263848405 2.7374615108 2.7210800319 
2.6916109006 2.6753889664 2.4310519074 2.4220637257 2.0587725108 1.9966888385 1.7742006886 1.6706997759 1.524172864 
1.4084162424 1.3815532702 1.3762065847 1.3760497071 1.4119881752 1.7998410589 1.8133464416 1.9573881557 2.0335934676 
2.0633905485 2.1695428245 2.2485869201 2.2489043662 2.4026897294 2.4160695859 2.41802069 2.5261509095 2.5511439883 
2.5407530555 2.4831623611 2.3055814253 2.2772920017 2.2760954582 2.1639086636 2.1429384045 2.0974108328 2.0784092664 
2.078256028 2.0744968107 2.0475789406 1.9938755185 1.9320855397 1.9311787317 1.8551145018 1.8537483973 1.831375256 
1.7503795262 1.747629069 1.6956220783 1.5988052438 1.5302688661 1.524687601 1.5070831241 1.4917999976 1.3682200968 
1.3648485266 1.3523285678 1.3224842947 1.2947005798 1.3434889776 1.3398958367 1.3678344969 1.3924564172 1.3949000612 
1.3922048495 1.394256294 1.3933697962 1.3933010162 1.3654171312 1.3898474187 1.4188107387 1.4051895818 1.376975867 
1.3757170679 1.3462921038 1.3456823175 1.3717900965 1.4884609278 1.4972005693 1.4542091487 1.4843522822 1.4843718488 
1.4839809429 1.4791712776 1.478376241 1.4747569516 1.4711422072 1.4396420989 1.4079306639 1.3982355407 1.3932620106 
1.3973234319 1.3915627889 1.3906241498 1.3836393904 1.3866472864 1.3718619252 1.348697084 1.2303008524 1.2530155957 
1.2598105123 1.2604204442 1.3075852848 1.3220596441 1.3249088441 1.3250315946 1.3538722225 1.3568257778 1.3552297699 
1.3550423346 1.3279248457 1.315153437 1.3152841369 1.3254959487 1.3335268722 1.3606916872 1.3868297925 1.4011783798 
1.402633162 1.4365839916 1.4860118451 1.4946270065 1.5506282769 1.5829836744 1.588472607 1.6294188209 1.6311741636 
1.6962752214 1.7252027077 1.7225067309 1.823051602 1.7837641622 1.7705980999 1.7622194214 1.7248415984 1.7790343334 
1.7732768677 1.7474655682 1.8547512838 1.8509119209 1.9002212181 1.9354626975 2.0233097579 2.0097188208 1.9288748863 
1.9239683404 1.8888392425 1.8992596913 1.9256037607 1.9921041402 2.0012056621 1.9983637212 1.9820591323 1.9029703457 
1.9397192568 1.9372410586 1.9098489906 1.8802220456 1.88056566 1.8852329649 1.8950628934 1.8951421671 1.8870387533 
1.8757299988 1.8703726431 1.8663480508 1.8699060292 1.8505810341 1.8499375163 1.831184094 1.8288288176 1.8302874972 
1.8239323019 1.8238960241 1.8238960241 1.7911402719 1.784798929 1.7914847647 1.8084488933 1.8312174026 1.8366908711 
1.8166629935 1.8105357133 1.7980300759 1.762200559 1.7416862761 1.7225626882 1.6831234427 1.658123348 1.6574767844 
1.6567289806 1.7314669874 1.7246538119 1.7128591459 1.7063870373 1.5252909952 1.52762906 1.5819602062 1.5784367713 
1.5701955545 1.5177695357 1.514341541 1.4750332044 1.4762174013 1.4653435709 1.4514540405 1.2879902466 1.2534018618 
1.1991017612 1.1877540903 1.1761661422 1.1761661422 1.106162657 1.1058815185 1.0995597125 1.0925105378 1.0809843689 
1.1066250278 1.1317108153 1.1510571104 1.1524255315 1.1524255315 1.2280337072 1.2311428068 1.2922395662 1.2676582306 
1.2633247559 1.2701079193 1.3161276721 1.3703535859 1.3726448805 1.384755547 1.3859355774 1.4066818319 1.4092058491 
1.4556474563 1.4701376101 1.4759989838 1.463207566 1.5500977695 1.5648158697 1.6296223627 1.6318259831 1.6050901918 
1.5957275526 1.59847948 1.6533735354 1.6800275856 1.6645115466 1.6425046809 1.6545811077 1.6809861361 1.6762648272 
1.6999210791 1.6999296678 1.6828163834 1.6499930662 1.6462681141 1.6752554061 1.6802792194 1.6651229738 1.6498898177 
1.6525872155 1.6897950045 1.6928132755 1.7116614862 1.6959582683 1.6948800828 1.7043870076 1.7091300255 1.7718505068 
1.7909207216 1.7966313342 1.8014849734 1.8493771675 1.8501430778 1.8346558134 1.8633158345 1.8643683643 1.8711154197 
1.9022848675 1.9044068103 1.9033546829 1.9211059196 1.9332453331 1.9319046594 1.9305394393 1.9312646893 1.9312646893 
1.9303779337 1.9303707824 1.9254448312 1.9359208672 2.0403659706 2.0333819906 2.0293533779 1.9590738862 1.9582202891 
1.9983317588 2.189420507 2.1880527417 2.1438114425 2.1729807361 2.1704457628 2.1652750138 2.1596884031 2.178941545 
2.2131812297 2.2376448723 2.2184246373 2.2184246373 2.2545132377 2.2626973814 2.2511844261 2.2229633206 2.2222171009 
2.1402923857 2.1520782689 2.1457015373 2.1145540331 2.0561601581 2.0493477469 2.0071918439 1.9214369605 1.6965429134 
1.7002935509 1.6696196699 1.657016251 1.7361957393 1.7337156442 1.7207425234 1.6725754649 1.6285423651 1.628002813 
1.5858094283 1.5867903509 1.5854904382 1.5809840384 1.6960848694 1.7606237129 1.7646705305 1.7646705305 1.7533362788 
1.7683054268 1.8405071061 1.8053285895 1.8107189881 1.9050853731 1.9435576533 1.9372863747 1.9150965177 1.9164153318 
1.9230253303 1.9864307946 1.9466085212 1.9256375812 1.8910548572 1.7883424253 1.7940893733 1.7941282622 1.7941282622 
1.7882530595 1.786200562 1.7776088978 1.786562871 1.7654350668 1.7667335826 1.7909130454 1.7829783799 1.8438810207 
1.8637044489 1.8637044489 1.8536806797 1.852250677 1.9062696877 1.9519620938 1.9437195036 1.9045163718 1.9101133878 
1.952644625 1.9506341042 1.9547220298 1.9497425013 1.9438335313 1.9551224181 1.9804041203 1.9912597232 1.9908741988 
2.0621154308 2.0752536381 2.0748187086 2.0748187086 2.0735089446 2.0915815354 2.1144465396 2.1123920947 2.0974300313 
2.0389408733 2.0208012386 2.0208012386 2.0147546937 2.0040848674 1.972450933 1.9535298135 1.929820697 1.929820697 
1.9178265723 1.9121425168 1.9088205575 1.8103605105 1.8015380378 1.7961933633 1.7909488466 1.7670640306 1.7620251236 
1.7616618048 1.7616618048 1.7297699213 1.7295127287 1.7309958944 1.7310261631 1.7249641965 1.7184103072 1.713440478 
1.6603705575 1.659728313 1.6880579675 1.6872916592 1.6761027013 1.7263849833 1.7255722627 1.733007534 1.7727301855 
1.7306913536 1.7254688196 1.7254446342 1.7237381193 1.7190621506 1.6970275136 1.7010759765 1.7010759765 1.6776492273 
1.6771711304 1.660371509 1.6776585856 1.678559574 1.6888489335 1.7237677927 1.7446807683 1.7391536793 1.7739002725 
1.7944207984 1.7946564632 1.8084555452 1.8167001294 1.816766618 1.8709419487 1.8606205116 1.8530043165 10.015602182 
13.24198378 13.428437522 13.453354474 13.465679647 13.583570224 13.621389781 13.689609847 13.697811918 13.646439277 
13.698809376 13.894470222 13.981948718 13.982212375 13.747031654 13.773700098 13.919061594 13.964682495 13.623851997 
13.430086777 13.169469936 12.966214747 12.73196761 12.724428807 12.310182417 12.109309749 11.833763408 11.628183729 
11.610151994 11.658451785 11.694612617 11.741620233 11.873921395 11.863958902 11.760107243 11.698115595 11.698115595 
11.67414384 11.575556274 11.096103899 11.029827159 11.032424401 11.035808014 11.272349489 11.486827327 11.486827327 
11.742504297 11.830583062 12.40559479 12.123981223 11.224488519 11.216866039 10.7794522 10.686951952 9.7645797262 
9.7107182408 9.3940122075 9.3940122075 8.9305003819 8.4103298648 7.9253044681 7.7103080449 7.0638765206 6.4838589455 
5.9075001216 5.6033233763 5.4628960679 5.1065274559 5.1065274559 5.0502587277 4.9568505549 4.8859497253 4.688234935 
4.6832481615 4.4388384227 3.9901263373 3.9448262763 3.8579601324 3.819989959 3.8039442451 3.6169418342 3.4981367357 
3.4666351996 3.4515492258 3.4481384887 3.4360745151 3.4338046966 3.3989619445 3.3993565084 3.4164314721 3.3089967148 
3.3139475937 3.3137990249 3.1599996478 3.134449878 3.1773236803 3.1451211148 3.1198539151 3.0881829002 3.0621461829 
3.0222593326 2.9734562884 3.054750794 3.0589098343 3.0630907964 3.064747374 3.2599803798 3.3044712829 3.2789294898 
3.3342302324 3.3752556888 3.3272142202 3.2931890738 3.1996831255 3.2654433182 3.2625584017 3.2579181077 3.2053308526 
3.1415809578 3.0184433812 3.0348337506 3.0590348828 3.0596653985 3.0481625324 3.0231286514 3.02048501 3.0171055688 
3.0059413128 2.9994519335 2.9576513142 2.9520666902 2.9511207557 2.9501003755 2.946472699 2.9463834939 2.9309350855 
2.9274682246 2.9046276323 2.859328481 2.8763946392 2.8789862619 2.8283466733 2.8081795299 2.8080168917 2.8020378236 
2.8020378236 2.7850493102 2.784842972 2.7814503402 2.7825194207 2.7850355683 2.7624934861 2.7613304003 2.7124212839 
2.6908196562 2.7355483169 2.7512036263 2.7515395953 2.8091972316 2.921544889 2.9228577433 2.9106454522 2.8831193349 
2.7738944822 2.7333814767 2.7924897594 2.8021749953 2.7726181582 2.7312082483 2.7247043087 2.7196488741 2.6874603991 
2.8289991415 2.8382693777 3.0744830274 3.2063807503 3.1823942378 3.1775019256 3.218717223 3.2628759841 3.3018753718 
3.2729242865 3.2676162203 3.2594722657 3.2366475409 3.2367341996 3.2281856335 3.22790854 3.1933995859 3.1934066893 
3.2350255033 3.228028531 3.2262430257 3.3794046058 3.3779532028 3.3075841944 3.2240751574 3.1958742331 3.2036844623 
3.2107610034 3.2161797759 3.2160632325 3.1414877451 3.1250014747 3.1199937315 3.1104613132 3.0237339892 3.0189599903 
3.0189599903 3.0441072119 2.9854202384 2.9424849418 2.9263599333 3.0489063496 3.0538411457 3.0842134284 3.1283017374 
3.1276991446 3.1276991446 3.1297082671 3.2104182818 3.2118128581 3.2124435938 3.2133111727 3.1948697394 3.217581019 
3.2209789918 3.2431040078 3.2661368712 3.2907929495 3.2690744659 3.2665336601 3.2103709414 3.1843984055 3.2682454192 
3.267115139 3.2723294178 3.2095628288 3.2307410898 3.2313750024 3.2264006075 3.2203472223 3.1687093817 3.0918627005 
3.0903957722 3.0862849815 3.0507080805 3.0293345826 2.9996834306 2.9765433069 3.0154967343 3.0288753995 3.0288759424 
3.0323275164 3.0017156548 3.0020289501 3.0055280638 3.1705091609 3.1890241882 3.1481013397 3.0059765494 3.0022457718 
2.9838139178 2.9839228491 3.0078093589 3.0473249477 3.0558096605 3.0558096605 3.0521784501 3.0314350819 3.034296226 
3.0024184575 3.0138719335 3.0335721352 3.0852607345 3.0895257094 3.0731592806 3.0570697901 3.0260467127 3.0760707721 
3.1126423435 3.124301834 3.1223269013 3.1309373464 3.1307088578 3.1253338896 3.1269789657 3.1265070694 3.1292385419 
3.1551886454 3.1484697567 3.1243927949 3.1239014283 3.0808635135 3.1527165805 3.1539915353 3.1410283008 3.1380043101 
3.1345259464 3.1080111608 3.2035104841 3.2240879983 3.1946128499 3.2020472665 3.2227305627 3.2265208312 3.2120339298 
3.2291892066 3.2293088902 3.2590274356 3.261664357 3.259997903 3.2401575396 3.2081941667 3.1827829609 3.1067594489 
3.0640154008 3.1291967093 3.1284493162 3.1107676852 3.1154092653 3.0820581032 3.0800151097 3.0679437137 3.1212687056 
3.1122258295 3.103020805 3.097830676 3.0832744046 3.0833100586 3.0445473281 2.9397159202 2.939134963 2.9332486951 
2.9389554038 2.9496962156 2.9561712133 2.9820176173 2.9743604995 2.941480688 2.9622452633 2.9623823362 2.9585690574 
2.9567288467 2.9388504604 2.9377914882 3.0042372679 3.0030738434 3.0030738434 3.0004714454 3.0737010449 3.0882954201 
3.2414205931 3.2414205931 3.2765832983 3.4859344585 3.5456228832 3.5974952555 3.5974952555 3.6138957679 3.5835344725 
3.4119507157 2.9920339257 2.9449843347 2.7891886259 2.7647594663 2.7647594663 2.6350208304 2.5511886132 2.5425556122 
2.5425556122 2.4870577486 2.4825833013 2.5951392883 2.642336485 2.7467321167 2.8257264728 2.8263848405 2.7374615108 
2.7210800319 2.6916109006 2.6753889664 2.4310519074 2.4220637257 2.0587725108 1.9966888385 1.7742006886 1.6706997759 
1.524172864 1.4084162424 1.3815532702 1.3762065847 1.3760497071 1.4119881752 1.7998410589 1.8133464416 1.9573881557 
2.0335934676 2.0633905485 2.1695428245 2.2485869201 2.2489043662 2.4026897294 2.4160695859 2.41802069 2.5261509095 
2.5511439883 2.5407530555 2.4831623611 2.3055814253 2.2772920017 2.2760954582 2.1639086636 2.1429384045 2.0974108328 
2.0784092664 2.078256028 2.0744968107 2.0475789406 1.9938755185 1.9320855397 1.9311787317 1.8551145018 1.8537483973 
1.831375256 1.7503795262 1.747629069 1.6956220783 1.5988052438 1.5302688661 1.524687601 1.5070831241 1.4917999976 
1.3682200968 1.3648485266 1.3523285678 1.3224842947 1.2947005798 1.3434889776 1.3398958367 1.3678344969 1.3924564172 
1.3949000612 1.3922048495 1.394256294 1.3933697962 1.3933010162 1.3654171312 1.3898474187 1.4188107387 1.4051895818 
1.376975867 1.3757170679 1.3462921038 1.3456823175 1.3717900965 1.4884609278 1.4972005693 1.4542091487 1.4843522822 
1.4843718488 1.4839809429 1.4791712776 1.478376241 1.4747569516 1.4711422072 1.4396420989 1.4079306639 1.3982355407 
1.3932620106 1.3973234319 1.3915627889 1.3906241498 1.3836393904 1.3866472864 1.3718619252 1.348697084 1.2303008524 
1.2530155957 1.2598105123 1.2604204442 1.3075852848 1.3220596441 1.3249088441 1.3250315946 1.3538722225 1.3568257778 
1.3552297699 1.3550423346 1.3279248457 1.315153437 1.3152841369 1.3254959487 1.3335268722 1.3606916872 1.3868297925 
1.4011783798 1.402633162 1.4365839916 1.4860118451 1.4946270065 1.5506282769 1.5829836744 1.588472607 1.6294188209 
1.6311741636 1.6962752214 1.7252027077 1.7225067309 1.823051602 1.7837641622 1.7705980999 1.7622194214 1.7248415984 
1.7790343334 1.7732768677 1.7474655682 1.8547512838 1.8509119209 1.9002212181 1.9354626975 2.0233097579 2.0097188208 
1.9288748863 1.9239683404 1.8888392425 1.8992596913 1.9256037607 1.9921041402 2.0012056621 1.9983637212 1.9820591323 
1.9029703457 1.9397192568 1.9372410586 1.9098489906 1.8802220456 1.88056566 1.8852329649 1.8950628934 1.8951421671 
1.8870387533 1.8757299988 1.8703726431 1.8663480508 1.8699060292 1.8505810341 1.8499375163 1.831184094 1.8288288176 
1.8302874972 1.8239323019 1.8238960241 1.8238960241 1.7911402719 1.784798929 1.7914847647 1.8084488933 1.8312174026 
1.8366908711 1.8166629935 1.8105357133 1.7980300759 1.762200559 1.7416862761 1.7225626882 1.6831234427 1.658123348 
1.6574767844 1.6567289806 1.7314669874 1.7246538119 1.7128591459 1.7063870373 1.5252909952 1.52762906 1.5819602062 
1.5784367713 1.5701955545 1.5177695357 1.514341541 1.4750332044 1.4762174013 1.4653435709 1.4514540405 1.2879902466 
1.2534018618 1.1991017612 1.1877540903 1.1761661422 1.1761661422 1.106162657 1.1058815185 1.0995597125 1.0925105378 
1.0809843689 1.1066250278 1.1317108153 1.1510571104 1.1524255315 1.1524255315 1.2280337072 1.2311428068 1.2922395662 
1.2676582306 1.2633247559 1.2701079193 1.3161276721 1.3703535859 1.3726448805 1.384755547 1.3859355774 1.4066818319 
1.4092058491 1.4556474563 1.4701376101 1.4759989838 1.463207566 1.5500977695 1.5648158697 1.6296223627 1.6318259831 
1.6050901918 1.5957275526 1.59847948 1.6533735354 1.6800275856 1.6645115466 1.6425046809 1.6545811077 1.6809861361 
1.6762648272 1.6999210791 1.6999296678 1.6828163834 1.6499930662 1.6462681141 1.6752554061 1.6802792194 1.6651229738 
1.6498898177 1.6525872155 1.6897950045 1.6928132755 1.7116614862 1.6959582683 1.6948800828 1.7043870076 1.7091300255 
1.7718505068 1.7909207216 1.7966313342 1.8014849734 1.8493771675 1.8501430778 1.8346558134 1.8633158345 1.8643683643 
1.8711154197 1.9022848675 1.9044068103 1.9033546829 1.9211059196 1.9332453331 1.9319046594 1.9305394393 1.9312646893 
1.9312646893 1.9303779337 1.9303707824 1.9254448312 1.9359208672 2.0403659706 2.0333819906 2.0293533779 1.9590738862 
1.9582202891 1.9983317588 2.189420507 2.1880527417 2.1438114425 2.1729807361 2.1704457628 2.1652750138 2.1596884031 
2.178941545 2.2131812297 2.2376448723 2.2184246373 2.2184246373 2.2545132377 2.2626973814 2.2511844261 2.2229633206 
2.2222171009 2.1402923857 2.1520782689 2.1457015373 2.1145540331 2.0561601581 2.0493477469 2.0071918439 1.9214369605 
1.6965429134 1.7002935509 1.6696196699 1.657016251 1.7361957393 1.7337156442 1.7207425234 1.6725754649 1.6285423651 
1.628002813 1.5858094283 1.5867903509 1.5854904382 1.5809840384 1.6960848694 1.7606237129 1.7646705305 1.7646705305 
1.7533362788 1.7683054268 1.8405071061 1.8053285895 1.8107189881 1.9050853731 1.9435576533 1.9372863747 1.9150965177 
1.9164153318 1.9230253303 1.9864307946 1.9466085212 1.9256375812 1.8910548572 1.7883424253 1.7940893733 1.7941282622 
1.7941282622 1.7882530595 1.786200562 1.7776088978 1.786562871 1.7654350668 1.7667335826 1.7909130454 1.7829783799 
1.8438810207 1.8637044489 1.8637044489 1.8536806797 1.852250677 1.9062696877 1.9519620938 1.9437195036 1.9045163718 
1.9101133878 1.952644625 1.9506341042 1.9547220298 1.9497425013 1.9438335313 1.9509960251 1.9572936119 1.9856933626 
1.9851233742 1.9645169428 1.9614508101 1.8278682006 1.8278682006 1.8200277036 1.8135490718 1.816282457 1.7077582305 
1.6564102666 1.5032743984 1.499132719 1.3852507134 1.3584386335 1.3584386335 1.3243573789 1.3227887856 1.3161043914 
1.3131122234 1.3060859712 1.288565867 1.2750457704 1.2066270599 1.1943261121 1.1713557292 1.1580326922 1.0772906586 
1.0498592678 1.0498592678 1.0447846415 1.0447846415 1.0998863557 1.0824531574 1.037496149 1.0270916882 1.0282667903 
1.0208928692 0.98928664895 0.97197332668 0.96094182114 0.93796939827 0.93701755112 0.92486941503 0.93362423282 0.93362423282 
0.92451810358 0.9524912716 1.0494994499 1.0515043741 1.0531195152 1.0545324014 1.0545324014 1.0716077507 1.0590313157 
1.0252822261 1.0023922746 1.0399536241 1.0483751085 1.0466771734 1.0441189976 1.0315707154 1.0291804768 1.0460564956 
1.0477216062 1.0327566842 1.0601368974 1.0589062252 1.0324110737 1.0085934212 0.93586778368 0.90906842967 0.90852150408 
0.91236390612 0.91933451418 0.93145098067 0.93972363577 0.92427307056 0.92738228826 0.92744574168 0.95416128419 1.010520731 
1.1787320621 1.156326151 1.1601656721 1.2363926299 1.2597005873 1.1850820335 1.1875495067 1.1886479596 1.2284619176 
1.2565311119 1.2604281999 1.2605737343 1.3166188311 1.3312960996 1.346057185 1.3556333336 1.3578406173 1.357618018 
1.3422666727 1.3583701341 1.3391057645 1.3195857912 1.3195202835 1.3082997699 1.2123931957 1.1796497838 1.1766565646 
1.2534521571 1.2817938503 1.3096154325 1.3066502205 1.3010836838 1.3010836838 1.2890811294 1.2540845011 1.2207958913 
1.2105911587 1.2706986844 1.2728591023 1.2728591023 1.2729340439 1.2748058534 1.2768228168 1.2600529641 1.2244278379 
1.2035973467 1.1845362563 1.1893666008 1.1856312866 1.1805043771 1.1886840791 1.1535615121 1.1722633887 1.1554982519 
1.18216812 1.2253423104 1.2218580879 1.2208284344 1.218241277 1.1442880486 1.1385822767 1.1384419709 1.1251764312 
1.1319785262 1.1477176853 1.1478175705 1.1403603358 1.1393633968 1.1393633968 1.1198764267 1.0987366432 1.0869683957 
1.0964449766 1.1366168588 1.144825299 1.129072883 1.129072883 1.1226575309 1.1291522602 1.071010554 1.0558251209 
1.0558251209 1.0434396967 0.92138635143 0.91343929898 0.90069683572 0.88099134855 0.88901039565 0.87325413473 0.87325413473 
0.85539118267 0.85539118267 0.85479815116 0.854729812 0.9182084518 0.90725069236 0.9898984729 1.0048977964 1.015367008 
1.0144836631 1.009844691 1.0168187074 1.0168187074 1.0254459297 0.9987148182 0.98514379052 0.97275114613 0.93888645401 
0.91553959016 0.91553959016 0.89608387028 0.88543811725 0.83638317998 0.81967450096 0.75078527799 0.74421080836 0.73059962876 
0.7420785977 0.72098163933 0.69555592415 0.66679728806 0.73784392311 0.74110370533 0.72471019188 0.70621735142 0.6487756947 
0.70992878592 0.73521851891 0.73266162475 0.72187270793 0.7639684507 0.8046384569 0.80488021976 0.80488021976 0.82325888025 
0.84738080198 0.82545699241 0.77804366218 0.7378184841 0.62631058797 0.56508384358 0.66844546163 0.66893040388 0.67385134292 
0.67385134292 0.68436030247 0.71720399618 0.78479777848 0.76864438454 0.76597355874 0.76577869162 0.73548082112 0.72438775448 
0.72580478699 0.74809610118 0.78399289648 0.78457059315 0.79242931839 0.86898009065 0.86933725104 0.87135098815 0.86431713898 
0.84515993997 0.83800301409 0.823492766 0.82287233382 0.84235753086 0.84322303294 0.83742457539 0.83007882043 0.81278923129 
10.015602182 13.24198378 13.428437522 13.453354474 13.465679647 13.583570224 13.621389781 13.689609847 13.697811918 
13.646439277 13.698809376 13.894470222 13.981948718 13.982212375 13.747031654 13.773700098 13.919061594 13.964682495 
13.623851997 13.430086777 13.169469936 12.966214747 12.73196761 12.724428807 12.310182417 12.109309749 11.833763408 
11.628183729 11.610151994 11.658451785 11.694612617 11.741620233 11.873921395 11.863958902 11.760107243 11.698115595 
11.698115595 11.67414384 11.575556274 11.096103899 11.029827159 11.032424401 11.035808014 11.272349489 11.486827327 
11.486827327 11.742504297 11.830583062 12.40559479 12.123981223 11.224488519 11.216866039 10.7794522 10.686951952 
9.7645797262 9.7107182408 9.3940122075 9.3940122075 8.9305003819 8.4103298648 7.9253044681 7.7103080449 7.0638765206 
6.4838589455 5.9075001216 5.6033233763 5.4628960679 5.1065274559 5.1065274559 5.0502587277 4.9568505549 4.8859497253 
4.688234935 4.6832481615 4.4388384227 3.9901263373 3.9448262763 3.8579601324 3.819989959 3.8039442451 3.6169418342 
3.4981367357 3.4666351996 3.4515492258 3.4481384887 3.4360745151 3.4338046966 3.3989619445 3.3993565084 3.4164314721 
3.3089967148 3.3139475937 3.3137990249 3.1599996478 3.134449878 3.1773236803 3.1451211148 3.1198539151 3.0881829002 
3.0621461829 3.0222593326 2.9734562884 3.054750794 3.0589098343 3.0630907964 3.064747374 3.2599803798 3.3044712829 
3.2789294898 3.3342302324 3.3752556888 3.3272142202 3.2931890738 3.1996831255 3.2654433182 3.2625584017 3.2579181077 
3.2053308526 3.1415809578 3.0184433812 3.0348337506 3.0590348828 3.0596653985 3.0481625324 3.0231286514 3.02048501 
3.0171055688 3.0059413128 2.9994519335 2.9576513142 2.9520666902 2.9511207557 2.9501003755 2.946472699 2.9463834939 
2.9309350855 2.9274682246 2.9046276323 2.859328481 2.8763946392 2.8789862619 2.8283466733 2.8081795299 2.8080168917 
2.8020378236 2.8020378236 2.7850493102 2.784842972 2.7814503402 2.7825194207 2.7850355683 2.7624934861 2.7613304003 
2.7124212839 2.6908196562 2.7355483169 2.7512036263 2.7515395953 2.8091972316 2.921544889 2.9228577433 2.9106454522 
2.8831193349 2.7738944822 2.7333814767 2.7924897594 2.8021749953 2.7726181582 2.7312082483 2.7247043087 2.7196488741 
2.6874603991 2.8289991415 2.8382693777 3.0744830274 3.2063807503 3.1823942378 3.1775019256 3.218717223 3.2628759841 
3.3018753718 3.2729242865 3.2676162203 3.2594722657 3.2366475409 3.2367341996 3.2281856335 3.22790854 3.1933995859 
3.1934066893 3.2350255033 3.228028531 3.2262430257 3.3794046058 3.3779532028 3.3075841944 3.2240751574 3.1958742331 
3.2036844623 3.2107610034 3.2161797759 3.2160632325 3.1414877451 3.1250014747 3.1199937315 3.1104613132 3.0237339892 
3.0189599903 3.0189599903 3.0441072119 2.9854202384 2.9424849418 2.9263599333 3.0489063496 3.0538411457 3.0842134284 
3.1283017374 3.1276991446 3.1276991446 3.1297082671 3.2104182818 3.2118128581 3.2124435938 3.2133111727 3.1948697394 
3.217581019 3.2209789918 3.2431040078 3.2661368712 3.2907929495 3.2690744659 3.2665336601 3.2103709414 3.1843984055 
3.2682454192 3.267115139 3.2723294178 3.2095628288 3.2307410898 3.2313750024 3.2264006075 3.2203472223 3.1687093817 
3.0918627005 3.0903957722 3.0862849815 3.0507080805 3.0293345826 2.9996834306 2.9765433069 3.0154967343 3.0288753995 
3.0288759424 3.0323275164 3.0017156548 3.0020289501 3.0055280638 3.1705091609 3.1890241882 3.1481013397 3.0059765494 
3.0022457718 2.9838139178 2.9839228491 3.0078093589 3.0473249477 3.0558096605 3.0558096605 3.0521784501 3.0314350819 
3.034296226 3.0024184575 3.0138719335 3.0335721352 3.0852607345 3.0895257094 3.0731592806 3.0570697901 3.0260467127 
3.0760707721 3.1126423435 3.124301834 3.1223269013 3.1309373464 3.1307088578 3.1253338896 3.1269789657 3.1265070694 
3.1292385419 3.1551886454 3.1484697567 3.1243927949 3.1239014283 3.0808635135 3.1527165805 3.1539915353 3.1410283008 
3.1380043101 3.1345259464 3.1080111608 3.2035104841 3.2240879983 3.1946128499 3.2020472665 3.2227305627 3.2265208312 
3.2120339298 3.2291892066 3.2293088902 3.2590274356 3.261664357 3.259997903 3.2401575396 3.2081941667 3.1827829609 
3.1067594489 3.0640154008 3.1291967093 3.1284493162 3.1107676852 3.1154092653 3.0820581032 3.0800151097 3.0679437137 
3.1212687056 3.1122258295 3.103020805 3.097830676 3.0832744046 3.0833100586 3.0445473281 2.9397159202 2.939134963 
2.9332486951 2.9389554038 2.9496962156 2.9561712133 2.9820176173 2.9743604995 2.941480688 2.9622452633 2.9623823362 
2.9585690574 2.9567288467 2.9388504604 2.9377914882 3.0042372679 3.0030738434 3.0030738434 3.0004714454 3.0737010449 
3.0882954201 3.2414205931 3.2414205931 3.2765832983 3.4859344585 3.5456228832 3.5974952555 3.5974952555 3.6138957679 
3.5835344725 3.4119507157 2.9920339257 2.9449843347 2.7891886259 2.7647594663 2.7647594663 2.6350208304 2.5511886132 
2.5425556122 2.5425556122 2.4870577486 2.4825833013 2.5951392883 2.642336485 2.7467321167 2.8257264728 2.8263848405 
2.7374615108 2.7210800319 2.6916109006 2.6753889664 2.4310519074 2.4220637257 2.0587725108 1.9966888385 1.7742006886 
1.6706997759 1.524172864 1.4084162424 1.3815532702 1.3762065847 1.3760497071 1.4119881752 1.7998410589 1.8133464416 
1.9573881557 2.0335934676 2.0633905485 2.1695428245 2.2485869201 2.2489043662 2.4026897294 2.4160695859 2.41802069 
2.5261509095 2.5511439883 2.5407530555 2.4831623611 2.3055814253 2.2772920017 2.2760954582 2.1639086636 2.1429384045 
2.0974108328 2.0784092664 2.078256028 2.0744968107 2.0475789406 1.9938755185 1.9320855397 1.9311787317 1.8551145018 
1.8537483973 1.831375256 1.7503795262 1.747629069 1.6956220783 1.5988052438 1.5302688661 1.524687601 1.5070831241 
1.4917999976 1.3682200968 1.3648485266 1.3523285678 1.3224842947 1.2947005798 1.3434889776 1.3398958367 1.3678344969 
1.3924564172 1.3949000612 1.3922048495 1.394256294 1.3933697962 1.3933010162 1.3654171312 1.3898474187 1.4188107387 
1.4051895818 1.376975867 1.3757170679 1.3462921038 1.3456823175 1.3717900965 1.4884609278 1.4972005693 1.4542091487 
1.4843522822 1.4843718488 1.4839809429 1.4791712776 1.478376241 1.4747569516 1.4711422072 1.4396420989 1.4079306639 
1.3982355407 1.3932620106 1.3973234319 1.3915627889 1.3906241498 1.3836393904 1.3866472864 1.3718619252 1.348697084 
1.2303008524 1.2530155957 1.2598105123 1.2604204442 1.3075852848 1.3220596441 1.3249088441 1.3250315946 1.3538722225 
1.3568257778 1.3552297699 1.3550423346 1.3279248457 1.315153437 1.3152841369 1.3254959487 1.3335268722 1.3606916872 
1.3868297925 1.4011783798 1.402633162 1.4365839916 1.4860118451 1.4946270065 1.5506282769 1.5829836744 1.588472607 
1.6294188209 1.6311741636 1.6962752214 1.7252027077 1.7225067309 1.823051602 1.7837641622 1.7705980999 1.7622194214 
1.7248415984 1.7790343334 1.7732768677 1.7474655682 1.8547512838 1.8509119209 1.9002212181 1.9354626975 2.0233097579 
2.0097188208 1.9288748863 1.9239683404 1.8888392425 1.8992596913 1.9256037607 1.9921041402 2.0012056621 1.9983637212 
1.9820591323 1.9029703457 1.9397192568 1.9372410586 1.9098489906 1.8802220456 1.88056566 1.8852329649 1.8950628934 
1.8951421671 1.8870387533 1.8757299988 1.8703726431 1.8663480508 1.8699060292 1.8505810341 1.8499375163 1.831184094 
1.8288288176 1.8302874972 1.8239323019 1.8238960241 1.8238960241 1.7911402719 1.784798929 1.7914847647 1.8084488933 
1.8312174026 1.8366908711 1.8166629935 1.8105357133 1.7980300759 1.762200559 1.7416862761 1.7225626882 1.6831234427 
1.658123348 1.6574767844 1.6567289806 1.7314669874 1.7246538119 1.7128591459 1.7063870373 1.5252909952 1.52762906 
1.5819602062 1.5784367713 1.5701955545 1.5177695357 1.514341541 1.4750332044 1.4762174013 1.4653435709 1.4514540405 
1.2879902466 1.2534018618 1.1991017612 1.1877540903 1.1761661422 1.1761661422 1.106162657 1.1058815185 1.0995597125 
1.0925105378 1.0809843689 1.1066250278 1.1317108153 1.1510571104 1.1524255315 1.1524255315 1.2280337072 1.2311428068 
1.2922395662 1.2676582306 1.2633247559 1.2701079193 1.3161276721 1.3703535859 1.3726448805 1.384755547 1.3859355774 
1.4066818319 1.4092058491 1.4556474563 1.4701376101 1.4759989838 1.463207566 1.5500977695 1.5648158697 1.6296223627 
1.6318259831 1.6050901918 1.5957275526 1.59847948 1.6533735354 1.6800275856 1.6645115466 1.6425046809 1.6545811077 
1.6809861361 1.6762648272 1.6999210791 1.6999296678 1.6828163834 1.6499930662 1.6462681141 1.6752554061 1.6802792194 
1.6651229738 1.6498898177 1.6525872155 1.6897950045 1.6928132755 1.7116614862 1.6959582683 1.6948800828 1.7043870076 
1.7091300255 1.7718505068 1.7909207216 1.7966313342 1.8014849734 1.8493771675 1.8501430778 1.8346558134 1.8633158345 
1.8643683643 1.8711154197 1.9022848675 1.9044068103 1.9033546829 1.9211059196 1.9332453331 1.9319046594 1.9305394393 
1.9312646893 1.9312646893 1.9303779337 1.9303707824 1.9254448312 1.9359208672 2.0403659706 2.0333819906 2.0293533779 
1.9590738862 1.9582202891 1.9983317588 2.189420507 2.1880527417 2.1438114425 2.1729807361 2.1704457628 2.1652750138 
2.1596884031 2.178941545 2.2131812297 2.2376448723 2.2184246373 2.2184246373 2.2545132377 2.2626973814 2.2511844261 
2.2229633206 2.2222171009 2.1402923857 2.1520782689 2.1457015373 2.1145540331 2.0561601581 2.0493477469 2.0071918439 
1.9214369605 1.6965429134 1.7002935509 1.6696196699 1.657016251 1.7361957393 1.7337156442 1.7207425234 1.6725754649 
1.6285423651 1.628002813 1.5858094283 1.5867903509 1.5854904382 1.5809840384 1.6960848694 1.7606237129 1.7646705305 
1.7646705305 1.7533362788 1.7683054268 1.8405071061 1.8053285895 1.8107189881 1.9050853731 1.9435576533 1.9372863747 
1.9150965177 1.9164153318 1.9230253303 1.9864307946 1.9466085212 1.9256375812 1.8910548572 1.7883424253 1.7940893733 
1.7941282622 1.7941282622 1.7882530595 1.786200562 1.7776088978 1.786562871 1.7654350668 1.7667335826 1.7909130454 
1.7829783799 1.8438810207 1.8637044489 1.8637044489 1.8536806797 1.852250677 1.9062696877 1.9519620938 1.9437195036 
1.9045163718 1.9101133878 1.952644625 1.9506341042 1.9547220298 1.9497425013 1.9438335313 1.9509960251 1.9572936119 
1.9856933626 1.9851233742 1.9645169428 1.9614508101 1.8278682006 1.8278682006 1.8200277036 1.8135490718 1.816282457 
1.7077582305 1.6564102666 1.5032743984 1.499132719 1.3852507134 1.3584386335 1.3584386335 1.3243573789 1.3227887856 
1.3161043914 1.3131122234 1.3060859712 1.288565867 1.2750457704 1.2066270599 1.1943261121 1.1713557292 1.1580326922 
1.0772906586 1.0498592678 1.0498592678 1.0447846415 1.0447846415 1.0998863557 1.0824531574 1.037496149 1.0270916882 
1.0282667903 1.0208928692 0.98928664895 0.97197332668 0.96094182114 0.93796939827 0.93701755112 0.92486941503 0.93362423282 
0.93362423282 0.92451810358 0.9524912716 1.0494994499 1.0515043741 1.0531195152 1.0545324014 1.0545324014 1.0716077507 
1.0590313157 1.0252822261 1.0023922746 1.0399536241 1.0483751085 1.0466771734 1.0441189976 1.0315707154 1.0291804768 
1.0460564956 1.0477216062 1.0327566842 1.0601368974 1.0589062252 1.0324110737 1.0085934212 0.93586778368 0.90906842967 
0.90852150408 0.91236390612 0.91933451418 0.93145098067 0.93972363577 0.92427307056 0.92738228826 0.92744574168 0.95416128419 
1.010520731 1.1787320621 1.156326151 1.1601656721 1.2363926299 1.2597005873 1.1850820335 1.1875495067 1.1886479596 
1.2284619176 1.2565311119 1.2604281999 1.2605737343 1.3166188311 1.3312960996 1.346057185 1.3556333336 1.3578406173 
1.357618018 1.3422666727 1.3583701341 1.3391057645 1.3195857912 1.3195202835 1.3082997699 1.2123931957 1.1796497838 
1.1766565646 1.2534521571 1.2817938503 1.3096154325 1.3066502205 1.3010836838 1.3010836838 1.2890811294 1.2540845011 
1.2207958913 1.2105911587 1.2706986844 1.2728591023 1.2728591023 1.2729340439 1.2748058534 1.2768228168 1.2600529641 
1.2244278379 1.2035973467 1.1845362563 1.1893666008 1.1856312866 1.1805043771 1.1886840791 1.1535615121 1.1722633887 
1.1554982519 1.18216812 1.2253423104 1.2218580879 1.2208284344 1.218241277 1.1442880486 1.1385822767 1.1384419709 
1.1251764312 1.1319785262 1.1477176853 1.1478175705 1.1403603358 1.1393633968 1.1393633968 1.1198764267 1.0987366432 
1.0869683957 1.0964449766 1.1366168588 1.144825299 1.129072883 1.129072883 1.1226575309 1.1291522602 1.071010554 
1.0558251209 1.0558251209 1.0434396967 0.92138635143 0.91343929898 0.90069683572 0.88099134855 0.88901039565 0.87325413473 
0.87325413473 0.85539118267 0.85539118267 0.85479815116 0.854729812 0.9182084518 0.90725069236 0.9898984729 1.0615207595 
1.0669384593 1.0839474283 1.11355425 1.11355425 1.2548085878 1.2783929684 1.2547491321 1.172176698 1.172176698 
1.1547930277 1.1452545291 1.1452545291 1.0672893517 1.0294992505 0.9971559516 0.94464090074 0.88534663948 0.85419677174 
0.84302814362 0.79916839407 0.73362416486 0.72905353872 0.73658325908 0.73658325908 0.80556929265 0.81116093559 0.80004191156 
0.7807537129 0.77713154775 0.77569666227 0.76860315856 0.74765234321 0.72543824896 0.69746858144 0.65900816286 0.63301087649 
0.60070252266 0.57873074881 0.57754446941 0.58084410662 0.59314379312 0.59442445112 0.59441795615 0.59556475084 0.60341160713 
0.6468821253 0.6503164385 0.68130376219 0.68502388725 0.66222738536 0.66242026719 0.6553464767 0.64013115748 0.5885266694 
0.58725770658 0.55575787308 0.54313168871 0.60731601958 0.66564147893 0.69328472333 0.77817269857 0.80112013016 0.7974315032 
0.79836846819 0.79899045272 0.83777515248 0.82868279354 0.81870326967 0.82521398116 0.79439588432 0.79240057022 0.87331458433 
0.91280165778 0.85035171526 0.70943913886 0.68253924288 10.015602182 13.24198378 13.428437522 13.453354474 13.465679647 
13.583570224 13.621389781 13.689609847 13.697811918 13.646439277 13.698809376 13.894470222 13.981948718 13.982212375 
13.747031654 13.773700098 13.919061594 13.964682495 13.623851997 13.430086777 13.169469936 12.966214747 12.73196761 
12.724428807 12.310182417 12.109309749 11.833763408 11.628183729 11.610151994 11.658451785 11.694612617 11.741620233 
11.873921395 11.863958902 11.760107243 11.698115595 11.698115595 11.67414384 11.575556274 11.096103899 11.029827159 
11.032424401 11.035808014 11.272349489 11.486827327 11.486827327 11.742504297 11.830583062 12.501445409 12.628385867 
12.628385867 12.651507422 12.683292881 12.726794447 12.890787949 12.895703963 13.480511334 13.559836878 13.302082386 
13.296052114 13.17053553 12.987714405 12.987714405 12.18440946 12.257826178 12.22568063 12.137079717 12.205267304 
11.651803592 11.651803592 11.13451006 11.124366243 11.124366243 10.545391374 9.9832914881 9.9671026663 9.8002833975 
9.5665281162 9.3702699955 8.5656078169 8.3343603077 7.7959392773 7.722683265 7.7057762548 7.7057762548 6.9787748179 
6.7013295692 6.6454832646 6.6132910621 6.4964941551 6.4518278837 6.4468731209 6.4407788311 6.3269369074 6.2640531552 
6.2324780874 6.2242494369 6.0710691898 6.0842941321 6.094059858 6.0860526993 6.2806902467 6.3115547497 6.3305295678 
6.2134270225 6.2724741601 6.3170213864 6.3224364866 6.3145622064 6.202511209 6.3039373454 6.3732197186 6.4667642987 
6.6019245618 6.6405133269 6.5823196864 6.493093758 6.5272949325 6.5494868521 6.6140149301 6.593390947 6.5910056869 
6.5033633694 6.5322633135 6.5313687025 6.5163728696 6.5169290733 6.5169522485 6.7274904839 6.7573169871 6.7920545667 
6.793247332 6.7325024573 6.599611261 6.6055123789 6.571048749 6.3356894122 6.0459531971 6.0347640125 6.0062910565 
5.9910584563 5.9026062258 5.9025482241 5.8806676478 5.7992720167 5.6274112544 5.5910185814 5.5910185814 5.3199887762 
5.1366582092 5.0586961225 4.8269799112 4.826049324 4.6459488556 4.5913048414 4.550415891 4.4406333793 4.3936775882 
4.2922605214 4.1587635764 4.1587635764 4.1253893402 4.1117964859 3.9943598785 3.9556505953 3.9481381463 3.9529915981 
3.9317985661 3.908793762 3.8957587541 3.871933092 3.7872054399 3.8722287629 3.8950159739 3.9358182429 3.950584334 
3.9477198562 3.8522889283 3.8535756296 3.8556997091 3.8269775279 3.807990556 3.8211591697 3.7817716492 3.6925667334 
3.6912171576 3.6833220104 3.6835354786 3.7896349808 3.7898206184 3.7898206184 3.7547018936 3.7310584125 3.6991832568 
3.6869963686 3.6868749942 3.7439469798 3.7436115179 3.8052613203 3.7859504647 3.7289289518 3.8937628696 3.8863756504 
3.8957007673 3.9027638441 3.8511056741 3.7989127594 3.7335683844 3.719668349 3.7133822034 3.6907044438 3.6010350516 
3.6252984565 3.5593216981 3.5735291165 3.5757733479 3.544811282 3.5382451059 3.5379935255 3.6144463778 3.5509204587 
3.5648541702 3.5571029961 3.5279375334 3.6323821324 3.6103797942 3.5761605651 3.5746060764 3.6033888869 3.6238971287 
3.6426000837 3.6370330703 3.5706301073 3.4906542462 3.4834208414 3.4674554916 3.4664759444 3.4400947192 3.4184609998 
3.3076627931 3.3016642041 3.28608279 3.2864712899 3.303483506 3.3396682943 3.3419113594 3.3218009814 3.3253998959 
3.3221238319 3.3220432729 3.3913645014 3.382977772 3.3719117518 3.3606752815 3.4087318524 3.4170543475 3.4952401149 
3.5404738213 3.5644438364 3.5435779791 3.5418330593 3.4697208376 3.4639083059 3.4599884742 3.4679227339 3.4753998794 
3.4738372181 3.4619081139 3.4177922953 3.3758416851 3.3755746294 3.433908426 3.48258805 3.4845873281 3.4302284771 
3.4232021797 3.425439277 3.4246452689 3.4133796469 3.3892905438 3.416798947 3.4950292796 3.4977803212 3.4955873532 
3.4326837787 3.4396236712 3.4457740225 3.4665209092 3.4524501376 3.5928001903 3.606634511 3.6077022004 3.5793768376 
3.5682746262 3.5837378479 3.5834696075 3.5780306398 3.5708738755 3.5590962053 3.5510445723 3.5227537248 3.4946113157 
3.4665228762 3.4506911545 3.4502708508 3.4333112334 3.527323052 3.5272114317 3.4852243129 3.4839901721 3.4831036628 
3.4645694535 3.4645694535 3.4854109965 3.4908084297 3.4856924655 3.4275925003 3.3490739 3.3398812999 3.3029092561 
3.2873497436 3.2886348039 3.2569826052 3.2592783943 3.2550184417 3.2630519048 3.3353670583 3.3716888983 3.3281968811 
3.3974277878 3.442165076 3.4407677292 3.3629726676 3.5429298469 3.5940390115 3.7423782975 3.7455650634 3.7455650634 
4.2267771718 4.2810804064 4.3976706401 4.4037118129 4.4294551846 4.4372974176 4.4372974176 4.4887973819 4.5957329127 
4.399408874 4.329518757 4.2325761971 4.2325761971 4.1366534448 3.8715341477 3.8696428271 3.8137839149 3.8137839149 
3.7690967852 3.6467046595 3.6155920739 3.6252770979 3.621056702 3.6490820075 3.6586273517 3.6586273517 3.6487832013 
3.7192812649 3.7343744129 3.728140319 3.768730109 3.8769223129 3.8813718448 3.8498342474 3.6743866546 3.6058231254 
3.5659070507 3.5495381059 3.5286945369 3.4928039815 3.4809043193 3.4805615307 3.3885570046 3.3403182952 3.3261827455 
3.3070961848 3.2327387296 3.025455647 2.9922456342 2.9919778115 2.9259954584 2.9093263887 2.8901719904 2.7733977632 
2.7187042302 2.5876537107 2.4877051971 2.4752817734 2.4790334163 2.4610916404 2.4222072344 2.3621664591 2.2868918194 
2.3436669865 2.3552748908 2.4528852747 2.4568258147 2.4550092139 2.4328083591 2.4043973567 2.3775566365 2.3501911483 
2.3432236481 2.3427356439 2.3194439529 2.1428468312 2.1413628563 2.0578946801 2.0510988884 2.015244661 2.0064744937 
1.9588530573 1.7950489662 1.7645538648 1.8173783774 1.8085752691 1.8061462381 1.8061462381 1.7830180812 1.7605686997 
1.7487117245 1.7821088832 1.778750725 1.7826469514 1.7807606728 1.7486604512 1.7465010219 1.7465010219 1.7735794834 
1.7753603105 1.7836627901 1.843794561 1.8466924072 1.8466924072 1.8118855335 1.8111891611 1.7895356791 1.7768959698 
1.7488438888 1.7138053293 1.7107249662 1.7023488726 1.7022431106 1.7176786189 1.7127571971 1.7648497475 1.7836892835 
1.832772117 1.8441871039 1.869396263 1.8616623805 1.859738571 1.8790747577 1.8827506009 1.8655676649 1.8654986572 
1.8575571024 1.847622488 1.839380629 1.839380629 1.8299872363 1.7617593409 1.7679028879 1.7907824023 1.729386498 
1.7444675026 1.8020368953 1.7976267278 1.7749202575 1.7845846218 1.7879674077 1.7832818606 1.9163464899 2.0926237022 
2.1141770703 2.1141770703 2.1137642399 2.1137642399 2.0850301106 2.025765877 2.025527868 1.9164299067 1.8934400723 
1.8762624976 1.8762624976 1.9191006704 1.9613442039 1.9633530724 1.9218885466 1.8920468261 1.9206747863 1.9017537541 
1.9482648467 1.9373383784 1.9359632466 1.9322272405 1.9356715456 1.7221300605 1.8677846818 1.8738989942 1.8757387073 
1.8564576016 1.8560641096 2.1772041683 2.1813983343 2.1813983343 2.1967414777 2.1003664124 2.100599985 2.0988893106 
2.0911622854 2.054872667 1.9818753197 2.0132975368 2.0106648495 2.0147503399 2.0366922229 2.0872496902 2.088161618 
2.0428638964 2.0472495935 2.0473028611 2.0416750942 2.0466236317 2.0314616455 2.0326119624 2.011231366 2.000150379 
2.0025789006 2.001780355 1.9924206492 1.992316869 1.9882362557 1.9870292501 1.9620265971 1.9607774464 1.9472578092 
1.9569422078 1.9596355222 1.9720741605 1.9721004565 1.9543338483 1.9374822207 1.9243188228 1.905200861 1.8691695534 
1.8681316145 1.8291155569 1.8288009112 1.8209319136 1.8021787579 1.8016385435 1.7652010934 1.7553739062 1.6990998791 
1.6797077871 1.6532218105 1.612591781 1.5535953753 1.5115719941 1.5125482631 1.5130930478 1.5116374915 1.71254509 
1.8780483421 1.8931489423 1.8922947264 1.8948101567 1.8911639175 1.8896916334 1.8889517914 1.941694043 1.9315850461 
1.9321125252 1.9499503887 2.03685429 2.0493124549 2.0548874477 2.0590126858 2.250416736 2.2591778734 2.3036198142 
2.4096242333 2.4294503073 2.4353638497 2.421211421 2.4238895217 2.4232112292 2.4142337393 2.4343104462 2.4290503362 
2.4290503362 2.3828355794 2.312384086 2.2973982216 2.2884410186 2.2670978009 2.2544646329 2.2431565963 2.2252619815 
2.1653458425 2.1310858334 2.0416041026 2.0462297902 2.0603048037 2.0604360638 2.0565717155 2.0288912436 1.9867318917 
1.9838525051 1.9554991011 1.9552889223 1.9528510072 1.8933746239 1.8821568126 1.874772336 1.835546647 1.7817756333 
1.7640106602 1.7189239665 1.6748084685 1.6744733223 1.6744664826 1.6708436583 1.6614512749 1.6419515414 1.650424589 
1.6133000964 1.5885823438 1.5881804291 1.5799189621 1.5697640083 1.5514595003 1.5291328813 1.5192856326 1.5197260164 
1.5139670634 1.4823917902 1.4258246178 1.4048163344 1.3364197114 1.3249386573 1.3264653187 1.4411473846 1.4688728999 
1.4687771445 1.445322915 1.4380064825 1.4164536376 1.4162798244 1.4671874284 1.4746662743 1.4990585683 1.4984282043 
1.4634980902 1.4633154738 1.4775863582 1.4782082278 1.5368942117 1.5675516073 1.5797129474 1.6987039536 1.7335514667 
1.7507580828 1.7503834632 1.8231403673 1.8400855006 1.8384888307 1.9486080882 1.9572531081 1.962792951 1.9839995271 
1.9008690407 1.8855525493 1.8645251546 1.9228067797 1.9411835118 1.9554103712 1.931244193 1.9573524478 1.9597712908 
2.0033756933 2.0332440609 2.0277119034 2.0237371193 2.0668817117 2.0719169134 2.0733110414 2.091926531 2.0656406128 
2.0507443545 2.000449189 1.9983268383 1.9980963765 1.9970766113 1.9737556287 1.9894531879 2.0299868114 2.0390610179 
2.0486928969 2.0510571938 2.0564109614 2.073705945 2.0654641147 2.1497166093 2.1596673406 2.1506797778 2.1323384418 
2.1250243528 2.2121666711 2.2580545771 2.2431981691 2.1735820841 2.1724501153 2.1527542439 2.1526619758 2.1374886859 
2.1400408433 2.1280284968 2.0415961044 2.0451207532 2.0763298606 2.1012872323 2.1140697436 2.1376280256 2.1356491813 
2.1377032705 2.1380390558 2.1182017972 2.1237660371 2.1219753615 2.1925588282 2.1985122753 2.2113130347 2.2140664646 
2.2957916499 2.3241927751 2.3302979452 2.3344042599 2.3630633872 2.3617392567 2.3615225946 2.2309303291 2.2309017276 
2.1779864161 2.1624176692 2.113849515 2.0630849174 1.9540971623 1.8686584282 1.7913169736 1.7651108861 1.7789818477 
1.8087077765 1.8646296782 1.9183483293 1.9909066115 2.0178225051 2.0161431619 2.0065466197 1.9834494755 1.9657697112 
1.9642296858 1.958551881 1.9332505107 1.9935875922 2.0052414642 1.9710700819 2.0043462775 2.028144067 2.0322797604 
1.9887975176 1.9751485057 1.9751274731 1.9532284189 1.9538720882 1.9560698954 2.0056449719 2.0057684627 2.0035054323 
2.0013458842 1.9914938822 2.0901463639 2.0845362779 2.0837860856 2.073378008 2.017290074 1.9933812971 2.0208729022 
2.0624668748 2.0388440271 2.0331313376 2.0228501696 1.9772997743 1.974922872 1.9303990479 1.9269910361 1.9148029236 
1.9158905661 1.9985500865 1.9590265665 1.9469877028 1.9458450814 1.9401186391 1.9181999322 1.9014636413 1.8879552162 
1.8715632404 1.8984773977 1.8981062821 1.8930699795 1.8988546528 1.8981148751 1.9612836478 1.9660029361 1.9661171562 
1.9527592292 1.9630342516 1.9515571325 1.9557777472 1.9557777472 1.9298588194 1.930810222 1.9574207235 1.957703975 
1.9683404721 1.9756314049 2.0053275246 2.0127060663 2.0140596487 2.0141043952 2.0317021144 2.0323999877 2.065339426 
2.066326118 2.220894057 2.28690567 2.2737125168 2.2492739601 2.2357162028 2.2132004033 2.2131099784 2.2123055843 
2.2121660629 2.1961732573 2.1771937893 2.1290333743 2.1534524558 2.1538143078 2.1615619329 2.1411152212 2.275968556 
2.2785569869 2.2750702975 2.2750702975 2.27369307 2.271608295 2.2506741085 2.2308558272 2.2022139795 2.1236710474 
1.8513809053 1.8513809053 1.7925864571 1.785632702 1.736707644 1.7317999415 1.7318953411 1.7335253034 1.7330973614 
1.7675575923 1.7618202836 1.7522731764 1.7469926181 1.7431496132 1.7212165548 1.7066232199 1.7054200906 1.7332175293 
1.7213227219 1.7183876744 1.7183876744 1.6950744481 1.6880764643 1.663297034 1.6633576498 1.6633576498 1.7398693985 
1.7199690889 1.7106435456 1.654161887 1.6369263992 1.6161383169 1.5413680243 1.5262048098 1.4387733055 1.4685643665 
1.4685643665 1.4885681333 1.5075485906 1.5030368826 1.5029635215 1.5159880625 1.5570383265 1.5627734387 1.5377700808 
1.5202834212 1.5202834212 1.3418907957 1.3404521455 1.3338952364 1.3338952364 1.3165202689 1.4055395139 1.3636278748 
1.3428922895 1.3434130823 1.4036325249 1.3907846534 1.3660287279 1.3416531741 1.3485886337 1.392118945 1.3972882708 
1.4135436354 1.4096405404 1.3736129515 1.3451834566 1.3422319175 1.4342915616 1.4262290611 1.3947146929 1.3947146929 
1.3438359322 1.3480537963 1.3480537963 1.3735240503 1.3666026396 1.3511964778 1.3435979994 1.3434667723 1.3242251775 
1.3398955548 1.3401953032 1.3335066028 1.2351397417 1.2236731249 1.216533948 1.2162934675 1.2162934675 1.2161091759 
1.1013907092 1.1010491263 1.1007664632 1.0970919964 0.98595346963 0.9362595349 0.89353698111 0.69401949844 0.69401949844 
0.67805809983 0.63306118666 0.48552937405 0.41058164465 0.35835992612 0.3471016846 0.3471016846 0.30919115662 0.28210319938 
0.27411366256 0.27411366256 0.36022618774 0.34411442381 0.249329961 0.24002597436 0.2813962199 0.28565076869 0.28565076869 
0.33149084199 0.34226371382 0.33912105737 0.33912105737 0.32562123385 0.32011944355 0.33240319138 0.35531360273 0.33175763428 
0.2823013566 0.29023912877 0.29336281149 0.30077544292 0.30019910515 0.3700129255 0.53768173733 0.55207913129 0.57124788302 
0.57161641933 0.62037233231 0.73840944605 0.75072489403 0.87381856865 0.86645826996 0.81211860882 0.7339236414 0.76466646415 
0.77156975515 0.76954202249 0.73663622832 0.7458940268 0.73410850044 0.71757411101 0.72046793532 0.75037545281 0.70590160737 
0.70598056042 0.70356295937 0.70356295937 0.66884164824 0.5639640348 0.56253854655 0.56253854655 0.62173225232 0.61967705056 
0.61750628581 0.68967972132 0.70685601601 0.70892416069 10.015602182 13.24198378 13.428437522 13.453354474 13.465679647 
13.583570224 13.621389781 13.689609847 13.697811918 13.646439277 13.698809376 13.894470222 13.981948718 13.982212375 
13.747031654 13.773700098 13.919061594 13.964682495 13.623851997 13.430086777 13.169469936 12.966214747 12.73196761 
12.724428807 12.310182417 12.109309749 11.833763408 11.628183729 11.610151994 11.658451785 11.694612617 11.741620233 
11.873921395 11.863958902 11.760107243 11.698115595 11.698115595 11.67414384 11.575556274 11.096103899 11.029827159 
11.032424401 11.035808014 11.272349489 11.486827327 11.486827327 11.742504297 11.830583062 12.40559479 12.123981223 
11.224488519 11.216866039 10.7794522 10.686951952 9.7645797262 9.7107182408 9.3940122075 9.3940122075 8.9305003819 
8.4103298648 7.9253044681 7.7103080449 7.0638765206 6.4838589455 5.9075001216 5.6033233763 5.4628960679 5.1065274559 
5.1065274559 5.0502587277 4.9568505549 4.8859497253 4.688234935 4.6832481615 4.4388384227 3.9901263373 3.9448262763 
3.8579601324 3.819989959 3.8039442451 3.6169418342 3.4981367357 3.4666351996 3.4515492258 3.4481384887 3.4360745151 
3.4338046966 3.3989619445 3.3993565084 3.4164314721 3.3089967148 3.3139475937 3.3137990249 3.1599996478 3.134449878 
3.1773236803 3.1451211148 3.1198539151 3.0881829002 3.0621461829 3.0222593326 2.9734562884 3.054750794 3.0589098343 
3.0630907964 3.064747374 3.2599803798 3.3044712829 3.2789294898 3.3342302324 3.3752556888 3.3272142202 3.2931890738 
3.1996831255 3.2654433182 3.2625584017 3.2579181077 3.2053308526 3.1415809578 3.0184433812 3.0348337506 3.0590348828 
3.0596653985 3.0481625324 3.0231286514 3.02048501 3.0171055688 3.0059413128 2.9994519335 2.9576513142 2.9520666902 
2.9511207557 2.9501003755 2.946472699 2.9463834939 2.9309350855 2.9274682246 2.9046276323 2.859328481 2.8763946392 
2.8789862619 2.8283466733 2.8081795299 2.8080168917 2.8020378236 2.8020378236 2.7850493102 2.784842972 2.7814503402 
2.7825194207 2.7850355683 2.7624934861 2.7613304003 2.7124212839 2.6908196562 2.7355483169 2.7512036263 2.7515395953 
2.8091972316 2.921544889 2.9228577433 2.9106454522 2.8831193349 2.7738944822 2.7333814767 2.7924897594 2.8021749953 
2.7726181582 2.7312082483 2.7247043087 2.7196488741 2.6874603991 2.8289991415 2.8382693777 3.0744830274 3.2063807503 
3.1823942378 3.1775019256 3.218717223 3.2628759841 3.3018753718 3.2729242865 3.2676162203 3.2594722657 3.2366475409 
3.2367341996 3.2281856335 3.22790854 3.1933995859 3.1934066893 3.2350255033 3.228028531 3.2262430257 3.3794046058 
3.3779532028 3.3075841944 3.2240751574 3.1958742331 3.2036844623 3.2107610034 3.2161797759 3.2160632325 3.1414877451 
3.1250014747 3.1199937315 3.1104613132 3.0237339892 3.0189599903 3.0189599903 3.0441072119 2.9854202384 2.9424849418 
2.9263599333 3.0489063496 3.0538411457 3.0842134284 3.1283017374 3.1276991446 3.1276991446 3.1297082671 3.2104182818 
3.2118128581 3.2124435938 3.2133111727 3.1948697394 3.217581019 3.2209789918 3.2431040078 3.2661368712 3.2907929495 
3.2690744659 3.2665336601 3.2103709414 3.1843984055 3.2682454192 3.267115139 3.2723294178 3.2095628288 3.2307410898 
3.2313750024 3.2264006075 3.2203472223 3.1687093817 3.0918627005 3.0903957722 3.0862849815 3.0507080805 3.0293345826 
2.9996834306 2.9765433069 3.0154967343 3.0288753995 3.0288759424 3.0323275164 3.0017156548 3.0020289501 3.0055280638 
3.1705091609 3.1890241882 3.1481013397 3.0059765494 3.0022457718 2.9838139178 2.9839228491 3.0078093589 3.0473249477 
3.0558096605 3.0558096605 3.0521784501 3.0314350819 3.034296226 3.0024184575 3.0138719335 3.0335721352 3.0852607345 
3.0895257094 3.0731592806 3.0570697901 3.0260467127 3.0760707721 3.1126423435 3.124301834 3.1223269013 3.1309373464 
3.1307088578 3.1253338896 3.1269789657 3.1265070694 3.1292385419 3.1551886454 3.1484697567 3.1243927949 3.1239014283 
3.0808635135 3.1527165805 3.1539915353 3.1410283008 3.1380043101 3.1345259464 3.1080111608 3.2035104841 3.2240879983 
3.1946128499 3.2020472665 3.2227305627 3.2265208312 3.2120339298 3.2291892066 3.2293088902 3.2590274356 3.261664357 
3.259997903 3.2401575396 3.2081941667 3.1827829609 3.1067594489 3.0640154008 3.1291967093 3.1284493162 3.1107676852 
3.1154092653 3.0820581032 3.0800151097 3.0679437137 3.1212687056 3.1122258295 3.103020805 3.097830676 3.0832744046 
3.0833100586 3.0445473281 2.9397159202 2.939134963 2.9332486951 2.9389554038 2.9496962156 2.9561712133 2.9820176173 
2.9743604995 2.941480688 2.9622452633 2.9623823362 2.9585690574 2.9567288467 2.9388504604 2.9377914882 3.0042372679 
3.0030738434 3.0030738434 3.0004714454 3.0737010449 3.0882954201 3.2414205931 3.2414205931 3.2765832983 3.4859344585 
3.5456228832 3.5974952555 3.5974952555 3.6138957679 3.5835344725 3.4119507157 2.9920339257 2.9449843347 2.7891886259 
2.7647594663 2.7647594663 2.6350208304 2.5511886132 2.5425556122 2.5425556122 2.4870577486 2.4825833013 2.5951392883 
2.642336485 2.7467321167 2.8257264728 2.8263848405 2.7374615108 2.7210800319 2.6916109006 2.6753889664 2.4310519074 
2.4220637257 2.0587725108 1.9966888385 1.7742006886 1.6706997759 1.524172864 1.4084162424 1.3815532702 1.3762065847 
1.3760497071 1.4119881752 1.7998410589 1.8133464416 1.9573881557 2.0335934676 2.0633905485 2.1695428245 2.2485869201 
2.2489043662 2.4026897294 2.4160695859 2.41802069 2.5261509095 2.5511439883 2.5407530555 2.4831623611 2.3055814253 
2.2772920017 2.2760954582 2.1639086636 2.1429384045 2.0974108328 2.0784092664 2.078256028 2.0744968107 2.0475789406 
1.9938755185 1.9320855397 1.9311787317 1.8551145018 1.8537483973 1.831375256 1.7503795262 1.747629069 1.6956220783 
1.5988052438 1.5302688661 1.524687601 1.5070831241 1.4917999976 1.3682200968 1.3648485266 1.3523285678 1.3224842947 
1.2947005798 1.3434889776 1.3398958367 1.3678344969 1.3924564172 1.3949000612 1.3922048495 1.394256294 1.3933697962 
1.3933010162 1.3654171312 1.3898474187 1.4188107387 1.4051895818 1.376975867 1.3757170679 1.3462921038 1.3456823175 
1.3717900965 1.4884609278 1.4972005693 1.4542091487 1.4843522822 1.4843718488 1.4839809429 1.4791712776 1.478376241 
1.4747569516 1.4711422072 1.4396420989 1.4079306639 1.3982355407 1.3932620106 1.3973234319 1.3915627889 1.3906241498 
1.3836393904 1.3866472864 1.3718619252 1.348697084 1.2303008524 1.2530155957 1.2598105123 1.2604204442 1.3075852848 
1.3220596441 1.3249088441 1.3250315946 1.3538722225 1.3568257778 1.3552297699 1.3550423346 1.3279248457 1.315153437 
1.3152841369 1.3254959487 1.3335268722 1.3606916872 1.3868297925 1.4011783798 1.402633162 1.4365839916 1.4860118451 
1.4946270065 1.5506282769 1.5829836744 1.588472607 1.6294188209 1.6311741636 1.6962752214 1.7252027077 1.7225067309 
1.823051602 1.7837641622 1.7705980999 1.7622194214 1.7248415984 1.7790343334 1.7732768677 1.7474655682 1.8547512838 
1.8509119209 1.9002212181 1.9354626975 2.0233097579 2.0097188208 1.9288748863 1.9239683404 1.8888392425 1.8992596913 
1.9256037607 1.9921041402 2.0012056621 1.9983637212 1.9820591323 1.9029703457 1.9397192568 1.9372410586 1.9098489906 
1.8802220456 1.88056566 1.8852329649 1.8950628934 1.8951421671 1.8870387533 1.8757299988 1.8703726431 1.8663480508 
1.8699060292 1.8505810341 1.8499375163 1.831184094 1.8288288176 1.8302874972 1.8239323019 1.8238960241 1.8238960241 
1.7911402719 1.784798929 1.7914847647 1.8084488933 1.8312174026 1.8366908711 1.8166629935 1.8105357133 1.7980300759 
1.762200559 1.7416862761 1.7225626882 1.6831234427 1.658123348 1.6574767844 1.6567289806 1.7314669874 1.7246538119 
1.7128591459 1.7063870373 1.5252909952 1.52762906 1.5819602062 1.5784367713 1.5701955545 1.5177695357 1.514341541 
1.4750332044 1.4762174013 1.4653435709 1.4514540405 1.2879902466 1.2534018618 1.1991017612 1.1877540903 1.1761661422 
1.1761661422 1.106162657 1.1058815185 1.0995597125 1.0925105378 1.0809843689 1.1066250278 1.1317108153 1.1510571104 
1.1524255315 1.1524255315 1.2280337072 1.2311428068 1.2922395662 1.2676582306 1.2633247559 1.2701079193 1.3161276721 
1.3703535859 1.3726448805 1.384755547 1.3859355774 1.4066818319 1.4092058491 1.4556474563 1.4701376101 1.4759989838 
1.463207566 1.5500977695 1.5648158697 1.6296223627 1.6318259831 1.6050901918 1.5957275526 1.59847948 1.6533735354 
1.6800275856 1.6645115466 1.6425046809 1.6545811077 1.6809861361 1.6762648272 1.6999210791 1.6999296678 1.6828163834 
1.6499930662 1.6462681141 1.6752554061 1.6802792194 1.6651229738 1.6498898177 1.6525872155 1.6897950045 1.6928132755 
1.7116614862 1.6959582683 1.6948800828 1.7043870076 1.7091300255 1.7718505068 1.7909207216 1.7966313342 1.8014849734 
1.8493771675 1.8501430778 1.8346558134 1.8633158345 1.8643683643 1.8711154197 1.9022848675 1.9044068103 1.9033546829 
1.9211059196 1.9332453331 1.9319046594 1.9305394393 1.9312646893 1.9312646893 1.9303779337 1.9303707824 1.9254448312 
1.9359208672 2.0403659706 2.0333819906 2.0293533779 1.9590738862 1.9582202891 1.9983317588 2.189420507 2.1880527417 
2.1438114425 2.1729807361 2.1704457628 2.1652750138 2.1596884031 2.178941545 2.2131812297 2.2376448723 2.2184246373 
2.2184246373 2.2545132377 2.2626973814 2.2511844261 2.2229633206 2.2222171009 2.1402923857 2.1520782689 2.1457015373 
2.1145540331 2.0561601581 2.0493477469 2.0071918439 1.9214369605 1.6965429134 1.7002935509 1.6696196699 1.657016251 
1.7361957393 1.7337156442 1.7207425234 1.6725754649 1.6285423651 1.628002813 1.5858094283 1.5867903509 1.5854904382 
1.5809840384 1.6960848694 1.7606237129 1.7646705305 1.7646705305 1.7533362788 1.7683054268 1.8405071061 1.8053285895 
1.8107189881 1.9050853731 1.9435576533 1.9372863747 1.9150965177 1.9164153318 1.9230253303 1.9864307946 1.9466085212 
1.9256375812 1.8910548572 1.7883424253 1.7940893733 1.7941282622 1.7941282622 1.7882530595 1.786200562 1.7776088978 
1.786562871 1.7654350668 1.7667335826 1.7909130454 1.7829783799 1.8438810207 1.8637044489 1.8637044489 1.8536806797 
1.852250677 1.9062696877 1.9519620938 1.9437195036 1.9045163718 1.9101133878 1.952644625 1.9506341042 1.9547220298 
1.9497425013 1.9438335313 1.9551224181 1.9804041203 1.9912597232 1.9908741988 2.0621154308 2.0752536381 2.0748187086 
2.0748187086 2.0735089446 2.0915815354 2.1144465396 2.1123920947 2.0974300313 2.0389408733 2.0208012386 2.0208012386 
2.0147546937 2.0040848674 1.972450933 1.9535298135 1.929820697 1.929820697 1.9178265723 1.9121425168 1.9088205575 
1.8103605105 1.8015380378 1.7961933633 1.7909488466 1.7670640306 1.7620251236 1.7616618048 1.7616618048 1.7297699213 
1.7295127287 1.7309958944 1.7310261631 1.7249641965 1.7184103072 1.713440478 1.6603705575 1.659728313 1.6880579675 
1.6872916592 1.6761027013 1.7263849833 1.7255722627 1.733007534 1.7727301855 1.7306913536 1.7254688196 1.7254446342 
1.7237381193 1.7190621506 1.6970275136 1.7010759765 1.7010759765 1.6776492273 1.6771711304 1.660371509 1.6776585856 
1.678559574 1.6888489335 1.7237677927 1.7446807683 1.7391536793 1.7739002725 1.7944207984 1.7946564632 1.8084555452 
1.8167001294 1.816766618 1.8718375796 1.8649131601 1.8649131601 1.852957194 1.8491565524 1.8419305074 1.8168934669 
1.8125246389 1.7938076354 1.7891998066 1.7779816229 1.7813362008 1.7813362008 1.7880453565 1.7893684188 1.790180638 
1.791673055 1.7807792861 1.7030505794 1.6052185584 1.6043036474 1.5550656186 1.5235697205 1.4572286911 1.4573087921 
1.4437952153 1.4437952153 1.4089319496 1.4165372313 1.3914173301 1.3792069148 1.3792069148 1.3350785368 1.3261487017 
1.3022469595 1.2924690435 1.2770741841 1.2404134992 1.2142985602 1.2035993632 1.1446860495 1.1705580321 1.1688620849 
1.1688344167 1.1713673356 1.166304801 1.1457818352 1.1453020314 1.1453017006 1.1380672421 1.1305215605 1.1199558148 
1.0825730945 1.0666257836 1.0720934548 1.0720934548 1.115904017 1.1177294766 1.1421129989 1.1922902369 1.2375718529 
1.2266506504 1.2051554551 1.2653437882 1.2791029591 1.2725502047 1.2627644416 1.2216854127 1.2712524521 1.278816753 
1.2692807536 1.2852414755 1.2852369722 1.2984871249 1.3226418268 1.321026733 1.2784473887 1.278418893 1.2431632669 
1.2468320664 1.2380335547 1.2333966533 1.1942370202 1.1831233145 1.1837227884 1.188384579 1.1880739014 1.1650202362 
1.1557644755 1.1642982104 1.1519201247 1.2435757288 1.2330131542 1.1648827396 0.94444977266 0.91771891205 0.91771891205 
0.78098826342 0.80404784231 0.80404784231 0.81063629342 0.83622552726 0.7891478934 0.76056107353 0.74950823308 0.65745449023 
0.61451876864 0.54784050074 0.51731022705 0.44117121994 0.36949105082 0.36949105082 10.015602182 13.24198378 13.428437522 
13.453354474 13.465679647 13.583570224 13.621389781 13.689609847 13.697811918 13.646439277 13.698809376 13.894470222 
13.981948718 13.982212375 13.747031654 13.773700098 13.919061594 13.964682495 13.623851997 13.430086777 13.169469936 
12.966214747 12.73196761 12.724428807 12.310182417 12.109309749 11.833763408 11.628183729 11.610151994 11.658451785 
11.694612617 11.741620233 11.873921395 11.863958902 11.760107243 11.698115595 11.698115595 11.67414384 11.575556274 
11.096103899 11.029827159 11.032424401 11.035808014 11.272349489 11.486827327 11.486827327 11.742504297 11.830583062 
12.501445409 12.628385867 12.628385867 12.651507422 12.683292881 12.726794447 12.890787949 12.895703963 13.480511334 
13.559836878 13.302082386 13.296052114 13.17053553 12.987714405 12.987714405 12.18440946 12.257826178 12.22568063 
12.137079717 12.205267304 11.651803592 11.651803592 11.13451006 11.124366243 11.124366243 10.545391374 9.9832914881 
9.9671026663 9.8002833975 9.5665281162 9.3702699955 8.5656078169 8.3343603077 7.7959392773 7.722683265 7.7057762548 
7.7057762548 6.9787748179 6.7013295692 6.6454832646 6.6132910621 6.4964941551 6.4518278837 6.4468731209 6.4407788311 
6.3269369074 6.2640531552 6.2324780874 6.2242494369 6.0710691898 6.0842941321 6.094059858 6.0860526993 6.2806902467 
6.3115547497 6.3305295678 6.2134270225 6.2724741601 6.3170213864 6.3224364866 6.3145622064 6.202511209 6.3039373454 
6.3732197186 6.4667642987 6.6019245618 6.6405133269 6.5823196864 6.493093758 6.5272949325 6.5494868521 6.6140149301 
6.593390947 6.5910056869 6.5033633694 6.5322633135 6.5313687025 6.5163728696 6.5169290733 6.5169522485 6.7274904839 
6.7573169871 6.7920545667 6.793247332 6.7325024573 6.599611261 6.6055123789 6.571048749 6.3356894122 6.0459531971 
6.0347640125 6.0062910565 5.9910584563 5.9026062258 5.9025482241 5.8806676478 5.7992720167 5.6274112544 5.5910185814 
5.5910185814 5.3199887762 5.1366582092 5.0586961225 4.8269799112 4.826049324 4.6459488556 4.5913048414 4.550415891 
4.4406333793 4.3936775882 4.2922605214 4.1587635764 4.1587635764 4.1253893402 4.1117964859 3.9943598785 3.9556505953 
3.9481381463 3.9529915981 3.9317985661 3.908793762 3.8957587541 3.871933092 3.7872054399 3.8722287629 3.8950159739 
3.9358182429 3.950584334 3.9477198562 3.8522889283 3.8535756296 3.8556997091 3.8269775279 3.807990556 3.8211591697 
3.7817716492 3.6925667334 3.6912171576 3.6833220104 3.6835354786 3.7896349808 3.7898206184 3.7898206184 3.7547018936 
3.7310584125 3.6991832568 3.6869963686 3.6868749942 3.7439469798 3.7436115179 3.8052613203 3.7859504647 3.7289289518 
3.8937628696 3.8863756504 3.8957007673 3.9027638441 3.8511056741 3.7989127594 3.7335683844 3.719668349 3.7133822034 
3.6907044438 3.6010350516 3.6252984565 3.5593216981 3.5735291165 3.5757733479 3.544811282 3.5382451059 3.5379935255 
3.6144463778 3.5509204587 3.5648541702 3.5571029961 3.5279375334 3.6323821324 3.6103797942 3.5761605651 3.5746060764 
3.6033888869 3.6238971287 3.6426000837 3.6370330703 3.5706301073 3.4906542462 3.4834208414 3.4674554916 3.4664759444 
3.4400947192 3.4184609998 3.3076627931 3.3016642041 3.28608279 3.2864712899 3.303483506 3.3396682943 3.3419113594 
3.3218009814 3.3253998959 3.3221238319 3.3220432729 3.3913645014 3.382977772 3.3719117518 3.3606752815 3.4087318524 
3.4170543475 3.4952401149 3.5404738213 3.5644438364 3.5435779791 3.5418330593 3.4697208376 3.4639083059 3.4599884742 
3.4679227339 3.4753998794 3.4738372181 3.4619081139 3.4177922953 3.3758416851 3.3755746294 3.433908426 3.48258805 
3.4845873281 3.4302284771 3.4232021797 3.425439277 3.4246452689 3.4133796469 3.3892905438 3.416798947 3.4950292796 
3.4977803212 3.4955873532 3.4326837787 3.4396236712 3.4457740225 3.4665209092 3.4524501376 3.5928001903 3.606634511 
3.6077022004 3.5793768376 3.5682746262 3.5837378479 3.5834696075 3.5780306398 3.5708738755 3.5590962053 3.5510445723 
3.5227537248 3.4946113157 3.4665228762 3.4506911545 3.4502708508 3.4333112334 3.527323052 3.5272114317 3.4852243129 
3.4839901721 3.4831036628 3.4645694535 3.4645694535 3.4854109965 3.4908084297 3.4856924655 3.4275925003 3.3490739 
3.3398812999 3.3029092561 3.2873497436 3.2886348039 3.2569826052 3.2592783943 3.2550184417 3.2630519048 3.3353670583 
3.3716888983 3.3281968811 3.3974277878 3.442165076 3.4407677292 3.3629726676 3.5429298469 3.5940390115 3.7423782975 
3.7455650634 3.7455650634 4.2267771718 4.2810804064 4.3976706401 4.4037118129 4.4294551846 4.4372974176 4.4372974176 
4.4887973819 4.5957329127 4.399408874 4.329518757 4.2325761971 4.2325761971 4.1366534448 3.8715341477 3.8696428271 
3.8137839149 3.8137839149 3.7690967852 3.6467046595 3.6155920739 3.6252770979 3.621056702 3.6490820075 3.6586273517 
3.6586273517 3.6487832013 3.7192812649 3.7343744129 3.728140319 3.768730109 3.8769223129 3.8813718448 3.8498342474 
3.6743866546 3.6058231254 3.5659070507 3.5495381059 3.5286945369 3.4928039815 3.4809043193 3.4805615307 3.3885570046 
3.3403182952 3.3261827455 3.3070961848 3.2327387296 3.025455647 2.9922456342 2.9919778115 2.9259954584 2.9093263887 
2.8901719904 2.7733977632 2.7187042302 2.5876537107 2.4877051971 2.4752817734 2.4790334163 2.4610916404 2.4222072344 
2.3621664591 2.2868918194 2.3436669865 2.3552748908 2.4528852747 2.4568258147 2.4550092139 2.4328083591 2.4043973567 
2.3775566365 2.3501911483 2.3432236481 2.3427356439 2.3194439529 2.1428468312 2.1413628563 2.0578946801 2.0510988884 
2.015244661 2.0064744937 1.9588530573 1.7950489662 1.7645538648 1.8173783774 1.8085752691 1.8061462381 1.8061462381 
1.7830180812 1.7605686997 1.7487117245 1.7821088832 1.778750725 1.7826469514 1.7807606728 1.7486604512 1.7465010219 
1.7465010219 1.7735794834 1.7753603105 1.7836627901 1.843794561 1.8466924072 1.8466924072 1.8118855335 1.8111891611 
1.7895356791 1.7768959698 1.7488438888 1.7138053293 1.7107249662 1.7023488726 1.7022431106 1.7176786189 1.7127571971 
1.7648497475 1.7836892835 1.832772117 1.8441871039 1.869396263 1.8616623805 1.859738571 1.8790747577 1.8827506009 
1.8655676649 1.8654986572 1.8575571024 1.847622488 1.839380629 1.839380629 1.8299872363 1.7617593409 1.7679028879 
1.7907824023 1.729386498 1.7444675026 1.8020368953 1.7976267278 1.7749202575 1.7845846218 1.7879674077 1.7832818606 
1.9163464899 2.0926237022 2.1141770703 2.1141770703 2.1137642399 2.1137642399 2.0850301106 2.025765877 2.025527868 
1.9164299067 1.8934400723 1.8762624976 1.8762624976 1.9191006704 1.9613442039 1.9633530724 1.9218885466 1.8920468261 
1.9206747863 1.9017537541 1.9482648467 1.9373383784 1.9359632466 1.9322272405 1.9356715456 1.7221300605 1.8677846818 
1.8738989942 1.8757387073 1.8564576016 1.8560641096 2.1772041683 2.1813983343 2.1813983343 2.1967414777 2.1003664124 
2.100599985 2.0988893106 2.0911622854 2.054872667 1.9818753197 2.0132975368 2.0106648495 2.0147503399 2.0366922229 
2.0872496902 2.088161618 2.0428638964 2.0472495935 2.0473028611 2.0416750942 2.0466236317 2.0314616455 2.0326119624 
2.011231366 2.000150379 2.0025789006 2.001780355 1.9924206492 1.992316869 1.9882362557 1.9870292501 1.9620265971 
1.9607774464 1.9472578092 1.9569422078 1.9596355222 1.9720741605 1.9721004565 1.9543338483 1.9374822207 1.9243188228 
1.905200861 1.8691695534 1.8681316145 1.8291155569 1.8288009112 1.8209319136 1.8021787579 1.8016385435 1.7652010934 
1.7553739062 1.6990998791 1.6797077871 1.6532218105 1.612591781 1.5535953753 1.5115719941 1.5125482631 1.5130930478 
1.5116374915 1.71254509 1.8780483421 1.8931489423 1.8922947264 1.8948101567 1.8911639175 1.8896916334 1.8889517914 
1.941694043 1.9315850461 1.9321125252 1.9499503887 2.03685429 2.0493124549 2.0548874477 2.0590126858 2.250416736 
2.2591778734 2.3036198142 2.4096242333 2.4294503073 2.4353638497 2.421211421 2.4238895217 2.4232112292 2.4142337393 
2.4343104462 2.4290503362 2.4290503362 2.3828355794 2.312384086 2.2973982216 2.2884410186 2.2670978009 2.2544646329 
2.2431565963 2.2252619815 2.1653458425 2.1310858334 2.0416041026 2.0462297902 2.0603048037 2.0604360638 2.0565717155 
2.0288912436 1.9867318917 1.9838525051 1.9554991011 1.9552889223 1.9528510072 1.8933746239 1.8821568126 1.874772336 
1.835546647 1.7817756333 1.7640106602 1.7189239665 1.6748084685 1.6744733223 1.6744664826 1.6708436583 1.6614512749 
1.6419515414 1.650424589 1.6133000964 1.5885823438 1.5881804291 1.5799189621 1.5697640083 1.5514595003 1.5291328813 
1.5192856326 1.5197260164 1.5139670634 1.4823917902 1.4258246178 1.4048163344 1.3364197114 1.3249386573 1.3264653187 
1.4411473846 1.4688728999 1.4687771445 1.445322915 1.4380064825 1.4164536376 1.4162798244 1.4671874284 1.4746662743 
1.4990585683 1.4984282043 1.4634980902 1.4633154738 1.4775863582 1.4782082278 1.5368942117 1.5675516073 1.5797129474 
1.6987039536 1.7335514667 1.7507580828 1.7503834632 1.8231403673 1.8400855006 1.8384888307 1.9486080882 1.9572531081 
1.962792951 1.9839995271 1.9008690407 1.8855525493 1.8645251546 1.9228067797 1.9411835118 1.9554103712 1.931244193 
1.9573524478 1.9597712908 2.0033756933 2.0332440609 2.0277119034 2.0237371193 2.0668817117 2.0719169134 2.0733110414 
2.091926531 2.0656406128 2.0507443545 2.000449189 1.9983268383 1.9980963765 1.9970766113 1.9737556287 1.9894531879 
2.0299868114 2.0390610179 2.0486928969 2.0510571938 2.0564109614 2.073705945 2.0654641147 2.1497166093 2.1596673406 
2.1506797778 2.1323384418 2.1250243528 2.2121666711 2.2580545771 2.2431981691 2.1735820841 2.1724501153 2.1527542439 
2.1526619758 2.1374886859 2.1400408433 2.1280284968 2.0415961044 2.0451207532 2.0763298606 2.1012872323 2.1140697436 
2.1376280256 2.1356491813 2.1377032705 2.1380390558 2.1182017972 2.1237660371 2.1219753615 2.1925588282 2.1985122753 
2.2113130347 2.2140664646 2.2957916499 2.3241927751 2.3302979452 2.3344042599 2.3630633872 2.3617392567 2.3615225946 
2.2309303291 2.2309017276 2.1779864161 2.1624176692 2.113849515 2.0630849174 1.9540971623 1.8686584282 1.7913169736 
1.7651108861 1.7789818477 1.8087077765 1.8646296782 1.9183483293 1.9909066115 2.0178225051 2.0161431619 2.0065466197 
1.9834494755 1.9657697112 1.9642296858 1.958551881 1.9332505107 1.9935875922 2.0052414642 1.9710700819 2.0043462775 
2.028144067 2.0322797604 1.9887975176 1.9751485057 1.9751274731 1.9532284189 1.9538720882 1.9560698954 2.0056449719 
2.0057684627 2.0035054323 2.0013458842 1.9914938822 2.0901463639 2.0845362779 2.0837860856 2.073378008 2.017290074 
1.9933812971 2.0208729022 2.0624668748 2.0388440271 2.0331313376 2.0228501696 1.9772997743 1.974922872 1.9303990479 
1.9269910361 1.9148029236 1.9158905661 1.9985500865 1.9590265665 1.9469877028 1.9458450814 1.9401186391 1.9181999322 
1.9014636413 1.8879552162 1.8715632404 1.8984773977 1.8981062821 1.8930699795 1.8988546528 1.8981148751 1.9612836478 
1.9660029361 1.9661171562 1.9527592292 1.9630342516 1.9515571325 1.9557777472 1.9557777472 1.9298588194 1.930810222 
1.9574207235 1.957703975 1.9683404721 1.9756314049 2.0053275246 2.0127060663 2.0140596487 2.0141043952 2.0317021144 
2.0323999877 2.065339426 2.066326118 2.220894057 2.28690567 2.2737125168 2.2492739601 2.2357162028 2.2132004033 
2.2131099784 2.2123055843 2.2121660629 2.1961732573 2.1771937893 2.1290333743 2.1534524558 2.1538143078 2.1615619329 
2.1411152212 2.2517331354 2.2390636568 2.2421442493 2.2140180959 2.2140180959 2.2033278064 2.1435923727 2.1359368914 
2.0775836257 2.026952716 1.9788116292 1.8644601883 1.8635379992 1.8219540905 1.8212779294 1.8161533406 1.8159174809 
1.8149559724 1.7966154657 1.8040388762 1.8040388762 1.80981264 1.8206308069 1.8198289536 1.7764718967 1.7755870588 
1.8086300111 1.8205915111 1.8153049528 1.8054615887 1.7420547269 1.7394756584 1.6473132752 1.6437746915 1.6425719423 
1.6381847842 1.6261319984 1.6136596016 1.5831750097 1.5674241396 1.5635322148 1.5573565714 1.5205019559 1.4881586473 
1.4935940535 1.5043061073 1.5074180531 1.4874183997 1.4957868506 1.4872722329 1.4892330844 1.4241287742 1.3437300817 
1.2933784543 1.2929961347 1.2779128645 1.2024815137 1.1765594321 1.1696650196 1.1938785955 1.1756251561 1.1120961941 
1.1275512091 1.1434362602 1.1631779312 1.1699445711 1.1551043067 1.1387980461 1.1501933872 1.1307204345 1.126972213 
1.096392891 1.1014364073 1.0942069278 1.1294749943 1.1881977558 1.2124608262 1.2459071752 1.2525467346 1.2472197922 
1.2232068528 1.1892566252 1.1933560219 1.1926583893 1.1615708103 1.1467984544 1.145668676 1.1196577747 1.1185496351 
1.196245743 1.2415875768 1.2747774152 1.2804438882 1.2813360249 1.2348681514 1.2338190115 1.2338190115 1.2335918579 
1.2154531749 1.1967896878 1.1772132211 1.1345244913 1.1322713362 1.1298882335 1.1186874383 1.1078885964 1.0827187305 
1.0971759168 1.1081402633 1.1063788352 1.101284253 1.0894864681 1.0894864681 1.0914127148 1.0590890598 1.0815001963 
1.0602205323 1.0564349606 1.0328941665 0.97792880492 1.0386281997 1.0271214473 0.99895603194 1.0160167768 1.0074227373 
1.0446185389 1.0533123312 1.0654173892 1.0699444447 1.0932123946 1.0913401572 1.0904498506 1.0723120812 1.071393455 
1.0693473617 1.0692543479 1.0692543479 1.0830873193 1.0837055033 1.0859790531 1.0838865782 1.0361552671 1.011653535 
1.031123912 1.0590421511 1.0908817255 1.0755827817 1.0712879595 1.1035151592 1.0461486564 1.0611574889 1.0616536486 
1.0732642359 1.0833888976 1.0757807005 1.0945109334 1.0224053411 1.0471960729 1.0639764998 1.0738619559 1.098253654 
1.0864133481 1.0656536544 1.0829676479 1.0556044074 1.0556044074 1.0745968041 1.1470305889 1.1639759949 1.1661990993 
1.1754789882 1.2083771883 1.3472972611 1.3584475953 1.1991119242 1.1887446273 1.2942950285 1.3025942823 1.107588308 
1.0895553114 1.0285164077 1.0071672128 1.0061318523 0.99073285655 1.0020233128 1.0042620124 1.020627552 1.0764676335 
1.0660057956 1.0581775699 1.0262437453 1.0242054161 1.031460412 1.0347541259 1.0606048454 1.0603435545 1.1639796575 
1.1808577201 1.1774289712 1.1608475013 1.0441952554 1.023212911 0.99970758717 1.0495190686 0.98778129277 1.1220689367 
1.1090972773 1.0239525194 1.0105501038 1.0760939096 1.1096169079 1.0657285448 0.99204122456 0.99144697198 0.98668635565 
0.98668635565 1.0155074809 1.0106632394 1.0105030992 1.023219972 1.0948201424 1.0885821407 1.107001257 1.0711358454 
1.090104876 1.0922714091 1.1402963909 1.0680767296 1.0615783677 1.0607754572 1.0235845035 1.0109194609 1.011365102 
1.011365102 1.0717842782 1.0856671528 1.0467517353 1.0404929981 1.0449010833 1.0113604432 1.0048889668 0.95346488386 
0.94391693058 0.92751175093 0.92944485855 0.93166906069 0.94826627357 0.94118018759 0.96327374144 1.0113119781 1.0273924158 
1.0209106904 1.0173742536 1.0140388634 1.0015569638 0.99767940939 0.9838464182 0.98190161709 0.96560748111 0.95243855124 
0.98749851193 1.1279574258 1.1466448034 1.1021207528 1.0830684299 1.0735843261 1.0590544496 1.0265641898 0.99725472608 
0.95198450453 0.94110304966 0.94556205569 0.94794810299 0.93259901669 0.93796586266 0.93720524399 1.0351652625 1.0423588759 
0.98978979591 0.98915130506 1.0409358242 1.0507641398 0.99742595458 1.0033609492 1.0049554692 1.0348720874 1.1233629952 
1.1279987344 1.1288728039 0.98041686624 0.91650832593 0.9213899884 0.87434695776 0.85794999643 0.87484444538 0.9771769249 
0.97777792593 0.97777792593 0.96856668467 0.96826218082 0.95961181663 0.95961181663 0.97155088867 0.96842446453 0.96330413061 
0.98009811046 0.98256390379 1.0159872356 1.0445903502 1.132902871 1.0981257885 0.98665128745 0.98424109172 0.98418182461 
1.0022848746 0.88770211053 0.88770211053 0.85967315832 0.84375669943 0.84375669943 0.78936022373 0.78892154247 0.78298711011 
0.77965433305 0.80345729876 0.86202555844 1.3989983781 1.4041110481 1.5203274683 1.5099293096 1.2665442393 1.2131633239 
1.3724716075 1.3419626292 1.3124714111 1.2916510908 1.1701809805 1.1701809805 1.1318009654 0.99176832417 0.97515143278 
0.97515143278 0.94191764999 0.89413396797 0.87227950209 0.87068497024 0.79568771103 0.78381564642 0.74432779483 0.72711855623 
0.72637392262 0.72489834597 0.7185799213 0.68801324667 0.65922719311 0.65877415754 0.65385946165 0.79992684227 0.81110239308 
0.86204953176 0.89604063279 0.94321511496 0.95280806844 0.88596793768 0.87791786564 0.87174331588 0.86558313546 0.82197020136 
0.79266120479 0.78248465657 0.75638981295 0.7497837429 0.72245611981 0.66740496421 0.5851707198 0.51893054259 0.5045081679 
0.5045081679 0.47133652428 0.47023994102 0.32632735902 0.32516677368 0.28259415029 0.28154728251 10.015602182 13.24198378 
13.428437522 13.453354474 13.465679647 13.583570224 13.621389781 13.689609847 13.697811918 13.646439277 13.698809376 
13.894470222 13.981948718 13.982212375 13.747031654 13.773700098 13.919061594 13.964682495 13.623851997 13.430086777 
13.169469936 12.966214747 12.73196761 12.724428807 12.310182417 12.109309749 11.833763408 11.628183729 11.610151994 
11.658451785 11.694612617 11.741620233 11.873921395 11.863958902 11.760107243 11.698115595 11.698115595 11.67414384 
11.575556274 11.096103899 11.029827159 11.032424401 11.035808014 11.272349489 11.486827327 11.486827327 11.742504297 
11.830583062 12.501445409 12.628385867 12.628385867 12.651507422 12.683292881 12.726794447 12.890787949 12.895703963 
13.480511334 13.559836878 13.302082386 13.296052114 13.17053553 12.987714405 12.987714405 12.18440946 12.257826178 
12.22568063 12.137079717 12.205267304 11.651803592 11.651803592 11.13451006 11.124366243 11.124366243 10.545391374 
9.9832914881 9.9671026663 9.8002833975 9.5665281162 9.3702699955 8.5656078169 8.3343603077 7.7959392773 7.722683265 
7.7057762548 7.7057762548 6.9787748179 6.7013295692 6.6454832646 6.6132910621 6.4964941551 6.4518278837 6.4468731209 
6.4407788311 6.3269369074 6.2640531552 6.2324780874 6.2242494369 6.0710691898 6.0842941321 6.094059858 6.0860526993 
6.2806902467 6.3115547497 6.3305295678 6.2134270225 6.2724741601 6.3170213864 6.3224364866 6.3145622064 6.202511209 
6.3039373454 6.3732197186 6.4667642987 6.6019245618 6.6405133269 6.5823196864 6.493093758 6.5272949325 6.5494868521 
6.6140149301 6.593390947 6.5910056869 6.5033633694 6.5322633135 6.5313687025 6.5163728696 6.5169290733 6.5169522485 
6.7274904839 6.7573169871 6.7920545667 6.793247332 6.7325024573 6.599611261 6.6055123789 6.571048749 6.3356894122 
6.0459531971 6.0347640125 6.0062910565 5.9910584563 5.9026062258 5.9025482241 5.8806676478 5.7992720167 5.6274112544 
5.5910185814 5.5910185814 5.3199887762 5.1366582092 5.0586961225 4.8269799112 4.826049324 4.6459488556 4.5913048414 
4.550415891 4.4406333793 4.3936775882 4.2922605214 4.1587635764 4.1587635764 4.1253893402 4.1117964859 3.9943598785 
3.9556505953 3.9481381463 3.9529915981 3.9317985661 3.908793762 3.8957587541 3.871933092 3.7872054399 3.8722287629 
3.8950159739 3.9358182429 3.950584334 3.9477198562 3.8522889283 3.8535756296 3.8556997091 3.8269775279 3.807990556 
3.8211591697 3.7817716492 3.6925667334 3.6912171576 3.6833220104 3.6835354786 3.7896349808 3.7898206184 3.7898206184 
3.7547018936 3.7310584125 3.6991832568 3.6869963686 3.6868749942 3.7439469798 3.7436115179 3.8052613203 3.7859504647 
3.7289289518 3.8937628696 3.8863756504 3.8957007673 3.9027638441 3.8511056741 3.7989127594 3.7335683844 3.719668349 
3.7133822034 3.6907044438 3.6010350516 3.6252984565 3.5593216981 3.5735291165 3.5757733479 3.544811282 3.5382451059 
3.5379935255 3.6144463778 3.5509204587 3.5648541702 3.5571029961 3.5279375334 3.6323821324 3.6103797942 3.5761605651 
3.5746060764 3.6033888869 3.6238971287 3.6426000837 3.6370330703 3.5706301073 3.4906542462 3.4834208414 3.4674554916 
3.4664759444 3.4400947192 3.4184609998 3.3076627931 3.3016642041 3.28608279 3.2864712899 3.303483506 3.3396682943 
3.3419113594 3.3218009814 3.3253998959 3.3221238319 3.3220432729 3.3913645014 3.382977772 3.3719117518 3.3606752815 
3.4087318524 3.4170543475 3.4952401149 3.5404738213 3.5644438364 3.5435779791 3.5418330593 3.4697208376 3.4639083059 
3.4599884742 3.4679227339 3.4753998794 3.4738372181 3.4619081139 3.4177922953 3.3758416851 3.3755746294 3.433908426 
3.48258805 3.4845873281 3.4302284771 3.4232021797 3.425439277 3.4246452689 3.4133796469 3.3892905438 3.416798947 
3.4950292796 3.4977803212 3.4955873532 3.4326837787 3.4396236712 3.4457740225 3.4665209092 3.4524501376 3.5928001903 
3.606634511 3.6077022004 3.5793768376 3.5682746262 3.5837378479 3.5834696075 3.5780306398 3.5708738755 3.5590962053 
3.5510445723 3.5227537248 3.4946113157 3.4665228762 3.4506911545 3.4502708508 3.4333112334 3.527323052 3.5272114317 
3.4852243129 3.4839901721 3.4831036628 3.4645694535 3.4645694535 3.4854109965 3.4908084297 3.4856924655 3.4275925003 
3.3490739 3.3398812999 3.3029092561 3.2873497436 3.2886348039 3.2569826052 3.2592783943 3.2550184417 3.2630519048 
3.3353670583 3.3716888983 3.3281968811 3.3974277878 3.442165076 3.4407677292 3.3629726676 3.5429298469 3.5940390115 
3.7423782975 3.7455650634 3.7455650634 4.2267771718 4.2810804064 4.3976706401 4.4037118129 4.4294551846 4.4372974176 
4.4372974176 4.4887973819 4.5957329127 4.399408874 4.329518757 4.2325761971 4.2325761971 4.1366534448 3.8715341477 
3.8696428271 3.8137839149 3.8137839149 3.7690967852 3.6467046595 3.6155920739 3.6252770979 3.621056702 3.6490820075 
3.6586273517 3.6586273517 3.6487832013 3.7192812649 3.7343744129 3.728140319 3.768730109 3.8769223129 3.8813718448 
3.8498342474 3.6743866546 3.6058231254 3.5659070507 3.5495381059 3.5286945369 3.4928039815 3.4809043193 3.4805615307 
3.3885570046 3.3403182952 3.3261827455 3.3070961848 3.2327387296 3.025455647 2.9922456342 2.9919778115 2.9259954584 
2.9093263887 2.8901719904 2.7733977632 2.7187042302 2.5876537107 2.4877051971 2.4752817734 2.4790334163 2.4610916404 
2.4222072344 2.3621664591 2.2868918194 2.3436669865 2.3552748908 2.4528852747 2.4568258147 2.4550092139 2.4328083591 
2.4043973567 2.3775566365 2.3501911483 2.3432236481 2.3427356439 2.3194439529 2.1428468312 2.1413628563 2.0578946801 
2.0510988884 2.015244661 2.0064744937 1.9588530573 1.7950489662 1.7645538648 1.8173783774 1.8085752691 1.8061462381 
1.8061462381 1.7830180812 1.7605686997 1.7487117245 1.7821088832 1.778750725 1.7826469514 1.7807606728 1.7486604512 
1.7465010219 1.7465010219 1.7735794834 1.7753603105 1.7836627901 1.843794561 1.8466924072 1.8466924072 1.8118855335 
1.8111891611 1.7895356791 1.7768959698 1.7488438888 1.7138053293 1.7107249662 1.7023488726 1.7022431106 1.7176786189 
1.7127571971 1.7648497475 1.7836892835 1.832772117 1.8441871039 1.869396263 1.8616623805 1.859738571 1.8790747577 
1.8827506009 1.8655676649 1.8654986572 1.8575571024 1.847622488 1.839380629 1.839380629 1.8299872363 1.7617593409 
1.7679028879 1.7907824023 1.729386498 1.7444675026 1.8020368953 1.7976267278 1.7749202575 1.7845846218 1.7879674077 
1.7832818606 1.9163464899 2.0926237022 2.1141770703 2.1141770703 2.1137642399 2.1137642399 2.0850301106 2.025765877 
2.025527868 1.9164299067 1.8934400723 1.8762624976 1.8762624976 1.9191006704 1.9613442039 1.9633530724 1.9218885466 
1.8920468261 1.9206747863 1.9017537541 1.9482648467 1.9373383784 1.9359632466 1.9322272405 1.9356715456 1.7221300605 
1.8677846818 1.8738989942 1.8757387073 1.8564576016 1.8560641096 2.1772041683 2.1813983343 2.1813983343 2.1967414777 
2.1003664124 2.100599985 2.0988893106 2.0911622854 2.054872667 1.9818753197 2.0132975368 2.0106648495 2.0147503399 
2.0366922229 2.0872496902 2.088161618 2.0428638964 2.0472495935 2.0473028611 2.0416750942 2.0466236317 2.0314616455 
2.0326119624 2.011231366 2.000150379 2.0025789006 2.001780355 1.9924206492 1.992316869 1.9882362557 1.9870292501 
1.9620265971 1.9607774464 1.9472578092 1.9569422078 1.9596355222 1.9720741605 1.9721004565 1.9543338483 1.9374822207 
1.9243188228 1.905200861 1.8691695534 1.8681316145 1.8291155569 1.8288009112 1.8209319136 1.8021787579 1.8016385435 
1.7652010934 1.7553739062 1.6990998791 1.6797077871 1.6532218105 1.612591781 1.5535953753 1.5115719941 1.5125482631 
1.5130930478 1.5116374915 1.71254509 1.8780483421 1.8931489423 1.8922947264 1.8948101567 1.8911639175 1.8896916334 
1.8889517914 1.941694043 1.9315850461 1.9321125252 1.9499503887 2.03685429 2.0493124549 2.0548874477 2.0590126858 
2.250416736 2.2591778734 2.3036198142 2.4096242333 2.4294503073 2.4353638497 2.421211421 2.4238895217 2.4232112292 
2.4142337393 2.4343104462 2.4290503362 2.4290503362 2.3828355794 2.312384086 2.2973982216 2.2884410186 2.2670978009 
2.2544646329 2.2431565963 2.2252619815 2.1653458425 2.1310858334 2.0416041026 2.0462297902 2.0603048037 2.0604360638 
2.0565717155 2.0288912436 1.9867318917 1.9838525051 1.9554991011 1.9552889223 1.9528510072 1.8933746239 1.8821568126 
1.874772336 1.835546647 1.7817756333 1.7640106602 1.7189239665 1.6748084685 1.6744733223 1.6744664826 1.6708436583 
1.6614512749 1.6419515414 1.650424589 1.6133000964 1.5885823438 1.5881804291 1.5799189621 1.5697640083 1.5514595003 
1.5291328813 1.5192856326 1.5197260164 1.5139670634 1.4823917902 1.4258246178 1.4048163344 1.3364197114 1.3249386573 
1.3264653187 1.4411473846 1.4688728999 1.4687771445 1.445322915 1.4380064825 1.4164536376 1.4162798244 1.4671874284 
1.4746662743 1.4990585683 1.4984282043 1.4634980902 1.4633154738 1.4775863582 1.4782082278 1.5368942117 1.5675516073 
1.5797129474 1.6987039536 1.7335514667 1.7507580828 1.7503834632 1.8231403673 1.8400855006 1.8384888307 1.9486080882 
1.9572531081 1.962792951 1.9839995271 1.9008690407 1.8855525493 1.8645251546 1.9228067797 1.9411835118 1.9554103712 
1.931244193 1.9573524478 1.9597712908 2.0033756933 2.0332440609 2.0277119034 2.0237371193 2.0668817117 2.0719169134 
2.0733110414 2.091926531 2.0656406128 2.0507443545 2.000449189 1.9983268383 1.9980963765 1.9970766113 1.9737556287 
1.9894531879 2.0299868114 2.0390610179 2.0486928969 2.0510571938 2.0564109614 2.073705945 2.0654641147 2.1497166093 
2.1596673406 2.1506797778 2.1323384418 2.1250243528 2.2121666711 2.2580545771 2.2431981691 2.1735820841 2.1724501153 
2.1527542439 2.1526619758 2.1374886859 2.1400408433 2.1280284968 2.0415961044 2.0451207532 2.0763298606 2.1012872323 
2.1140697436 2.1376280256 2.1356491813 2.1377032705 2.1380390558 2.1182017972 2.1237660371 2.1219753615 2.1925588282 
2.1985122753 2.2113130347 2.2140664646 2.2957916499 2.3241927751 2.3302979452 2.3344042599 2.3630633872 2.3617392567 
2.3615225946 2.2309303291 2.2309017276 2.1779864161 2.1624176692 2.113849515 2.0630849174 1.9540971623 1.8686584282 
1.7913169736 1.7651108861 1.7789818477 1.8087077765 1.8646296782 1.9183483293 1.9909066115 2.0178225051 2.0161431619 
2.0065466197 1.9834494755 1.9657697112 1.9642296858 1.958551881 1.9332505107 1.9935875922 2.0052414642 1.9710700819 
2.0043462775 2.028144067 2.0322797604 1.9887975176 1.9751485057 1.9751274731 1.9532284189 1.9538720882 1.9560698954 
2.0056449719 2.0057684627 2.0035054323 2.0013458842 1.9914938822 2.0901463639 2.0845362779 2.0837860856 2.073378008 
2.017290074 1.9933812971 2.0208729022 2.0624668748 2.0388440271 2.0331313376 2.0228501696 1.9772997743 1.974922872 
1.9303990479 1.9269910361 1.9148029236 1.9158905661 1.9985500865 1.9590265665 1.9469877028 1.9458450814 1.9401186391 
1.9181999322 1.9014636413 1.8879552162 1.8715632404 1.8984773977 1.8981062821 1.8930699795 1.8988546528 1.8981148751 
1.9612836478 1.9660029361 1.9661171562 1.9527592292 1.9630342516 1.9515571325 1.9557777472 1.9557777472 1.9298588194 
1.930810222 1.9574207235 1.957703975 1.9683404721 1.9756314049 2.0053275246 2.0127060663 2.0140596487 2.0141043952 
2.0317021144 2.0323999877 2.065339426 2.066326118 2.220894057 2.28690567 2.2737125168 2.2492739601 2.2357162028 
2.2132004033 2.2131099784 2.2123055843 2.2121660629 2.1961732573 2.1771937893 2.1290333743 2.1534524558 2.1538143078 
2.1615619329 2.1411152212 2.2517331354 2.2390636568 2.2421442493 2.2140180959 2.2140180959 2.2033278064 2.1435923727 
2.1359368914 2.0775836257 2.026952716 1.9788116292 1.8644601883 1.8635379992 1.8219540905 1.8212779294 1.8161533406 
1.8159174809 1.8149559724 1.7966154657 1.8040388762 1.8040388762 1.80981264 1.8206308069 1.8198289536 1.7764718967 
1.7755870588 1.8086300111 1.8205915111 1.8153049528 1.8054615887 1.7420547269 1.7394756584 1.6473132752 1.6437746915 
1.6425719423 1.6381847842 1.6261319984 1.6136596016 1.5831750097 1.5674241396 1.5635322148 1.5573565714 1.5205019559 
1.4881586473 1.4935940535 1.5043061073 1.5074180531 1.4874183997 1.4957868506 1.4872722329 1.4892330844 1.4241287742 
1.3437300817 1.2933784543 1.2929961347 1.2779128645 1.2024815137 1.1765594321 1.1696650196 1.1938785955 1.1756251561 
1.1120961941 1.1275512091 1.1434362602 1.1631779312 1.1699445711 1.1551043067 1.1387980461 1.1501933872 1.1307204345 
1.126972213 1.096392891 1.1014364073 1.0942069278 1.1294749943 1.1881977558 1.2124608262 1.2459071752 1.2525467346 
1.2472197922 1.2232068528 1.1892566252 1.1933560219 1.1926583893 1.1615708103 1.1467984544 1.145668676 1.1196577747 
1.1185496351 1.196245743 1.2415875768 1.2747774152 1.2804438882 1.2813360249 1.2348681514 1.2338190115 1.2338190115 
1.2335918579 1.2154531749 1.1967896878 1.1772132211 1.1345244913 1.1322713362 1.1298882335 1.1186874383 1.1078885964 
1.0827187305 1.0971759168 1.1081402633 1.1063788352 1.101284253 1.0894864681 1.0894864681 1.0914127148 1.0590890598 
1.0815001963 1.0602205323 1.0564349606 1.0328941665 0.97792880492 1.0386281997 1.0271214473 0.99895603194 1.0160167768 
1.0074227373 1.0446185389 1.0533123312 1.0654173892 1.0699444447 1.0932123946 1.0913401572 1.0904498506 1.0723120812 
1.071393455 1.0693473617 1.0692543479 1.0692543479 1.0830873193 1.0837055033 1.0859790531 1.0838865782 1.0361552671 
1.011653535 1.031123912 1.0590421511 1.0908817255 1.0755827817 1.0712879595 1.1035151592 1.0461486564 1.0611574889 
1.0616536486 1.0732642359 1.0833888976 1.0757807005 1.0945109334 1.0224053411 1.0471960729 1.0639764998 1.0738619559 
1.098253654 1.0864133481 1.0656536544 1.0829676479 1.0556044074 1.0556044074 1.0745968041 1.1470305889 1.1639759949 
1.1661990993 1.1754789882 1.2083771883 1.3472972611 1.3584475953 1.1991119242 1.1887446273 1.2942950285 1.3025942823 
1.107588308 1.0895553114 1.0285164077 1.0071672128 1.0061318523 0.99073285655 1.0020233128 1.0042620124 1.020627552 
1.0764676335 1.0660057956 1.0581775699 1.0262437453 1.0242054161 1.031460412 1.0347541259 1.0606048454 1.0603435545 
1.1639796575 1.1808577201 1.1774289712 1.1608475013 1.0441952554 1.023212911 0.99970758717 1.0495190686 0.98778129277 
1.1220689367 1.1090972773 1.0239525194 1.0105501038 1.0760939096 1.1096169079 1.0657285448 0.99204122456 0.99144697198 
0.98668635565 0.98668635565 1.0155074809 1.0106632394 1.0105030992 1.023219972 1.0948201424 1.0885821407 1.107001257 
1.0711358454 1.090104876 1.0922714091 1.1402963909 1.0680767296 1.0615783677 1.0607754572 1.0235845035 1.0109194609 
1.011365102 1.011365102 1.0717842782 1.0856671528 1.0467517353 1.0404929981 1.0449010833 1.0113604432 1.0048889668 
0.95346488386 0.94391693058 0.92751175093 0.92944485855 0.93166906069 0.94826627357 0.94118018759 0.96327374144 1.0113119781 
1.0273924158 1.0209106904 1.0173742536 1.0140388634 1.0015569638 0.99767940939 0.9838464182 0.98190161709 0.96560748111 
0.95243855124 0.98749851193 1.1279574258 1.1466448034 1.1021207528 1.0830684299 1.0735843261 1.0590544496 1.0265641898 
0.99725472608 0.95198450453 0.94110304966 0.94556205569 0.94794810299 0.93259901669 0.93796586266 0.93720524399 1.0351652625 
1.0423588759 0.98978979591 0.98915130506 1.0409358242 1.0507641398 0.99742595458 1.0033609492 1.0049554692 1.0348720874 
1.1233629952 1.1279987344 1.1288728039 0.98041686624 0.91650832593 0.9213899884 0.87434695776 0.85794999643 0.87484444538 
0.9771769249 0.97777792593 0.97777792593 0.96856668467 0.96826218082 0.95961181663 0.95961181663 0.97155088867 0.96842446453 
0.96330413061 0.98009811046 0.98256390379 1.0159872356 1.0445903502 1.132902871 1.0981257885 0.98665128745 0.98424109172 
0.98418182461 1.0022848746 0.88770211053 0.88770211053 0.85967315832 0.84375669943 0.84375669943 0.78936022373 0.78892154247 
0.78298711011 0.77965433305 0.80345729876 0.86202555844 1.3989983781 1.4041110481 1.5203274683 1.5099293096 1.2665442393 
1.2131633239 1.3724716075 1.3419626292 1.3124714111 1.2916510908 1.2699350709 1.2699350709 1.2610746217 1.259916227 
1.22091999 1.2012661894 1.1711913572 1.0454678876 1.0454678876 1.0275073919 0.85917753819 0.83479795999 0.81904112552 
0.81678701829 0.80599289975 0.81215966145 0.81622479965 0.81693593989 0.81993154003 0.77441410696 0.7612553298 0.55475812716 
0.53777350876 0.53563560941 0.23645061633 10.015602182 13.24198378 13.428437522 13.453354474 13.465679647 13.583570224 
13.621389781 13.689609847 13.697811918 13.646439277 13.698809376 13.894470222 13.981948718 13.982212375 13.747031654 
13.773700098 13.919061594 13.964682495 13.623851997 13.430086777 13.169469936 12.966214747 12.73196761 12.724428807 
12.310182417 12.109309749 11.833763408 11.628183729 11.610151994 11.658451785 11.694612617 11.741620233 11.873921395 
11.863958902 11.760107243 11.698115595 11.698115595 11.67414384 11.575556274 11.096103899 11.029827159 11.032424401 
11.035808014 11.272349489 11.486827327 11.486827327 11.742504297 11.830583062 12.501445409 12.628385867 12.628385867 
12.651507422 12.683292881 12.726794447 12.890787949 12.895703963 13.480511334 13.559836878 13.302082386 13.296052114 
13.17053553 12.987714405 12.987714405 12.18440946 12.257826178 12.22568063 12.137079717 12.205267304 11.651803592 
11.651803592 11.13451006 11.124366243 11.124366243 10.545391374 9.9832914881 9.9671026663 9.8002833975 9.5665281162 
9.3702699955 8.5656078169 8.3343603077 7.7959392773 7.722683265 7.7057762548 7.7057762548 6.9787748179 6.7013295692 
6.6454832646 6.6132910621 6.4964941551 6.4518278837 6.4468731209 6.4407788311 6.3269369074 6.2640531552 6.2324780874 
6.2242494369 6.0710691898 6.0842941321 6.094059858 6.0860526993 6.2806902467 6.3115547497 6.3305295678 6.2134270225 
6.2724741601 6.3170213864 6.3224364866 6.3145622064 6.202511209 6.3039373454 6.3732197186 6.4667642987 6.6019245618 
6.6405133269 6.5823196864 6.493093758 6.5272949325 6.5494868521 6.6140149301 6.593390947 6.5910056869 6.5033633694 
6.5322633135 6.5313687025 6.5163728696 6.5169290733 6.5169522485 6.7274904839 6.7573169871 6.7920545667 6.793247332 
6.7325024573 6.599611261 6.6055123789 6.571048749 6.3356894122 6.0459531971 6.0347640125 6.0062910565 5.9910584563 
5.9026062258 5.9025482241 5.8806676478 5.7992720167 5.6274112544 5.5910185814 5.5910185814 5.3199887762 5.1366582092 
5.0586961225 4.8269799112 4.826049324 4.6459488556 4.5913048414 4.550415891 4.4406333793 4.3936775882 4.2922605214 
4.1587635764 4.1587635764 4.1253893402 4.1117964859 3.9943598785 3.9556505953 3.9481381463 3.9529915981 3.9317985661 
3.908793762 3.8957587541 3.871933092 3.7872054399 3.8722287629 3.8950159739 3.9358182429 3.950584334 3.9477198562 
3.8522889283 3.8535756296 3.8556997091 3.8269775279 3.807990556 3.8211591697 3.7817716492 3.6925667334 3.6912171576 
3.6833220104 3.6835354786 3.7896349808 3.7898206184 3.7898206184 3.7547018936 3.7310584125 3.6991832568 3.6869963686 
3.6868749942 3.7439469798 3.7436115179 3.8052613203 3.7859504647 3.7289289518 3.8937628696 3.8863756504 3.8957007673 
3.9027638441 3.8511056741 3.7989127594 3.7335683844 3.719668349 3.7133822034 3.6907044438 3.6010350516 3.6252984565 
3.5593216981 3.5735291165 3.5757733479 3.544811282 3.5382451059 3.5379935255 3.6144463778 3.5509204587 3.5648541702 
3.5571029961 3.5279375334 3.6323821324 3.6103797942 3.5761605651 3.5746060764 3.6033888869 3.6238971287 3.6426000837 
3.6370330703 3.5706301073 3.4906542462 3.4834208414 3.4674554916 3.4664759444 3.4400947192 3.4184609998 3.3076627931 
3.3016642041 3.28608279 3.2864712899 3.303483506 3.3396682943 3.3419113594 3.3218009814 3.3253998959 3.3221238319 
3.3220432729 3.3913645014 3.382977772 3.3719117518 3.3606752815 3.4087318524 3.4170543475 3.4952401149 3.5404738213 
3.5644438364 3.5435779791 3.5418330593 3.4697208376 3.4639083059 3.4599884742 3.4679227339 3.4753998794 3.4738372181 
3.4619081139 3.4177922953 3.3758416851 3.3755746294 3.433908426 3.48258805 3.4845873281 3.4302284771 3.4232021797 
3.425439277 3.4246452689 3.4133796469 3.3892905438 3.416798947 3.4950292796 3.4977803212 3.4955873532 3.4326837787 
3.4396236712 3.4457740225 3.4665209092 3.4524501376 3.5928001903 3.606634511 3.6077022004 3.5793768376 3.5682746262 
3.5837378479 3.5834696075 3.5780306398 3.5708738755 3.5590962053 3.5510445723 3.5227537248 3.4946113157 3.4665228762 
3.4506911545 3.4502708508 3.4333112334 3.527323052 3.5272114317 3.4852243129 3.4839901721 3.4831036628 3.4645694535 
3.4645694535 3.4854109965 3.4908084297 3.4856924655 3.4275925003 3.3490739 3.3398812999 3.3029092561 3.2873497436 
3.2886348039 3.2569826052 3.2592783943 3.2550184417 3.2630519048 3.3353670583 3.3716888983 3.3281968811 3.3974277878 
3.442165076 3.4407677292 3.3629726676 3.5429298469 3.5940390115 3.7423782975 3.7455650634 3.7455650634 3.9258900709 
4.5026756757 4.4853893884 4.4778518166 4.4778518166 4.4640456727 4.4631210112 4.4307106059 4.4108844938 4.3916490237 
4.3537805823 4.3332307299 4.1776042179 3.9899981477 3.98053348 3.829522866 3.8174674519 3.8174674519 3.694496301 
3.6141282438 3.4396807588 3.3924828674 3.3924828674 3.312693069 3.3110647058 3.1651428748 3.1645568434 3.1277664277 
3.0923122521 3.0661847016 3.0046856439 2.912039625 2.872176338 2.8309255576 2.8215247804 2.7347953366 2.679334491 
2.6358556637 2.6255221886 2.5587356352 2.2236020731 2.1717660687 2.1268618035 2.0130641239 2.0006090375 2.0004951403 
1.9710475762 1.9379442831 1.77861277 1.7564354088 1.7100386053 1.6814634019 1.711234503 1.6989448722 1.743017346 
1.7333195676 1.7236617141 1.7080417211 1.6841288897 1.6498368085 1.5749396135 1.6090825698 1.6488692272 1.6500374872 
1.6332139813 1.5347377875 1.568331999 10.015602182 13.24198378 13.428437522 13.453354474 13.465679647 13.583570224 
13.621389781 13.689609847 13.697811918 13.646439277 13.698809376 13.894470222 13.981948718 13.982212375 13.747031654 
13.773700098 13.919061594 13.964682495 13.623851997 13.430086777 13.169469936 12.966214747 12.73196761 12.724428807 
12.310182417 12.109309749 11.833763408 11.628183729 11.610151994 11.658451785 11.694612617 11.741620233 11.873921395 
11.863958902 11.760107243 11.698115595 11.698115595 11.67414384 11.575556274 11.096103899 11.029827159 11.032424401 
11.035808014 11.272349489 11.486827327 11.486827327 11.742504297 11.830583062 12.501445409 12.628385867 12.628385867 
12.651507422 12.683292881 12.726794447 12.890787949 12.895703963 13.480511334 13.559836878 13.302082386 13.296052114 
13.17053553 12.987714405 12.987714405 12.18440946 12.257826178 12.22568063 12.137079717 12.205267304 11.651803592 
11.651803592 11.13451006 11.124366243 11.124366243 10.545391374 9.9832914881 9.9671026663 9.8002833975 9.5665281162 
9.3702699955 8.5656078169 8.3343603077 7.7959392773 7.722683265 7.7057762548 7.7057762548 6.9787748179 6.7013295692 
6.6454832646 6.6132910621 6.4964941551 6.4518278837 6.4468731209 6.4407788311 6.3269369074 6.2640531552 6.2324780874 
6.2242494369 6.0710691898 6.0842941321 6.094059858 6.0860526993 6.2806902467 6.3115547497 6.3305295678 6.2134270225 
6.2724741601 6.3170213864 6.3224364866 6.3145622064 6.202511209 6.3039373454 6.3732197186 6.4667642987 6.6019245618 
6.6405133269 6.5823196864 6.493093758 6.5272949325 6.5494868521 6.6140149301 6.593390947 6.5910056869 6.5033633694 
6.5322633135 6.5313687025 6.5163728696 6.5169290733 6.5169522485 6.7274904839 6.7573169871 6.7920545667 6.793247332 
6.7325024573 6.599611261 6.6055123789 6.571048749 6.3356894122 6.0459531971 6.0347640125 6.0062910565 5.9910584563 
5.9026062258 5.9025482241 5.8806676478 5.7992720167 5.6274112544 5.5910185814 5.5910185814 5.3199887762 5.1366582092 
5.0586961225 4.8269799112 4.826049324 4.6459488556 4.5913048414 4.550415891 4.4406333793 4.3936775882 4.2922605214 
4.1587635764 4.1587635764 4.1253893402 4.1117964859 3.9943598785 3.9556505953 3.9481381463 3.9529915981 3.9317985661 
3.908793762 3.8957587541 3.871933092 3.7872054399 3.8722287629 3.8950159739 3.9358182429 3.950584334 3.9477198562 
3.8522889283 3.8535756296 3.8556997091 3.8269775279 3.807990556 3.8211591697 3.7817716492 3.6925667334 3.6912171576 
3.6833220104 3.6835354786 3.7896349808 3.7898206184 3.7898206184 3.7547018936 3.7310584125 3.6991832568 3.6869963686 
3.6868749942 3.7439469798 3.7436115179 3.8052613203 3.7859504647 3.7289289518 3.8937628696 3.8863756504 3.8957007673 
3.9027638441 3.8511056741 3.7989127594 3.7335683844 3.719668349 3.7133822034 3.6907044438 3.6010350516 3.6252984565 
3.5593216981 3.5735291165 3.5757733479 3.544811282 3.5382451059 3.5379935255 3.6144463778 3.5509204587 3.5648541702 
3.5571029961 3.5279375334 3.6323821324 3.6103797942 3.5761605651 3.5746060764 3.6033888869 3.6238971287 3.6426000837 
3.6370330703 3.5706301073 3.4906542462 3.4834208414 3.4674554916 3.4664759444 3.4400947192 3.4184609998 3.3076627931 
3.3016642041 3.28608279 3.2864712899 3.303483506 3.3396682943 3.3419113594 3.3218009814 3.3253998959 3.3221238319 
3.3220432729 3.3913645014 3.382977772 3.3719117518 3.3606752815 3.4087318524 3.4170543475 3.4952401149 3.5404738213 
3.5644438364 3.5435779791 3.5418330593 3.4697208376 3.4639083059 3.4599884742 3.4679227339 3.4753998794 3.4738372181 
3.4619081139 3.4177922953 3.3758416851 3.3755746294 3.433908426 3.48258805 3.4845873281 3.4302284771 3.4232021797 
3.425439277 3.4246452689 3.4133796469 3.3892905438 3.416798947 3.4950292796 3.4977803212 3.4955873532 3.4326837787 
3.4396236712 3.4457740225 3.4665209092 3.4524501376 3.5928001903 3.606634511 3.6077022004 3.5793768376 3.5682746262 
3.5837378479 3.5834696075 3.5780306398 3.5708738755 3.5590962053 3.5510445723 3.5227537248 3.4946113157 3.4665228762 
3.4506911545 3.4502708508 3.4333112334 3.527323052 3.5272114317 3.4852243129 3.4839901721 3.4831036628 3.4645694535 
3.4645694535 3.4854109965 3.4908084297 3.4856924655 3.4275925003 3.3490739 3.3398812999 3.3029092561 3.2873497436 
3.2886348039 3.2569826052 3.2592783943 3.2550184417 3.2630519048 3.3353670583 3.3716888983 3.3281968811 3.3974277878 
3.442165076 3.4407677292 3.3629726676 3.5429298469 3.5940390115 3.7423782975 3.7455650634 3.7455650634 4.2267771718 
4.2810804064 4.3976706401 4.4037118129 4.4294551846 4.4372974176 4.4372974176 4.4887973819 4.5957329127 4.399408874 
4.329518757 4.2325761971 4.2325761971 4.1366534448 3.8715341477 3.8696428271 3.8137839149 3.8137839149 3.7690967852 
3.6467046595 3.6155920739 3.6252770979 3.621056702 3.6490820075 3.6586273517 3.6586273517 3.6487832013 3.7192812649 
3.7343744129 3.728140319 3.768730109 3.8769223129 3.8813718448 3.8498342474 3.6743866546 3.6058231254 3.5659070507 
3.5495381059 3.5286945369 3.4928039815 3.4809043193 3.4805615307 3.3885570046 3.3403182952 3.3261827455 3.3070961848 
3.2327387296 3.025455647 2.9922456342 2.9919778115 2.9259954584 2.9093263887 2.8901719904 2.7733977632 2.7187042302 
2.5876537107 2.4877051971 2.4752817734 2.4790334163 2.4610916404 2.4222072344 2.3621664591 2.2868918194 2.3436669865 
2.3552748908 2.4528852747 2.4568258147 2.4550092139 2.4328083591 2.4043973567 2.3775566365 2.3501911483 2.3432236481 
2.3427356439 2.3194439529 2.1428468312 2.1413628563 2.0578946801 2.0510988884 2.015244661 2.0064744937 1.9588530573 
1.7950489662 1.7645538648 1.8173783774 1.8085752691 1.8061462381 1.8061462381 1.7830180812 1.7605686997 1.7487117245 
1.7821088832 1.778750725 1.7826469514 1.7807606728 1.7486604512 1.7465010219 1.7465010219 1.7735794834 1.7753603105 
1.7836627901 1.843794561 1.8466924072 1.8466924072 1.8118855335 1.8111891611 1.7895356791 1.7768959698 1.7488438888 
1.7138053293 1.7107249662 1.7023488726 1.7022431106 1.7176786189 1.7127571971 1.7648497475 1.7836892835 1.832772117 
1.8441871039 1.869396263 1.8616623805 1.859738571 1.8790747577 1.8827506009 1.8655676649 1.8654986572 1.8575571024 
1.847622488 1.839380629 1.839380629 1.8299872363 1.7617593409 1.7679028879 1.7907824023 1.729386498 1.7444675026 
1.8020368953 1.7976267278 1.7749202575 1.7845846218 1.7879674077 1.7832818606 1.9163464899 2.0926237022 2.1141770703 
2.1141770703 2.1137642399 2.1137642399 2.0850301106 2.025765877 2.025527868 1.9164299067 1.8934400723 1.8762624976 
1.8762624976 1.9191006704 1.9613442039 1.9633530724 1.9218885466 1.8920468261 1.9206747863 1.9017537541 1.9482648467 
1.9373383784 1.9359632466 1.9322272405 1.9356715456 1.7221300605 1.8677846818 1.8738989942 1.8757387073 1.8564576016 
1.8560641096 2.1772041683 2.1813983343 2.1813983343 2.1967414777 2.1003664124 2.100599985 2.0988893106 2.0911622854 
2.054872667 1.9818753197 2.0132975368 2.0106648495 2.0147503399 2.0366922229 2.0872496902 2.088161618 2.0428638964 
2.0472495935 2.0473028611 2.0416750942 2.0466236317 2.0314616455 2.0326119624 2.011231366 2.000150379 2.0025789006 
2.001780355 1.9924206492 1.992316869 1.9882362557 1.9870292501 1.9620265971 1.9607774464 1.9472578092 1.9569422078 
1.9596355222 1.9720741605 1.9721004565 1.9543338483 1.9374822207 1.9243188228 1.905200861 1.8691695534 1.8681316145 
1.8291155569 1.8288009112 1.8209319136 1.8021787579 1.8016385435 1.7652010934 1.7553739062 1.6990998791 1.6797077871 
1.6532218105 1.612591781 1.5535953753 1.5115719941 1.5125482631 1.5130930478 1.5116374915 1.71254509 1.8780483421 
1.8931489423 1.8922947264 1.8948101567 1.8911639175 1.8896916334 1.8889517914 1.941694043 1.9315850461 1.9321125252 
1.9499503887 2.03685429 2.0493124549 2.0548874477 2.0590126858 2.250416736 2.2591778734 2.3036198142 2.4096242333 
2.4294503073 2.4353638497 2.421211421 2.4238895217 2.4232112292 2.4142337393 2.4343104462 2.4290503362 2.4290503362 
2.3828355794 2.312384086 2.2973982216 2.2884410186 2.2670978009 2.2544646329 2.2431565963 2.2252619815 2.1653458425 
2.1310858334 2.0416041026 2.0462297902 2.0603048037 2.0604360638 2.0565717155 2.0288912436 1.9867318917 1.9838525051 
1.9554991011 1.9552889223 1.9528510072 1.8933746239 1.8821568126 1.874772336 1.835546647 1.7817756333 1.7640106602 
1.7189239665 1.6748084685 1.6744733223 1.6744664826 1.6708436583 1.6614512749 1.6419515414 1.650424589 1.6133000964 
1.5885823438 1.5881804291 1.5799189621 1.5697640083 1.5514595003 1.5291328813 1.5192856326 1.5197260164 1.5139670634 
1.4823917902 1.4258246178 1.4048163344 1.3364197114 1.3249386573 1.3264653187 1.4411473846 1.4688728999 1.4687771445 
1.445322915 1.4380064825 1.4164536376 1.4162798244 1.4671874284 1.4746662743 1.4990585683 1.4984282043 1.4634980902 
1.4633154738 1.4775863582 1.4782082278 1.5368942117 1.5675516073 1.5797129474 1.6987039536 1.7335514667 1.7507580828 
1.7503834632 1.8231403673 1.8400855006 1.8384888307 1.9486080882 1.9572531081 1.962792951 1.9839995271 1.9008690407 
1.8855525493 1.8645251546 1.9228067797 1.9411835118 1.9554103712 1.931244193 1.9573524478 1.9597712908 2.0033756933 
2.0332440609 2.0277119034 2.0237371193 2.0668817117 2.0719169134 2.0733110414 2.091926531 2.0656406128 2.0507443545 
2.000449189 1.9983268383 1.9980963765 1.9970766113 1.9737556287 1.9894531879 2.0299868114 2.0390610179 2.0486928969 
2.0510571938 2.0564109614 2.073705945 2.0654641147 2.1497166093 2.1596673406 2.1506797778 2.1323384418 2.1250243528 
2.2121666711 2.2580545771 2.2431981691 2.1735820841 2.1724501153 2.1527542439 2.1526619758 2.1374886859 2.1400408433 
2.1280284968 2.0415961044 2.0451207532 2.0763298606 2.1012872323 2.1140697436 2.1376280256 2.1356491813 2.1377032705 
2.1380390558 2.1182017972 2.1237660371 2.1219753615 2.1925588282 2.1985122753 2.2113130347 2.2140664646 2.2957916499 
2.3241927751 2.3302979452 2.3344042599 2.3630633872 2.3617392567 2.3615225946 2.2309303291 2.2309017276 2.1779864161 
2.1624176692 2.113849515 2.0630849174 1.9540971623 1.8686584282 1.7913169736 1.7651108861 1.7789818477 1.8087077765 
1.8646296782 1.9183483293 1.9909066115 2.0178225051 2.0161431619 2.0065466197 1.9834494755 1.9657697112 1.9642296858 
1.958551881 1.9332505107 1.9935875922 2.0052414642 1.9710700819 2.0043462775 2.028144067 2.0322797604 1.9887975176 
1.9751485057 1.9751274731 1.9532284189 1.9538720882 1.9560698954 2.0056449719 2.0057684627 2.0035054323 2.0013458842 
1.9914938822 2.0901463639 2.0845362779 2.0837860856 2.073378008 2.017290074 1.9933812971 2.0208729022 2.0624668748 
2.0388440271 2.0331313376 2.0228501696 1.9772997743 1.974922872 1.9303990479 1.9269910361 1.9148029236 1.9158905661 
1.9985500865 1.9590265665 1.9469877028 1.9458450814 1.9401186391 1.9181999322 1.9014636413 1.8879552162 1.8715632404 
1.8984773977 1.8981062821 1.8930699795 1.8988546528 1.8981148751 1.9612836478 1.9660029361 1.9661171562 1.9527592292 
1.9630342516 1.9515571325 1.9557777472 1.9557777472 1.9298588194 1.930810222 1.9574207235 1.957703975 1.9683404721 
1.9756314049 2.0053275246 2.0127060663 2.0140596487 2.0141043952 2.0317021144 2.0323999877 2.065339426 2.066326118 
2.220894057 2.28690567 2.2737125168 2.2492739601 2.2357162028 2.2132004033 2.2131099784 2.2123055843 2.2121660629 
2.1961732573 2.1771937893 2.1290333743 2.1534524558 2.1538143078 2.1615619329 2.1411152212 2.275968556 2.2785569869 
2.2750702975 2.2750702975 2.27369307 2.271608295 2.2506741085 2.2308558272 2.2022139795 2.1236710474 1.8513809053 
1.8513809053 1.7925864571 1.785632702 1.736707644 1.7317999415 1.7318953411 1.7335253034 1.7330973614 1.7675575923 
1.7618202836 1.7522731764 1.7469926181 1.7431496132 1.7212165548 1.7066232199 1.7054200906 1.7332175293 1.7213227219 
1.7183876744 1.7183876744 1.6950744481 1.6880764643 1.663297034 1.6633576498 1.6633576498 1.7398693985 1.7199690889 
1.7106435456 1.654161887 1.6369263992 1.6161383169 1.5413680243 1.5262048098 1.4387733055 1.4685643665 1.4685643665 
1.4885681333 1.5075485906 1.5030368826 1.5029635215 1.5159880625 1.5570383265 1.5627734387 1.5377700808 1.5202834212 
1.5202834212 1.3418907957 1.3404521455 1.3338952364 1.3338952364 1.3165202689 1.4055395139 1.3636278748 1.3428922895 
1.3434130823 1.4036325249 1.3907846534 1.3660287279 1.3416531741 1.3485886337 1.392118945 1.3972882708 1.4135436354 
1.4096405404 1.3736129515 1.3451834566 1.3422319175 1.4342915616 1.4262290611 1.3947146929 1.3947146929 1.3438359322 
1.3480537963 1.3480537963 1.3735240503 1.3666026396 1.3511964778 1.3435979994 1.3434667723 1.3242251775 1.3618296505 
1.3436826016 1.2904623511 10.015602182 13.24198378 13.428437522 13.453354474 13.465679647 13.583570224 13.621389781 
13.689609847 13.697811918 13.646439277 13.698809376 13.894470222 13.981948718 13.982212375 13.747031654 13.773700098 
13.919061594 13.964682495 13.623851997 13.430086777 13.169469936 12.966214747 12.73196761 12.724428807 12.310182417 
12.109309749 11.833763408 11.628183729 11.610151994 11.658451785 11.694612617 11.741620233 11.873921395 11.863958902 
11.760107243 11.698115595 11.698115595 11.67414384 11.575556274 11.096103899 11.029827159 11.032424401 11.035808014 
11.272349489 11.486827327 11.486827327 11.742504297 11.830583062 12.40559479 12.123981223 11.224488519 11.216866039 
10.7794522 10.686951952 9.7645797262 9.7107182408 9.3940122075 9.3940122075 8.9305003819 8.4103298648 7.9253044681 
7.7103080449 7.0638765206 6.4838589455 5.9075001216 5.6033233763 5.4628960679 5.1065274559 5.1065274559 5.0502587277 
4.9568505549 4.8859497253 4.688234935 4.6832481615 4.4388384227 3.9901263373 3.9448262763 3.8579601324 3.819989959 
3.8039442451 3.6169418342 3.4981367357 3.4666351996 3.4515492258 3.4481384887 3.4360745151 3.4338046966 3.3989619445 
3.3993565084 3.4164314721 3.3089967148 3.3139475937 3.3137990249 3.1599996478 3.134449878 3.1773236803 3.1451211148 
3.1198539151 3.0881829002 3.0621461829 3.0222593326 2.9734562884 3.054750794 3.0589098343 3.0630907964 3.064747374 
3.2599803798 3.3044712829 3.2789294898 3.3342302324 3.3752556888 3.3272142202 3.2931890738 3.1996831255 3.2654433182 
3.2625584017 3.2579181077 3.2053308526 3.1415809578 3.0184433812 3.0348337506 3.0590348828 3.0596653985 3.0481625324 
3.0231286514 3.02048501 3.0171055688 3.0059413128 2.9994519335 2.9576513142 2.9520666902 2.9511207557 2.9501003755 
2.946472699 2.9463834939 2.9309350855 2.9274682246 2.9046276323 2.859328481 2.8763946392 2.8789862619 2.8283466733 
2.8081795299 2.8080168917 2.8020378236 2.8020378236 2.7850493102 2.784842972 2.7814503402 2.7825194207 2.7850355683 
2.7624934861 2.7613304003 2.7124212839 2.6908196562 2.7355483169 2.7512036263 2.7515395953 2.8091972316 2.921544889 
2.9228577433 2.9106454522 2.8831193349 2.7738944822 2.7333814767 2.7924897594 2.8021749953 2.7726181582 2.7312082483 
2.7247043087 2.7196488741 2.6874603991 2.8289991415 2.8382693777 3.0744830274 3.2063807503 3.1823942378 3.1775019256 
3.218717223 3.2628759841 3.3018753718 3.2729242865 3.2676162203 3.2594722657 3.2366475409 3.2367341996 3.2281856335 
3.22790854 3.1933995859 3.1934066893 3.2350255033 3.228028531 3.2262430257 3.3794046058 3.3779532028 3.3075841944 
3.2240751574 3.1958742331 3.2036844623 3.2107610034 3.2161797759 3.2160632325 3.1414877451 3.1250014747 3.1199937315 
3.1104613132 3.0237339892 3.0189599903 3.0189599903 3.0441072119 2.9854202384 2.9424849418 2.9263599333 3.0489063496 
3.0538411457 3.0842134284 3.1283017374 3.1276991446 3.1276991446 3.1297082671 3.2104182818 3.2118128581 3.2124435938 
3.2133111727 3.1948697394 3.217581019 3.2209789918 3.2431040078 3.2661368712 3.2907929495 3.2690744659 3.2665336601 
3.2103709414 3.1843984055 3.2682454192 3.267115139 3.2723294178 3.2095628288 3.2307410898 3.2313750024 3.2264006075 
3.2203472223 3.1687093817 3.0918627005 3.0903957722 3.0862849815 3.0507080805 3.0293345826 2.9996834306 2.9765433069 
3.0154967343 3.0288753995 3.0288759424 3.0323275164 3.0017156548 3.0020289501 3.0055280638 3.1705091609 3.1890241882 
3.1481013397 3.0059765494 3.0022457718 2.9838139178 2.9839228491 3.0078093589 3.0473249477 3.0558096605 3.0558096605 
3.0521784501 3.0314350819 3.034296226 3.0024184575 3.0138719335 3.0335721352 3.0852607345 3.0895257094 3.0731592806 
3.0570697901 3.0260467127 3.0760707721 3.1126423435 3.124301834 3.1223269013 3.1309373464 3.1307088578 3.1253338896 
3.1269789657 3.1265070694 3.1292385419 3.1551886454 3.1484697567 3.1243927949 3.1239014283 3.0808635135 3.1527165805 
3.1539915353 3.1410283008 3.1380043101 3.1345259464 3.1080111608 3.2035104841 3.2240879983 3.1946128499 3.2020472665 
3.2227305627 3.2265208312 3.2120339298 3.2291892066 3.2293088902 3.2590274356 3.261664357 3.259997903 3.2401575396 
3.2081941667 3.1827829609 3.1067594489 3.0640154008 3.1291967093 3.1284493162 3.1107676852 3.1154092653 3.0820581032 
3.0800151097 3.0679437137 3.1212687056 3.1122258295 3.103020805 3.097830676 3.0832744046 3.0833100586 3.0445473281 
2.9397159202 2.939134963 2.9332486951 2.9389554038 2.9496962156 2.9561712133 2.9820176173 2.9743604995 2.941480688 
2.9622452633 2.9623823362 2.9585690574 2.9567288467 2.9388504604 2.9377914882 3.0042372679 3.0030738434 3.0030738434 
3.0004714454 3.0737010449 3.0882954201 3.2414205931 3.2414205931 3.2765832983 3.4859344585 3.5456228832 3.5974952555 
3.5974952555 3.6138957679 3.5835344725 3.4119507157 2.9920339257 2.9449843347 2.7891886259 2.7647594663 2.7647594663 
2.6350208304 2.5511886132 2.5425556122 2.5425556122 2.4870577486 2.4825833013 2.5951392883 2.642336485 2.7467321167 
2.8257264728 2.8263848405 2.7374615108 2.7210800319 2.6916109006 2.6753889664 2.4310519074 2.4220637257 2.0587725108 
1.9966888385 1.7742006886 1.6706997759 1.524172864 1.4084162424 1.3815532702 1.3762065847 1.3760497071 1.4119881752 
1.7998410589 1.8133464416 1.9573881557 2.0335934676 2.0633905485 2.1695428245 2.2485869201 2.2489043662 2.4026897294 
2.4160695859 2.41802069 2.5261509095 2.5511439883 2.5407530555 2.4831623611 2.3055814253 2.2772920017 2.2760954582 
2.1639086636 2.1429384045 2.0974108328 2.0784092664 2.078256028 2.0744968107 2.0475789406 1.9938755185 1.9320855397 
1.9311787317 1.8551145018 1.8537483973 1.831375256 1.7503795262 1.747629069 1.6956220783 1.5988052438 1.5302688661 
1.524687601 1.5070831241 1.4917999976 1.3682200968 1.3648485266 1.3523285678 1.3224842947 1.2947005798 1.3434889776 
1.3398958367 1.3678344969 1.3924564172 1.3949000612 1.3922048495 1.394256294 1.3933697962 1.3933010162 1.3654171312 
1.3898474187 1.4188107387 1.4051895818 1.376975867 1.3757170679 1.3462921038 1.3456823175 1.3717900965 1.4884609278 
1.4972005693 1.4542091487 1.4843522822 1.4843718488 1.4839809429 1.4791712776 1.478376241 1.4747569516 1.4711422072 
1.4396420989 1.4079306639 1.3982355407 1.3932620106 1.3973234319 1.3915627889 1.3906241498 1.3836393904 1.3866472864 
1.3718619252 1.348697084 1.2303008524 1.2530155957 1.2598105123 1.2604204442 1.3075852848 1.3220596441 1.3249088441 
1.3250315946 1.3538722225 1.3568257778 1.3552297699 1.3550423346 1.3279248457 1.315153437 1.3152841369 1.3254959487 
1.3335268722 1.3606916872 1.3868297925 1.4011783798 1.402633162 1.4365839916 1.4860118451 1.4946270065 1.5506282769 
1.5829836744 1.588472607 1.6294188209 1.6311741636 1.6962752214 1.7252027077 1.7225067309 1.823051602 1.7837641622 
1.7705980999 1.7622194214 1.7248415984 1.7790343334 1.7732768677 1.7474655682 1.8547512838 1.8509119209 1.9002212181 
1.9354626975 2.0233097579 2.0097188208 1.9288748863 1.9239683404 1.8888392425 1.8992596913 1.9256037607 1.9921041402 
2.0012056621 1.9983637212 1.9820591323 1.9029703457 1.9397192568 1.9372410586 1.9098489906 1.8802220456 1.88056566 
1.8852329649 1.8950628934 1.8951421671 1.8870387533 1.8757299988 1.8703726431 1.8663480508 1.8699060292 1.8505810341 
1.8499375163 1.831184094 1.8288288176 1.8302874972 1.8239323019 1.8238960241 1.8238960241 1.7911402719 1.784798929 
1.7914847647 1.8084488933 1.8312174026 1.8366908711 1.8166629935 1.8105357133 1.7980300759 1.762200559 1.7416862761 
1.7225626882 1.6831234427 1.658123348 1.6574767844 1.6567289806 1.7314669874 1.7246538119 1.7128591459 1.7063870373 
1.5252909952 1.52762906 1.5819602062 1.5784367713 1.5701955545 1.5177695357 1.514341541 1.4750332044 1.4762174013 
1.4653435709 1.4514540405 1.2879902466 1.2534018618 1.1991017612 1.1877540903 1.1761661422 1.1761661422 1.106162657 
1.1058815185 1.0995597125 1.0925105378 1.0809843689 1.1066250278 1.1317108153 1.1510571104 1.1524255315 1.1524255315 
1.2280337072 1.2311428068 1.2922395662 1.2676582306 1.2633247559 1.2701079193 1.3161276721 1.3703535859 1.3726448805 
1.384755547 1.3859355774 1.4066818319 1.4092058491 1.4556474563 1.4701376101 1.4759989838 1.463207566 1.5500977695 
1.5648158697 1.6296223627 1.6318259831 1.6050901918 1.5957275526 1.59847948 1.6533735354 1.6800275856 1.6645115466 
1.6425046809 1.6545811077 1.6809861361 1.6762648272 1.6999210791 1.6999296678 1.6828163834 1.6499930662 1.6462681141 
1.6752554061 1.6802792194 1.6651229738 1.6498898177 1.6525872155 1.6897950045 1.6928132755 1.7116614862 1.6959582683 
1.6948800828 1.7043870076 1.7091300255 1.7718505068 1.7909207216 1.7966313342 1.8014849734 1.8493771675 1.8501430778 
1.8346558134 1.8633158345 1.8643683643 1.8711154197 1.9022848675 1.9044068103 1.9033546829 1.9211059196 1.9332453331 
1.9319046594 1.9305394393 1.9312646893 1.9312646893 1.9303779337 1.9303707824 1.9254448312 1.9359208672 2.0403659706 
2.0333819906 2.0293533779 1.9590738862 1.9582202891 1.9983317588 2.189420507 2.1880527417 2.1438114425 2.1729807361 
2.1704457628 2.1652750138 2.1596884031 2.178941545 2.2131812297 2.2376448723 2.2184246373 2.2184246373 2.2545132377 
2.2626973814 2.2511844261 2.2229633206 2.2222171009 2.1402923857 2.1520782689 2.1457015373 2.1145540331 2.0561601581 
2.0493477469 2.0071918439 1.9214369605 1.6965429134 1.7002935509 1.6696196699 1.657016251 1.7361957393 1.7337156442 
1.7207425234 1.6725754649 1.6285423651 1.628002813 1.5858094283 1.5867903509 1.5854904382 1.5809840384 1.6960848694 
1.7606237129 1.7646705305 1.7646705305 1.7533362788 1.7683054268 1.8405071061 1.8053285895 1.8107189881 1.9050853731 
1.9435576533 1.9372863747 1.9150965177 1.9164153318 1.9230253303 1.9864307946 1.9466085212 1.9256375812 1.8910548572 
1.7883424253 1.7940893733 1.7941282622 1.7941282622 1.7882530595 1.786200562 1.7776088978 1.786562871 1.7654350668 
1.7667335826 1.7909130454 1.7829783799 1.8438810207 1.8637044489 1.8637044489 1.8536806797 1.852250677 1.9062696877 
1.9519620938 1.9437195036 1.9045163718 1.9101133878 1.952644625 1.9506341042 1.9547220298 1.9497425013 1.9438335313 
1.9551224181 1.9804041203 1.9912597232 1.9908741988 2.0621154308 2.0752536381 2.0748187086 2.0748187086 2.0735089446 
2.0915815354 2.1144465396 2.1123920947 2.0974300313 2.0389408733 2.0208012386 2.0208012386 2.0147546937 2.0040848674 
1.972450933 1.9535298135 1.929820697 1.929820697 1.9178265723 1.9121425168 1.9088205575 1.8103605105 1.8015380378 
1.7961933633 1.7909488466 1.7670640306 1.7620251236 1.7616618048 1.7616618048 1.7297699213 1.7295127287 1.7309958944 
1.7310261631 1.7249641965 1.7184103072 1.713440478 1.6603705575 1.659728313 1.6880579675 1.6872916592 1.6761027013 
1.7263849833 1.7255722627 1.733007534 1.7727301855 1.7306913536 1.7254688196 1.7254446342 1.7237381193 1.7190621506 
1.6970275136 1.7010759765 1.7010759765 1.6776492273 1.6771711304 1.660371509 1.6776585856 1.678559574 1.6888489335 
1.7237677927 1.7446807683 1.7391536793 1.7739002725 1.7944207984 1.7946564632 1.8084555452 1.8167001294 1.816766618 
1.8718375796 1.8649131601 1.8649131601 1.852957194 1.8491565524 1.8419305074 1.8168934669 1.8125246389 1.7938076354 
1.7891998066 1.7779816229 1.7813362008 1.7813362008 1.7880453565 1.7893684188 1.790180638 1.791673055 1.7807792861 
1.7030505794 1.6052185584 1.6043036474 1.5550656186 1.5235697205 1.4572286911 1.4573087921 1.4437952153 1.4437952153 
1.4089319496 1.4165372313 1.3914173301 1.3792069148 1.3792069148 1.3350785368 1.3261487017 1.3022469595 1.2924690435 
1.2770741841 1.2404134992 1.2142985602 1.2035993632 1.1446860495 1.1705580321 1.1688620849 1.1688344167 1.1713673356 
1.166304801 1.1457818352 1.1453020314 1.1453017006 1.1380672421 1.1305215605 1.1199558148 1.0825730945 1.0666257836 
1.0720934548 1.0720934548 1.115904017 1.1177294766 1.1421129989 1.1922902369 1.2375718529 1.2266506504 1.2051554551 
1.2653437882 1.2791029591 1.2725502047 1.2627644416 1.2216854127 1.2712524521 1.278816753 1.2692807536 1.2852414755 
1.2852369722 1.2984871249 1.3226418268 1.321026733 1.2784473887 1.278418893 1.2431632669 1.2468320664 1.2380335547 
1.2333966533 1.1942370202 1.1831233145 1.1837227884 1.188384579 1.1880739014 1.1650202362 1.1557644755 1.1642982104 
1.1519201247 1.2397319078 1.2456613614 1.1727277738 1.1699792677 1.1699792677 1.1638160711 1.1443616524 1.1439617054 
1.1226582839 1.1011516899 1.0652839101 1.0652839101 1.0509367982 0.99356591351 0.96708398527 0.99857980321 0.9681418024 
0.96334491132 0.96281192342 0.97207624385 1.0500740316 1.1103977631 1.1124872801 1.0926889643 1.1190130085 1.1315661232 
1.1235574391 1.1035723094 1.1003763036 1.0999133697 1.0996984312 1.0827481472 1.0732864425 0.94791800405 0.94827845462 
0.93339131502 0.92942284738 0.92725082442 0.91797134687 0.91248602501 0.9160572777 0.90966940409 0.93369123252 0.92489393246 
0.92489393246 0.9467047183 0.93300972021 0.97352220365 0.96781825163 1.0343831308 1.0438729292 1.0469945595 1.0476128029 
1.0474951771 1.0647621917 1.0620012155 1.0570213895 0.96960503517 0.96823389315 0.96823389315 1.0192659549 1.0287380249 
1.0274121522 1.0050934457 1.0036333983 1.1065919004 1.1065919004 1.1065919004 1.1216054009 1.1222360247 1.1222360247 
1.1712040996 1.1612275646 1.180682548 1.2055043053 1.2128592716 1.2105276362 1.2029597549 1.1188220942 1.0574172436 
1.0508056517 1.0655657338 1.1733884802 1.203026321 1.2082524422 1.322636842 1.2284968124 1.2048968334 1.2048968334 
1.2380022142 1.2406664901 1.1962609984 1.2015032557 1.2064154611 1.133781731 1.0571720103 1.2208813793 1.3583601432 
1.3404788123 1.3246818575 1.3177130037 1.3164678382 1.1729907191 1.158525075 1.0620495378 1.0604808299 1.0877922331 
1.0913637932 1.0882682686 1.0442988402 1.0221717256 1.0620593681 1.0570008653 1.0367980976 0.98307241792 0.99887739429 
1.1165833152 1.1455482855 10.015602182 13.24198378 13.428437522 13.453354474 13.465679647 13.583570224 13.621389781 
13.689609847 13.697811918 13.646439277 13.698809376 13.894470222 13.981948718 13.982212375 13.747031654 13.773700098 
13.919061594 13.964682495 13.623851997 13.430086777 13.169469936 12.966214747 12.73196761 12.724428807 12.310182417 
12.109309749 11.833763408 11.628183729 11.610151994 11.658451785 11.694612617 11.741620233 11.873921395 11.863958902 
11.760107243 11.698115595 11.698115595 11.67414384 11.575556274 11.096103899 11.029827159 11.032424401 11.035808014 
11.272349489 11.486827327 11.486827327 11.742504297 11.830583062 12.501445409 12.628385867 12.628385867 12.651507422 
12.683292881 12.726794447 12.890787949 12.895703963 13.480511334 13.559836878 13.302082386 13.296052114 13.17053553 
12.987714405 12.987714405 12.18440946 12.257826178 12.22568063 12.137079717 12.205267304 11.651803592 11.651803592 
11.13451006 11.124366243 11.124366243 10.545391374 9.9832914881 9.9671026663 9.8002833975 9.5665281162 9.3702699955 
8.5656078169 8.3343603077 7.7959392773 7.722683265 7.7057762548 7.7057762548 6.9787748179 6.7013295692 6.6454832646 
6.6132910621 6.4964941551 6.4518278837 6.4468731209 6.4407788311 6.3269369074 6.2640531552 6.2324780874 6.2242494369 
6.0710691898 6.0842941321 6.094059858 6.0860526993 6.2806902467 6.3115547497 6.3305295678 6.2134270225 6.2724741601 
6.3170213864 6.3224364866 6.3145622064 6.202511209 6.3039373454 6.3732197186 6.4667642987 6.6019245618 6.6405133269 
6.5823196864 6.493093758 6.5272949325 6.5494868521 6.6140149301 6.593390947 6.5910056869 6.5033633694 6.5322633135 
6.5313687025 6.5163728696 6.5169290733 6.5169522485 6.7274904839 6.7573169871 6.7920545667 6.793247332 6.7325024573 
6.599611261 6.6055123789 6.571048749 6.3356894122 6.0459531971 6.0347640125 6.0062910565 5.9910584563 5.9026062258 
5.9025482241 5.8806676478 5.7992720167 5.6274112544 5.5910185814 5.5910185814 5.3199887762 5.1366582092 5.0586961225 
4.8269799112 4.826049324 4.6459488556 4.5913048414 4.550415891 4.4406333793 4.3936775882 4.2922605214 4.1587635764 
4.1587635764 4.1253893402 4.1117964859 3.9943598785 3.9556505953 3.9481381463 3.9529915981 3.9317985661 3.908793762 
3.8957587541 3.871933092 3.7872054399 3.8722287629 3.8950159739 3.9358182429 3.950584334 3.9477198562 3.8522889283 
3.8535756296 3.8556997091 3.8269775279 3.807990556 3.8211591697 3.7817716492 3.6925667334 3.6912171576 3.6833220104 
3.6835354786 3.7896349808 3.7898206184 3.7898206184 3.7547018936 3.7310584125 3.6991832568 3.6869963686 3.6868749942 
3.7439469798 3.7436115179 3.8052613203 3.7859504647 3.7289289518 3.8937628696 3.8863756504 3.8957007673 3.9027638441 
3.8511056741 3.7989127594 3.7335683844 3.719668349 3.7133822034 3.6907044438 3.6010350516 3.6252984565 3.5593216981 
3.5735291165 3.5757733479 3.544811282 3.5382451059 3.5379935255 3.6144463778 3.5509204587 3.5648541702 3.5571029961 
3.5279375334 3.6323821324 3.6103797942 3.5761605651 3.5746060764 3.6033888869 3.6238971287 3.6426000837 3.6370330703 
3.5706301073 3.4906542462 3.4834208414 3.4674554916 3.4664759444 3.4400947192 3.4184609998 3.3076627931 3.3016642041 
3.28608279 3.2864712899 3.303483506 3.3396682943 3.3419113594 3.3218009814 3.3253998959 3.3221238319 3.3220432729 
3.3913645014 3.382977772 3.3719117518 3.3606752815 3.4087318524 3.4170543475 3.4952401149 3.5404738213 3.5644438364 
3.5435779791 3.5418330593 3.4697208376 3.4639083059 3.4599884742 3.4679227339 3.4753998794 3.4738372181 3.4619081139 
3.4177922953 3.3758416851 3.3755746294 3.433908426 3.48258805 3.4845873281 3.4302284771 3.4232021797 3.425439277 
3.4246452689 3.4133796469 3.3892905438 3.416798947 3.4950292796 3.4977803212 3.4955873532 3.4326837787 3.4396236712 
3.4457740225 3.4665209092 3.4524501376 3.5928001903 3.606634511 3.6077022004 3.5793768376 3.5682746262 3.5837378479 
3.5834696075 3.5780306398 3.5708738755 3.5590962053 3.5510445723 3.5227537248 3.4946113157 3.4665228762 3.4506911545 
3.4502708508 3.4333112334 3.527323052 3.5272114317 3.4852243129 3.4839901721 3.4831036628 3.4645694535 3.4645694535 
3.4854109965 3.4908084297 3.4856924655 3.4275925003 3.3490739 3.3398812999 3.3029092561 3.2873497436 3.2886348039 
3.2569826052 3.2592783943 3.2550184417 3.2630519048 3.3353670583 3.3716888983 3.3281968811 3.3974277878 3.442165076 
3.4407677292 3.3629726676 3.5429298469 3.5940390115 3.7423782975 3.7455650634 3.7455650634 4.2267771718 4.2810804064 
4.3976706401 4.4037118129 4.4294551846 4.4372974176 4.4372974176 4.4887973819 4.5957329127 4.399408874 4.329518757 
4.2325761971 4.2325761971 4.1366534448 3.8715341477 3.8696428271 3.8137839149 3.8137839149 3.7690967852 3.6467046595 
3.6155920739 3.6252770979 3.621056702 3.6490820075 3.6586273517 3.6586273517 3.6487832013 3.7192812649 3.7343744129 
3.728140319 3.768730109 3.8769223129 3.8813718448 3.8498342474 3.6743866546 3.6058231254 3.5659070507 3.5495381059 
3.5286945369 3.4928039815 3.4809043193 3.4805615307 3.3885570046 3.3403182952 3.3261827455 3.3070961848 3.2327387296 
3.025455647 2.9922456342 2.9919778115 2.9259954584 2.9093263887 2.8901719904 2.7733977632 2.7187042302 2.5876537107 
2.4877051971 2.4752817734 2.4790334163 2.4610916404 2.4222072344 2.3621664591 2.2868918194 2.3436669865 2.3552748908 
2.4528852747 2.4568258147 2.4550092139 2.4328083591 2.4043973567 2.3775566365 2.3501911483 2.3432236481 2.3427356439 
2.3194439529 2.1428468312 2.1413628563 2.0578946801 2.0510988884 2.015244661 2.0064744937 1.9588530573 1.7950489662 
1.7645538648 1.8173783774 1.8085752691 1.8061462381 1.8061462381 1.7830180812 1.7605686997 1.7487117245 1.7821088832 
1.778750725 1.7826469514 1.7807606728 1.7486604512 1.7465010219 1.7465010219 1.7735794834 1.7753603105 1.7836627901 
1.843794561 1.8466924072 1.8466924072 1.8118855335 1.8111891611 1.7895356791 1.7768959698 1.7488438888 1.7138053293 
1.7107249662 1.7023488726 1.7022431106 1.7176786189 1.7127571971 1.7648497475 1.7836892835 1.832772117 1.8441871039 
1.869396263 1.8616623805 1.859738571 1.8790747577 1.8827506009 1.8655676649 1.8654986572 1.8575571024 1.847622488 
1.839380629 1.839380629 1.8299872363 1.7617593409 1.7679028879 1.7907824023 1.729386498 1.7444675026 1.8020368953 
1.7976267278 1.7749202575 1.7845846218 1.7879674077 1.7832818606 1.9163464899 2.0926237022 2.1141770703 2.1141770703 
2.1137642399 2.1137642399 2.0850301106 2.025765877 2.025527868 1.9164299067 1.8934400723 1.8762624976 1.8762624976 
1.9191006704 1.9613442039 1.9633530724 1.9218885466 1.8920468261 1.9206747863 1.9017537541 1.9482648467 1.9373383784 
1.9359632466 1.9322272405 1.9356715456 1.7221300605 1.8677846818 1.8738989942 1.8757387073 1.8564576016 1.8560641096 
2.1772041683 2.1813983343 2.1813983343 2.1967414777 2.1003664124 2.100599985 2.0988893106 2.0911622854 2.054872667 
1.9818753197 2.0132975368 2.0106648495 2.0147503399 2.0366922229 2.0872496902 2.088161618 2.0428638964 2.0472495935 
2.0473028611 2.0416750942 2.0466236317 2.0314616455 2.0326119624 2.011231366 2.000150379 2.0025789006 2.001780355 
1.9924206492 1.992316869 1.9882362557 1.9870292501 1.9620265971 1.9607774464 1.9472578092 1.9569422078 1.9596355222 
1.9720741605 1.9721004565 1.9543338483 1.9374822207 1.9243188228 1.905200861 1.8691695534 1.8681316145 1.8291155569 
1.8288009112 1.8209319136 1.8021787579 1.8016385435 1.7652010934 1.7553739062 1.6990998791 1.6797077871 1.6532218105 
1.612591781 1.5535953753 1.5115719941 1.5125482631 1.5130930478 1.5116374915 1.71254509 1.8780483421 1.8931489423 
1.8922947264 1.8948101567 1.8911639175 1.8896916334 1.8889517914 1.941694043 1.9315850461 1.9321125252 1.9499503887 
2.03685429 2.0493124549 2.0548874477 2.0590126858 2.250416736 2.2591778734 2.3036198142 2.4096242333 2.4294503073 
2.4353638497 2.421211421 2.4238895217 2.4232112292 2.4142337393 2.4343104462 2.4290503362 2.4290503362 2.3828355794 
2.312384086 2.2973982216 2.2884410186 2.2670978009 2.2544646329 2.2431565963 2.2252619815 2.1653458425 2.1310858334 
2.0416041026 2.0462297902 2.0603048037 2.0604360638 2.0565717155 2.0288912436 1.9867318917 1.9838525051 1.9554991011 
1.9552889223 1.9528510072 1.8933746239 1.8821568126 1.874772336 1.835546647 1.7817756333 1.7640106602 1.7189239665 
1.6748084685 1.6744733223 1.6744664826 1.6708436583 1.6614512749 1.6419515414 1.650424589 1.6133000964 1.5885823438 
1.5881804291 1.5799189621 1.5697640083 1.5514595003 1.5291328813 1.5192856326 1.5197260164 1.5139670634 1.4823917902 
1.4258246178 1.4048163344 1.3364197114 1.3249386573 1.3264653187 1.4411473846 1.4688728999 1.4687771445 1.445322915 
1.4380064825 1.4164536376 1.4162798244 1.4671874284 1.4746662743 1.4990585683 1.4984282043 1.4634980902 1.4633154738 
1.4775863582 1.4782082278 1.5368942117 1.5675516073 1.5797129474 1.6987039536 1.7335514667 1.7507580828 1.7503834632 
1.8231403673 1.8400855006 1.8384888307 1.9486080882 1.9572531081 1.962792951 1.9839995271 1.9008690407 1.8855525493 
1.8645251546 1.9228067797 1.9411835118 1.9554103712 1.931244193 1.9573524478 1.9597712908 2.0033756933 2.0332440609 
2.0277119034 2.0237371193 2.0668817117 2.0719169134 2.0733110414 2.091926531 2.0656406128 2.0507443545 2.000449189 
1.9983268383 1.9980963765 1.9970766113 1.9737556287 1.9894531879 2.0299868114 2.0390610179 2.0486928969 2.0510571938 
2.0564109614 2.073705945 2.0654641147 2.1497166093 2.1596673406 2.1506797778 2.1323384418 2.1250243528 2.2121666711 
2.2580545771 2.2431981691 2.1735820841 2.1724501153 2.1527542439 2.1526619758 2.1374886859 2.1400408433 2.1280284968 
2.0415961044 2.0451207532 2.0763298606 2.1012872323 2.1140697436 2.1376280256 2.1356491813 2.1377032705 2.1380390558 
2.1182017972 2.1237660371 2.1219753615 2.1925588282 2.1985122753 2.2113130347 2.2140664646 2.2957916499 2.3241927751 
2.3302979452 2.3344042599 2.3630633872 2.3617392567 2.3615225946 2.2309303291 2.2309017276 2.1779864161 2.1624176692 
2.113849515 2.0630849174 1.9540971623 1.8686584282 1.7913169736 1.7651108861 1.7789818477 1.8087077765 1.8646296782 
1.9183483293 1.9909066115 2.0178225051 2.0161431619 2.0065466197 1.9834494755 1.9657697112 1.9642296858 1.958551881 
1.9332505107 1.9935875922 2.0052414642 1.9710700819 2.0043462775 2.028144067 2.0322797604 1.9887975176 1.9751485057 
1.9751274731 1.9532284189 1.9538720882 1.9560698954 2.0056449719 2.0057684627 2.0035054323 2.0013458842 1.9914938822 
2.0901463639 2.0845362779 2.0837860856 2.073378008 2.017290074 1.9933812971 2.0208729022 2.0624668748 2.0388440271 
2.0331313376 2.0228501696 1.9772997743 1.974922872 1.9303990479 1.9269910361 1.9148029236 1.9158905661 1.9985500865 
1.9590265665 1.9469877028 1.9458450814 1.9401186391 1.9181999322 1.9014636413 1.8879552162 1.8715632404 1.8984773977 
1.8981062821 1.8930699795 1.8988546528 1.8981148751 1.9612836478 1.9660029361 1.9661171562 1.9527592292 1.9630342516 
1.9515571325 1.9557777472 1.9557777472 1.9298588194 1.930810222 1.9574207235 1.957703975 1.9683404721 1.9756314049 
2.0053275246 2.0127060663 2.0140596487 2.0141043952 2.0317021144 2.0323999877 2.065339426 2.066326118 2.220894057 
2.28690567 2.2737125168 2.2492739601 2.2357162028 2.2132004033 2.2131099784 2.2123055843 2.2121660629 2.1961732573 
2.1771937893 2.1290333743 2.1534524558 2.1538143078 2.1615619329 2.1411152212 2.275968556 2.2785569869 2.2750702975 
2.2750702975 2.27369307 2.271608295 2.2506741085 2.2308558272 2.2022139795 2.1236710474 1.8513809053 1.8513809053 
1.7925864571 1.785632702 1.736707644 1.7317999415 1.7318953411 1.7335253034 1.7330973614 1.7675575923 1.7618202836 
1.7522731764 1.7469926181 1.7431496132 1.7212165548 1.7066232199 1.7054200906 1.7332175293 1.7213227219 1.7183876744 
1.7183876744 1.6950744481 1.6880764643 1.663297034 1.6633576498 1.6633576498 1.7398693985 1.7199690889 1.7106435456 
1.654161887 1.6369263992 1.6161383169 1.5413680243 1.5262048098 1.4387733055 1.4685643665 1.4685643665 1.4885681333 
1.5075485906 1.5030368826 1.5029635215 1.5159880625 1.5570383265 1.5627734387 1.5377700808 1.5202834212 1.5202834212 
1.3418907957 1.3404521455 1.3338952364 1.3338952364 1.3165202689 1.4055395139 1.3636278748 1.3428922895 1.3434130823 
1.4036325249 1.3907846534 1.3660287279 1.3416531741 1.3485886337 1.392118945 1.3972882708 1.4135436354 1.4096405404 
1.3736129515 1.3451834566 1.3422319175 1.4342915616 1.4262290611 1.3947146929 1.3947146929 1.3438359322 1.3480537963 
1.3480537963 1.3735240503 1.3666026396 1.3511964778 1.3435979994 1.3434667723 1.3242251775 1.33191952 1.3322745312 
1.2152476259 1.1971495715 1.141753855 1.1400125992 1.1381542431 1.1381542431 1.1296633379 1.0994563863 1.0333406876 
1.0333406876 1.0282548646 1.028114373 1.028114373 1.0280028231 1.0972585469 1.1227996481 1.1227996481 1.1786225395 
1.1766007571 1.132830668 1.1227442535 1.0687807618 1.0337058371 1.0312849107 1.1367026642 1.1693964632 1.2304283942 
1.2100726546 1.1210749521 1.0937301653 1.0228338018 1.0338948122 1.0307130273 1.0282563574 1.0227565828 1.0280849713 
1.0799446695 1.1026032995 1.1062791772 1.0948192595 1.1780709924 1.3130278421 1.3371467128 1.3613124428 1.3717200153 
1.3784961072 1.405266395 1.4183223184 1.3567930062 1.3005350095 1.2699078163 1.2591262759 1.2346734282 1.1413044498 
1.1390936227 1.1390936227 1.1165128552 1.1103173403 1.036161148 1.0304394448 1.0343059684 1.0079004479 1.1094055357 
1.1434086974 1.1434086974 1.1487211838 1.1506825231 1.1405861161 1.1729473931 1.1770302639 1.1934817123 1.1834299912 
1.1718974954 1.1672783168 1.1535388494 1.1509856339 1.1236495757 1.1179306038 1.0942559625 1.1251060161 1.1996588109 
1.1999517656 1.2190252655 1.2963031361 1.2645260552 1.3281512319 1.328527151 1.3019550481 1.3401685258 1.3401685258 
1.364489377 1.3441448183 1.2868238909 1.2631618782 1.1317728345 1.1174563149 1.1174563149 0.89555026147 0.7763181964 
0.84174004576 0.9345241344 0.9414982143 0.93706665121 0.93706665121 0.93780606548 0.93781504622 0.96666660176 0.9668992756 
0.90708846873 0.89609872969 0.75942062465 0.68558659768 0.5987529662 0.60265529331 0.48383039371 0.46179725114 0.46179725114 
0.46776109037 0.48384521968 0.4827346093 0.4827346093 0.44354435488 0.44699227019 0.63351268028 0.63632604697 0.65040146062 
0.64900889728 0.64900889728 0.61405540303 0.61377352002 0.66109741567 0.67025452037 0.64284881754 0.66453171795 0.75030349374 
0.74683472709 0.76533196113 0.76877111393 0.75482387655 0.7292201629 0.72901368134 0.70645197418 0.70256567196 0.67935421504 
0.65881188163 0.65839265034 0.57652216894 0.57469252431 0.56569694913 0.51466703079 0.49963794391 0.49716422777 0.49707184833 
0.51235509282 0.57368501291 0.59763743608 0.70693697769 0.71346700086 0.74426525017 0.74403823358 0.71017620251 0.6664012525 
0.65867040609 0.6530147842 0.65887901986 0.69780215997 0.73766746616 0.73026438851 0.71474214878 0.71474214878 0.71030668982 
0.71030668982 0.67784824445 0.66541630435 0.57201621169 0.57920946775 0.60044305758 0.71299506926 0.74337922241 0.82287005005 
0.84966601756 0.86925170548 0.87607103852 0.84933030726 0.8471155464 0.83505498687 0.87950085081 0.89446915426 0.86941046025 
0.85961646577 0.78227324022 0.78142237513 0.79962253695 0.85474167564 0.88135379615 0.88135379615 0.87890117463 0.89640649459 
0.91415518016 0.91444377668 0.97718536531 0.99126202541 0.9891831642 0.94881346756 0.94191206888 0.92584709058 0.92571753431 
0.92322603193 0.96451077121 0.96449614752 0.90652383925 0.85045177957 0.92026732787 0.88255899751 0.90357950982 0.88520274858 
0.84095485085 0.80320228113 0.80355465688 0.84292166878 0.85618047836 0.8520861927 0.82408392821 0.82558156107 0.82504294293 
0.82119250054 0.78047294555 0.77505643206 0.77178662598 0.65732052414 0.6122628225 0.61275299774 0.60135512507 0.51248252236 
0.51796239251 0.52667331766 0.56758519946 0.56801156119 0.70482995819 0.71560977526 0.7197054796 0.71855595581 0.71588044057 
0.65608095064 0.64388002158 0.60264895554 0.60134935528 0.72192596719 0.72043360396 0.78551758488 0.82285789994 0.83837541325 
0.89139319717 0.89595681596 0.90022015073 0.90612129985 0.90507915363 0.95161297675 0.96414951559 0.94922076305 0.94104950101 
0.94081411486 0.90446853648 0.88768560695 0.88306706267 0.87556717683 0.87127234406 0.8770365517 0.91873230819 0.92790995061 
0.9227641439 0.91762537662 0.82844580021 0.78855396972 0.79607068152 0.79701118693 0.79692861381 0.79062683866 0.77853076 
0.76026791193 0.7534538363 0.7534538363 0.66462446237 0.67489714555 0.72750383462 0.73895806921 0.75179541553 10.015602182 
13.24198378 13.428437522 13.453354474 13.465679647 13.583570224 13.621389781 13.689609847 13.697811918 13.646439277 
13.698809376 13.894470222 13.981948718 13.982212375 13.747031654 13.773700098 13.919061594 13.964682495 13.623851997 
13.430086777 13.169469936 12.966214747 12.73196761 12.724428807 12.310182417 12.109309749 11.833763408 11.628183729 
11.610151994 11.658451785 11.694612617 11.741620233 11.873921395 11.863958902 11.760107243 11.698115595 11.698115595 
11.67414384 11.575556274 11.096103899 11.029827159 11.032424401 11.035808014 11.272349489 11.486827327 11.486827327 
11.742504297 11.830583062 12.501445409 12.628385867 12.628385867 12.651507422 12.683292881 12.726794447 12.890787949 
12.895703963 13.480511334 13.559836878 13.302082386 13.296052114 13.17053553 12.987714405 12.987714405 12.18440946 
12.257826178 12.22568063 12.137079717 12.205267304 11.651803592 11.651803592 11.13451006 11.124366243 11.124366243 
10.545391374 9.9832914881 9.9671026663 9.8002833975 9.5665281162 9.3702699955 8.5656078169 8.3343603077 7.7959392773 
7.722683265 7.7057762548 7.7057762548 6.9787748179 6.7013295692 6.6454832646 6.6132910621 6.4964941551 6.4518278837 
6.4468731209 6.4407788311 6.3269369074 6.2640531552 6.2324780874 6.2242494369 6.0710691898 6.0842941321 6.094059858 
6.0860526993 6.2806902467 6.3115547497 6.3305295678 6.2134270225 6.2724741601 6.3170213864 6.3224364866 6.3145622064 
6.202511209 6.3039373454 6.3732197186 6.4667642987 6.6019245618 6.6405133269 6.5823196864 6.493093758 6.5272949325 
6.5494868521 6.6140149301 6.593390947 6.5910056869 6.5033633694 6.5322633135 6.5313687025 6.5163728696 6.5169290733 
6.5169522485 6.7274904839 6.7573169871 6.7920545667 6.793247332 6.7325024573 6.599611261 6.6055123789 6.571048749 
6.3356894122 6.0459531971 6.0347640125 6.0062910565 5.9910584563 5.9026062258 5.9025482241 5.8806676478 5.7992720167 
5.6274112544 5.5910185814 5.5910185814 5.3199887762 5.1366582092 5.0586961225 4.8269799112 4.826049324 4.6459488556 
4.5913048414 4.550415891 4.4406333793 4.3936775882 4.2922605214 4.1587635764 4.1587635764 4.1253893402 4.1117964859 
3.9943598785 3.9556505953 3.9481381463 3.9529915981 3.9317985661 3.908793762 3.8957587541 3.871933092 3.7872054399 
3.8722287629 3.8950159739 3.9358182429 3.950584334 3.9477198562 3.8522889283 3.8535756296 3.8556997091 3.8269775279 
3.807990556 3.8211591697 3.7817716492 3.6925667334 3.6912171576 3.6833220104 3.6835354786 3.7896349808 3.7898206184 
3.7898206184 3.7547018936 3.7310584125 3.6991832568 3.6869963686 3.6868749942 3.7439469798 3.7436115179 3.8052613203 
3.7859504647 3.7289289518 3.8937628696 3.8863756504 3.8957007673 3.9027638441 3.8511056741 3.7989127594 3.7335683844 
3.719668349 3.7133822034 3.6907044438 3.6010350516 3.6252984565 3.5593216981 3.5735291165 3.5757733479 3.544811282 
3.5382451059 3.5379935255 3.6144463778 3.5509204587 3.5648541702 3.5571029961 3.5279375334 3.6323821324 3.6103797942 
3.5761605651 3.5746060764 3.6033888869 3.6238971287 3.6426000837 3.6370330703 3.5706301073 3.4906542462 3.4834208414 
3.4674554916 3.4664759444 3.4400947192 3.4184609998 3.3076627931 3.3016642041 3.28608279 3.2864712899 3.303483506 
3.3396682943 3.3419113594 3.3218009814 3.3253998959 3.3221238319 3.3220432729 3.3913645014 3.382977772 3.3719117518 
3.3606752815 3.4087318524 3.4170543475 3.4952401149 3.5404738213 3.5644438364 3.5435779791 3.5418330593 3.4697208376 
3.4639083059 3.4599884742 3.4679227339 3.4753998794 3.4738372181 3.4619081139 3.4177922953 3.3758416851 3.3755746294 
3.433908426 3.48258805 3.4845873281 3.4302284771 3.4232021797 3.425439277 3.4246452689 3.4133796469 3.3892905438 
3.416798947 3.4950292796 3.4977803212 3.4955873532 3.4326837787 3.4396236712 3.4457740225 3.4665209092 3.4524501376 
3.5928001903 3.606634511 3.6077022004 3.5793768376 3.5682746262 3.5837378479 3.5834696075 3.5780306398 3.5708738755 
3.5590962053 3.5510445723 3.5227537248 3.4946113157 3.4665228762 3.4506911545 3.4502708508 3.4333112334 3.527323052 
3.5272114317 3.4852243129 3.4839901721 3.4831036628 3.4645694535 3.4645694535 3.4854109965 3.4908084297 3.4856924655 
3.4275925003 3.3490739 3.3398812999 3.3029092561 3.2873497436 3.2886348039 3.2569826052 3.2592783943 3.2550184417 
3.2630519048 3.3353670583 3.3716888983 3.3281968811 3.3974277878 3.442165076 3.4407677292 3.3629726676 3.5429298469 
3.5940390115 3.7423782975 3.7455650634 3.7455650634 4.2267771718 4.2810804064 4.3976706401 4.4037118129 4.4294551846 
4.4372974176 4.4372974176 4.4887973819 4.5957329127 4.399408874 4.329518757 4.2325761971 4.2325761971 4.1366534448 
3.8715341477 3.8696428271 3.8137839149 3.8137839149 3.7690967852 3.6467046595 3.6155920739 3.6252770979 3.621056702 
3.6490820075 3.6586273517 3.6586273517 3.6487832013 3.7192812649 3.7343744129 3.728140319 3.768730109 3.8769223129 
3.8813718448 3.8498342474 3.6743866546 3.6058231254 3.5659070507 3.5495381059 3.5286945369 3.4928039815 3.4809043193 
3.4805615307 3.3885570046 3.3403182952 3.3261827455 3.3070961848 3.2327387296 3.025455647 2.9922456342 2.9919778115 
2.9259954584 2.9093263887 2.8901719904 2.7733977632 2.7187042302 2.5876537107 2.4877051971 2.4752817734 2.4790334163 
2.4610916404 2.4222072344 2.3621664591 2.2868918194 2.3436669865 2.3552748908 2.4528852747 2.4568258147 2.4550092139 
2.4328083591 2.4043973567 2.3775566365 2.3501911483 2.3432236481 2.3427356439 2.3194439529 2.1428468312 2.1413628563 
2.0578946801 2.0510988884 2.015244661 2.0064744937 1.9588530573 1.7950489662 1.7645538648 1.8173783774 1.8085752691 
1.8061462381 1.8061462381 1.7830180812 1.7605686997 1.7487117245 1.7821088832 1.778750725 1.7826469514 1.7807606728 
1.7486604512 1.7465010219 1.7465010219 1.7735794834 1.7753603105 1.7836627901 1.843794561 1.8466924072 1.8466924072 
1.8118855335 1.8111891611 1.7895356791 1.7768959698 1.7488438888 1.7138053293 1.7107249662 1.7023488726 1.7022431106 
1.7176786189 1.7127571971 1.7648497475 1.7836892835 1.832772117 1.8441871039 1.869396263 1.8616623805 1.859738571 
1.8790747577 1.8827506009 1.8655676649 1.8654986572 1.8575571024 1.847622488 1.839380629 1.839380629 1.8299872363 
1.7617593409 1.7679028879 1.7907824023 1.729386498 1.7444675026 1.8020368953 1.7976267278 1.7749202575 1.7845846218 
1.7879674077 1.7832818606 1.9163464899 2.0926237022 2.1141770703 2.1141770703 2.1137642399 2.1137642399 2.0850301106 
2.025765877 2.025527868 1.9164299067 1.8934400723 1.8762624976 1.8762624976 1.9191006704 1.9613442039 1.9633530724 
1.9218885466 1.8920468261 1.9206747863 1.9017537541 1.9482648467 1.9373383784 1.9359632466 1.9322272405 1.9356715456 
1.7221300605 1.8677846818 1.8738989942 1.8757387073 1.8564576016 1.8560641096 2.1772041683 2.1813983343 2.1813983343 
2.1967414777 2.1003664124 2.100599985 2.0988893106 2.0911622854 2.054872667 1.9818753197 2.0132975368 2.0106648495 
2.0147503399 2.0366922229 2.0872496902 2.088161618 2.0428638964 2.0472495935 2.0473028611 2.0416750942 2.0466236317 
2.0314616455 2.0326119624 2.011231366 2.000150379 2.0025789006 2.001780355 1.9924206492 1.992316869 1.9882362557 
1.9870292501 1.9620265971 1.9607774464 1.9472578092 1.9569422078 1.9596355222 1.9720741605 1.9721004565 1.9543338483 
1.9374822207 1.9243188228 1.905200861 1.8691695534 1.8681316145 1.8291155569 1.8288009112 1.8209319136 1.8021787579 
1.8016385435 1.7652010934 1.7553739062 1.6990998791 1.6797077871 1.6532218105 1.612591781 1.5535953753 1.5115719941 
1.5125482631 1.5130930478 1.5116374915 1.71254509 1.8780483421 1.8931489423 1.8922947264 1.8948101567 1.8911639175 
1.8896916334 1.8889517914 1.941694043 1.9315850461 1.9321125252 1.9499503887 2.03685429 2.0493124549 2.0548874477 
2.0590126858 2.250416736 2.2591778734 2.3036198142 2.4096242333 2.4294503073 2.4353638497 2.421211421 2.4238895217 
2.4232112292 2.4142337393 2.4343104462 2.4290503362 2.4290503362 2.3828355794 2.312384086 2.2973982216 2.2884410186 
2.2670978009 2.2544646329 2.2431565963 2.2252619815 2.1653458425 2.1310858334 2.0416041026 2.0462297902 2.0603048037 
2.0604360638 2.0565717155 2.0288912436 1.9867318917 1.9838525051 1.9554991011 1.9552889223 1.9528510072 1.8933746239 
1.8821568126 1.874772336 1.835546647 1.7817756333 1.7640106602 1.7189239665 1.6748084685 1.6744733223 1.6744664826 
1.6708436583 1.6614512749 1.6419515414 1.650424589 1.6133000964 1.5885823438 1.5881804291 1.5799189621 1.5697640083 
1.5514595003 1.5291328813 1.5192856326 1.5197260164 1.5139670634 1.4823917902 1.4258246178 1.4048163344 1.3364197114 
1.3249386573 1.3264653187 1.4411473846 1.4688728999 1.4687771445 1.445322915 1.4380064825 1.4164536376 1.4162798244 
1.4671874284 1.4746662743 1.4990585683 1.4984282043 1.4634980902 1.4633154738 1.4775863582 1.4782082278 1.5368942117 
1.5675516073 1.5797129474 1.6987039536 1.7335514667 1.7507580828 1.7503834632 1.8231403673 1.8400855006 1.8384888307 
1.9486080882 1.9572531081 1.962792951 1.9839995271 1.9008690407 1.8855525493 1.8645251546 1.9228067797 1.9411835118 
1.9554103712 1.931244193 1.9573524478 1.9597712908 2.0033756933 2.0332440609 2.0277119034 2.0237371193 2.0668817117 
2.0719169134 2.0733110414 2.091926531 2.0656406128 2.0507443545 2.000449189 1.9983268383 1.9980963765 1.9970766113 
1.9737556287 1.9894531879 2.0299868114 2.0390610179 2.0486928969 2.0510571938 2.0564109614 2.073705945 2.0654641147 
2.1497166093 2.1596673406 2.1506797778 2.1323384418 2.1250243528 2.2121666711 2.2580545771 2.2431981691 2.1735820841 
2.1724501153 2.1527542439 2.1526619758 2.1374886859 2.1400408433 2.1280284968 2.0415961044 2.0451207532 2.0763298606 
2.1012872323 2.1140697436 2.1376280256 2.1356491813 2.1377032705 2.1380390558 2.1182017972 2.1237660371 2.1219753615 
2.1925588282 2.1985122753 2.2113130347 2.2140664646 2.2957916499 2.3241927751 2.3302979452 2.3344042599 2.3630633872 
2.3617392567 2.3615225946 2.2309303291 2.2309017276 2.1779864161 2.1624176692 2.113849515 2.0630849174 1.9540971623 
1.8686584282 1.7913169736 1.7651108861 1.7789818477 1.8087077765 1.8646296782 1.9183483293 1.9909066115 2.0178225051 
2.0161431619 2.0065466197 1.9834494755 1.9657697112 1.9642296858 1.958551881 1.9332505107 1.9935875922 2.0052414642 
1.9710700819 2.0043462775 2.028144067 2.0322797604 1.9887975176 1.9751485057 1.9751274731 1.9532284189 1.9538720882 
1.9560698954 2.0056449719 2.0057684627 2.0035054323 2.0013458842 1.9914938822 2.0901463639 2.0845362779 2.0837860856 
2.073378008 2.017290074 1.9933812971 2.0208729022 2.0624668748 2.0388440271 2.0331313376 2.0228501696 1.9772997743 
1.974922872 1.9303990479 1.9269910361 1.9148029236 1.9158905661 1.9985500865 1.9590265665 1.9469877028 1.9458450814 
1.9401186391 1.9181999322 1.9014636413 1.8879552162 1.8715632404 1.8984773977 1.8981062821 1.8930699795 1.8988546528 
1.8981148751 1.9612836478 1.9660029361 1.9661171562 1.9527592292 1.9630342516 1.9515571325 1.9557777472 1.9557777472 
1.9298588194 1.930810222 1.9574207235 1.957703975 1.9683404721 1.9756314049 2.0053275246 2.0127060663 2.0140596487 
2.0141043952 2.0317021144 2.0323999877 2.065339426 2.066326118 2.220894057 2.28690567 2.2737125168 2.2492739601 
2.2357162028 2.2132004033 2.2131099784 2.2123055843 2.2121660629 2.1961732573 2.1771937893 2.1290333743 2.1534524558 
2.1538143078 2.1615619329 2.1411152212 2.275968556 2.2785569869 2.2750702975 2.2750702975 2.27369307 2.271608295 
2.2506741085 2.2308558272 2.2022139795 2.1236710474 1.8513809053 1.8513809053 1.7925864571 1.785632702 1.736707644 
1.7317999415 1.7318953411 1.7335253034 1.7330973614 1.7675575923 1.7618202836 1.7522731764 1.7469926181 1.7431496132 
1.7212165548 1.7066232199 1.7054200906 1.7332175293 1.7213227219 1.7183876744 1.7183876744 1.6950744481 1.6880764643 
1.663297034 1.6633576498 1.6633576498 1.7398693985 1.7199690889 1.7106435456 1.654161887 1.6369263992 1.6161383169 
1.5413680243 1.5262048098 1.4387733055 1.4685643665 1.4685643665 1.4885681333 1.5075485906 1.5030368826 1.5029635215 
1.5159880625 1.5570383265 1.5627734387 1.5377700808 1.5202834212 1.5202834212 1.3418907957 1.3404521455 1.3338952364 
1.3338952364 1.3165202689 1.4055395139 1.3636278748 1.3428922895 1.3434130823 1.4036325249 1.3907846534 1.3660287279 
1.3416531741 1.3485886337 1.392118945 1.3972882708 1.4135436354 1.4096405404 1.3736129515 1.3451834566 1.3422319175 
1.4342915616 1.4262290611 1.3947146929 1.3947146929 1.3438359322 1.3480537963 1.3480537963 1.3735240503 1.3666026396 
1.3511964778 1.3435979994 1.3434667723 1.3242251775 1.33191952 1.3322745312 1.2152476259 1.1971495715 1.141753855 
1.1400125992 1.1381542431 1.1381542431 1.1296633379 1.0994563863 1.0333406876 1.0333406876 1.0282548646 1.028114373 
1.028114373 1.0280028231 1.0972585469 1.1227996481 1.1227996481 1.1786225395 1.1766007571 1.132830668 1.1227442535 
1.0687807618 1.0337058371 1.0312849107 1.1367026642 1.1693964632 1.2304283942 1.2100726546 1.1210749521 1.0937301653 
1.0228338018 1.0338948122 1.0307130273 1.0282563574 1.0227565828 1.0280849713 1.0799446695 1.1026032995 1.1062791772 
1.0948192595 1.1780709924 1.3130278421 1.3371467128 1.3613124428 1.3717200153 1.3784961072 1.405266395 1.4183223184 
1.3567930062 1.3005350095 1.2699078163 1.2591262759 1.2346734282 1.1413044498 1.1390936227 1.1390936227 1.1165128552 
1.1103173403 1.036161148 1.0304394448 1.0343059684 1.0079004479 1.1094055357 1.1434086974 1.1434086974 1.1487211838 
1.1506825231 1.1405861161 1.1729473931 1.1770302639 1.1934817123 1.1834299912 1.1718974954 1.1672783168 1.1535388494 
1.1509856339 1.1236495757 1.1179306038 1.0942559625 1.1251060161 1.1996588109 1.1999517656 1.2190252655 1.2963031361 
1.2645260552 1.3286657501 1.4121433904 1.4121433904 1.4224208213 1.2562352726 1.2412198015 1.2117303109 1.1951508052 
1.1715630356 1.1715630356 1.089005842 1.0254673517 1.0102278898 1.0124586658 1.0139619613 0.99935611625 0.96886476648 
1.0328809047 1.038947032 1.0367754798 1.0353462307 1.0088590876 1.0086454816 0.99962933674 0.99949608204 1.0323430906 
1.0389160334 1.043232962 1.0210610198 1.0220968273 1.0047093066 0.92617971186 0.93297163966 0.94921766871 0.956753778 
0.95253549469 0.91792606407 0.91662540266 0.91482343019 0.88800344902 0.88577435242 0.88194833343 0.86445548779 0.86445548779 
0.86380587658 0.84606045261 0.83869325783 0.82936141097 0.82854320066 0.81575689888 0.81533421122 0.81167904601 0.81167904601 
0.78175804643 0.77453700674 0.77133618836 0.73741737305 0.73251326105 0.73154536056 0.71288363873 0.70434175939 0.67603427661 
0.62133230218 0.61812092505 0.60258847656 0.5935370529 0.57346094502 0.52836252649 0.4735677521 0.46831268932 0.46615873512 
0.46680567682 0.64218413653 0.64461580805 0.64461580805 0.71099154755 0.78554768435 0.84069950944 0.89138401045 0.92580358017 
0.9443324325 0.95876088696 0.9283007593 0.87445602269 0.85935806311 0.86874840866 0.85806939895 0.86087754706 0.8862421917 
0.85541942757 0.85763779148 0.87676081267 0.87963207818 0.87914744103 0.91524136604 0.83372537758 0.81639396787 0.81540877453 
0.81540082942 0.85325945317 0.87467938981 0.807389178 0.91371012398 0.97184865941 0.9543921587 0.949366057 0.94396621065 
0.93725840446 0.93388258563 0.93388258563 0.82393347863 0.82349191595 0.79363444422 0.71496155444 0.67000092202 0.65717258348 
0.68854495102 0.69152029668 0.69152029668 0.7292545706 0.71445452632 0.72705078498 0.7695142382 0.79596081898 0.771750617 
0.73597068638 0.72644551728 0.72267272836 0.59530445527 0.56645081588 0.54640257751 0.48984298741 0.44636483453 0.38997907679 
0.38997907679 0.33687093867 0.33644264723 0.33213536127 0.34220919974 0.30065129267 0.29431200578 0.34933027463 0.35029287558 
0.36592957955 0.38696248109 0.40634271172 0.40634271172 0.43320505519 0.43335408766 0.43250254168 0.42553070246 0.45322904192 
0.46448967498 0.57115030195 0.69017079549 0.70686870538 0.70830125175 0.764185139 0.79815369408 0.79310616424 0.79289915254 
0.77576824455 0.75587005913 0.75587005913 0.73521221675 0.73521221675 0.72610949524 0.72610949524 0.69514607184 0.69514607184 
0.68205540828 0.68205540828 0.60003770444 0.59799295432 0.59672705728 0.59672705728 0.57477310765 0.56834173644 0.56038041063 
0.56246327315 0.56019246549 0.63990238594 0.69916932248 0.83075834679 0.84127451796 0.84127451796 0.87917611642 0.89474181272 
0.89687380324 0.89177706433 0.88739957507 0.82329777983 0.81081847184 0.74734577286 0.73767726429 0.69747735469 0.65518237484 
0.62398158282 0.60118580073 0.60081513761 0.61722133763 0.61564299426 0.6158376538 0.6158376538 0.63571231159 0.72134501669 
0.72204689588 0.72615940215 0.74237101903 0.74826349836 0.75257079289 0.76479672641 0.76669674503 0.76683453991 0.76878262289 
0.75774543722 0.75875739818 0.76193444672 0.7970546711 0.80554296445 0.81611728421 0.81620256098 0.83256058449 0.81650166454 
0.8625398176 0.90245558044 0.90245558044 0.9019872948 0.95167164407 0.96252903572 0.96092157354 0.89730574804 0.81408505682 
0.81849967531 0.83003553336 0.88674679126 0.91914435759 0.90821245901 0.89838621126 0.86658436126 0.87040581377 0.8536278216 
0.8536278216 0.81076764667 0.80141015668 0.78328409966 0.86603698161 0.86734648793 0.86734648793 0.87389175594 0.9029679701 
0.91366652968 0.91318876897 0.91318876897 0.88767699658 0.86369345436 0.83076649511 0.82873566573 0.82873566573 0.8188353009 
0.81185634672 0.80250330456 0.78716129225 0.78328606641 0.80449527122 0.8477477699 0.87501888602 0.87246893497 0.87052450392 
0.86688606452 0.83188737962 0.81318489383 0.78843158101 0.77811205358 0.73260717613 0.65892154096 0.65912228048 0.65928680306 
0.66950705431 0.66015352092 0.65625590972 0.68605944167 0.69392971809 0.68406844952 0.67339761105 0.70693558585 0.71282094672 
0.72331892206 0.72340358315 0.74150562033 0.7867461441 0.78787514287 0.787764807 0.77923966074 0.73738902136 0.72327779592 
0.70491474977 0.6346262478 0.60999412753 0.62949667533 0.69114651698 0.69301518836 0.68626184385 0.67995534211 0.67776518797 
0.7464988266 0.79421430046 0.82224984114 0.75917777034 0.72708522409 0.70140951592 0.71741160525 0.76753615638 0.78000292555 
0.87077065561 10.015602182 13.24198378 13.428437522 13.453354474 13.465679647 13.583570224 13.621389781 13.689609847 
13.697811918 13.646439277 13.698809376 13.894470222 13.981948718 13.982212375 13.747031654 13.773700098 13.919061594 
13.964682495 13.623851997 13.430086777 13.169469936 12.966214747 12.73196761 12.724428807 12.310182417 12.109309749 
11.833763408 11.628183729 11.610151994 11.658451785 11.694612617 11.741620233 11.873921395 11.863958902 11.760107243 
11.698115595 11.698115595 11.67414384 11.575556274 11.096103899 11.029827159 11.032424401 11.035808014 11.272349489 
11.486827327 11.486827327 11.742504297 11.830583062 12.501445409 12.628385867 12.628385867 12.651507422 12.683292881 
12.726794447 12.890787949 12.895703963 13.480511334 13.559836878 13.302082386 13.296052114 13.17053553 12.987714405 
12.987714405 12.18440946 12.574923914 13.615687888 
