# vtk DataFile Version 4.2
vtk output
ASCII
DATASET POLYDATA
POINTS 2095 float
-20.2474 161.614 127.202 -20.2176 161.632 127.215 -20.2176 161.632 127.215 
-20.0908 161.708 127.269 -19.9419 161.75 127.37 -19.7801 161.779 127.469 
-19.5096 161.815 127.62 -19.2164 161.898 127.792 -19.1118 161.93 127.879 
-19.1118 161.93 127.879 -18.9548 161.977 128.01 -18.7975 161.955 128.112 
-18.7975 161.955 128.112 -18.4262 162.048 128.475 -18.1958 162.036 128.642 
-18.0488 162.052 128.725 -18.0265 162.048 128.74 -17.9967 162.048 128.758 
-17.6753 162.065 128.91 -17.6409 162.067 128.924 -17.4534 162.065 129.018 
-17.3966 162.055 129.054 -17.3966 162.055 129.054 -17.2187 162.018 129.152 
-17.1719 162.01 129.186 -17.1573 162.006 129.195 -16.9707 162.01 129.289 
-16.7069 162.021 129.384 -16.4316 161.959 129.514 -16.4073 161.956 129.524 
-16.2915 161.95 129.565 -16.2183 161.948 129.591 -16.1144 161.935 129.645 
-15.5741 162.019 130.01 -15.531 162 130.037 -15.0175 162.095 130.384 
-15.0002 162.092 130.4 -14.5538 162.042 130.702 -14.3468 162.077 130.822 
-13.9749 162.125 131.015 -13.772 162.1 131.113 -20.2474 161.614 127.202 
-20.252 161.611 127.2 -20.252 161.611 127.2 -20.61 161.414 127.02 
-20.6177 161.409 127.018 -20.7152 161.345 127.019 -21.3142 160.886 126.879 
-21.3142 160.886 126.879 -21.3275 160.876 126.876 -21.5903 160.68 126.829 
-21.6066 160.67 126.83 -22.1552 160.276 126.889 -22.2135 160.213 126.906 
-22.3336 160.086 126.971 -22.8549 159.653 127.37 -23.022 159.482 127.611 
-23.0382 159.453 127.639 -23.0387 159.453 127.64 -23.1502 159.287 127.846 
-23.19 159.23 127.916 -23.2347 159.143 128.107 -23.2861 159.037 128.526 
-23.2883 159.035 128.539 -23.2888 159.037 128.562 -23.4581 158.926 129.154 
-23.4584 158.926 129.162 -23.4718 158.929 129.347 -23.4731 158.95 129.493 
-23.4726 158.953 129.505 -23.4813 159.004 129.666 -23.4727 159.059 129.825 
-23.4583 159.095 129.969 -23.4397 159.15 130.276 -23.4036 159.21 130.406 
-23.3449 159.267 130.569 -23.2936 159.346 130.715 -23.2936 159.346 130.715 
-23.134 159.617 131.12 -23.134 159.617 131.12 -23.0882 159.673 131.265 
-22.9572 159.986 131.622 -22.8731 160.192 131.802 -22.8677 160.206 131.812 
-22.6831 160.445 132.109 -22.6138 160.581 132.222 -22.4898 160.913 132.355 
-22.4481 160.988 132.372 -22.267 161.281 132.479 -22.2037 161.371 132.536 
-22.0805 161.532 132.623 -21.8089 161.876 132.78 -21.7927 161.885 132.779 
-21.4285 162.465 133.023 -21.3315 162.668 133.055 -21.2747 162.737 133.07 
-21.224 162.795 133.092 -21.0819 162.938 133.148 -21.0354 162.992 133.164 
-20.8438 163.272 133.261 -20.8332 163.291 133.263 -20.8304 163.295 133.263 
-20.5406 163.695 133.392 -20.2339 164.13 133.323 -20.2323 164.134 133.324 
-19.9863 164.54 133.473 -19.9345 164.639 133.493 -19.7913 164.89 133.559 
-19.6105 165.259 133.614 -19.3209 165.663 133.844 -19.2946 165.765 133.913 
-19.1851 165.992 134.059 -19.1548 166.05 134.105 -19.0021 166.313 134.451 
-18.9152 166.563 134.716 -18.9129 166.567 134.719 -18.8279 166.751 134.891 
-18.7631 166.862 135.045 -18.6644 167.02 135.298 -18.6558 167.03 135.33 
-18.6187 167.07 135.433 -18.4582 167.256 135.782 -18.2962 167.494 136.253 
-18.1907 167.809 136.626 -18.0626 167.921 137.047 -17.9812 167.998 137.252 
-17.9701 168.014 137.294 -17.964 168.022 137.313 -17.9268 168.038 137.392 
-17.7503 168.132 137.966 -17.7357 168.122 138.037 -17.7357 168.122 138.037 
-17.5897 168.14 138.635 -17.5859 168.143 138.643 -17.4422 168.226 139.108 
-17.3628 168.203 139.397 -17.3619 168.203 139.401 -17.1258 168.315 139.95 
-17.0434 168.328 140.094 -16.9178 168.385 140.577 -16.8924 168.426 140.724 
-16.8289 168.501 141.375 -16.8061 168.438 141.541 -16.7991 168.425 141.987 
-16.786 168.486 142.462 -16.7162 168.454 142.802 -16.6739 168.44 143.087 
-16.7192 168.413 143.297 -16.8554 168.289 144.227 -16.855 168.288 144.228 
-16.8499 168.286 144.249 -16.8499 168.286 144.249 -16.8344 168.27 144.404 
-16.8315 168.265 144.436 -16.8166 168.124 144.925 -17.0438 168.029 145.646 
-17.0646 168.025 145.672 -17.0646 168.025 145.672 -17.0708 168.024 145.681 
-17.1015 168.014 145.755 -17.1284 168.001 145.819 -17.2338 167.936 146.012 
-17.236 167.935 146.016 -17.3645 167.862 146.252 -17.8011 167.636 146.803 
-18.1107 167.475 147.096 -18.2228 167.409 147.303 -18.3531 167.373 147.496 
-18.3708 167.369 147.521 -18.5045 167.356 147.677 -18.7243 167.282 147.911 
-18.8021 167.25 147.992 -19.1689 167.159 148.248 -19.3296 167.153 148.35 
-19.3435 167.154 148.358 -19.961 166.975 148.763 -20.1846 166.887 148.812 
-20.6138 166.752 148.975 -20.6238 166.75 148.981 -20.9229 166.642 149.133 
-21.5315 166.29 149.303 -21.5441 166.286 149.31 -21.9614 166.074 149.39 
-22.1763 165.917 149.415 -22.4539 165.727 149.441 -22.8772 165.398 149.587 
-23.0842 165.26 149.632 -23.1345 165.205 149.653 -23.1345 165.205 149.653 
-23.5016 164.8 149.698 -23.5251 164.775 149.698 -23.5317 164.767 149.699 
-23.6663 164.618 149.731 -23.6751 164.608 149.735 -23.9547 164.266 149.814 
-24.1089 164.052 149.824 -24.1282 164.024 149.834 -24.1282 164.024 149.834 
-24.2857 163.82 149.891 -24.6207 163.448 149.961 -24.7139 163.319 149.98 
-24.8485 163.087 150.025 -24.8696 163.045 150.024 -24.9042 162.915 150.035 
-25.2508 162.195 150.131 -25.352 162.051 150.171 -25.462 161.74 150.201 
-25.5362 161.499 150.193 -25.5368 161.497 150.193 -25.7302 160.899 150.263 
-25.7625 160.761 150.305 -25.7674 160.737 150.317 -26.1124 159.751 150.428 
-26.1911 159.555 150.427 -26.2155 158.985 150.438 -26.3114 158.331 150.409 
-26.3016 158.221 150.404 -26.2656 157.916 150.461 -26.2434 157.795 150.506 
-26.1527 157.284 150.645 -26.1458 157.253 150.652 -25.9055 156.41 150.641 
-25.8629 156.269 150.654 -25.8629 156.269 150.654 -25.7899 155.858 150.581 
-25.748 155.7 150.574 -25.4615 154.777 150.695 -25.4185 154.642 150.683 
-25.4013 154.586 150.672 -25.2287 154.271 150.526 -25.1142 154.066 150.467 
-24.9443 153.711 150.468 -24.3239 153.018 150.346 -24.1583 152.825 150.222 
-24.0772 152.746 150.18 -23.8771 152.578 150.071 -23.631 152.437 150.024 
-23.5987 152.411 150.017 -23.1654 152.055 149.857 -23.0405 151.973 149.822 
-22.573 151.655 149.601 -22.4947 151.608 149.588 -22.2504 151.518 149.564 
-21.6627 151.398 149.449 -21.6014 151.387 149.434 -21.4971 151.372 149.394 
-21.1107 151.297 149.304 -20.4702 151.145 149.211 -20.2539 151.088 149.097 
-19.8695 151.008 148.954 -19.299 150.864 148.831 -19.1497 150.819 148.806 
-19.0964 150.801 148.783 -18.8513 150.73 148.717 -18.6091 150.683 148.683 
-18.2418 150.596 148.671 -18.1898 150.585 148.682 -17.2769 150.411 148.696 
-16.9656 150.472 148.736 -16.8096 150.565 148.705 -16.7 150.588 148.713 
-15.6437 150.735 149.016 -15.4867 150.738 149.095 -15.101 150.837 149.212 
-14.4291 151.035 149.315 -14.3475 151.075 149.389 -14.1807 151.205 149.579 
-13.557 151.743 150.053 -13.4317 151.848 150.091 -13.3138 151.983 150.176 
-12.6274 152.626 150.339 -12.3508 153.078 150.592 -12.1768 153.335 150.768 
-11.9877 153.566 150.816 -11.709 154.092 150.974 -11.706 154.096 150.976 
-11.6178 154.233 151.05 -11.4426 154.729 151.283 -11.018 155.302 151.535 
-11.0151 155.305 151.536 -10.97 155.411 151.584 -10.8705 155.76 151.761 
-10.7728 156.003 151.871 -10.622 156.39 152.047 -10.5567 156.514 152.103 
-10.5562 156.515 152.104 -10.4292 156.689 152.189 -10.1593 157.356 152.716 
-10.1583 157.358 152.717 -9.94185 157.587 152.867 -9.74519 157.897 153.046 
-9.59603 158.187 153.245 -9.26799 158.585 153.527 -9.17928 158.67 153.609 
-9.17588 158.673 153.611 -9.11663 158.726 153.658 -8.95205 158.851 153.807 
-8.87815 158.917 153.861 -8.66693 159.128 153.986 -8.63437 159.154 154.006 
-8.43215 159.306 154.158 -8.38939 159.339 154.192 -8.32429 159.375 154.234 
-8.14136 159.62 154.475 -8.1232 159.642 154.494 -7.89845 159.885 154.678 
-7.61151 160.161 154.872 -7.59108 160.176 154.898 -7.45886 160.299 155.026 
-7.3412 160.432 155.173 -7.17405 160.557 155.314 -7.06255 160.655 155.419 
-7.01666 160.691 155.465 -6.79675 160.847 155.699 -6.6943 160.921 155.851 
-6.47188 161.068 156.123 -6.30789 161.179 156.222 -6.20431 161.255 156.267 
-6.20305 161.256 156.268 -6.01203 161.441 156.392 -5.81617 161.632 156.529 
-5.685 161.748 156.669 -5.65268 161.781 156.702 -5.44421 161.974 156.933 
-5.4421 161.977 156.937 -5.03083 162.41 157.385 -5.02583 162.416 157.394 
-4.85407 162.579 157.618 -4.6333 162.776 157.946 -4.26291 163.146 158.668 
-4.21639 163.202 158.74 -4.20481 163.212 158.754 -4.20481 163.212 158.754 
-4.10514 163.333 158.902 -4.08666 163.348 158.926 -3.77397 163.637 159.365 
-3.67612 163.773 159.615 -3.51185 163.941 160.004 -3.50601 163.954 160.024 
-3.44724 164.127 160.324 -3.43308 164.158 160.386 -3.43178 164.165 160.396 
-3.3937 164.26 160.609 -3.32532 164.542 161.154 -3.31461 164.57 161.25 
-3.3206 164.638 161.468 -3.31814 164.69 161.633 -3.27129 164.946 162.1 
-3.30596 165.059 162.337 -3.30846 165.08 162.386 -3.30669 165.152 162.589 
-3.31098 165.289 162.851 -3.36022 165.374 163.1 -3.49566 165.508 163.436 
-3.50713 165.526 163.463 -3.5156 165.567 163.542 -3.71175 165.826 164.154 
-3.73468 165.846 164.195 -3.81533 165.934 164.362 -3.91605 166.114 164.669 
-3.9985 166.213 164.811 -4.00018 166.215 164.814 -4.10199 166.31 165.119 
-4.18963 166.381 165.323 -4.20402 166.397 165.355 -4.21827 166.408 165.382 
-4.27175 166.449 165.471 -4.51992 166.642 165.961 -4.60461 166.728 166.136 
-4.61399 166.735 166.155 -4.83397 166.91 166.493 -4.88404 166.948 166.563 
-4.98049 167.011 166.693 -5.5745 167.441 167.579 -6.0674 167.622 168.02 
-6.09247 167.643 168.082 -6.16686 167.706 168.249 -6.22225 167.8 168.434 
-6.64782 168.103 168.91 -6.70501 168.151 168.975 -6.85675 168.23 169.092 
-6.86049 168.232 169.095 -7.20421 168.469 169.476 -7.49032 168.555 169.706 
-7.93152 168.804 170.109 -7.99897 168.86 170.22 -7.99897 168.86 170.22 
-8.08348 168.926 170.298 -8.36417 169.129 170.55 -8.37034 169.134 170.557 
-8.49353 169.241 170.662 -8.69793 169.527 171.049 -8.73328 169.563 171.084 
-9.06351 169.891 171.416 -9.27238 170.276 171.609 -9.32335 170.358 171.732 
-9.3791 170.642 172.101 -9.38067 170.648 172.107 -9.39165 170.737 172.198 
-9.55178 171.159 172.476 -9.61385 171.283 172.52 -9.69902 171.734 172.903 
-9.73618 172.298 173.273 -9.68509 172.415 173.483 -9.66389 172.497 173.537 
-9.66319 172.499 173.538 -9.6163 172.676 173.632 -9.6163 172.676 173.632 
-9.60786 173.162 173.994 -9.61365 173.235 174.092 -9.64008 173.385 174.166 
-9.64029 173.386 174.166 -9.65467 173.491 174.198 -9.65467 173.491 174.198 
-9.65442 173.581 174.226 -9.65441 173.582 174.226 -9.64792 173.77 174.354 
-9.61323 173.887 174.433 -9.5341 174.095 174.604 -9.51424 174.342 174.734 
-9.46561 174.563 175.006 -9.39025 174.75 175.172 -9.3896 174.751 175.173 
-9.34636 174.867 175.269 -9.20266 175.073 175.425 -9.18653 175.092 175.436 
-9.03424 175.307 175.603 -8.99067 175.369 175.669 -8.92068 175.498 175.754 
-8.90993 175.518 175.771 -8.62986 176.015 175.953 -8.61853 176.042 175.976 
-8.35605 176.489 176.215 -8.31544 176.546 176.253 -8.3079 176.562 176.263 
-8.12396 176.8 176.338 -8.06256 176.923 176.394 -7.94738 177.091 176.441 
-7.87656 177.158 176.473 -7.43348 177.544 176.635 -7.29188 177.627 176.68 
-7.26924 177.656 176.699 -7.03351 177.968 176.834 -6.90057 178.09 176.877 
-6.875 178.115 176.891 -6.67172 178.285 176.942 -6.29067 178.595 176.956 
-6.24592 178.65 176.963 -6.20569 178.681 176.968 -5.98801 178.836 177 
-5.83405 178.964 177.036 -5.38777 179.231 177.047 -4.91406 179.456 177.046 
-4.88201 179.456 177.049 -4.25164 179.82 176.928 -3.9308 179.937 176.93 
-3.3764 180.049 176.882 -3.20833 180.079 176.823 -2.90467 180.195 176.756 
-2.47058 180.318 176.633 -2.12711 180.411 176.439 -1.99377 180.396 176.381 
-1.8199 180.362 176.171 -1.8199 180.362 176.171 -1.51654 180.303 175.804 
-1.47211 180.263 175.651 -1.46097 180.245 175.598 -1.45969 180.231 175.499 
-1.44398 180.166 175.274 -1.39485 180.06 174.99 -1.39485 180.06 174.99 
-1.39865 179.933 174.771 -1.39524 179.893 174.728 -1.38546 179.84 174.664 
-1.38651 179.801 174.608 -1.38663 179.797 174.602 -1.43808 179.646 174.444 
-1.43913 179.643 174.441 -1.45752 179.595 174.374 -1.48836 179.497 174.286 
-1.49686 179.47 174.251 -1.59885 179.286 173.975 -1.61069 179.272 173.954 
-1.75984 179.023 173.549 -1.78637 178.981 173.413 -1.78637 178.981 173.413 
-1.77304 178.959 173.319 -1.77287 178.959 173.318 -1.82346 178.841 173.011 
-1.8047 178.702 172.738 -1.78712 178.671 172.672 -1.80929 178.557 172.354 
-1.76445 178.462 172.22 -1.69022 178.356 171.897 -1.68434 178.326 171.845 
-1.54957 178.069 171.444 -1.47159 177.859 171.222 -1.44997 177.748 171.076 
-1.35879 177.612 170.868 -1.32382 177.563 170.827 -1.07284 177.27 170.641 
-1.07047 177.268 170.64 -1.06634 177.263 170.638 -0.966013 177.153 170.547 
-0.842536 177.058 170.38 -0.791498 177.014 170.322 -0.715148 176.946 170.199 
-0.46084 176.811 169.934 -0.456917 176.808 169.928 -0.456917 176.808 169.928 
-0.271251 176.736 169.746 -0.130275 176.6 169.533 0.177255 176.398 169.307 
0.275306 176.331 169.184 0.296629 176.308 169.153 0.35634 176.26 169.09 
0.57483 176.114 168.939 0.909711 175.894 168.861 1.25797 175.653 168.66 
1.28367 175.631 168.661 1.76579 175.38 168.386 1.92282 175.279 168.292 
1.94148 175.272 168.277 2.20623 175.21 168.138 2.26855 175.158 168.092 
2.26931 175.157 168.091 2.42686 175.085 167.995 2.50241 175.039 167.949 
2.80212 174.877 167.897 2.81861 174.868 167.899 2.93142 174.794 167.88 
3.41438 174.497 167.77 3.88354 174.179 167.595 3.95321 174.087 167.614 
4.47787 173.702 167.555 4.48253 173.696 167.555 4.99474 173.348 167.37 
5.19409 173.17 167.362 5.32584 173.066 167.287 5.36273 173.04 167.282 
5.4699 172.993 167.277 5.77885 172.823 167.196 5.96911 172.657 167.182 
6.40413 172.298 167.048 6.54542 172.212 166.978 6.78497 172.074 166.971 
6.82006 172.044 166.972 7.18559 171.659 166.888 7.28511 171.525 166.818 
7.28798 171.522 166.816 7.53076 171.258 166.82 7.87208 170.957 166.713 
7.99121 170.838 166.68 8.07264 170.765 166.64 8.28111 170.611 166.574 
8.45681 170.449 166.474 8.50392 170.421 166.436 8.76169 170.111 166.245 
8.84988 169.989 166.167 8.92152 169.875 166.074 8.95344 169.814 166.019 
8.95621 169.809 166.014 8.99413 169.703 165.95 9.17427 169.359 165.665 
9.17939 169.334 165.649 9.31439 169.062 165.348 9.38516 168.938 165.197 
9.54131 168.776 164.998 9.68878 168.507 164.763 9.78989 168.361 164.634 
9.81732 168.339 164.607 9.81732 168.339 164.607 9.84529 168.312 164.571 
9.99251 167.935 164.239 9.99857 167.914 164.199 9.99857 167.914 164.199 
10.1922 167.387 163.661 10.1934 167.376 163.642 10.1829 167.342 163.546 
10.1907 167.324 163.513 10.212 167.139 163.38 10.3353 166.61 162.92 
10.3399 166.423 162.742 10.3392 166.421 162.738 10.3391 166.42 162.736 
10.3445 166.312 162.503 10.3755 166.034 162.084 10.4888 165.7 161.773 
10.4935 165.563 161.601 10.4943 165.561 161.599 10.4943 165.561 161.599 
10.5824 165.383 161.347 10.6377 165.319 161.236 10.8481 165.02 160.952 
10.9137 164.938 160.797 10.9868 164.839 160.589 11.1197 164.692 160.302 
11.2839 164.514 160.004 11.4609 164.282 159.73 11.4642 164.272 159.723 
11.6085 163.913 159.315 11.6492 163.835 159.256 11.7352 163.567 159.048 
11.7678 163.47 158.962 11.8799 163.16 158.798 11.8861 163.141 158.772 
12.0859 162.829 158.391 12.0875 162.826 158.388 12.153 162.803 158.325 
12.1541 162.803 158.324 12.4379 162.512 158.044 12.4387 162.511 158.043 
12.4697 162.469 158.025 12.4993 162.423 158 12.7148 162.175 157.792 
12.7476 162.144 157.761 12.784 162.113 157.735 12.8615 162.031 157.64 
12.9355 161.958 157.571 13.2127 161.606 157.373 13.3135 161.451 157.317 
13.3155 161.447 157.316 13.476 161.251 157.252 13.5331 161.149 157.174 
13.6725 160.918 157.006 13.861 160.69 156.936 13.8701 160.682 156.933 
13.8969 160.657 156.933 14.3573 160.083 156.68 14.363 160.073 156.678 
14.6579 159.684 156.428 14.8229 159.528 156.331 15.0853 159.128 156.004 
15.1866 159.043 155.979 15.1866 159.043 155.979 15.278 158.954 155.919 
15.2946 158.945 155.91 15.4656 158.825 155.845 15.6207 158.627 155.798 
15.6822 158.572 155.775 16.0022 158.258 155.584 16.0143 158.242 155.574 
16.3493 157.913 155.363 16.5087 157.733 155.346 16.7486 157.347 155.122 
16.8448 157.236 155.023 17.3292 156.714 154.761 17.3949 156.663 154.75 
17.5712 156.491 154.68 18.094 155.885 154.318 18.1719 155.823 154.282 
18.2314 155.755 154.24 18.4245 155.509 154.033 18.4688 155.45 154.009 
18.5054 155.411 153.995 18.7675 155.1 153.857 18.7796 155.077 153.844 
18.9414 154.822 153.684 19.5221 154.069 153.353 19.7244 153.852 153.233 
20.0585 153.312 153.143 20.2406 152.968 152.995 20.2428 152.964 152.993 
-20.2474 161.614 127.202 -20.252 161.611 127.2 -20.252 161.611 127.2 
-20.61 161.414 127.02 -20.6177 161.409 127.018 -20.7152 161.345 127.019 
-21.3142 160.886 126.879 -21.3142 160.886 126.879 -21.3275 160.876 126.876 
-21.5903 160.68 126.829 -21.6066 160.67 126.83 -22.1552 160.276 126.889 
-22.2135 160.213 126.906 -22.3336 160.086 126.971 -22.8549 159.653 127.37 
-23.022 159.482 127.611 -23.0382 159.453 127.639 -23.0387 159.453 127.64 
-23.1502 159.287 127.846 -23.19 159.23 127.916 -23.2347 159.143 128.107 
-23.2861 159.037 128.526 -23.2883 159.035 128.539 -23.2888 159.037 128.562 
-23.4581 158.926 129.154 -23.4584 158.926 129.162 -23.4718 158.929 129.347 
-23.4731 158.95 129.493 -23.4726 158.953 129.505 -23.4813 159.004 129.666 
-23.4727 159.059 129.825 -23.4583 159.095 129.969 -23.4397 159.15 130.276 
-23.4036 159.21 130.406 -23.3449 159.267 130.569 -23.2936 159.346 130.715 
-23.2936 159.346 130.715 -23.134 159.617 131.12 -23.134 159.617 131.12 
-23.0882 159.673 131.265 -22.9572 159.986 131.622 -22.8731 160.192 131.802 
-22.8677 160.206 131.812 -22.6831 160.445 132.109 -22.6138 160.581 132.222 
-22.4898 160.913 132.355 -22.4481 160.988 132.372 -22.267 161.281 132.479 
-22.2037 161.371 132.536 -22.0805 161.532 132.623 -21.8089 161.876 132.78 
-21.7927 161.885 132.779 -21.4285 162.465 133.023 -21.3315 162.668 133.055 
-21.2747 162.737 133.07 -21.224 162.795 133.092 -21.0819 162.938 133.148 
-21.0354 162.992 133.164 -20.8438 163.272 133.261 -20.8332 163.291 133.263 
-20.8304 163.295 133.263 -20.5406 163.695 133.392 -20.2339 164.13 133.323 
-20.2323 164.134 133.324 -19.9863 164.54 133.473 -19.9345 164.639 133.493 
-19.7913 164.89 133.559 -19.6105 165.259 133.614 -19.3209 165.663 133.844 
-19.2946 165.765 133.913 -19.1851 165.992 134.059 -19.1548 166.05 134.105 
-19.0021 166.313 134.451 -18.9152 166.563 134.716 -18.9129 166.567 134.719 
-18.8279 166.751 134.891 -18.7631 166.862 135.045 -18.6644 167.02 135.298 
-18.6558 167.03 135.33 -18.6187 167.07 135.433 -18.4582 167.256 135.782 
-18.2962 167.494 136.253 -18.1907 167.809 136.626 -18.0626 167.921 137.047 
-17.9812 167.998 137.252 -17.9701 168.014 137.294 -17.964 168.022 137.313 
-17.9268 168.038 137.392 -17.7503 168.132 137.966 -17.7357 168.122 138.037 
-17.7357 168.122 138.037 -17.5897 168.14 138.635 -17.5859 168.143 138.643 
-17.4422 168.226 139.108 -17.3628 168.203 139.397 -17.3619 168.203 139.401 
-17.1258 168.315 139.95 -17.0434 168.328 140.094 -16.9178 168.385 140.577 
-16.8924 168.426 140.724 -16.8289 168.501 141.375 -16.8061 168.438 141.541 
-16.7991 168.425 141.987 -16.786 168.486 142.462 -16.7162 168.454 142.802 
-16.6739 168.44 143.087 -16.7192 168.413 143.297 -16.8554 168.289 144.227 
-16.855 168.288 144.228 -16.8499 168.286 144.249 -16.8499 168.286 144.249 
-16.8344 168.27 144.404 -16.8315 168.265 144.436 -16.8166 168.124 144.925 
-17.0438 168.029 145.646 -17.0646 168.025 145.672 -17.0646 168.025 145.672 
-17.0708 168.024 145.681 -17.1015 168.014 145.755 -17.1284 168.001 145.819 
-17.2338 167.936 146.012 -17.236 167.935 146.016 -17.3645 167.862 146.252 
-17.8011 167.636 146.803 -18.1107 167.475 147.096 -18.2228 167.409 147.303 
-18.3531 167.373 147.496 -18.3708 167.369 147.521 -18.5045 167.356 147.677 
-18.7243 167.282 147.911 -18.8021 167.25 147.992 -19.1689 167.159 148.248 
-19.3296 167.153 148.35 -19.3435 167.154 148.358 -19.961 166.975 148.763 
-20.1846 166.887 148.812 -20.6138 166.752 148.975 -20.6238 166.75 148.981 
-20.9229 166.642 149.133 -21.5315 166.29 149.303 -21.5441 166.286 149.31 
-21.9614 166.074 149.39 -22.1763 165.917 149.415 -22.4539 165.727 149.441 
-22.8772 165.398 149.587 -23.0842 165.26 149.632 -23.1345 165.205 149.653 
-23.1345 165.205 149.653 -23.5016 164.8 149.698 -23.5251 164.775 149.698 
-23.5317 164.767 149.699 -23.6663 164.618 149.731 -23.6751 164.608 149.735 
-23.9547 164.266 149.814 -24.1089 164.052 149.824 -24.1282 164.024 149.834 
-24.1282 164.024 149.834 -24.2857 163.82 149.891 -24.6207 163.448 149.961 
-24.7139 163.319 149.98 -24.8485 163.087 150.025 -24.8696 163.045 150.024 
-24.9042 162.915 150.035 -25.2508 162.195 150.131 -25.352 162.051 150.171 
-25.462 161.74 150.201 -25.5362 161.499 150.193 -25.5368 161.497 150.193 
-25.7302 160.899 150.263 -25.7625 160.761 150.305 -25.7674 160.737 150.317 
-26.1124 159.751 150.428 -26.1911 159.555 150.427 -26.2155 158.985 150.438 
-26.3114 158.331 150.409 -26.3016 158.221 150.404 -26.2656 157.916 150.461 
-26.2434 157.795 150.506 -26.1527 157.284 150.645 -26.1458 157.253 150.652 
-25.9055 156.41 150.641 -25.8629 156.269 150.654 -25.8629 156.269 150.654 
-25.7899 155.858 150.581 -25.748 155.7 150.574 -25.4615 154.777 150.695 
-25.4185 154.642 150.683 -25.4013 154.586 150.672 -25.2287 154.271 150.526 
-25.1142 154.066 150.467 -24.9443 153.711 150.468 -24.3239 153.018 150.346 
-24.1583 152.825 150.222 -24.0772 152.746 150.18 -23.8771 152.578 150.071 
-23.631 152.437 150.024 -23.5987 152.411 150.017 -23.1654 152.055 149.857 
-23.0405 151.973 149.822 -22.573 151.655 149.601 -22.4947 151.608 149.588 
-22.2504 151.518 149.564 -21.6627 151.398 149.449 -21.6014 151.387 149.434 
-21.4971 151.372 149.394 -21.1107 151.297 149.304 -20.4702 151.145 149.211 
-20.2539 151.088 149.097 -19.8695 151.008 148.954 -19.299 150.864 148.831 
-19.1497 150.819 148.806 -19.0964 150.801 148.783 -18.8513 150.73 148.717 
-18.6091 150.683 148.683 -18.2418 150.596 148.671 -18.1898 150.585 148.682 
-17.2769 150.411 148.696 -16.9656 150.472 148.736 -16.8096 150.565 148.705 
-16.7 150.588 148.713 -15.6437 150.735 149.016 -15.4867 150.738 149.095 
-15.101 150.837 149.212 -14.4291 151.035 149.315 -14.3475 151.075 149.389 
-14.1807 151.205 149.579 -13.557 151.743 150.053 -13.4317 151.848 150.091 
-13.3138 151.983 150.176 -12.6274 152.626 150.339 -12.3508 153.078 150.592 
-12.1768 153.335 150.768 -11.9877 153.566 150.816 -11.709 154.092 150.974 
-11.706 154.096 150.976 -11.6178 154.233 151.05 -11.4426 154.729 151.283 
-11.018 155.302 151.535 -11.0151 155.305 151.536 -10.97 155.411 151.584 
-10.8705 155.76 151.761 -10.7728 156.003 151.871 -10.622 156.39 152.047 
-10.5567 156.514 152.103 -10.5562 156.515 152.104 -10.4292 156.689 152.189 
-10.1593 157.356 152.716 -10.1583 157.358 152.717 -9.94185 157.587 152.867 
-9.74519 157.897 153.046 -9.59603 158.187 153.245 -9.26799 158.585 153.527 
-9.17928 158.67 153.609 -9.17588 158.673 153.611 -9.11663 158.726 153.658 
-8.95205 158.851 153.807 -8.87815 158.917 153.861 -8.66693 159.128 153.986 
-8.63437 159.154 154.006 -8.43215 159.306 154.158 -8.38939 159.339 154.192 
-8.32429 159.375 154.234 -8.14136 159.62 154.475 -8.1232 159.642 154.494 
-7.89845 159.885 154.678 -7.61151 160.161 154.872 -7.59108 160.176 154.898 
-7.45886 160.299 155.026 -7.3412 160.432 155.173 -7.17405 160.557 155.314 
-7.06255 160.655 155.419 -7.01666 160.691 155.465 -6.79675 160.847 155.699 
-6.6943 160.921 155.851 -6.47188 161.068 156.123 -6.30789 161.179 156.222 
-6.20431 161.255 156.267 -6.20305 161.256 156.268 -6.01203 161.441 156.392 
-5.81617 161.632 156.529 -5.685 161.748 156.669 -5.65268 161.781 156.702 
-5.44421 161.974 156.933 -5.4421 161.977 156.937 -5.03083 162.41 157.385 
-5.02583 162.416 157.394 -4.85407 162.579 157.618 -4.6333 162.776 157.946 
-4.26291 163.146 158.668 -4.21639 163.202 158.74 -4.20481 163.212 158.754 
-4.20481 163.212 158.754 -4.10514 163.333 158.902 -4.08666 163.348 158.926 
-3.77397 163.637 159.365 -3.67612 163.773 159.615 -3.51185 163.941 160.004 
-3.50601 163.954 160.024 -3.44724 164.127 160.324 -3.43308 164.158 160.386 
-3.43178 164.165 160.396 -3.3937 164.26 160.609 -3.32532 164.542 161.154 
-3.31461 164.57 161.25 -3.3206 164.638 161.468 -3.31814 164.69 161.633 
-3.27129 164.946 162.1 -3.30596 165.059 162.337 -3.30846 165.08 162.386 
-3.30669 165.152 162.589 -3.31098 165.289 162.851 -3.36022 165.374 163.1 
-3.49566 165.508 163.436 -3.50713 165.526 163.463 -3.5156 165.567 163.542 
-3.71175 165.826 164.154 -3.73468 165.846 164.195 -3.81533 165.934 164.362 
-3.91605 166.114 164.669 -3.9985 166.213 164.811 -4.00018 166.215 164.814 
-4.10199 166.31 165.119 -4.18963 166.381 165.323 -4.20402 166.397 165.355 
-4.21827 166.408 165.382 -4.27175 166.449 165.471 -4.51992 166.642 165.961 
-4.60461 166.728 166.136 -4.61399 166.735 166.155 -4.83397 166.91 166.493 
-4.88404 166.948 166.563 -4.98049 167.011 166.693 -5.5745 167.441 167.579 
-6.0674 167.622 168.02 -6.09247 167.643 168.082 -6.16686 167.706 168.249 
-6.22225 167.8 168.434 -6.64782 168.103 168.91 -6.70501 168.151 168.975 
-6.85675 168.23 169.092 -6.86049 168.232 169.095 -7.20421 168.469 169.476 
-7.49032 168.555 169.706 -7.93152 168.804 170.109 -7.99897 168.86 170.22 
-7.99897 168.86 170.22 -8.08348 168.926 170.298 -8.36417 169.129 170.55 
-8.37034 169.134 170.557 -8.49353 169.241 170.662 -8.69793 169.527 171.049 
-8.73328 169.563 171.084 -9.06351 169.891 171.416 -9.27238 170.276 171.609 
-9.32335 170.358 171.732 -9.3791 170.642 172.101 -9.38067 170.648 172.107 
-9.39165 170.737 172.198 -9.55178 171.159 172.476 -9.61385 171.283 172.52 
-9.69902 171.734 172.903 -9.73618 172.298 173.273 -9.68509 172.415 173.483 
-9.66389 172.497 173.537 -9.66319 172.499 173.538 -9.6163 172.676 173.632 
-9.6163 172.676 173.632 -9.60786 173.162 173.994 -9.61365 173.235 174.092 
-9.64008 173.385 174.166 -9.64029 173.386 174.166 -9.65467 173.491 174.198 
-9.65467 173.491 174.198 -9.65442 173.581 174.226 -9.65441 173.582 174.226 
-9.64792 173.77 174.354 -9.61323 173.887 174.433 -9.5341 174.095 174.604 
-9.51424 174.342 174.734 -9.46561 174.563 175.006 -9.39025 174.75 175.172 
-9.3896 174.751 175.173 -9.34636 174.867 175.269 -9.20266 175.073 175.425 
-9.18653 175.092 175.436 -9.03424 175.307 175.603 -8.99067 175.369 175.669 
-8.92068 175.498 175.754 -8.90993 175.518 175.771 -8.62986 176.015 175.953 
-8.61853 176.042 175.976 -8.35605 176.489 176.215 -8.31544 176.546 176.253 
-8.3079 176.562 176.263 -8.12396 176.8 176.338 -8.06256 176.923 176.394 
-7.94738 177.091 176.441 -7.87656 177.158 176.473 -7.43348 177.544 176.635 
-7.29188 177.627 176.68 -7.26924 177.656 176.699 -7.03351 177.968 176.834 
-6.90057 178.09 176.877 -6.875 178.115 176.891 -6.67172 178.285 176.942 
-6.29067 178.595 176.956 -6.24592 178.65 176.963 -6.20569 178.681 176.968 
-5.98801 178.836 177 -5.83405 178.964 177.036 -5.38777 179.231 177.047 
-4.91406 179.456 177.046 -4.88201 179.456 177.049 -4.25164 179.82 176.928 
-3.9308 179.937 176.93 -3.3764 180.049 176.882 -3.20833 180.079 176.823 
-2.90467 180.195 176.756 -2.4064 180.372 176.63 -1.9812 180.503 176.481 
-1.9812 180.503 176.481 -1.89925 180.528 176.452 -1.72414 180.635 176.403 
-1.09683 180.774 176.385 -1.02667 180.787 176.377 -0.784756 180.757 176.433 
-0.773622 180.756 176.436 -0.597949 180.788 176.472 -0.597949 180.788 176.472 
0.0169079 180.898 176.6 0.345443 180.995 176.574 0.777545 181.048 176.727 
1.07845 181.151 176.804 1.59835 181.3 176.982 1.62378 181.304 176.986 
1.63599 181.307 176.989 1.84895 181.361 177.069 2.08813 181.454 177.138 
2.14419 181.47 177.145 3.02143 181.78 177.382 3.11775 181.789 177.432 
3.50663 181.809 177.592 3.9512 181.989 177.774 3.96724 181.994 177.778 
4.09063 182.021 177.81 4.10253 182.024 177.813 4.53969 182.228 177.956 
4.96575 182.401 178.128 5.15318 182.484 178.219 5.3301 182.562 178.347 
5.50757 182.662 178.508 5.53422 182.673 178.533 6.00538 182.808 178.807 
6.16326 182.87 178.891 6.40823 182.903 179.063 6.53474 182.938 179.146 
6.92969 183.061 179.416 7.37381 183.189 179.691 7.43232 183.202 179.746 
7.44413 183.203 179.756 8.25694 183.421 180.285 8.3409 183.413 180.359 
8.84137 183.509 180.739 8.98261 183.521 180.848 9.02789 183.53 180.887 
9.22267 183.618 181.052 9.59358 183.889 181.432 9.84122 184.017 181.6 
9.95875 184.116 181.695 10.0615 184.226 181.867 10.286 184.411 182.17 
10.3279 184.444 182.248 10.3297 184.446 182.252 10.3407 184.456 182.273 
10.5143 184.635 182.612 10.5617 184.679 182.68 10.6452 184.751 182.856 
10.726 184.828 182.984 10.7887 184.87 183.082 10.8831 184.961 183.272 
11.0029 185.097 183.439 11.1238 185.212 183.657 11.1392 185.216 183.684 
11.3676 185.405 184.386 11.4741 185.508 184.629 11.5745 185.736 184.937 
11.668 185.859 185.358 11.6789 185.881 185.401 11.7242 185.944 185.551 
11.7626 186.041 185.755 11.7888 186.189 186.043 11.7898 186.191 186.047 
11.8263 186.254 186.183 11.8276 186.261 186.199 11.8276 186.261 186.199 
11.927 186.373 186.823 11.9432 186.443 187.039 11.9581 186.725 187.658 
11.9451 186.734 187.729 11.944 187.068 188.351 11.9471 187.091 188.481 
11.8691 187.282 188.963 11.8851 187.375 189.282 11.8309 187.473 189.747 
11.8351 187.479 189.767 11.8589 187.537 190.164 11.8132 187.598 190.377 
11.7711 187.701 190.832 11.7494 187.704 190.899 11.7102 187.756 191.099 
11.7036 187.782 191.181 11.7075 187.805 191.324 11.6367 187.804 191.71 
11.6372 187.807 191.735 11.5795 187.883 192.074 11.385 187.864 192.561 
11.2234 187.824 192.92 11.1395 187.854 193.187 11.1389 187.851 193.204 
11.1244 187.863 193.4 10.9006 187.793 194.056 10.8995 187.794 194.062 
10.8518 187.831 194.244 10.7954 187.728 194.933 10.7715 187.738 195.005 
10.6889 187.776 195.501 10.6745 187.626 196.19 10.6938 187.611 196.276 
10.7274 187.565 196.45 10.7304 187.423 197.119 10.769 187.354 197.335 
10.8095 187.318 197.568 10.9204 187.324 197.827 11.1026 187.198 198.216 
11.3425 187.177 198.482 11.3515 187.177 198.492 11.3622 187.178 198.502 
11.6086 187.162 198.673 11.6718 187.145 198.725 11.767 187.097 198.803 
11.7678 187.097 198.803 12.3292 187.131 199.343 12.3863 187.14 199.4 
12.4139 187.143 199.416 12.6404 187.143 199.573 12.8332 187.147 199.664 
13.0029 187.118 199.748 13.0769 187.114 199.787 13.2075 187.107 199.839 
13.2701 187.107 199.865 13.6335 187.096 200.052 13.6498 187.095 200.055 
13.7378 187.104 200.084 14.0117 187.06 200.123 14.1952 187.019 200.136 
14.6752 186.986 200.132 14.7132 186.987 200.136 15.234 186.908 200.112 
15.3467 186.893 200.098 15.7423 186.882 199.974 16.0688 186.932 199.869 
16.3473 187.043 199.739 16.605 187.135 199.554 16.7235 187.182 199.422 
16.8632 187.274 199.282 16.9657 187.328 199.171 17.1069 187.404 198.967 
17.1395 187.43 198.909 17.1649 187.462 198.848 17.1649 187.462 198.848 
17.2835 187.565 198.639 17.3053 187.596 198.6 17.3053 187.596 198.6 
17.5072 187.895 198.149 17.7519 188.092 197.748 17.7808 188.111 197.719 
18.0743 188.194 197.121 18.1032 188.219 197.047 18.1498 188.222 196.908 
18.1536 188.22 196.897 18.2952 188.188 196.607 18.4851 188.058 196.111 
18.4945 188.029 195.997 18.5077 188.017 195.904 18.543 187.921 195.561 
18.553 187.89 195.495 18.6332 187.667 194.908 18.6343 187.666 194.902 
18.7397 187.503 194.582 18.8642 187.373 194.312 18.8797 187.365 194.212 
18.8931 187.341 194.098 18.9426 187.289 193.915 18.9489 187.28 193.89 
18.9779 187.198 193.755 18.9784 187.196 193.753 19.0008 187.151 193.679 
19.013 187.136 193.655 19.0206 187.123 193.639 19.1022 186.981 193.44 
19.1108 186.968 193.419 19.2897 186.65 193.077 19.3481 186.571 192.967 
19.5411 186.09 192.558 19.58 185.923 192.4 19.7966 185.533 192.177 
19.8234 185.494 192.162 19.9562 185.241 192.119 19.9989 184.948 191.999 
20.3416 184.071 191.711 20.3601 184.024 191.706 20.426 183.924 191.657 
20.8609 183.446 191.705 21.2156 182.761 191.886 21.446 182.355 191.878 
21.5245 182.189 191.919 21.655 181.934 191.941 21.7137 181.801 191.98 
21.8498 181.429 192.094 21.8538 181.413 192.094 21.8695 181.353 192.092 
22.0886 180.889 192.176 22.2624 180.495 192.446 22.3787 180.341 192.53 
22.6327 179.91 192.57 22.8637 179.334 192.78 23.0414 178.983 193.016 
23.0654 178.862 193.037 23.0719 178.831 193.04 23.0778 178.818 193.044 
23.2193 178.361 193.19 23.3076 177.909 193.397 23.3737 177.671 193.406 
23.4142 177.502 193.473 23.5911 177.008 193.679 23.596 176.987 193.682 
23.596 176.987 193.682 24.0442 176.287 194.014 24.0772 176.09 194.071 
24.0473 175.992 194.12 24.0473 175.991 194.121 24.1307 175.67 194.267 
24.1314 175.667 194.268 24.2074 175.1 194.464 24.2148 175.067 194.49 
24.343 174.542 194.802 24.3441 174.528 194.808 24.3441 174.528 194.808 
24.3357 174.392 194.899 24.3357 174.392 194.899 24.3349 174.235 194.965 
24.3272 174.104 195.037 24.3237 173.989 195.115 24.3651 173.696 195.315 
24.435 173.442 195.474 24.4461 173.274 195.606 24.4461 173.238 195.622 
24.4455 173.197 195.643 24.4322 173.052 195.716 24.4258 172.834 195.805 
24.4349 172.572 195.96 24.4295 172.447 196.021 24.4909 172.232 196.107 
24.5096 172.022 196.243 24.5036 171.905 196.328 24.4924 171.715 196.43 
24.4677 171.539 196.543 24.4348 171.308 196.749 24.4451 171.218 196.801 
24.4426 171.209 196.808 24.49 170.851 197.086 24.5031 170.659 197.202 
24.4559 170.305 197.493 24.4003 170.024 197.723 24.3783 169.935 197.816 
24.321 169.564 197.97 24.1107 169.167 198.313 24.1019 169.155 198.317 
24.0468 169.026 198.355 -20.2474 161.614 127.202 -20.252 161.611 127.2 
-20.252 161.611 127.2 -20.61 161.414 127.02 -20.6177 161.409 127.018 
-20.7152 161.345 127.019 -21.3142 160.886 126.879 -21.3142 160.886 126.879 
-21.3275 160.876 126.876 -21.5903 160.68 126.829 -21.6066 160.67 126.83 
-22.1552 160.276 126.889 -22.2135 160.213 126.906 -22.3336 160.086 126.971 
-22.8549 159.653 127.37 -23.022 159.482 127.611 -23.0382 159.453 127.639 
-23.0387 159.453 127.64 -23.1502 159.287 127.846 -23.19 159.23 127.916 
-23.2347 159.143 128.107 -23.2861 159.037 128.526 -23.2883 159.035 128.539 
-23.2888 159.037 128.562 -23.4581 158.926 129.154 -23.4584 158.926 129.162 
-23.4718 158.929 129.347 -23.4731 158.95 129.493 -23.4726 158.953 129.505 
-23.4813 159.004 129.666 -23.4727 159.059 129.825 -23.4583 159.095 129.969 
-23.4397 159.15 130.276 -23.4036 159.21 130.406 -23.3449 159.267 130.569 
-23.2936 159.346 130.715 -23.2936 159.346 130.715 -23.134 159.617 131.12 
-23.134 159.617 131.12 -23.0882 159.673 131.265 -22.9572 159.986 131.622 
-22.8731 160.192 131.802 -22.8677 160.206 131.812 -22.6831 160.445 132.109 
-22.6138 160.581 132.222 -22.4898 160.913 132.355 -22.4481 160.988 132.372 
-22.267 161.281 132.479 -22.2037 161.371 132.536 -22.0805 161.532 132.623 
-21.8089 161.876 132.78 -21.7927 161.885 132.779 -21.4285 162.465 133.023 
-21.3315 162.668 133.055 -21.2747 162.737 133.07 -21.224 162.795 133.092 
-21.0819 162.938 133.148 -21.0354 162.992 133.164 -20.8438 163.272 133.261 
-20.8332 163.291 133.263 -20.8304 163.295 133.263 -20.5406 163.695 133.392 
-20.2339 164.13 133.323 -20.2323 164.134 133.324 -19.9863 164.54 133.473 
-19.9345 164.639 133.493 -19.7913 164.89 133.559 -19.6105 165.259 133.614 
-19.3209 165.663 133.844 -19.2946 165.765 133.913 -19.1851 165.992 134.059 
-19.1548 166.05 134.105 -19.0021 166.313 134.451 -18.9152 166.563 134.716 
-18.9129 166.567 134.719 -18.8279 166.751 134.891 -18.7631 166.862 135.045 
-18.6644 167.02 135.298 -18.6558 167.03 135.33 -18.6187 167.07 135.433 
-18.4582 167.256 135.782 -18.2962 167.494 136.253 -18.1907 167.809 136.626 
-18.0626 167.921 137.047 -17.9812 167.998 137.252 -17.9701 168.014 137.294 
-17.964 168.022 137.313 -17.9268 168.038 137.392 -17.7503 168.132 137.966 
-17.7357 168.122 138.037 -17.7357 168.122 138.037 -17.5897 168.14 138.635 
-17.5859 168.143 138.643 -17.4422 168.226 139.108 -17.3628 168.203 139.397 
-17.3619 168.203 139.401 -17.1258 168.315 139.95 -17.0434 168.328 140.094 
-16.9178 168.385 140.577 -16.8924 168.426 140.724 -16.8289 168.501 141.375 
-16.8061 168.438 141.541 -16.7991 168.425 141.987 -16.786 168.486 142.462 
-16.7162 168.454 142.802 -16.6739 168.44 143.087 -16.7192 168.413 143.297 
-16.8554 168.289 144.227 -16.855 168.288 144.228 -16.8499 168.286 144.249 
-16.8499 168.286 144.249 -16.8344 168.27 144.404 -16.8315 168.265 144.436 
-16.8166 168.124 144.925 -17.0438 168.029 145.646 -17.0646 168.025 145.672 
-17.0646 168.025 145.672 -17.0708 168.024 145.681 -17.1015 168.014 145.755 
-17.1284 168.001 145.819 -17.2338 167.936 146.012 -17.236 167.935 146.016 
-17.3645 167.862 146.252 -17.8011 167.636 146.803 -18.1107 167.475 147.096 
-18.2228 167.409 147.303 -18.3531 167.373 147.496 -18.3708 167.369 147.521 
-18.5045 167.356 147.677 -18.7243 167.282 147.911 -18.8021 167.25 147.992 
-19.1689 167.159 148.248 -19.3296 167.153 148.35 -19.3435 167.154 148.358 
-19.961 166.975 148.763 -20.1846 166.887 148.812 -20.6138 166.752 148.975 
-20.6238 166.75 148.981 -20.9229 166.642 149.133 -21.5315 166.29 149.303 
-21.5441 166.286 149.31 -21.9614 166.074 149.39 -22.1763 165.917 149.415 
-22.4539 165.727 149.441 -22.8772 165.398 149.587 -23.0842 165.26 149.632 
-23.1345 165.205 149.653 -23.1345 165.205 149.653 -23.5016 164.8 149.698 
-23.5251 164.775 149.698 -23.5317 164.767 149.699 -23.6663 164.618 149.731 
-23.6751 164.608 149.735 -23.9547 164.266 149.814 -24.1089 164.052 149.824 
-24.1282 164.024 149.834 -24.1282 164.024 149.834 -24.2857 163.82 149.891 
-24.6207 163.448 149.961 -24.7139 163.319 149.98 -24.8485 163.087 150.025 
-24.8696 163.045 150.024 -24.9042 162.915 150.035 -25.2508 162.195 150.131 
-25.352 162.051 150.171 -25.462 161.74 150.201 -25.5362 161.499 150.193 
-25.5368 161.497 150.193 -25.7302 160.899 150.263 -25.7625 160.761 150.305 
-25.7674 160.737 150.317 -26.1124 159.751 150.428 -26.1911 159.555 150.427 
-26.2155 158.985 150.438 -26.3114 158.331 150.409 -26.3016 158.221 150.404 
-26.2656 157.916 150.461 -26.2434 157.795 150.506 -26.1527 157.284 150.645 
-26.1458 157.253 150.652 -25.9055 156.41 150.641 -25.8629 156.269 150.654 
-25.8629 156.269 150.654 -25.7899 155.858 150.581 -25.748 155.7 150.574 
-25.4615 154.777 150.695 -25.4185 154.642 150.683 -25.4013 154.586 150.672 
-25.2287 154.271 150.526 -25.1142 154.066 150.467 -24.9443 153.711 150.468 
-24.3239 153.018 150.346 -24.1583 152.825 150.222 -24.0772 152.746 150.18 
-23.8771 152.578 150.071 -23.631 152.437 150.024 -23.5987 152.411 150.017 
-23.1654 152.055 149.857 -23.0405 151.973 149.822 -22.573 151.655 149.601 
-22.4947 151.608 149.588 -22.2504 151.518 149.564 -21.6627 151.398 149.449 
-21.6014 151.387 149.434 -21.4971 151.372 149.394 -21.1107 151.297 149.304 
-20.4702 151.145 149.211 -20.2539 151.088 149.097 -19.8695 151.008 148.954 
-19.299 150.864 148.831 -19.1497 150.819 148.806 -19.0964 150.801 148.783 
-18.8513 150.73 148.717 -18.6091 150.683 148.683 -18.2418 150.596 148.671 
-18.1898 150.585 148.682 -17.2769 150.411 148.696 -16.9656 150.472 148.736 
-16.8096 150.565 148.705 -16.7 150.588 148.713 -15.6437 150.735 149.016 
-15.4867 150.738 149.095 -15.101 150.837 149.212 -14.4291 151.035 149.315 
-14.3475 151.075 149.389 -14.1807 151.205 149.579 -13.557 151.743 150.053 
-13.4317 151.848 150.091 -13.3138 151.983 150.176 -12.6274 152.626 150.339 
-12.3508 153.078 150.592 -12.1768 153.335 150.768 -11.9877 153.566 150.816 
-11.709 154.092 150.974 -11.706 154.096 150.976 -11.6178 154.233 151.05 
-11.4426 154.729 151.283 -11.018 155.302 151.535 -11.0151 155.305 151.536 
-10.97 155.411 151.584 -10.8705 155.76 151.761 -10.7728 156.003 151.871 
-10.622 156.39 152.047 -10.5567 156.514 152.103 -10.5562 156.515 152.104 
-10.4292 156.689 152.189 -10.1593 157.356 152.716 -10.1583 157.358 152.717 
-9.94185 157.587 152.867 -9.74519 157.897 153.046 -9.59603 158.187 153.245 
-9.26799 158.585 153.527 -9.17928 158.67 153.609 -9.17588 158.673 153.611 
-9.11663 158.726 153.658 -8.95205 158.851 153.807 -8.87815 158.917 153.861 
-8.66693 159.128 153.986 -8.63437 159.154 154.006 -8.43215 159.306 154.158 
-8.38939 159.339 154.192 -8.32429 159.375 154.234 -8.14136 159.62 154.475 
-8.1232 159.642 154.494 -7.89845 159.885 154.678 -7.61151 160.161 154.872 
-7.59108 160.176 154.898 -7.45886 160.299 155.026 -7.3412 160.432 155.173 
-7.17405 160.557 155.314 -7.06255 160.655 155.419 -7.01666 160.691 155.465 
-6.79675 160.847 155.699 -6.6943 160.921 155.851 -6.47188 161.068 156.123 
-6.30789 161.179 156.222 -6.20431 161.255 156.267 -6.20305 161.256 156.268 
-6.01203 161.441 156.392 -5.81617 161.632 156.529 -5.685 161.748 156.669 
-5.65268 161.781 156.702 -5.44421 161.974 156.933 -5.4421 161.977 156.937 
-5.03083 162.41 157.385 -5.02583 162.416 157.394 -4.85407 162.579 157.618 
-4.6333 162.776 157.946 -4.26291 163.146 158.668 -4.21639 163.202 158.74 
-4.20481 163.212 158.754 -4.20481 163.212 158.754 -4.10514 163.333 158.902 
-4.08666 163.348 158.926 -3.77397 163.637 159.365 -3.67612 163.773 159.615 
-3.51185 163.941 160.004 -3.50601 163.954 160.024 -3.44724 164.127 160.324 
-3.43308 164.158 160.386 -3.43178 164.165 160.396 -3.3937 164.26 160.609 
-3.32532 164.542 161.154 -3.31461 164.57 161.25 -3.3206 164.638 161.468 
-3.31814 164.69 161.633 -3.27129 164.946 162.1 -3.30596 165.059 162.337 
-3.30846 165.08 162.386 -3.30669 165.152 162.589 -3.31098 165.289 162.851 
-3.36022 165.374 163.1 -3.49566 165.508 163.436 -3.50713 165.526 163.463 
-3.5156 165.567 163.542 -3.71175 165.826 164.154 -3.73468 165.846 164.195 
-3.81533 165.934 164.362 -3.91605 166.114 164.669 -3.9985 166.213 164.811 
-4.00018 166.215 164.814 -4.10199 166.31 165.119 -4.18963 166.381 165.323 
-4.20402 166.397 165.355 -4.21827 166.408 165.382 -4.27175 166.449 165.471 
-4.51992 166.642 165.961 -4.60461 166.728 166.136 -4.61399 166.735 166.155 
-4.83397 166.91 166.493 -4.88404 166.948 166.563 -4.98049 167.011 166.693 
-5.5745 167.441 167.579 -6.0674 167.622 168.02 -6.09247 167.643 168.082 
-6.16686 167.706 168.249 -6.22225 167.8 168.434 -6.64782 168.103 168.91 
-6.70501 168.151 168.975 -6.85675 168.23 169.092 -6.86049 168.232 169.095 
-7.20421 168.469 169.476 -7.49032 168.555 169.706 -7.93152 168.804 170.109 
-7.99897 168.86 170.22 -7.99897 168.86 170.22 -8.08348 168.926 170.298 
-8.36417 169.129 170.55 -8.37034 169.134 170.557 -8.49353 169.241 170.662 
-8.69793 169.527 171.049 -8.73328 169.563 171.084 -9.06351 169.891 171.416 
-9.27238 170.276 171.609 -9.32335 170.358 171.732 -9.3791 170.642 172.101 
-9.38067 170.648 172.107 -9.39165 170.737 172.198 -9.55178 171.159 172.476 
-9.61385 171.283 172.52 -9.69902 171.734 172.903 -9.73618 172.298 173.273 
-9.68509 172.415 173.483 -9.66389 172.497 173.537 -9.66319 172.499 173.538 
-9.6163 172.676 173.632 -9.6163 172.676 173.632 -9.60786 173.162 173.994 
-9.61365 173.235 174.092 -9.64008 173.385 174.166 -9.64029 173.386 174.166 
-9.65467 173.491 174.198 -9.65467 173.491 174.198 -9.65442 173.581 174.226 
-9.65441 173.582 174.226 -9.64792 173.77 174.354 -9.61323 173.887 174.433 
-9.5341 174.095 174.604 -9.51424 174.342 174.734 -9.46561 174.563 175.006 
-9.39025 174.75 175.172 -9.3896 174.751 175.173 -9.34636 174.867 175.269 
-9.20266 175.073 175.425 -9.18653 175.092 175.436 -9.03424 175.307 175.603 
-8.99067 175.369 175.669 -8.92068 175.498 175.754 -8.90993 175.518 175.771 
-8.62986 176.015 175.953 -8.61853 176.042 175.976 -8.35605 176.489 176.215 
-8.31544 176.546 176.253 -8.3079 176.562 176.263 -8.12396 176.8 176.338 
-8.06256 176.923 176.394 -7.94738 177.091 176.441 -7.87656 177.158 176.473 
-7.43348 177.544 176.635 -7.29188 177.627 176.68 -7.26924 177.656 176.699 
-7.03351 177.968 176.834 -6.90057 178.09 176.877 -6.875 178.115 176.891 
-6.67172 178.285 176.942 -6.29067 178.595 176.956 -6.24592 178.65 176.963 
-6.20569 178.681 176.968 -5.98801 178.836 177 -5.83405 178.964 177.036 
-5.38777 179.231 177.047 -4.91406 179.456 177.046 -4.88201 179.456 177.049 
-4.25164 179.82 176.928 -3.9308 179.937 176.93 -3.3764 180.049 176.882 
-3.20833 180.079 176.823 -2.90467 180.195 176.756 -2.4064 180.372 176.63 
-1.9812 180.503 176.481 -1.9812 180.503 176.481 -1.89925 180.528 176.452 
-1.72414 180.635 176.403 -1.09683 180.774 176.385 -1.02667 180.787 176.377 
-0.784756 180.757 176.433 -0.773622 180.756 176.436 -0.597949 180.788 176.472 
-0.597949 180.788 176.472 0.0169079 180.898 176.6 0.345443 180.995 176.574 
0.777545 181.048 176.727 1.07845 181.151 176.804 1.59835 181.3 176.982 
1.62378 181.304 176.986 1.63599 181.307 176.989 1.84895 181.361 177.069 
2.08813 181.454 177.138 2.14419 181.47 177.145 3.02143 181.78 177.382 
3.11775 181.789 177.432 3.50663 181.809 177.592 3.9512 181.989 177.774 
3.96724 181.994 177.778 4.09063 182.021 177.81 4.10253 182.024 177.813 
4.53969 182.228 177.956 4.96575 182.401 178.128 5.15318 182.484 178.219 
5.3301 182.562 178.347 5.50757 182.662 178.508 5.53422 182.673 178.533 
6.00538 182.808 178.807 6.16326 182.87 178.891 6.40823 182.903 179.063 
6.53474 182.938 179.146 6.92969 183.061 179.416 7.37381 183.189 179.691 
7.43232 183.202 179.746 7.44413 183.203 179.756 8.25694 183.421 180.285 
8.3409 183.413 180.359 8.84137 183.509 180.739 8.98261 183.521 180.848 
9.02789 183.53 180.887 9.22267 183.618 181.052 9.59358 183.889 181.432 
9.84122 184.017 181.6 9.95875 184.116 181.695 10.0615 184.226 181.867 
10.286 184.411 182.17 10.3279 184.444 182.248 10.3297 184.446 182.252 
10.3407 184.456 182.273 10.5143 184.635 182.612 10.5617 184.679 182.68 
10.6452 184.751 182.856 10.726 184.828 182.984 10.7887 184.87 183.082 
10.8831 184.961 183.272 11.0029 185.097 183.439 11.1238 185.212 183.657 
11.1392 185.216 183.684 11.3676 185.405 184.386 11.4741 185.508 184.629 
11.5745 185.736 184.937 11.668 185.859 185.358 11.6789 185.881 185.401 
11.7242 185.944 185.551 11.7626 186.041 185.755 11.7888 186.189 186.043 
11.7898 186.191 186.047 11.8263 186.254 186.183 11.8276 186.261 186.199 
11.8276 186.261 186.199 11.927 186.373 186.823 11.9432 186.443 187.039 
11.9581 186.725 187.658 11.9451 186.734 187.729 11.944 187.068 188.351 
11.9471 187.091 188.481 11.8691 187.282 188.963 11.8851 187.375 189.282 
11.8309 187.473 189.747 11.8351 187.479 189.767 11.8589 187.537 190.164 
11.8132 187.598 190.377 11.7711 187.701 190.832 11.7494 187.704 190.899 
11.7102 187.756 191.099 11.7036 187.782 191.181 11.7075 187.805 191.324 
11.6367 187.804 191.71 11.6372 187.807 191.735 11.5795 187.883 192.074 
11.385 187.864 192.561 11.2234 187.824 192.92 11.1395 187.854 193.187 
11.1389 187.851 193.204 11.1244 187.863 193.4 10.9006 187.793 194.056 
10.8995 187.794 194.062 10.8518 187.831 194.244 10.7954 187.728 194.933 
10.7715 187.738 195.005 10.6889 187.776 195.501 10.6745 187.626 196.19 
10.6938 187.611 196.276 10.7274 187.565 196.45 10.7304 187.423 197.119 
10.769 187.354 197.335 10.8095 187.318 197.568 10.9204 187.324 197.827 
11.1026 187.198 198.216 11.3425 187.177 198.482 11.3515 187.177 198.492 
11.3622 187.178 198.502 11.6086 187.162 198.673 11.6718 187.145 198.725 
11.767 187.097 198.803 11.7678 187.097 198.803 12.3292 187.131 199.343 
12.3863 187.14 199.4 12.4139 187.143 199.416 12.6404 187.143 199.573 
12.8332 187.147 199.664 13.0029 187.118 199.748 13.0769 187.114 199.787 
13.2075 187.107 199.839 13.2701 187.107 199.865 13.6335 187.096 200.052 
13.6498 187.095 200.055 13.7378 187.104 200.084 14.0117 187.06 200.123 
14.1952 187.019 200.136 14.6752 186.986 200.132 14.7132 186.987 200.136 
15.234 186.908 200.112 15.3467 186.893 200.098 15.7423 186.882 199.974 
16.0688 186.932 199.869 16.3473 187.043 199.739 16.605 187.135 199.554 
16.7235 187.182 199.422 16.8632 187.274 199.282 16.9657 187.328 199.171 
17.1069 187.404 198.967 17.1395 187.43 198.909 17.1649 187.462 198.848 
17.1649 187.462 198.848 17.2835 187.565 198.639 17.3053 187.596 198.6 
17.3053 187.596 198.6 17.5072 187.895 198.149 17.7519 188.092 197.748 
17.7808 188.111 197.719 18.0743 188.194 197.121 18.1032 188.219 197.047 
18.1498 188.222 196.908 18.1536 188.22 196.897 18.2952 188.188 196.607 
18.4851 188.058 196.111 18.4945 188.029 195.997 18.5077 188.017 195.904 
18.543 187.921 195.561 18.553 187.89 195.495 18.6332 187.667 194.908 
18.6343 187.666 194.902 18.7397 187.503 194.582 18.8642 187.373 194.312 
18.8797 187.365 194.212 18.8931 187.341 194.098 18.9426 187.289 193.915 
18.9489 187.28 193.89 18.9779 187.198 193.755 18.9784 187.196 193.753 
19.0008 187.151 193.679 19.013 187.136 193.655 19.0206 187.123 193.639 
19.1022 186.981 193.44 19.1108 186.968 193.419 19.2897 186.65 193.077 
19.3481 186.571 192.967 19.5411 186.09 192.558 19.58 185.923 192.4 
19.7966 185.533 192.177 19.8234 185.494 192.162 19.9562 185.241 192.119 
19.9989 184.948 191.999 20.3416 184.071 191.711 20.3601 184.024 191.706 
20.426 183.924 191.657 20.8609 183.446 191.705 21.2156 182.761 191.886 
21.446 182.355 191.878 21.5245 182.189 191.919 21.655 181.934 191.941 
21.7137 181.801 191.98 21.8498 181.429 192.094 21.8538 181.413 192.094 
21.8695 181.353 192.092 22.0886 180.889 192.176 22.2624 180.495 192.446 
22.3787 180.341 192.53 22.6327 179.91 192.57 22.8637 179.334 192.78 
23.0414 178.983 193.016 23.0654 178.862 193.037 23.0719 178.831 193.04 
23.0778 178.818 193.044 23.2193 178.361 193.19 23.3076 177.909 193.397 
23.3737 177.671 193.406 23.4142 177.502 193.473 23.5911 177.008 193.679 
23.596 176.987 193.682 23.596 176.987 193.682 24.0442 176.287 194.014 
24.0772 176.09 194.071 24.0473 175.992 194.12 24.0473 175.991 194.121 
24.1307 175.67 194.267 24.1314 175.667 194.268 24.2074 175.1 194.464 
24.2148 175.067 194.49 24.343 174.542 194.802 24.3441 174.528 194.808 
24.3441 174.528 194.808 24.3357 174.392 194.899 24.3357 174.392 194.899 
24.3349 174.235 194.965 24.3272 174.104 195.037 24.3237 173.989 195.115 
24.3651 173.696 195.315 24.435 173.442 195.474 24.4461 173.274 195.606 
24.4461 173.238 195.622 24.4455 173.197 195.643 24.4322 173.052 195.716 
24.4258 172.834 195.805 24.4349 172.572 195.96 24.4295 172.447 196.021 
24.4909 172.232 196.107 24.5096 172.022 196.243 24.5036 171.905 196.328 
24.4924 171.715 196.43 24.4677 171.539 196.543 24.4348 171.308 196.749 
24.4451 171.218 196.801 24.4474 171.213 196.803 24.5383 170.761 197.148 
24.5715 170.377 197.47 24.6075 170.201 197.555 24.5981 169.72 198.028 
24.6018 169.711 198.04 24.6018 169.711 198.04 24.6119 169.685 198.073 
24.7086 169.453 198.308 24.8543 169.212 198.694 24.9256 169.221 198.92 
24.9271 169.222 198.925 24.9446 169.251 199.046 24.9446 169.251 199.046 
25.0029 169.276 199.159 25.1082 169.299 199.297 25.1082 169.299 199.297 
25.2981 169.446 199.465 25.3019 169.449 199.468 25.6105 169.732 199.954 
25.8125 169.953 200.196 26.0063 170.144 200.447 26.0508 170.176 200.473 
26.2421 170.319 200.704 26.2708 170.352 200.735 26.4738 170.479 200.936 
26.4911 170.495 200.945 26.6558 170.642 201.056 26.6857 170.655 201.085 
26.8733 170.781 201.337 26.9417 170.791 201.485 27.0294 170.801 201.604 
27.2758 170.949 201.945 27.2765 170.95 201.946 27.359 170.951 202.081 
27.3695 170.953 202.093 27.396 170.962 202.129 27.4922 170.974 202.283 
27.4966 170.975 202.29 27.5635 170.981 202.362 27.6201 170.992 202.448 
27.9551 171.07 202.936 27.9705 171.087 202.946 28.3442 171.34 203.238 
28.4502 171.413 203.585 28.4699 171.413 203.803 28.5838 171.429 204.113 
28.5842 171.428 204.124 28.6299 171.399 204.314 28.7335 171.482 204.578 
28.7347 171.451 204.789 28.7952 171.449 205.111 28.8159 171.465 205.198 
28.8161 171.465 205.199 28.8771 171.363 205.56 28.9535 171.325 205.732 
28.9545 171.325 205.737 29.0267 171.18 206.105 29.0367 171.085 206.373 
29.0393 171.048 206.484 29.0124 170.982 206.691 29.0142 170.978 206.706 
29.0178 170.97 206.733 29.0184 170.968 206.74 28.999 170.859 206.955 
28.9932 170.825 207.002 28.9809 170.799 207.052 28.9552 170.758 207.146 
28.9246 170.692 207.34 28.9293 170.69 207.476 28.8547 170.71 207.734 
28.7184 170.559 208.091 28.6888 170.551 208.221 28.6762 170.5 208.378 
28.6084 170.403 208.626 28.59 170.379 208.668 28.4949 170.29 208.783 
28.4763 170.275 208.816 28.3113 170.049 209.18 28.143 169.836 209.495 
28.1156 169.603 209.731 28.0738 169.525 209.783 27.8498 169.325 210.043 
27.6345 169.133 210.201 
LINES 20 2115
2 0 1 
7 2 3 4 5 6 7 8 
32 9 10 11 12 13 14 15 16 17 18 19 20 21 22 23 24 25 26 27 28 29 30 31 32 33 34 35 36 37 38 39 40 
2 41 42 
5 43 44 45 46 47 
415 48 49 50 51 52 53 54 55 56 57 58 59 60 61 62 63 64 65 66 67 68 69 70 71 72 73 74 75 76 77 78 79 80 81 82 83 84 85 86 87 88 89 90 91 92 93 94 95 96 97 98 99 100 101 102 103 104 105 106 107 108 109 110 111 112 113 114 115 116 117 118 119 120 121 122 123 124 125 126 127 128 129 130 131 132 133 134 135 136 137 138 139 140 141 142 143 144 145 146 147 148 149 150 151 152 153 154 155 156 157 158 159 160 161 162 163 164 165 166 167 168 169 170 171 172 173 174 175 176 177 178 179 180 181 182 183 184 185 186 187 188 189 190 191 192 193 194 195 196 197 198 199 200 201 202 203 204 205 206 207 208 209 210 211 212 213 214 215 216 217 218 219 220 221 222 223 224 225 226 227 228 229 230 231 232 233 234 235 236 237 238 239 240 241 242 243 244 245 246 247 248 249 250 251 252 253 254 255 256 257 258 259 260 261 262 263 264 265 266 267 268 269 270 271 272 273 274 275 276 277 278 279 280 281 282 283 284 285 286 287 288 289 290 291 292 293 294 295 296 297 298 299 300 301 302 303 304 305 306 307 308 309 310 311 312 313 314 315 316 317 318 319 320 321 322 323 324 325 326 327 328 329 330 331 332 333 334 335 336 337 338 339 340 341 342 343 344 345 346 347 348 349 350 351 352 353 354 355 356 357 358 359 360 361 362 363 364 365 366 367 368 369 370 371 372 373 374 375 376 377 378 379 380 381 382 383 384 385 386 387 388 389 390 391 392 393 394 395 396 397 398 399 400 401 402 403 404 405 406 407 408 409 410 411 412 413 414 415 416 417 418 419 420 421 422 423 424 425 426 427 428 429 430 431 432 433 434 435 436 437 438 439 440 441 442 443 444 445 446 447 448 449 450 451 452 453 454 455 456 457 458 459 460 461 462 
7 463 464 465 466 467 468 469 
193 470 471 472 473 474 475 476 477 478 479 480 481 482 483 484 485 486 487 488 489 490 491 492 493 494 495 496 497 498 499 500 501 502 503 504 505 506 507 508 509 510 511 512 513 514 515 516 517 518 519 520 521 522 523 524 525 526 527 528 529 530 531 532 533 534 535 536 537 538 539 540 541 542 543 544 545 546 547 548 549 550 551 552 553 554 555 556 557 558 559 560 561 562 563 564 565 566 567 568 569 570 571 572 573 574 575 576 577 578 579 580 581 582 583 584 585 586 587 588 589 590 591 592 593 594 595 596 597 598 599 600 601 602 603 604 605 606 607 608 609 610 611 612 613 614 615 616 617 618 619 620 621 622 623 624 625 626 627 628 629 630 631 632 633 634 635 636 637 638 639 640 641 642 643 644 645 646 647 648 649 650 651 652 653 654 655 656 657 658 659 660 661 662 
2 663 664 
5 665 666 667 668 669 
413 670 671 672 673 674 675 676 677 678 679 680 681 682 683 684 685 686 687 688 689 690 691 692 693 694 695 696 697 698 699 700 701 702 703 704 705 706 707 708 709 710 711 712 713 714 715 716 717 718 719 720 721 722 723 724 725 726 727 728 729 730 731 732 733 734 735 736 737 738 739 740 741 742 743 744 745 746 747 748 749 750 751 752 753 754 755 756 757 758 759 760 761 762 763 764 765 766 767 768 769 770 771 772 773 774 775 776 777 778 779 780 781 782 783 784 785 786 787 788 789 790 791 792 793 794 795 796 797 798 799 800 801 802 803 804 805 806 807 808 809 810 811 812 813 814 815 816 817 818 819 820 821 822 823 824 825 826 827 828 829 830 831 832 833 834 835 836 837 838 839 840 841 842 843 844 845 846 847 848 849 850 851 852 853 854 855 856 857 858 859 860 861 862 863 864 865 866 867 868 869 870 871 872 873 874 875 876 877 878 879 880 881 882 883 884 885 886 887 888 889 890 891 892 893 894 895 896 897 898 899 900 901 902 903 904 905 906 907 908 909 910 911 912 913 914 915 916 917 918 919 920 921 922 923 924 925 926 927 928 929 930 931 932 933 934 935 936 937 938 939 940 941 942 943 944 945 946 947 948 949 950 951 952 953 954 955 956 957 958 959 960 961 962 963 964 965 966 967 968 969 970 971 972 973 974 975 976 977 978 979 980 981 982 983 984 985 986 987 988 989 990 991 992 993 994 995 996 997 998 999 1000 1001 1002 1003 1004 1005 1006 1007 1008 1009 1010 1011 1012 1013 1014 1015 1016 1017 1018 1019 1020 1021 1022 1023 1024 1025 1026 1027 1028 1029 1030 1031 1032 1033 1034 1035 1036 1037 1038 1039 1040 1041 1042 1043 1044 1045 1046 1047 1048 1049 1050 1051 1052 1053 1054 1055 1056 1057 1058 1059 1060 1061 1062 1063 1064 1065 1066 1067 1068 1069 1070 1071 1072 1073 1074 1075 1076 1077 1078 1079 1080 1081 1082 
8 1083 1084 1085 1086 1087 1088 1089 1090 
251 1091 1092 1093 1094 1095 1096 1097 1098 1099 1100 1101 1102 1103 1104 1105 1106 1107 1108 1109 1110 1111 1112 1113 1114 1115 1116 1117 1118 1119 1120 1121 1122 1123 1124 1125 1126 1127 1128 1129 1130 1131 1132 1133 1134 1135 1136 1137 1138 1139 1140 1141 1142 1143 1144 1145 1146 1147 1148 1149 1150 1151 1152 1153 1154 1155 1156 1157 1158 1159 1160 1161 1162 1163 1164 1165 1166 1167 1168 1169 1170 1171 1172 1173 1174 1175 1176 1177 1178 1179 1180 1181 1182 1183 1184 1185 1186 1187 1188 1189 1190 1191 1192 1193 1194 1195 1196 1197 1198 1199 1200 1201 1202 1203 1204 1205 1206 1207 1208 1209 1210 1211 1212 1213 1214 1215 1216 1217 1218 1219 1220 1221 1222 1223 1224 1225 1226 1227 1228 1229 1230 1231 1232 1233 1234 1235 1236 1237 1238 1239 1240 1241 1242 1243 1244 1245 1246 1247 1248 1249 1250 1251 1252 1253 1254 1255 1256 1257 1258 1259 1260 1261 1262 1263 1264 1265 1266 1267 1268 1269 1270 1271 1272 1273 1274 1275 1276 1277 1278 1279 1280 1281 1282 1283 1284 1285 1286 1287 1288 1289 1290 1291 1292 1293 1294 1295 1296 1297 1298 1299 1300 1301 1302 1303 1304 1305 1306 1307 1308 1309 1310 1311 1312 1313 1314 1315 1316 1317 1318 1319 1320 1321 1322 1323 1324 1325 1326 1327 1328 1329 1330 1331 1332 1333 1334 1335 1336 1337 1338 1339 1340 1341 
2 1342 1343 
5 1344 1345 1346 1347 1348 
413 1349 1350 1351 1352 1353 1354 1355 1356 1357 1358 1359 1360 1361 1362 1363 1364 1365 1366 1367 1368 1369 1370 1371 1372 1373 1374 1375 1376 1377 1378 1379 1380 1381 1382 1383 1384 1385 1386 1387 1388 1389 1390 1391 1392 1393 1394 1395 1396 1397 1398 1399 1400 1401 1402 1403 1404 1405 1406 1407 1408 1409 1410 1411 1412 1413 1414 1415 1416 1417 1418 1419 1420 1421 1422 1423 1424 1425 1426 1427 1428 1429 1430 1431 1432 1433 1434 1435 1436 1437 1438 1439 1440 1441 1442 1443 1444 1445 1446 1447 1448 1449 1450 1451 1452 1453 1454 1455 1456 1457 1458 1459 1460 1461 1462 1463 1464 1465 1466 1467 1468 1469 1470 1471 1472 1473 1474 1475 1476 1477 1478 1479 1480 1481 1482 1483 1484 1485 1486 1487 1488 1489 1490 1491 1492 1493 1494 1495 1496 1497 1498 1499 1500 1501 1502 1503 1504 1505 1506 1507 1508 1509 1510 1511 1512 1513 1514 1515 1516 1517 1518 1519 1520 1521 1522 1523 1524 1525 1526 1527 1528 1529 1530 1531 1532 1533 1534 1535 1536 1537 1538 1539 1540 1541 1542 1543 1544 1545 1546 1547 1548 1549 1550 1551 1552 1553 1554 1555 1556 1557 1558 1559 1560 1561 1562 1563 1564 1565 1566 1567 1568 1569 1570 1571 1572 1573 1574 1575 1576 1577 1578 1579 1580 1581 1582 1583 1584 1585 1586 1587 1588 1589 1590 1591 1592 1593 1594 1595 1596 1597 1598 1599 1600 1601 1602 1603 1604 1605 1606 1607 1608 1609 1610 1611 1612 1613 1614 1615 1616 1617 1618 1619 1620 1621 1622 1623 1624 1625 1626 1627 1628 1629 1630 1631 1632 1633 1634 1635 1636 1637 1638 1639 1640 1641 1642 1643 1644 1645 1646 1647 1648 1649 1650 1651 1652 1653 1654 1655 1656 1657 1658 1659 1660 1661 1662 1663 1664 1665 1666 1667 1668 1669 1670 1671 1672 1673 1674 1675 1676 1677 1678 1679 1680 1681 1682 1683 1684 1685 1686 1687 1688 1689 1690 1691 1692 1693 1694 1695 1696 1697 1698 1699 1700 1701 1702 1703 1704 1705 1706 1707 1708 1709 1710 1711 1712 1713 1714 1715 1716 1717 1718 1719 1720 1721 1722 1723 1724 1725 1726 1727 1728 1729 1730 1731 1732 1733 1734 1735 1736 1737 1738 1739 1740 1741 1742 1743 1744 1745 1746 1747 1748 1749 1750 1751 1752 1753 1754 1755 1756 1757 1758 1759 1760 1761 
8 1762 1763 1764 1765 1766 1767 1768 1769 
247 1770 1771 1772 1773 1774 1775 1776 1777 1778 1779 1780 1781 1782 1783 1784 1785 1786 1787 1788 1789 1790 1791 1792 1793 1794 1795 1796 1797 1798 1799 1800 1801 1802 1803 1804 1805 1806 1807 1808 1809 1810 1811 1812 1813 1814 1815 1816 1817 1818 1819 1820 1821 1822 1823 1824 1825 1826 1827 1828 1829 1830 1831 1832 1833 1834 1835 1836 1837 1838 1839 1840 1841 1842 1843 1844 1845 1846 1847 1848 1849 1850 1851 1852 1853 1854 1855 1856 1857 1858 1859 1860 1861 1862 1863 1864 1865 1866 1867 1868 1869 1870 1871 1872 1873 1874 1875 1876 1877 1878 1879 1880 1881 1882 1883 1884 1885 1886 1887 1888 1889 1890 1891 1892 1893 1894 1895 1896 1897 1898 1899 1900 1901 1902 1903 1904 1905 1906 1907 1908 1909 1910 1911 1912 1913 1914 1915 1916 1917 1918 1919 1920 1921 1922 1923 1924 1925 1926 1927 1928 1929 1930 1931 1932 1933 1934 1935 1936 1937 1938 1939 1940 1941 1942 1943 1944 1945 1946 1947 1948 1949 1950 1951 1952 1953 1954 1955 1956 1957 1958 1959 1960 1961 1962 1963 1964 1965 1966 1967 1968 1969 1970 1971 1972 1973 1974 1975 1976 1977 1978 1979 1980 1981 1982 1983 1984 1985 1986 1987 1988 1989 1990 1991 1992 1993 1994 1995 1996 1997 1998 1999 2000 2001 2002 2003 2004 2005 2006 2007 2008 2009 2010 2011 2012 2013 2014 2015 2016 
7 2017 2018 2019 2020 2021 2022 2023 
71 2024 2025 2026 2027 2028 2029 2030 2031 2032 2033 2034 2035 2036 2037 2038 2039 2040 2041 2042 2043 2044 2045 2046 2047 2048 2049 2050 2051 2052 2053 2054 2055 2056 2057 2058 2059 2060 2061 2062 2063 2064 2065 2066 2067 2068 2069 2070 2071 2072 2073 2074 2075 2076 2077 2078 2079 2080 2081 2082 2083 2084 2085 2086 2087 2088 2089 2090 2091 2092 2093 2094 

CELL_DATA 20
FIELD FieldData 4
Blanking 1 20 int
0 1 0 0 1 0 1 0 0 
1 0 1 0 0 1 0 1 0 
1 0 
CenterlineIds 1 20 int
0 0 0 1 1 1 1 1 2 
2 2 2 2 3 3 3 3 3 
3 3 
TractIds 1 20 int
0 1 2 0 1 2 3 4 0 
1 2 3 4 0 1 2 3 4 
5 6 
GroupIds 1 20 int
0 1 2 0 1 3 4 5 0 
1 3 4 6 0 1 3 4 6 
7 8 
POINT_DATA 2095
FIELD FieldData 3
EdgeArray 2 2095 double
376 376 385.31279041 385.31279041 385.31279041 385.31279041 425 425 425 
128 424 424 327 327 521 521 545.8 545.8 
545.8 545.8 583 583 580 580 580 580 570 
570 682 569 411 685 685 686 686 783 
705 785 705 767 702 702 762 762 762 
762 761 761 761 776 787 776 786 773 
671 759 671 697 696 697 799 748 799 
801 798 798 901 901 888 888 908 910 
911 911 602 602 811 811 1114 1114 1136 
1136 376 376 376.27852 376.0633 376.27852 376.0633 398 381 
401 401 400 400 404.89130435 404.89130435 404.89130435 404.89130435 405 
405 444 408 407 407 433 433 436 436 
167 167 457 457 454 454 438 438 164 
164 468 466 468 467 463 463 186 463 
186 532 278 278 616 619 96 610 640 
640 844 236 843 843 843 846 842 846 
733 842 733 819 666 666 904 904 934 
934 934 934 1179 1013 1179 1013 1179 1011 
1181 1053 1181 1178 1178 976 1426 1426 1019 
1019 1558 1275 1418 282 1413 1361 1556 1556 
256 256 1420 1402 1403 1403 1504 1504 1503 
1247 1247 1501 1345 1501 1767 1508 1771 1771 
1769 1766 1300 1304 1294 1294 1754 1754 1764 
1764 1765 1765 1759 1759 1738 1738 1212 1742 
1836 1836 1722 1722 1847 1847 1826 1723 1788 
1788 964 964 1862 1862 1914 1862 1914 1915 
1921 1920 1956 1812 1956 1951 1952 1951 1990 
1990 1794 1794 1989 2007 1811 1811 1727 1857 
2024 1727 2024 2025 1269 1854 2047 2047 2048 
2048 2048 2048 2080 2059 1929 1929 2086 2086 
2086 2101 2101 2101 2112 2112 1997 2147 2161 
2166 2161 2160 2172 2172 2109 1969 2205 2205 
2169 2169 2211 2212 1649 1649 2187 2187 2173 
2173 2150 2150 2250 2250 2250 2250 2251 2250 
1877 1877 2242 2242 2280 2280 626 626 626 
626 2276 2276 2276 2339 2340 2340 2337 2338 
2310 2337 2330 2330 2237 2237 2122 2327 1387 
1387 2458 2515 2457 2517 2514 2517 2513 2518 
2462 2462 778 2677 2812 2811 2810 2810 2383 
2384 2672 2672 968 2670 968 2939 3165 2806 
2804 2804 2471 2471 3177 3177 2824 2824 3327 
3327 2976 2976 2523 2523 2836 2836 2836 2836 
3520 3520 3324 3520 3324 3523 3524 3523 3525 
3524 3541 3541 3540 3540 3538 3538 3538 3538 
2993 2993 3554 3554 3553 3553 3347 3345 3347 
2588 3358 3358 3562 3562 3675 3675 3667 3667 
3667 3005 3005 3005 3370 3683 3369 2719 2587 
2587 2717 2717 3379 3379 3935 3935 4146 4146 
3956 4142 4155 3956 4155 4152 3220 4161 4169 
3220 4171 4171 3205 3205 3205 3205 3594 3594 
4011 4011 2662 2662 3992 3758 4008 4008 3755 
4010 2858 2858 3793 3793 3792 3792 3792 3063 
4053 4053 3410 3410 3803 3240 3240 3009 3607 
3434 3107 3107 3615 3620 3611 3611 3499 3499 
3503 3498 3488 3498 3054 3054 2771 2771 3121 
3121 2789 2789 3093 3093 3077 3094 3095 3095 
2754 2754 2753 2753 1028 1028 2488 2488 2503 
2503 2497 2497 2500 2500 2500 2742 2746 2742 
2624 2624 2621 2621 3129 3129 3282 3280 3483 
3280 3131 3131 3635 3474 3474 3632 2643 3127 
3819 3819 2606 2606 4047 4047 3766 3766 3263 
3772 3600 3600 4328 4328 4326 4326 4303 4209 
4302 4302 4207 4207 2965 4207 4435 4435 4314 
4314 4314 4205 4205 4205 3403 4417 4424 4423 
4423 3352 4265 4265 3927 4402 3933 3933 4681 
4681 4682 5026 5025 4267 5025 5031 4920 4920 
5061 5061 5062 5050 5046 5046 5049 5045 5141 
5141 5139 5139 4994 5162 5162 3385 5250 4880 
5163 5159 5006 5006 5006 2870 5108 5108 5106 
4986 5106 4508 5303 4508 4779 4779 4387 5296 
4642 4642 3929 3929 3929 4963 4963 4963 5208 
5477 5486 5486 5562 5484 5561 5561 5560 5559 
5571 5547 5066 5599 5599 5097 5720 5720 5657 
5657 5832 5832 5904 5904 5900 5900 5900 5900 
5024 5684 5835 5835 5435 5435 5887 5887 5448 
5732 5776 5448 5776 6087 6086 6087 6085 6086 
6080 6081 5809 5735 6071 5809 6070 6070 5466 
6052 6052 5266 5266 6058 4927 6058 6112 2756 
6026 6026 6027 6027 6280 6279 6281 6279 6315 
6315 5340 6292 6317 6317 6313 6314 6570 6570 
6570 6572 6572 6572 6628 6471 6632 6566 3639 
6632 6683 3639 6674 6674 6686 6686 6693 6693 
6552 6552 6895 6895 6890 6890 6113 6113 7002 
7002 5815 5815 7017 5815 6206 7017 5267 5267 
7418 7418 7424 7424 7424 7176 7176 7176 7325 
7325 5398 5398 7576 7576 7577 7577 7577 7577 
7670 7670 7579 7571 7669 7579 7170 7170 7338 
7497 7730 7730 7823 7823 7872 7871 7873 7873 
7877 7731 7807 7879 7937 7937 7990 7919 7989 
7989 7987 7987 7502 7974 7924 7924 7924 8025 
8025 8025 7800 7800 7800 7800 7821 8012 8165 
8165 8165 8267 8267 8267 8292 8292 8292 8292 
8292 8293 8293 8293 8293 8287 8287 8270 8256 
8161 8257 8162 8285 8285 8393 8330 8393 8403 
8482 8482 8497 8502 8505 8505 8496 8496 8491 
8491 8254 8254 8467 8467 8586 8588 8697 8697 
8463 8463 8462 8462 8566 8566 8683 8683 8557 
8557 8675 8675 8777 8777 8776 8776 8785 8672 
8890 8899 8905 8903 8894 8590 8895 8895 8997 
8997 8998 8998 8872 8999 8873 8873 8627 8772 
8869 8869 8745 8745 8746 8976 8979 8979 8644 
8644 8836 8836 8833 8833 8819 8819 8817 8817 
8743 8736 8532 8530 8531 8531 8492.38102 8468.33524 8492.38102 
8468.33524 8425 8359 8425 8300 8300 6266 6266 8087 
8224 8224 8224 8109 8224 8109 8303 8303 8302 
8302 8231 8231 8231 7963 7963 7963 7963 8245 
8245 8245 8249 8248 8243 8239 8243 8152 7950 
8121 8080 8080 7399 7399 7646 7646 7646 7646 
7646 7954 7954 7954 7018 3669 6642 7901 7846 
7846 7694 7630 7847 7847 6580 7765 7791 7791 
7783 7783 7716 7716 7719 7719 7330 7330 7708 
7708 7711 7709 7711 7713 7712 7713 7605 7179 
7465 5864 6521 5864 6766 7466 7510 7510 7317 
7317 7317 7317 7449 7451 7446 7446 7460 7460 
7344 7277 7284 7277 7457 7190 7290 7290 7310 
7310 7354 7355 7353 7353 7300 7300 7197 7302 
7198 7198 7244 7244 7244 7241 7241 7241 7242 
7218 7142 7142 6927 7044 7038 6927 7162 7162 
7061 7061 7167 7167 7164 7164 6145 6942 6810 
6810 7102 7102 7057 6804 6931 6932 7076 6932 
7076 7077 7078 7079 7087 7087 7092 7092 6965 
6965 6962 6965 6862 6862 6976 6976 6976 6863 
6863 6863 6864 6868 6719 6719 6991 6499 6991 
6990 6989 6990 6731 6731 6581 6581 4510 4510 
6754 6754 6749 6749 6749 6606 6606 6606 4910 
6475 6610 6610 6458 6458 6605 6591 6550 6550 
6549 6549 5521 5521 6468 6468 6418 6418 6418 
6418 6412 6412 6360 6360 6310 6310 6310 6310 
6312 5806 5665 5665 5665 6174 6174 6011 6327 
6238 6326 5427 6240 6240 6169 6240 6170 6169 
6132 6132 6120 6120 6020 6020 6183 6183 6184 
6184 6184 6184 4676 6096 6096 5660 6155 5564 
6049 6049 4130 5452 5940 5940 5523 5523 5971 
5969 5970 5971 5960 5960 5959 5883 5877 5883 
5876 5876 5758 5544 5761 5761 5761 5712 5712 
5712 5712 5668 5668 5668 5752 5698 5754 5754 
5750 5750 5706 5706 5706 5702 5702 4951 5093 
5065 5541 5065 5626 5626 5635 5635 5635 5636 
5636 5636 5236 5236 5582 5444 5118 5582 4684 
5118 4684 5610 5609 5610 5586 5585 5587 5587 
5491 5494 5455 5455 5423 5423 5331 5331 5331 
5331 5293 3209 3209 5394 5395 5395 5234 5395 
5234 5408 5414 5257 5323 5323 5319 5068 5129 
5129 5173 5173 4942 4942 4939 4218 4959 4218 
4940 4940 4941 4941 5083 5083 4820 4820 4553 
4553 4599 4284 4848 4848 4433 4814 4812 4814 
4816 4816 3899 3899 4714 4714 4475 4475 4475 
4750 4750 4750 376 376 376.27852 376.0633 376.27852 376.0633 
398 381 401 401 400 400 404.89130435 404.89130435 404.89130435 
404.89130435 405 405 444 408 407 407 433 433 
436 436 167 167 457 457 454 454 438 
438 164 164 468 466 468 467 463 463 
186 463 186 532 278 278 616 619 96 
610 640 640 844 236 843 843 843 846 
842 846 733 842 733 819 666 666 904 
904 934 934 934 934 1179 1013 1179 1013 
1179 1011 1181 1053 1181 1178 1178 976 1426 
1426 1019 1019 1558 1275 1418 282 1413 1361 
1556 1556 256 256 1420 1402 1403 1403 1504 
1504 1503 1247 1247 1501 1345 1501 1767 1508 
1771 1771 1769 1766 1300 1304 1294 1294 1754 
1754 1764 1764 1765 1765 1759 1759 1738 1738 
1212 1742 1836 1836 1722 1722 1847 1847 1826 
1723 1788 1788 964 964 1862 1862 1914 1862 
1914 1915 1921 1920 1956 1812 1956 1951 1952 
1951 1990 1990 1794 1794 1989 2007 1811 1811 
1727 1857 2024 1727 2024 2025 1269 1854 2047 
2047 2048 2048 2048 2048 2080 2059 1929 1929 
2086 2086 2086 2101 2101 2101 2112 2112 1997 
2147 2161 2166 2161 2160 2172 2172 2109 1969 
2205 2205 2169 2169 2211 2212 1649 1649 2187 
2187 2173 2173 2150 2150 2250 2250 2250 2250 
2251 2250 1877 1877 2242 2242 2280 2280 626 
626 626 626 2276 2276 2276 2339 2340 2340 
2337 2338 2310 2337 2330 2330 2237 2237 2122 
2327 1387 1387 2458 2515 2457 2517 2514 2517 
2513 2518 2462 2462 778 2677 2812 2811 2810 
2810 2383 2384 2672 2672 968 2670 968 2939 
3165 2806 2804 2804 2471 2471 3177 3177 2824 
2824 3327 3327 2976 2976 2523 2523 2836 2836 
2836 2836 3520 3520 3324 3520 3324 3523 3524 
3523 3525 3524 3541 3541 3540 3540 3538 3538 
3538 3538 2993 2993 3554 3554 3553 3553 3347 
3345 3347 2588 3358 3358 3562 3562 3675 3675 
3667 3667 3667 3005 3005 3005 3370 3683 3369 
2719 2587 2587 2717 2717 3379 3379 3935 3935 
4146 4146 3956 4142 4155 3956 4155 4152 3220 
4161 4169 3220 4171 4171 3205 3205 3205 3205 
3594 3594 4011 4011 2662 2662 3992 3758 4008 
4008 3755 4010 2858 2858 3793 3793 3792 3792 
3792 3063 4053 4053 3410 3410 3803 3240 3240 
3009 3607 3434 3107 3107 3615 3620 3611 3611 
3499 3499 3503 3498 3488 3498 3054 3054 2771 
2771 3121 3121 2789 2789 3093 3093 3077 3094 
3095 3095 2754 2754 2753 2753 1028 1028 2488 
2488 2503 2503 2497 2497 2500 2500 2500 2742 
2746 2742 2624 2624 2621 2621 3129 3129 3282 
3280 3483 3280 3131 3131 3635 3474 3474 3632 
2643 3127 3819 3819 2606 2606 4047 4047 3766 
3766 3263 3772 3600 3600 4328 4328 4326 4326 
4303 4209 4302 4302 4207 4207 2965 4207 4435 
4435 4314 4314 4314 4205 4205 4205 3403 4417 
4424 4423 4423 3352 4265 4265 3927 4402 3933 
3933 4681 4681 4682 5026 5025 4267 5025 5031 
4920 4920 5061 5061 5062 5050 5046 5046 5049 
5045 5141 5141 5139 5139 4994 5162 5162 3385 
5250 4880 5163 5159 5006 5006 5006 2870 5108 
5108 5106 4986 5106 4508 5303 4508 4779 4779 
4387 5296 4642 4642 3929 3929 3929 4963 4963 
4963 5208 5477 5486 5486 5562 5484 5561 5561 
5560 5559 5571 5547 5066 5599 5599 5097 5720 
5720 5657 5657 5832 5832 5904 5904 5900 5900 
5900 5900 5024 5684 5835 5835 5435 5435 5887 
5887 5448 5732 5776 5448 5776 6087 6086 6087 
6085 6086 6080 6081 5809 5735 6071 5809 6070 
6070 5466 6052 6052 5266 5266 6058 4927 6058 
6112 2756 6026 6026 6027 6027 6280 6279 6281 
6279 6315 6315 5340 6292 6317 6317 6313 6314 
6570 6570 6570 6572 6572 6572 6628 6471 6632 
6566 3639 6632 6683 3639 6674 6674 6686 6686 
6693 6693 6552 6552 6895 6895 6890 6890 6113 
6113 7002 7002 5815 5815 7017 5815 6206 7017 
5267 5267 7418 7418 7424 7424 7424 7176 7176 
7176 7325 7325 5398 5398 7576 7576 7577 7577 
7577 7577 7670 7670 7579 7571 7669 7579 7170 
7170 7338 7497 7730 7730 7823 7823 7872 7871 
7873 7873 7877 7731 7807 7879 7937 7937 7990 
7919 7989 7989 7987 7987 7502 7974 7924 7924 
7924 8025 8025 8025 7800 7800 7800 7800 7821 
8012 8165 8165 8165 8267 8267 8267 8292 8292 
8292 8292 8292 8293 8293 8293 8293 8287 8287 
8270 8256 8161 8257 8162 8285 8285 8393 8330 
8393 8403 8482 8482 8497 8502 8505 8505 8496 
8496 8491 8491 8254 8254 8467 8467 8586 8588 
8697 8697 8463 8463 8462 8462 8566 8566 8683 
8683 8557 8557 8675 8675 8777 8777 8776 8776 
8785 8672 8890 8899 8905 8903 8894 8590 8895 
8895 8997 8997 8998 8998 8872 8999 8873 8873 
8627 8772 8869 8869 8745 8745 8746 8976 8979 
8979 8644 8644 8836 8836 8833 8833 8819 8819 
8817 8817 8736 8736 8559.9318 8559.9318 8559.9318 8559.9318 8526 
8526 8509 8509 8632 8632 8814 8814 8814 8808 
8808 8808 8719.3333333 8719.3333333 8719.3333333 8719.3333333 8409 8409 8730 
8730 8733 8733 8416 8416 7594 8935 8933 8935 
8934 8933 9025 9026 9029 8919 7864 7864 9037 
8931 9036 9036 9087 9087 9088 9128 9127 9127 
9127 9122 9122 9122 9124 9124 9143 9143 9138 
9141 9174 9174 9175 8916 9176 9176 9145 9187 
8915 9186 8968 8968 8920 8920 9225 9225 8593 
8816 9065 9219 9214 9214 4096 6662 3261 9154 
9243 9243 9256 9256 8542 9256 9286 9286 9366 
9366 9363 9364 9360 9361 8908 8908 9389 9389 
8711 9403 9403 9402 9440 9402 9440 9439 9433 
9439 9234 9318 9318 9387 9476 9488 9427 9427 
9503 9285 9340 9505 9510 9510 9506 9506 9288 
9288 5433 5433 9571 9572 9016 9016 9602 9562 
9479 9479 7423 9605 9629 7423 9652 9652 9651 
9651 9651 9651 9632 9632 9663 9663 9665 9662 
9194 9194 9679 9679 9538 9538 9684 9684 9603 
9603 3764 9721 9716 9716 7752 9615 9492 9492 
6639 6639 9200 9200 9790 9790 9790 9787 9788 
9787 9835 9590 9470 9835 10093 10093 10113 10113 
10114 10114 9791 9791 9791 9839 9321 9321 10307 
10307 10541 10307 10540 10540 10344 9638 10553 10755 
8641 8641 10766 10766 10953 10953 10957 10952 11282 
11282 11286 11285 11280 11280 10757 10757 11845 11845 
11845 12171 12171 12171 12171 12280 12169 12282 12283 
12283 12283 10330 10330 10330 12299 10330 12299 12298 
12297 12298 12164 12069 12301 12301 12301 12165 12419 
12419 12424 12419 12426 12426 12414 12163 12414 12046 
12045 12373 12522 12522 12525 12525 12367 12518 12518 
12520 12253 12253 11558 11558 12535 12535 12352 12352 
12143 12274 11706 11434 12126 12126 12261 11290 12127 
12127 11805 11805 11940 11940 11942 11942 11942 11942 
11898 11898 11920 11920 11920 11920 11292 11292 10854 
10854 10774 10774 10895 10895 11422 4498 11422 11125 
10944 11125 10669 10669 10604 10789 10668 10951 10749 
10749 10725 10628 10533 10533 10339 9876 10464 10464 
10052 10052 10568 10569 10568 10462 10463 10463 10463 
10431 10092 10092 10092 10229 10229 10229 9610 10229 
9610 9949 10238 10415 10415 10354 10346 10354 10447 
10459 10461 10461 10126 10126 10133 10133 9989 9987 
10122 9989 10024 8768 10023 10023 10146 10146 9276 
9276 10017 10017 10186 10186 10194 10194 10262 10262 
10206 10206 10197 10257 10211 10211 10282 10282 10284 
10282 10286 10286 10289 10289 10295 9969 7261 7261 
9877 9398 10089 10089 10293 9557 9882 10071 10310 
10313 10480 10480 10487 10481 10576 10575 10326 10635 
10492 10492 10573 10573 10497 10497 10497 10497 10647 
10643 10644 10638 9774 10659 10593 10593 10593 10782 
10782 10782 10858 10399 10860 10860 10874 10874 10872 
10872 10872 10872 10998 10997 10998 10997 10993 10997 
10993 10798 10861 10861 11019 11019 11013 11013 11168 
11159 11158 11158 11158 11157 11307 11157 10992 10992 
11172 11172 11193 11193 11450 11449 11449 11179 11179 
11456 11455 11455 11309 11453 11311 11192 11620 11618 
11618 11632 11631 11320 9966 11482 11351 11351 11608 
11742 11742 11741 11332 10710 11635 11859 11211 7004 
11651 11651 376 376 376.27852 376.0633 376.27852 376.0633 398 
381 401 401 400 400 404.89130435 404.89130435 404.89130435 404.89130435 
405 405 444 408 407 407 433 433 436 
436 167 167 457 457 454 454 438 438 
164 164 468 466 468 467 463 463 186 
463 186 532 278 278 616 619 96 610 
640 640 844 236 843 843 843 846 842 
846 733 842 733 819 666 666 904 904 
934 934 934 934 1179 1013 1179 1013 1179 
1011 1181 1053 1181 1178 1178 976 1426 1426 
1019 1019 1558 1275 1418 282 1413 1361 1556 
1556 256 256 1420 1402 1403 1403 1504 1504 
1503 1247 1247 1501 1345 1501 1767 1508 1771 
1771 1769 1766 1300 1304 1294 1294 1754 1754 
1764 1764 1765 1765 1759 1759 1738 1738 1212 
1742 1836 1836 1722 1722 1847 1847 1826 1723 
1788 1788 964 964 1862 1862 1914 1862 1914 
1915 1921 1920 1956 1812 1956 1951 1952 1951 
1990 1990 1794 1794 1989 2007 1811 1811 1727 
1857 2024 1727 2024 2025 1269 1854 2047 2047 
2048 2048 2048 2048 2080 2059 1929 1929 2086 
2086 2086 2101 2101 2101 2112 2112 1997 2147 
2161 2166 2161 2160 2172 2172 2109 1969 2205 
2205 2169 2169 2211 2212 1649 1649 2187 2187 
2173 2173 2150 2150 2250 2250 2250 2250 2251 
2250 1877 1877 2242 2242 2280 2280 626 626 
626 626 2276 2276 2276 2339 2340 2340 2337 
2338 2310 2337 2330 2330 2237 2237 2122 2327 
1387 1387 2458 2515 2457 2517 2514 2517 2513 
2518 2462 2462 778 2677 2812 2811 2810 2810 
2383 2384 2672 2672 968 2670 968 2939 3165 
2806 2804 2804 2471 2471 3177 3177 2824 2824 
3327 3327 2976 2976 2523 2523 2836 2836 2836 
2836 3520 3520 3324 3520 3324 3523 3524 3523 
3525 3524 3541 3541 3540 3540 3538 3538 3538 
3538 2993 2993 3554 3554 3553 3553 3347 3345 
3347 2588 3358 3358 3562 3562 3675 3675 3667 
3667 3667 3005 3005 3005 3370 3683 3369 2719 
2587 2587 2717 2717 3379 3379 3935 3935 4146 
4146 3956 4142 4155 3956 4155 4152 3220 4161 
4169 3220 4171 4171 3205 3205 3205 3205 3594 
3594 4011 4011 2662 2662 3992 3758 4008 4008 
3755 4010 2858 2858 3793 3793 3792 3792 3792 
3063 4053 4053 3410 3410 3803 3240 3240 3009 
3607 3434 3107 3107 3615 3620 3611 3611 3499 
3499 3503 3498 3488 3498 3054 3054 2771 2771 
3121 3121 2789 2789 3093 3093 3077 3094 3095 
3095 2754 2754 2753 2753 1028 1028 2488 2488 
2503 2503 2497 2497 2500 2500 2500 2742 2746 
2742 2624 2624 2621 2621 3129 3129 3282 3280 
3483 3280 3131 3131 3635 3474 3474 3632 2643 
3127 3819 3819 2606 2606 4047 4047 3766 3766 
3263 3772 3600 3600 4328 4328 4326 4326 4303 
4209 4302 4302 4207 4207 2965 4207 4435 4435 
4314 4314 4314 4205 4205 4205 3403 4417 4424 
4423 4423 3352 4265 4265 3927 4402 3933 3933 
4681 4681 4682 5026 5025 4267 5025 5031 4920 
4920 5061 5061 5062 5050 5046 5046 5049 5045 
5141 5141 5139 5139 4994 5162 5162 3385 5250 
4880 5163 5159 5006 5006 5006 2870 5108 5108 
5106 4986 5106 4508 5303 4508 4779 4779 4387 
5296 4642 4642 3929 3929 3929 4963 4963 4963 
5208 5477 5486 5486 5562 5484 5561 5561 5560 
5559 5571 5547 5066 5599 5599 5097 5720 5720 
5657 5657 5832 5832 5904 5904 5900 5900 5900 
5900 5024 5684 5835 5835 5435 5435 5887 5887 
5448 5732 5776 5448 5776 6087 6086 6087 6085 
6086 6080 6081 5809 5735 6071 5809 6070 6070 
5466 6052 6052 5266 5266 6058 4927 6058 6112 
2756 6026 6026 6027 6027 6280 6279 6281 6279 
6315 6315 5340 6292 6317 6317 6313 6314 6570 
6570 6570 6572 6572 6572 6628 6471 6632 6566 
3639 6632 6683 3639 6674 6674 6686 6686 6693 
6693 6552 6552 6895 6895 6890 6890 6113 6113 
7002 7002 5815 5815 7017 5815 6206 7017 5267 
5267 7418 7418 7424 7424 7424 7176 7176 7176 
7325 7325 5398 5398 7576 7576 7577 7577 7577 
7577 7670 7670 7579 7571 7669 7579 7170 7170 
7338 7497 7730 7730 7823 7823 7872 7871 7873 
7873 7877 7731 7807 7879 7937 7937 7990 7919 
7989 7989 7987 7987 7502 7974 7924 7924 7924 
8025 8025 8025 7800 7800 7800 7800 7821 8012 
8165 8165 8165 8267 8267 8267 8292 8292 8292 
8292 8292 8293 8293 8293 8293 8287 8287 8270 
8256 8161 8257 8162 8285 8285 8393 8330 8393 
8403 8482 8482 8497 8502 8505 8505 8496 8496 
8491 8491 8254 8254 8467 8467 8586 8588 8697 
8697 8463 8463 8462 8462 8566 8566 8683 8683 
8557 8557 8675 8675 8777 8777 8776 8776 8785 
8672 8890 8899 8905 8903 8894 8590 8895 8895 
8997 8997 8998 8998 8872 8999 8873 8873 8627 
8772 8869 8869 8745 8745 8746 8976 8979 8979 
8644 8644 8836 8836 8833 8833 8819 8819 8817 
8817 8736 8736 8559.9318 8559.9318 8559.9318 8559.9318 8526 8526 
8509 8509 8632 8632 8814 8814 8814 8808 8808 
8808 8719.3333333 8719.3333333 8719.3333333 8719.3333333 8409 8409 8730 8730 
8733 8733 8416 8416 7594 8935 8933 8935 8934 
8933 9025 9026 9029 8919 7864 7864 9037 8931 
9036 9036 9087 9087 9088 9128 9127 9127 9127 
9122 9122 9122 9124 9124 9143 9143 9138 9141 
9174 9174 9175 8916 9176 9176 9145 9187 8915 
9186 8968 8968 8920 8920 9225 9225 8593 8816 
9065 9219 9214 9214 4096 6662 3261 9154 9243 
9243 9256 9256 8542 9256 9286 9286 9366 9366 
9363 9364 9360 9361 8908 8908 9389 9389 8711 
9403 9403 9402 9440 9402 9440 9439 9433 9439 
9234 9318 9318 9387 9476 9488 9427 9427 9503 
9285 9340 9505 9510 9510 9506 9506 9288 9288 
5433 5433 9571 9572 9016 9016 9602 9562 9479 
9479 7423 9605 9629 7423 9652 9652 9651 9651 
9651 9651 9632 9632 9663 9663 9665 9662 9194 
9194 9679 9679 9538 9538 9684 9684 9603 9603 
3764 9721 9716 9716 7752 9615 9492 9492 6639 
6639 9200 9200 9790 9790 9790 9787 9788 9787 
9835 9590 9470 9835 10093 10093 10113 10113 10114 
10114 9791 9791 9791 9839 9321 9321 10307 10307 
10541 10307 10540 10540 10344 9638 10553 10755 8641 
8641 10766 10766 10953 10953 10957 10952 11282 11282 
11286 11285 11280 11280 10757 10757 11845 11845 11845 
12171 12171 12171 12171 12280 12169 12282 12283 12283 
12283 10330 10330 10330 12299 10330 12299 12298 12297 
12298 12164 12069 12301 12301 12301 12165 12419 12419 
12424 12419 12426 12426 12414 12163 12414 12046 12045 
12373 12522 12522 12525 12525 12367 12518 12518 12520 
12253 12253 11558 11558 12535 12535 12352 12352 12143 
12274 11706 11434 12126 12126 12261 11290 12127 12127 
11805 11805 11940 11940 11942 11942 11942 11942 11898 
11898 11920 11920 11920 11920 11292 11292 10854 10854 
10774 10774 10895 10895 11422 4498 11422 11125 10944 
11125 10669 10669 10604 10789 10668 10951 10749 10749 
10725 10628 10533 10533 10339 9876 10464 10464 10052 
10052 10568 10569 10568 10462 10463 10463 10463 10431 
10092 10092 10092 10229 10229 10229 9610 10229 9610 
9949 10238 10415 10415 10354 10346 10354 10447 10459 
10461 10461 10126 10126 10133 10133 9989 9987 10122 
9989 10024 8768 10023 10023 10146 10146 9276 9276 
10017 10017 10186 10186 10194 10194 10262 10262 10206 
10206 10197 10257 10211 10211 10282 10282 10284 10282 
10286 10286 10289 10289 10295 9969 7261 7261 9877 
9398 10089 10089 10293 9557 9882 10071 10310 10313 
10480 10480 10487 10481 10576 10575 10326 10635 10492 
10492 10573 10573 10497 10497 10497 10497 10647 10643 
10644 10638 9774 10659 10593 10593 10593 10782 10782 
10782 10858 10399 10860 10860 10874 10874 10872 10872 
10872 10872 10998 10997 10998 10997 10993 10997 10993 
10798 10861 10861 11019 11019 11013 11013 11168 11159 
11158 11158 11158 11157 11307 11157 10992 10992 11172 
11172 11193 11193 11450 11449 11449 11179 11179 11456 
11455 11455 11309 11453 11311 11192 11620 11618 11617 
11617 11320 11320 11322 11322 11319 11319 3914 3914 
5953.0950455 5953.0950455 5953.0950455 5953.0950455 11621 11621 11711 11711 10335 
10335 10335 11483 11483 11483 12207 12200 12207 12200 
12222 12222 12329 12329 12329 12329 12329 12196 12196 
12196 12345 12345 12499 12499 12494 12494 12497 12497 
12440 12614 12616 12616 12640 12085 12461 12461 12667 
12667 12276 12276 12662 12662 10891 12468 12390 12390 
12396 12652 12647 12647 12710 9982 12710 12687 12746 
12746 12746 12747 12747 12747 12725 12638 12306 12306 
12633 12289 12676 12676 12762 12794 12787 12786 12791 
12791 12822 12822 12822 12818 12817 12818 12835 12834 
12837 12835 12833 12833 12833 12582 12582 12582 12831 
12831 12906 12877 12829 12829 12731 12731 12942 12942 
12886 12886 12842 12842 12844 12842 12844 12850 12850 
12857 12972 12972 12985 12985 12985 12801 13017 12801 
13024 13024 12926 13028 12756 12926 13051 13049 12891 
12891 10855 10855 13082 13059 13072 13096 13085 13085 
13076 13076 13140 13140 13150 13150 9642 9642 13163 
13163 13210 13210 13209 13209 
EdgePCoordArray 1 2095 double
0 0 0 0 0.548 0 0 0 0 
0 0 0 0 0 0.42 0.956 0.508 0.12 
0.1 0.144 0 0 0 0 0.832 0.9 0.676 
0.876 0.956 0.908 0.248 0.668 0 0 0 0.996 
0 0 0 0 0 0 0.00040512 0.00040512 0.032 
0 0 0 0 0 0.988 0 0 0 
0 0 0 0 0 0.368 0.16 0 0.02 
0.32 0 0.984 0.96 0 0.028 0 0.544 0.548 
0.656 0.968 0 0 0 0 0.996 0.996 0.268 
0.352 0.944 0.048 0 0 0.784 0.832 0.876 0 
0 0.94 0 0 0.848 0.62 0.8 0.148 0 
0.108 0.188 0 0 0 0 0 0 0.248 
0 0 0 0.252 0 0 0 0.98 0.592 
0.664 0.752 0.664 0.676 0 0 0.152 0 0.008 
0.228 0.464 0.304 0 0 0 0.968 0 0 
0.988 0 0 0.232 0.604 0.3 0 0.5 0 
0 0.856 0 0 0 0 0 0 0.02 
0 0 0 0 0 0 0.572 0 0.04 
0.992 0 0 0.204 0 0.16 0.3 0.44 0.108 
0 0.592 0.444 0 0.852 0 0.032 0.036 0.244 
0 0 0 0 0 0 0 0 0 
0 0.16 0.02 0.22 0.876 0 0 0 0 
0 0 0 0.184 0.276 0 0 0 0 
0.992 0 0.1 0.824 0 0 0 0 0 
0.864 0.384 0.14 0.16 0.828 0 0 0 0 
0 0 0.624 0 0.452 0 0 0 0.756 
0 0 0.908 0.036 0.996 0 0.076 0 0 
0.488 0.244 0 0 0 0 0 0.876 0 
0 0 0 0 0 0 0 0.704 0.884 
0 0 0 0.844 0.804 0 0.824 0.156 0.708 
0 0 0 0 0.004 0 0 0 0.004 
0 0 0.332 0 0 0.992 0 0.584 0.996 
0.004 0 0.748 0 0 0.804 0.164 0.888 0 
0 0.924 0 0.052 0 0 0.904 0.068 0.496 
0.964 0 0.704 0 0.344 0.616 0.852 0 0.672 
0 0 0.988 0 0.768 0 0.136 0 0.996 
0.036 0.928 0.092 0 0 0 0 0 0 
0.228 0 0 0 0.016 0.904 0.696 0.848 0.288 
0.688 0.02 0.388 0 0.168 0.804 0.812 0.948 0.432 
0 0 0.796 0.704 0 0.24 0 0.44 0 
0.98 0 0.808 0.544 0.16 0.948 0 0 0 
0 0 0 0 0 0 0.744 0.6 0 
0 0 0.976 0 0 0 0 0 0 
0 0.128 0.876 0 0.932 0 0 0.296 0 
0.892 0.132 0 0.056 0 0 0.26 0 0.968 
0 0 0 0.124 0 0.992 0 0 0 
0.988 0 0.752 0.264 0.184 0.976 0 0.052 0.052 
0 0.992 0 0 0 0 0 0.048 0 
0 0 0 0 0 0 0 0 0.048 
0.084 0.928 0.056 0 0 0 0.56 0 0.392 
0 0 0.98 0 0 0 0 0 0 
0.632 0.648 0 0.06849404 0.06849404 0.188 0.804 0.216 0.676 
0 0.648 0.648 0 0 0 0.896 0 0.98 
0 0.768 0.004 0.136 0.028 0 0 0 0 
0.988 0 0.58 0.076 0 0.984 0 0.912 0 
0 0 0 0 0 0.004 0.128 0.764 0.416 
0.756 0.616 0.148 0 0 0 0.504 0 0 
0.304 0.664 0.86 0 0 0.376 0 0 0.004 
0 0 0.988 0 0.576 0 0.832 0.548 0 
0 0 0 0.996 0 0 0.884 0.868 0.608 
0.264 0.924 0 0 0 0.088 0 0 0.972 
0 0.876 0 0.38 0.324 0.676 0 0 0 
0 0 0.92 0 0.544 0 0 0.252 0 
0 0 0 0 0 0 0 0 0 
0.988 0 0.804 0.052 0.4 0.888 0 0.076 0.988 
0 0 0 0 0 0 0.58 0.356 0.74 
0 0.704 0 0 0.16 0.944 0 0.364 0.28 
0 0.956 0 0.992 0 0.984 0 0.932 0 
0 0 0.888 0.164 0.34 0.208 0 0 0.98 
0 0 0.66 0.096 0.024 0.088 0.48 0.016 0 
0.024 0 0 0 0 0.956 0.136 0 0.22 
0.136 0.332 0 0.964 0 0 0 0.64 0.584 
0 0 0 0 0 0.296 0 0.976 0.908 
0 0 0 0 0.988 0 0 0.00040512 0.00040512 
0.032 0 0 0 0 0 0.988 0 0 
0 0 0 0 0 0 0.368 0.16 0 
0.02 0.32 0 0.984 0.96 0 0.028 0 0.544 
0.548 0.656 0.968 0 0 0 0 0.996 0.996 
0.268 0.352 0.944 0.048 0 0 0.784 0.832 0.876 
0 0 0.94 0 0 0.848 0.62 0.8 0.148 
0 0.108 0.188 0 0 0 0 0 0 
0.248 0 0 0 0.252 0 0 0 0.98 
0.592 0.664 0.752 0.664 0.676 0 0 0.152 0 
0.008 0.228 0.464 0.304 0 0 0 0.968 0 
0 0.988 0 0 0.232 0.604 0.3 0 0.5 
0 0 0.856 0 0 0 0 0 0 
0.02 0 0 0 0 0 0 0.572 0 
0.04 0.992 0 0 0.204 0 0.16 0.3 0.44 
0.108 0 0.592 0.444 0 0.852 0 0.032 0.036 
0.244 0 0 0 0 0 0 0 0 
0 0 0.16 0.02 0.22 0.876 0 0 0 
0 0 0 0 0.184 0.276 0 0 0 
0 0.992 0 0.1 0.824 0 0 0 0 
0 0.864 0.384 0.14 0.16 0.828 0 0 0 
0 0 0 0.624 0 0.452 0 0 0 
0.756 0 0 0.908 0.036 0.996 0 0.076 0 
0 0.488 0.244 0 0 0 0 0 0.876 
0 0 0 0 0 0 0 0 0.704 
0.884 0 0 0 0.844 0.804 0 0.824 0.156 
0.708 0 0 0 0 0.004 0 0 0 
0.004 0 0 0.332 0 0 0.992 0 0.584 
0.996 0.004 0 0.748 0 0 0.804 0.164 0.888 
0 0 0.924 0 0.052 0 0 0.904 0.068 
0.496 0.964 0 0.704 0 0.344 0.616 0.852 0 
0.672 0 0 0.988 0 0.768 0 0.136 0 
0.996 0.036 0.928 0.092 0 0 0 0 0 
0 0.228 0 0 0 0.016 0.904 0.696 0.848 
0.288 0.688 0.02 0.388 0 0.168 0.804 0.812 0.948 
0.432 0 0 0.796 0.704 0 0.24 0 0.44 
0 0.98 0 0.808 0.544 0.16 0.948 0 0 
0 0 0 0 0 0 0 0.744 0.6 
0 0 0 0.976 0 0 0 0 0 
0 0 0.128 0.876 0 0.932 0 0 0.296 
0 0.892 0.132 0 0.056 0 0 0.26 0 
0.968 0 0 0 0.124 0 0.992 0 0 
0 0.988 0 0.752 0.264 0.184 0.976 0 0.052 
0.052 0 0.992 0 0 0 0 0 0.048 
0 0 0 0 0 0 0 0 0 
0.048 0.084 0.928 0.056 0 0 0 0.56 0 
0.392 0 0 0.98 0 0 0 0 0 
0 0 0 0 0 0 0 0 0.956 
0 0 0 0 0 0 0 0.968 0.376 
0.856 0.452 0.38 0 0.068 0 0 0.984 0 
0.912 0 0 0 0.576 0 0.068 0 0.628 
0.964 0 0 0 0.9 0.984 0 0.796 0.28 
0 0 0.644 0 0 0.204 0.844 0 0 
0.9 0.688 0.936 0.5 0.664 0.736 0.748 0.124 0 
0.732 0.196 0 0 0 0 0.032 0 0.308 
0 0.008 0.972 0 0 0 0 0 0.884 
0 0 0 0 0 0.156 0 0.24 0 
0 0 0 0.388 0.544 0.112 0.72 0 0 
0 0 0.036 0 0 0.972 0 0.032 0.488 
0 0 0 0.58 0 0.948 0 0 0 
0.964 0 0.06 0.916 0 0.992 0 0.076 0.404 
0.728 0.208 0 0.948 0 0.144 0 0.076 0.112 
0.692 0 0 0.896 0.092 0 0 0 0 
0.02 0.284 0 0.632 0 0 0 0 0 
0 0 0 0 0 0 0 0.672 0.908 
0.968 0 0.884 0.024 0 0.892 0 0.004 0 
0 0.78 0.728 0 0.968 0 0.984 0 0.192 
0.036 0.156 0.808 0.92 0.212 0 0 0 0.116 
0.832 0.692 0 0 0 0 0 0 0 
0 0.372 0 0 0.784 0 0 0.524 0 
0.068 0 0.988 0.2 0.268 0 0.652 0.312 0.22 
0 0 0 0 0.912 0.128 0.004 0 0.992 
0 0.08 0 0 0 0 0.004 0.004 0.596 
0.924 0 0 0 0.704 0 0.196 0.6 0 
0 0 0.228 0.872 0.648 0 0.548 0.828 0.972 
0.068 0.528 0.204 0 0.36 0.384 0.868 0.016 0.084 
0 0 0.00040512 0.00040512 0.032 0 0 0 0 
0 0.988 0 0 0 0 0 0 0 
0 0.368 0.16 0 0.02 0.32 0 0.984 0.96 
0 0.028 0 0.544 0.548 0.656 0.968 0 0 
0 0 0.996 0.996 0.268 0.352 0.944 0.048 0 
0 0.784 0.832 0.876 0 0 0.94 0 0 
0.848 0.62 0.8 0.148 0 0.108 0.188 0 0 
0 0 0 0 0.248 0 0 0 0.252 
0 0 0 0.98 0.592 0.664 0.752 0.664 0.676 
0 0 0.152 0 0.008 0.228 0.464 0.304 0 
0 0 0.968 0 0 0.988 0 0 0.232 
0.604 0.3 0 0.5 0 0 0.856 0 0 
0 0 0 0 0.02 0 0 0 0 
0 0 0.572 0 0.04 0.992 0 0 0.204 
0 0.16 0.3 0.44 0.108 0 0.592 0.444 0 
0.852 0 0.032 0.036 0.244 0 0 0 0 
0 0 0 0 0 0 0.16 0.02 0.22 
0.876 0 0 0 0 0 0 0 0.184 
0.276 0 0 0 0 0.992 0 0.1 0.824 
0 0 0 0 0 0.864 0.384 0.14 0.16 
0.828 0 0 0 0 0 0 0.624 0 
0.452 0 0 0 0.756 0 0 0.908 0.036 
0.996 0 0.076 0 0 0.488 0.244 0 0 
0 0 0 0.876 0 0 0 0 0 
0 0 0 0.704 0.884 0 0 0 0.844 
0.804 0 0.824 0.156 0.708 0 0 0 0 
0.004 0 0 0 0.004 0 0 0.332 0 
0 0.992 0 0.584 0.996 0.004 0 0.748 0 
0 0.804 0.164 0.888 0 0 0.924 0 0.052 
0 0 0.904 0.068 0.496 0.964 0 0.704 0 
0.344 0.616 0.852 0 0.672 0 0 0.988 0 
0.768 0 0.136 0 0.996 0.036 0.928 0.092 0 
0 0 0 0 0 0.228 0 0 0 
0.016 0.904 0.696 0.848 0.288 0.688 0.02 0.388 0 
0.168 0.804 0.812 0.948 0.432 0 0 0.796 0.704 
0 0.24 0 0.44 0 0.98 0 0.808 0.544 
0.16 0.948 0 0 0 0 0 0 0 
0 0 0.744 0.6 0 0 0 0.976 0 
0 0 0 0 0 0 0.128 0.876 0 
0.932 0 0 0.296 0 0.892 0.132 0 0.056 
0 0 0.26 0 0.968 0 0 0 0.124 
0 0.992 0 0 0 0.988 0 0.752 0.264 
0.184 0.976 0 0.052 0.052 0 0.992 0 0 
0 0 0 0.048 0 0 0 0 0 
0 0 0 0 0.048 0.084 0.928 0.056 0 
0 0 0.56 0 0.392 0 0 0.98 0 
0 0 0 0 0 0 0 0 0 
0 0 0 0.956 0 0 0 0 0 
0 0 0.968 0.376 0.856 0.452 0.38 0 0.068 
0 0 0.984 0 0.912 0 0 0 0.576 
0 0.068 0 0.628 0.964 0 0 0 0.9 
0.984 0 0.796 0.28 0 0 0.644 0 0 
0.204 0.844 0 0 0.9 0.688 0.936 0.5 0.664 
0.736 0.748 0.124 0 0.732 0.196 0 0 0 
0 0.032 0 0.308 0 0.008 0.972 0 0 
0 0 0 0.884 0 0 0 0 0 
0.156 0 0.24 0 0 0 0 0.388 0.544 
0.112 0.72 0 0 0 0 0.036 0 0 
0.972 0 0.032 0.488 0 0 0 0.58 0 
0.948 0 0 0 0.964 0 0.06 0.916 0 
0.992 0 0.076 0.404 0.728 0.208 0 0.948 0 
0.144 0 0.076 0.112 0.692 0 0 0.896 0.092 
0 0 0 0 0.02 0.284 0 0.632 0 
0 0 0 0 0 0 0 0 0 
0 0 0.672 0.908 0.968 0 0.884 0.024 0 
0.892 0 0.004 0 0 0.78 0.728 0 0.968 
0 0.984 0 0.192 0.036 0.156 0.808 0.92 0.212 
0 0 0 0.116 0.832 0.692 0 0 0 
0 0 0 0 0 0.372 0 0 0.784 
0 0 0.524 0 0.068 0 0.988 0.2 0.268 
0 0.652 0.312 0.22 0 0 0 0 0.912 
0.128 0.004 0 0.992 0 0.08 0 0 0 
0 0.004 0.004 0.596 0.924 0 0 0 0.704 
0 0.196 0.6 0 0 0 0.228 0.872 0.648 
0 0.548 0.828 0.972 0 0 0 0 0 
0 0 0 0 0 0.98 0 0.956 0.956 
0 0 0 0.98 0 0 0 0 0 
0.032 0 0.036 0 0 0 0 0.32 0 
0.996 0 0.036 0.344 0 0.956 0 0.692 0 
0.096 0 0.208 0.98 0 0 0.06 0.656 0.4 
0.48 0 0.988 0 0 0.988 0 0 0 
0 0 0.648 0.168 0.552 0 0 0.416 0.856 
0 0.628 0.12 0.076 0 0 0.464 0.54 0 
0 0 0 0 0 0 0 
MaximumInscribedSphereRadius 1 2095 double
1.325137392 1.3240492912 1.3240492912 1.3194122615 1.2917526024 1.2649098817 1.2245135845 1.2367710516 1.2572477044 
1.2572477044 1.2879626837 1.2868988435 1.2868988435 1.3011333263 1.3199222922 1.3275455366 1.3266543133 1.3229989337 
1.2986774307 1.2992306097 1.300155119 1.2966705736 1.2966705736 1.2939148495 1.2917746779 1.2909843477 1.262728881 
1.2410324223 1.2166064984 1.214737098 1.2093712593 1.2074404482 1.1991324851 1.3042827582 1.3021067299 1.3501960924 
1.3504270979 1.3706796267 1.3931754664 1.3856026187 1.3864776916 1.325137392 1.3255364297 1.3255364297 1.3566569581 
1.3563633413 1.3401990809 1.3401469707 1.3401469707 1.3401458127 1.3340972089 1.3322238118 1.3918326316 1.3897054005 
1.3708141737 1.3896974486 1.3946977579 1.3942086931 1.3941145223 1.3896770962 1.3914324398 1.3674853685 1.3366013759 
1.3354382148 1.3299546784 1.3124556016 1.3116577585 1.2943952797 1.2789728307 1.2764369947 1.2504935229 1.2256764513 
1.2260458428 1.2402725992 1.2338184126 1.2252344251 1.215361914 1.215361914 1.2842282935 1.2842282935 1.2916161867 
1.2670133396 1.3048339611 1.3064203405 1.3556368963 1.3839171204 1.3653697466 1.3590347901 1.3568396813 1.3525953944 
1.3524585519 1.4107725846 1.4132733906 1.3985970113 1.4064680689 1.39962012 1.3930294934 1.384017452 1.3825392496 
1.3906235355 1.3891042679 1.3884911297 1.4121591706 1.433716272 1.4335201131 1.3638974269 1.3533717328 1.3635259752 
1.4318295768 1.4734981902 1.4866195883 1.475548229 1.4740021737 1.4466594011 1.446475504 1.4462336905 1.4262684416 
1.4137895823 1.4162764507 1.4132668658 1.3996268962 1.3597317559 1.3623219373 1.4218839611 1.4350448952 1.4315581315 
1.4303452085 1.4289624153 1.4108059825 1.359688077 1.3529550193 1.3529550193 1.361540298 1.360858978 1.3399518209 
1.3462629699 1.3463396236 1.3878356999 1.3472911207 1.2742726653 1.2838425115 1.3419902742 1.3454641338 1.2965199132 
1.2652150522 1.2673135153 1.314366824 1.2836920558 1.3464881538 1.346458167 1.3446168944 1.3446168944 1.3204055621 
1.3169645631 1.3363497364 1.4732198784 1.4763172552 1.4763172552 1.4766467892 1.4694107194 1.4622221776 1.4422491229 
1.4424160495 1.4471638646 1.6032373839 1.6604760726 1.66368658 1.6467164842 1.6465782299 1.6352455975 1.6186931881 
1.6158993761 1.5709499879 1.5525016539 1.5508441555 1.5505662471 1.5406517532 1.5016357714 1.500344246 1.4984599237 
1.5726365184 1.5736970837 1.5648509149 1.5764644148 1.6152166303 1.591204243 1.6156235654 1.6120031161 1.6120031161 
1.6074181838 1.6107074728 1.6113827712 1.6143619077 1.6137931499 1.6108914416 1.6209596518 1.6176371934 1.6176371934 
1.5979754142 1.6259749203 1.6423330742 1.6521149784 1.6471599389 1.6306392759 1.7308928864 1.7307076746 1.7021521105 
1.6913336288 1.691246383 1.768781633 1.7921284828 1.7941235409 1.8517845033 1.8979769662 1.919822058 1.9252807372 
1.9287826205 1.9011946751 1.8805845656 1.8453055337 1.8451569824 1.8860623047 1.9184657293 1.9184657293 1.9531599304 
1.9522507713 1.9605397101 1.9771431922 1.9812418518 1.9588312407 1.940076024 1.8536080976 1.8446068292 1.8515904568 
1.8453975987 1.8377900542 1.7950693927 1.7889350716 1.7831223848 1.802205367 1.9247605681 1.9336910023 1.8943771348 
1.8003344173 1.7986685896 1.7865742171 1.7560911025 1.6537428773 1.6003074107 1.5428814115 1.4715719128 1.4719100508 
1.463543524 1.4193937236 1.3857146217 1.3900188402 1.3878264631 1.4883675996 1.4926399401 1.4494395197 1.4229749623 
1.4518138018 1.4801855219 1.5057238476 1.6181116118 1.6153142569 1.5644555316 1.6257283372 1.6467560387 1.6637922662 
1.8167940868 1.745074753 1.7654335659 1.743031048 1.782405203 1.7828132974 1.7674555999 1.7778499111 1.8010744844 
1.8013914247 1.7810362702 1.7553128709 1.7355969541 1.6903843759 1.6904076757 1.6904078636 1.6983062411 1.7538576523 
1.7539765255 1.7797880498 1.770057427 1.7913055488 1.7264555039 1.727564109 1.7273167318 1.7228400799 1.711263716 
1.7056084174 1.7032957854 1.7014784992 1.7033458997 1.7084415109 1.7050054276 1.6668859891 1.6669325998 1.6684304168 
1.7162134371 1.7128939279 1.6765178758 1.6536329791 1.6138152321 1.5930367075 1.5903679959 1.6038711148 1.6348744635 
1.678611636 1.6581067954 1.6427830597 1.6425969414 1.6162182697 1.6280773487 1.6220602855 1.6213594218 1.630124474 
1.6300655116 1.6872497381 1.688467654 1.7267607199 1.6700880139 1.713745954 1.733211526 1.7359244153 1.7359244153 
1.7557526965 1.7554992723 1.7624889668 1.7789974237 1.783012763 1.7827646591 1.7762426709 1.7760042813 1.774863024 
1.7391068876 1.7152460067 1.7131889787 1.700940624 1.7036560177 1.7180189447 1.7214512755 1.7229086251 1.7418393242 
1.7570453547 1.7575333375 1.7674876222 1.7679832225 1.7521138598 1.6570864855 1.6521640066 1.6348338907 1.6185958969 
1.6082498327 1.6080386886 1.5511098019 1.5363318572 1.5345612513 1.5327657684 1.5268002808 1.4714858652 1.4645407773 
1.463307352 1.4440272249 1.4437436933 1.4214553963 1.4006658085 1.437504155 1.4409572056 1.4509500339 1.4609689682 
1.3395375238 1.3317052802 1.3005928989 1.2998278404 1.3139788316 1.3077651338 1.2880039035 1.2946704367 1.2946704367 
1.2782829019 1.2518179548 1.2510516893 1.2336899234 1.1821350912 1.1755196958 1.1104551694 1.0990052989 1.0640257121 
1.0128259546 1.0124099943 1.0007809233 0.97548396905 0.98164298163 1.0061840617 1.0312487637 1.0168064217 0.98393536507 
0.98284871857 0.93064503188 0.93064503188 0.94236843821 0.95205406019 0.91399926368 0.91369237016 0.89004255284 0.89004255284 
0.87322544119 0.87302118477 0.82322853682 0.80197376516 0.79910990282 0.82048030329 0.84157085869 0.88302782369 0.88311231789 
0.87056982922 0.87080396035 0.87156495009 0.88385212486 0.8900414721 0.88017818826 0.87635345129 0.82497192141 0.82254912639 
0.83861124761 0.84811344235 0.84990532964 0.87706216301 0.89536087091 0.90529308035 0.90616907532 0.97544159934 1.009343983 
1.0084501914 1.034110832 1.0684189757 1.0733399746 1.0764097328 1.1427806034 1.1534388089 1.151911437 1.1586900328 
1.1852698021 1.2141445748 1.2172467872 1.2101961742 1.2796521786 1.2778281168 1.2760288776 1.2850065456 1.2992904108 
1.3006559383 1.3400490994 1.3349146792 1.2907985095 1.2907985095 1.2138261887 1.1889185805 1.1759875865 1.1465456936 
1.0753059779 1.0548243 1.0548243 1.0224132694 1.0162858895 0.99694673523 0.97604660947 0.97362070201 0.9352983943 
0.93451630639 0.92317424456 0.89376550065 0.88775299191 0.84398315997 0.8402553971 0.80590583838 0.81802459919 0.81802459919 
0.81195579882 0.81188208869 0.79329371305 0.83593292498 0.84680815532 0.88774728425 0.88482784255 0.87818976559 0.87793799086 
0.93213294714 0.94240443891 0.95665734213 0.9833013264 0.98016958102 1.0104516448 1.0108782871 1.0119883 1.007393531 
0.98114772523 0.97356679835 0.95325634178 0.94016437141 0.94015602729 0.94015602729 0.92300140425 0.90600383481 0.86528888785 
0.87093484967 0.87411741477 0.87410187279 0.89128022219 0.83738801606 0.90445920455 0.90287568522 0.89074627265 0.91771377908 
0.91998092404 0.95613983245 0.95657876431 0.95658409547 0.98997417089 1.0050951047 1.0385043752 1.0387395848 1.0200847411 
1.0733773971 1.0752323177 1.060019818 0.9684207797 0.96756625476 0.91983819861 0.95770735499 0.95718043445 0.95006702873 
0.92700409776 0.86329636923 0.85190439576 1.0018415839 0.98320125398 0.92146990022 0.91059133002 0.8934725924 0.91502663338 
0.91564753168 0.92206315101 1.0125199697 1.03207802 1.0484560007 1.1105743314 1.1685306351 1.1668928154 1.1985734756 
1.2071026481 1.1976423351 1.1949189734 1.1946821593 1.1781931406 1.1595440998 1.158408201 1.1323500458 1.1361035607 
1.1483584094 1.1529123587 1.1665699028 1.1645820369 1.1645820369 1.1601448586 1.1806359904 1.176362016 1.176362016 
1.2061578092 1.2087933553 1.2217973252 1.2234203503 1.1638694416 1.1917348242 1.2587612839 1.2587344353 1.2585216237 
1.2360837522 1.238425297 1.2509369348 1.2759844013 1.276209159 1.276209159 1.3150538573 1.3312868003 1.4004557016 
1.4113375891 1.4242113476 1.4582178667 1.4522334126 1.4664494947 1.465559888 1.4372451702 1.4250779047 1.393537079 
1.3940906151 1.3884123546 1.3779394168 1.2712540163 1.2703936502 1.2898754498 1.290192227 1.3530163246 1.3530904997 
1.3489470776 1.3414679914 1.3185393335 1.3147891618 1.3152314116 1.2964004476 1.2806104065 1.2436034581 1.2554917931 
1.2557344122 1.2887374047 1.2889310711 1.2910467112 1.2732619128 1.271821076 1.2660375267 1.1462817182 1.1458269604 
1.1206777753 1.1692057865 1.3125450859 1.3182632265 1.3182632265 1.326787548 1.3260346145 1.2903520679 1.2437138259 
1.2282962646 1.2186435706 1.2203997032 1.3081182972 1.3332212602 1.3094624742 1.2865729946 1.3269240354 1.3366922175 
1.3431710132 1.3288492773 1.3389668262 1.3372362475 1.3687323435 1.367936153 1.3666612393 1.3428753945 1.3427446708 
1.3305858993 1.314701271 1.282507437 1.217326088 1.2610760659 1.2616074422 1.325137392 1.3255364297 1.3255364297 
1.3566569581 1.3563633413 1.3401990809 1.3401469707 1.3401469707 1.3401458127 1.3340972089 1.3322238118 1.3918326316 
1.3897054005 1.3708141737 1.3896974486 1.3946977579 1.3942086931 1.3941145223 1.3896770962 1.3914324398 1.3674853685 
1.3366013759 1.3354382148 1.3299546784 1.3124556016 1.3116577585 1.2943952797 1.2789728307 1.2764369947 1.2504935229 
1.2256764513 1.2260458428 1.2402725992 1.2338184126 1.2252344251 1.215361914 1.215361914 1.2842282935 1.2842282935 
1.2916161867 1.2670133396 1.3048339611 1.3064203405 1.3556368963 1.3839171204 1.3653697466 1.3590347901 1.3568396813 
1.3525953944 1.3524585519 1.4107725846 1.4132733906 1.3985970113 1.4064680689 1.39962012 1.3930294934 1.384017452 
1.3825392496 1.3906235355 1.3891042679 1.3884911297 1.4121591706 1.433716272 1.4335201131 1.3638974269 1.3533717328 
1.3635259752 1.4318295768 1.4734981902 1.4866195883 1.475548229 1.4740021737 1.4466594011 1.446475504 1.4462336905 
1.4262684416 1.4137895823 1.4162764507 1.4132668658 1.3996268962 1.3597317559 1.3623219373 1.4218839611 1.4350448952 
1.4315581315 1.4303452085 1.4289624153 1.4108059825 1.359688077 1.3529550193 1.3529550193 1.361540298 1.360858978 
1.3399518209 1.3462629699 1.3463396236 1.3878356999 1.3472911207 1.2742726653 1.2838425115 1.3419902742 1.3454641338 
1.2965199132 1.2652150522 1.2673135153 1.314366824 1.2836920558 1.3464881538 1.346458167 1.3446168944 1.3446168944 
1.3204055621 1.3169645631 1.3363497364 1.4732198784 1.4763172552 1.4763172552 1.4766467892 1.4694107194 1.4622221776 
1.4422491229 1.4424160495 1.4471638646 1.6032373839 1.6604760726 1.66368658 1.6467164842 1.6465782299 1.6352455975 
1.6186931881 1.6158993761 1.5709499879 1.5525016539 1.5508441555 1.5505662471 1.5406517532 1.5016357714 1.500344246 
1.4984599237 1.5726365184 1.5736970837 1.5648509149 1.5764644148 1.6152166303 1.591204243 1.6156235654 1.6120031161 
1.6120031161 1.6074181838 1.6107074728 1.6113827712 1.6143619077 1.6137931499 1.6108914416 1.6209596518 1.6176371934 
1.6176371934 1.5979754142 1.6259749203 1.6423330742 1.6521149784 1.6471599389 1.6306392759 1.7308928864 1.7307076746 
1.7021521105 1.6913336288 1.691246383 1.768781633 1.7921284828 1.7941235409 1.8517845033 1.8979769662 1.919822058 
1.9252807372 1.9287826205 1.9011946751 1.8805845656 1.8453055337 1.8451569824 1.8860623047 1.9184657293 1.9184657293 
1.9531599304 1.9522507713 1.9605397101 1.9771431922 1.9812418518 1.9588312407 1.940076024 1.8536080976 1.8446068292 
1.8515904568 1.8453975987 1.8377900542 1.7950693927 1.7889350716 1.7831223848 1.802205367 1.9247605681 1.9336910023 
1.8943771348 1.8003344173 1.7986685896 1.7865742171 1.7560911025 1.6537428773 1.6003074107 1.5428814115 1.4715719128 
1.4719100508 1.463543524 1.4193937236 1.3857146217 1.3900188402 1.3878264631 1.4883675996 1.4926399401 1.4494395197 
1.4229749623 1.4518138018 1.4801855219 1.5057238476 1.6181116118 1.6153142569 1.5644555316 1.6257283372 1.6467560387 
1.6637922662 1.8167940868 1.745074753 1.7654335659 1.743031048 1.782405203 1.7828132974 1.7674555999 1.7778499111 
1.8010744844 1.8013914247 1.7810362702 1.7553128709 1.7355969541 1.6903843759 1.6904076757 1.6904078636 1.6983062411 
1.7538576523 1.7539765255 1.7797880498 1.770057427 1.7913055488 1.7264555039 1.727564109 1.7273167318 1.7228400799 
1.711263716 1.7056084174 1.7032957854 1.7014784992 1.7033458997 1.7084415109 1.7050054276 1.6668859891 1.6669325998 
1.6684304168 1.7162134371 1.7128939279 1.6765178758 1.6536329791 1.6138152321 1.5930367075 1.5903679959 1.6038711148 
1.6348744635 1.678611636 1.6581067954 1.6427830597 1.6425969414 1.6162182697 1.6280773487 1.6220602855 1.6213594218 
1.630124474 1.6300655116 1.6872497381 1.688467654 1.7267607199 1.6700880139 1.713745954 1.733211526 1.7359244153 
1.7359244153 1.7557526965 1.7554992723 1.7624889668 1.7789974237 1.783012763 1.7827646591 1.7762426709 1.7760042813 
1.774863024 1.7391068876 1.7152460067 1.7131889787 1.700940624 1.7036560177 1.7180189447 1.7214512755 1.7229086251 
1.7418393242 1.7570453547 1.7575333375 1.7674876222 1.7679832225 1.7521138598 1.6570864855 1.6521640066 1.6348338907 
1.6185958969 1.6082498327 1.6080386886 1.5511098019 1.5363318572 1.5345612513 1.5327657684 1.5268002808 1.4714858652 
1.4645407773 1.463307352 1.4440272249 1.4437436933 1.4214553963 1.4006658085 1.437504155 1.4409572056 1.4509500339 
1.4609689682 1.3395375238 1.3317052802 1.3005928989 1.2998278404 1.3139788316 1.3077651338 1.2880039035 1.2946704367 
1.2946704367 1.2782829019 1.2518179548 1.2510516893 1.2336899234 1.1821350912 1.1755196958 1.1104551694 1.0990052989 
1.0640257121 1.0128259546 1.0124099943 1.0007809233 0.97548396905 0.98164298163 1.0061840617 1.0312487637 1.0168064217 
0.98393536507 0.98284871857 0.93064503188 0.93064503188 0.94236843821 0.95205406019 0.91399926368 0.91369237016 0.89004255284 
0.89004255284 0.87322544119 0.87302118477 0.82322853682 0.80197376516 0.79910990282 0.82048030329 0.84157085869 0.88302782369 
0.88311231789 0.87056982922 0.87080396035 0.87156495009 0.88385212486 0.8900414721 0.88017818826 0.87635345129 0.82497192141 
0.82254912639 0.83861124761 0.84811344235 0.84990532964 0.87706216301 0.89536087091 0.90529308035 0.90616907532 0.97544159934 
1.009343983 1.0084501914 1.034110832 1.0684189757 1.0733399746 1.0764097328 1.1427806034 1.1534388089 1.151911437 
1.1586900328 1.1852698021 1.2141445748 1.2172467872 1.2101961742 1.2796521786 1.2778281168 1.2760288776 1.2850065456 
1.2992904108 1.3192380031 1.4122754231 1.4122754231 1.4302055611 1.4750441063 1.5532041925 1.5667602534 1.5280837215 
1.5263036301 1.5143360718 1.5143360718 1.4724496177 1.502465741 1.4778503303 1.4799741623 1.4921951444 1.4923026871 
1.4923467559 1.5015533955 1.4982355014 1.5004897079 1.6063503174 1.6170161458 1.6237831805 1.5235833268 1.5209825121 
1.5075836039 1.5062907268 1.5129734806 1.5134575912 1.5232836865 1.5197302317 1.4921417556 1.4887900871 1.4892403986 
1.5074181364 1.5258608834 1.5186463212 1.5213626582 1.5454617072 1.5506608906 1.5509793013 1.4990392493 1.4989704069 
1.5135257063 1.4838382648 1.4752210049 1.437236434 1.4557345565 1.4159401949 1.3929882547 1.3409192975 1.3035717492 
1.297904379 1.2970744954 1.2954239506 1.2784163614 1.2795525719 1.2695436556 1.2602021698 1.2517696123 1.2463795671 
1.2427664243 1.2350769858 1.2296627617 1.162706846 1.1822535442 1.2238733722 1.2766610338 1.2815816305 1.2861215069 
1.3004423786 1.3162282772 1.3163377201 1.319852688 1.3184934834 1.3184934834 1.2934147487 1.2386612178 1.2732910103 
1.2715900955 1.2453544337 1.2360531057 1.2004241339 1.1882180199 1.2028461755 1.2094904218 1.2507872434 1.2656620459 
1.3412656098 1.3476544769 1.3432753221 1.3449855758 1.339021973 1.316504783 1.3138461821 1.2503759346 1.2188709676 
1.2477672511 1.2903109932 1.2916407396 1.2957273265 1.3528344724 1.3533394453 1.368400173 1.3910977335 1.3871583222 
1.3817298925 1.4989019828 1.5086342241 1.5389625204 1.7774193937 1.8496194068 1.9263239797 1.9754369785 1.9234313184 
1.8272773382 1.8236865256 1.8197697865 1.7361335503 1.7058456346 1.6534588245 1.6530363503 1.4599653541 1.4434770538 
1.4379811286 1.3972021374 1.3639004509 1.3365898102 1.3287211802 1.318604956 1.3153322059 1.3520066528 1.350056023 
1.3601955768 1.3357175806 1.3108382756 1.2868702457 1.2871626041 1.3016306348 1.3014224389 1.3203298321 1.3238260416 
1.2832756571 1.2649407572 1.2549944552 1.2329999356 1.2173589847 1.2118937268 1.2084628565 1.1997702339 1.1997702339 
1.1759097317 1.1665112297 1.1665112297 1.1613116799 1.2158386084 1.2219857242 1.2746973752 1.2930360192 1.2976640723 
1.2960887343 1.2611170751 1.269833718 1.2647567695 1.2590110985 1.2457964429 1.2432994473 1.2086802157 1.2089919046 
1.203035527 1.2321291932 1.2169131157 1.1923694676 1.1615730767 1.1574216853 1.1206526636 1.1200547934 1.108722834 
1.1056229775 1.1022497288 1.068277271 1.0660924663 1.0819024678 1.1088392766 1.1898716495 1.1822104553 1.1574819432 
1.1602571425 1.1679563764 1.1275208128 1.1884026694 1.2044434941 1.2094938687 1.1352724063 1.1721817776 1.2351909769 
1.237139329 1.2544433871 1.260464739 1.3028740821 1.3024177232 1.3007196825 1.2817170451 1.2745569753 1.2872666918 
1.1801288858 1.164015218 1.2958824916 1.3048627763 1.3056778897 1.3030514654 1.2121221301 1.2470167902 1.2416391561 
1.2065945206 1.1794006128 1.1781420519 1.1781420519 1.2553287244 1.2982767865 1.3020329033 1.3017023294 1.1735875232 
1.1725543392 1.1754650003 1.1730054314 1.1932738966 1.1955123032 1.1955123032 1.1926015248 1.1926015248 1.1774136415 
1.1662392346 1.1605925412 1.1735954398 1.1879708415 1.2020240347 1.1988433487 1.1974143444 1.1909901305 1.2042022141 
1.2195111368 1.2163217867 1.1789425171 1.1365868009 1.1182603282 1.0996385508 1.0946558421 1.0968272724 1.0899982139 
1.0865357813 0.976970301 0.96421924771 1.0143762575 1.0221032445 1.0409772049 1.0434202946 1.0940104528 1.0932642997 
1.0990066857 1.325137392 1.3255364297 1.3255364297 1.3566569581 1.3563633413 1.3401990809 1.3401469707 1.3401469707 
1.3401458127 1.3340972089 1.3322238118 1.3918326316 1.3897054005 1.3708141737 1.3896974486 1.3946977579 1.3942086931 
1.3941145223 1.3896770962 1.3914324398 1.3674853685 1.3366013759 1.3354382148 1.3299546784 1.3124556016 1.3116577585 
1.2943952797 1.2789728307 1.2764369947 1.2504935229 1.2256764513 1.2260458428 1.2402725992 1.2338184126 1.2252344251 
1.215361914 1.215361914 1.2842282935 1.2842282935 1.2916161867 1.2670133396 1.3048339611 1.3064203405 1.3556368963 
1.3839171204 1.3653697466 1.3590347901 1.3568396813 1.3525953944 1.3524585519 1.4107725846 1.4132733906 1.3985970113 
1.4064680689 1.39962012 1.3930294934 1.384017452 1.3825392496 1.3906235355 1.3891042679 1.3884911297 1.4121591706 
1.433716272 1.4335201131 1.3638974269 1.3533717328 1.3635259752 1.4318295768 1.4734981902 1.4866195883 1.475548229 
1.4740021737 1.4466594011 1.446475504 1.4462336905 1.4262684416 1.4137895823 1.4162764507 1.4132668658 1.3996268962 
1.3597317559 1.3623219373 1.4218839611 1.4350448952 1.4315581315 1.4303452085 1.4289624153 1.4108059825 1.359688077 
1.3529550193 1.3529550193 1.361540298 1.360858978 1.3399518209 1.3462629699 1.3463396236 1.3878356999 1.3472911207 
1.2742726653 1.2838425115 1.3419902742 1.3454641338 1.2965199132 1.2652150522 1.2673135153 1.314366824 1.2836920558 
1.3464881538 1.346458167 1.3446168944 1.3446168944 1.3204055621 1.3169645631 1.3363497364 1.4732198784 1.4763172552 
1.4763172552 1.4766467892 1.4694107194 1.4622221776 1.4422491229 1.4424160495 1.4471638646 1.6032373839 1.6604760726 
1.66368658 1.6467164842 1.6465782299 1.6352455975 1.6186931881 1.6158993761 1.5709499879 1.5525016539 1.5508441555 
1.5505662471 1.5406517532 1.5016357714 1.500344246 1.4984599237 1.5726365184 1.5736970837 1.5648509149 1.5764644148 
1.6152166303 1.591204243 1.6156235654 1.6120031161 1.6120031161 1.6074181838 1.6107074728 1.6113827712 1.6143619077 
1.6137931499 1.6108914416 1.6209596518 1.6176371934 1.6176371934 1.5979754142 1.6259749203 1.6423330742 1.6521149784 
1.6471599389 1.6306392759 1.7308928864 1.7307076746 1.7021521105 1.6913336288 1.691246383 1.768781633 1.7921284828 
1.7941235409 1.8517845033 1.8979769662 1.919822058 1.9252807372 1.9287826205 1.9011946751 1.8805845656 1.8453055337 
1.8451569824 1.8860623047 1.9184657293 1.9184657293 1.9531599304 1.9522507713 1.9605397101 1.9771431922 1.9812418518 
1.9588312407 1.940076024 1.8536080976 1.8446068292 1.8515904568 1.8453975987 1.8377900542 1.7950693927 1.7889350716 
1.7831223848 1.802205367 1.9247605681 1.9336910023 1.8943771348 1.8003344173 1.7986685896 1.7865742171 1.7560911025 
1.6537428773 1.6003074107 1.5428814115 1.4715719128 1.4719100508 1.463543524 1.4193937236 1.3857146217 1.3900188402 
1.3878264631 1.4883675996 1.4926399401 1.4494395197 1.4229749623 1.4518138018 1.4801855219 1.5057238476 1.6181116118 
1.6153142569 1.5644555316 1.6257283372 1.6467560387 1.6637922662 1.8167940868 1.745074753 1.7654335659 1.743031048 
1.782405203 1.7828132974 1.7674555999 1.7778499111 1.8010744844 1.8013914247 1.7810362702 1.7553128709 1.7355969541 
1.6903843759 1.6904076757 1.6904078636 1.6983062411 1.7538576523 1.7539765255 1.7797880498 1.770057427 1.7913055488 
1.7264555039 1.727564109 1.7273167318 1.7228400799 1.711263716 1.7056084174 1.7032957854 1.7014784992 1.7033458997 
1.7084415109 1.7050054276 1.6668859891 1.6669325998 1.6684304168 1.7162134371 1.7128939279 1.6765178758 1.6536329791 
1.6138152321 1.5930367075 1.5903679959 1.6038711148 1.6348744635 1.678611636 1.6581067954 1.6427830597 1.6425969414 
1.6162182697 1.6280773487 1.6220602855 1.6213594218 1.630124474 1.6300655116 1.6872497381 1.688467654 1.7267607199 
1.6700880139 1.713745954 1.733211526 1.7359244153 1.7359244153 1.7557526965 1.7554992723 1.7624889668 1.7789974237 
1.783012763 1.7827646591 1.7762426709 1.7760042813 1.774863024 1.7391068876 1.7152460067 1.7131889787 1.700940624 
1.7036560177 1.7180189447 1.7214512755 1.7229086251 1.7418393242 1.7570453547 1.7575333375 1.7674876222 1.7679832225 
1.7521138598 1.6570864855 1.6521640066 1.6348338907 1.6185958969 1.6082498327 1.6080386886 1.5511098019 1.5363318572 
1.5345612513 1.5327657684 1.5268002808 1.4714858652 1.4645407773 1.463307352 1.4440272249 1.4437436933 1.4214553963 
1.4006658085 1.437504155 1.4409572056 1.4509500339 1.4609689682 1.3395375238 1.3317052802 1.3005928989 1.2998278404 
1.3139788316 1.3077651338 1.2880039035 1.2946704367 1.2946704367 1.2782829019 1.2518179548 1.2510516893 1.2336899234 
1.1821350912 1.1755196958 1.1104551694 1.0990052989 1.0640257121 1.0128259546 1.0124099943 1.0007809233 0.97548396905 
0.98164298163 1.0061840617 1.0312487637 1.0168064217 0.98393536507 0.98284871857 0.93064503188 0.93064503188 0.94236843821 
0.95205406019 0.91399926368 0.91369237016 0.89004255284 0.89004255284 0.87322544119 0.87302118477 0.82322853682 0.80197376516 
0.79910990282 0.82048030329 0.84157085869 0.88302782369 0.88311231789 0.87056982922 0.87080396035 0.87156495009 0.88385212486 
0.8900414721 0.88017818826 0.87635345129 0.82497192141 0.82254912639 0.83861124761 0.84811344235 0.84990532964 0.87706216301 
0.89536087091 0.90529308035 0.90616907532 0.97544159934 1.009343983 1.0084501914 1.034110832 1.0684189757 1.0733399746 
1.0764097328 1.1427806034 1.1534388089 1.151911437 1.1586900328 1.1852698021 1.2141445748 1.2172467872 1.2101961742 
1.2796521786 1.2778281168 1.2760288776 1.2850065456 1.2992904108 1.3192380031 1.4122754231 1.4122754231 1.4302055611 
1.4750441063 1.5532041925 1.5667602534 1.5280837215 1.5263036301 1.5143360718 1.5143360718 1.4724496177 1.502465741 
1.4778503303 1.4799741623 1.4921951444 1.4923026871 1.4923467559 1.5015533955 1.4982355014 1.5004897079 1.6063503174 
1.6170161458 1.6237831805 1.5235833268 1.5209825121 1.5075836039 1.5062907268 1.5129734806 1.5134575912 1.5232836865 
1.5197302317 1.4921417556 1.4887900871 1.4892403986 1.5074181364 1.5258608834 1.5186463212 1.5213626582 1.5454617072 
1.5506608906 1.5509793013 1.4990392493 1.4989704069 1.5135257063 1.4838382648 1.4752210049 1.437236434 1.4557345565 
1.4159401949 1.3929882547 1.3409192975 1.3035717492 1.297904379 1.2970744954 1.2954239506 1.2784163614 1.2795525719 
1.2695436556 1.2602021698 1.2517696123 1.2463795671 1.2427664243 1.2350769858 1.2296627617 1.162706846 1.1822535442 
1.2238733722 1.2766610338 1.2815816305 1.2861215069 1.3004423786 1.3162282772 1.3163377201 1.319852688 1.3184934834 
1.3184934834 1.2934147487 1.2386612178 1.2732910103 1.2715900955 1.2453544337 1.2360531057 1.2004241339 1.1882180199 
1.2028461755 1.2094904218 1.2507872434 1.2656620459 1.3412656098 1.3476544769 1.3432753221 1.3449855758 1.339021973 
1.316504783 1.3138461821 1.2503759346 1.2188709676 1.2477672511 1.2903109932 1.2916407396 1.2957273265 1.3528344724 
1.3533394453 1.368400173 1.3910977335 1.3871583222 1.3817298925 1.4989019828 1.5086342241 1.5389625204 1.7774193937 
1.8496194068 1.9263239797 1.9754369785 1.9234313184 1.8272773382 1.8236865256 1.8197697865 1.7361335503 1.7058456346 
1.6534588245 1.6530363503 1.4599653541 1.4434770538 1.4379811286 1.3972021374 1.3639004509 1.3365898102 1.3287211802 
1.318604956 1.3153322059 1.3520066528 1.350056023 1.3601955768 1.3357175806 1.3108382756 1.2868702457 1.2871626041 
1.3016306348 1.3014224389 1.3203298321 1.3238260416 1.2832756571 1.2649407572 1.2549944552 1.2329999356 1.2173589847 
1.2118937268 1.2084628565 1.1997702339 1.1997702339 1.1759097317 1.1665112297 1.1665112297 1.1613116799 1.2158386084 
1.2219857242 1.2746973752 1.2930360192 1.2976640723 1.2960887343 1.2611170751 1.269833718 1.2647567695 1.2590110985 
1.2457964429 1.2432994473 1.2086802157 1.2089919046 1.203035527 1.2321291932 1.2169131157 1.1923694676 1.1615730767 
1.1574216853 1.1206526636 1.1200547934 1.108722834 1.1056229775 1.1022497288 1.068277271 1.0660924663 1.0819024678 
1.1088392766 1.1898716495 1.1822104553 1.1574819432 1.1602571425 1.1679563764 1.1275208128 1.1884026694 1.2044434941 
1.2094938687 1.1352724063 1.1721817776 1.2351909769 1.237139329 1.2544433871 1.260464739 1.3028740821 1.3024177232 
1.3007196825 1.2817170451 1.2745569753 1.2872666918 1.1801288858 1.164015218 1.2958824916 1.3048627763 1.3056778897 
1.3030514654 1.2121221301 1.2470167902 1.2416391561 1.2065945206 1.1794006128 1.1781420519 1.1781420519 1.2553287244 
1.2982767865 1.3020329033 1.3017023294 1.1735875232 1.1725543392 1.1754650003 1.1730054314 1.1932738966 1.1955123032 
1.1955123032 1.1926015248 1.1926015248 1.1774136415 1.1662392346 1.1605925412 1.1735954398 1.1879708415 1.2020240347 
1.1988433487 1.1974143444 1.1909901305 1.2042022141 1.2195111368 1.2163217867 1.1789425171 1.1365868009 1.1182603282 
1.0996385508 1.0946558421 1.0968272724 1.0899982139 1.0881116912 0.96934050656 1.011310465 1.0353338709 1.1562072403 
1.1580659504 1.1580659504 1.1632324541 1.1757931469 1.1708404146 1.1107423133 1.1095158214 1.0684417847 1.0684417847 
1.0141021749 0.95240328569 0.95240328569 0.80147519311 0.79839502795 0.71494887649 0.72847569566 0.80924171749 0.82153965842 
0.8841459629 0.89454650242 0.9337604362 0.93189134189 0.91230100388 0.90032732136 0.86853924425 0.84058015976 0.81295971 
0.83873031221 0.83902263706 0.82909799578 0.8278434631 0.82160331085 0.79828676296 0.7972136164 0.78455772732 0.76723454688 
0.85298646279 0.84825882284 0.83522663317 0.79270060624 0.78604500599 0.80523388633 0.80586033018 0.8176927167 0.78895681215 
0.74388680796 0.66576404902 0.6630568756 0.66302399495 0.62228211824 0.62883857928 0.62914967194 0.66823747482 0.71227784471 
0.71964423324 0.74854687986 0.74971370117 0.7518884589 0.75223472366 0.75208521944 0.74255742715 0.73538897702 0.72507581914 
0.72167026388 0.68086897934 0.58273138774 0.52013415424 0.51749436891 0.52136603351 0.55744432818 0.56586260861 0.59939537083 
0.58996233576 0.55818495289 0.60089538394 0.62415796662 0.62885733224 0.72130929336 0.80421087472 
