# vtk DataFile Version 4.2
vtk output
ASCII
DATASET POLYDATA
POINTS 2331 float
-45.8594 88.3701 -15.0031 -45.9681 88.5461 -14.9087 -46.0586 88.6908 -14.8698 
-46.1471 88.8275 -14.857 -46.219 88.9791 -14.8695 -46.3464 89.1594 -14.8558 
-46.4857 89.3631 -14.8241 -46.6455 89.5753 -14.7622 -46.7662 89.74 -14.6744 
-46.8395 89.864 -14.5865 -46.8932 89.9771 -14.5039 -47.0179 90.111 -14.4536 
-47.1336 90.2602 -14.3902 -47.2739 90.4429 -14.2818 -47.4735 90.6255 -14.1568 
-47.6806 90.7834 -14.0052 -47.8797 90.9365 -13.8566 -48.0796 91.0993 -13.7026 
-48.2837 91.2909 -13.5385 -48.5114 91.4929 -13.3731 -48.7526 91.7263 -13.2049 
-48.9791 92.0365 -13.0353 -49.2727 92.4287 -12.6435 -49.7064 92.8541 -12.1806 
-50.2745 93.2073 -11.781 -51.3279 93.6724 -11.3457 -52.6211 94.2335 -10.8535 
-54.5392 95.7868 -9.81018 -57.6524 99.0156 -9.08559 -51.0907 107.377 -4.05528 
-47.9409 111.604 -0.256361 -44.5061 116.006 1.85249 -41.5126 120.87 3.75522 
-37.5053 125.589 5.84297 -32.1619 131.922 8.26518 -24.941 136.914 8.65386 
-16.175 142.878 9.48994 -16.175 142.878 9.48994 -12.7328 146.121 21.0929 
-12.4292 146.285 25.379 -12.2324 146.357 28.7221 -12.0289 146.886 33.1682 
-11.84 147.074 37.4811 -11.9077 147.43 41.575 -11.7986 148.598 45.1645 
-12.095 149.696 48.4171 -14.1593 150.311 50.4538 -16.1069 150.73 51.5226 
-18.1242 151.001 52.3081 -21.0222 152.394 51.9106 -23.2595 152.793 51.9439 
-25.3243 152.87 51.5432 -26.5605 152.772 51.3415 -27.6829 152.603 51.1869 
-28.9767 152.366 50.8813 -30.7938 151.871 50.219 -33.0637 151.157 49.4151 
-35.2392 150.731 48.9909 -36.8128 150.487 48.8493 -38.2893 150.22 48.905 
-40.3832 150.339 49.0449 -42.0617 150.361 49.1415 -43.6984 150.768 49.2245 
-44.9915 151.001 49.1503 -46.2521 151.226 49.0321 -47.6013 151.546 48.6656 
-49.3841 152.84 47.8377 -50.3642 153.492 47.3549 -51.4318 154.257 46.8123 
-52.3711 154.886 46.2225 -53.213 155.652 45.5917 -54.0818 156.435 45.008 
-55.011 157.608 44.3141 -55.7233 158.694 43.5648 -56.3353 159.759 42.6365 
-56.7678 160.677 41.7375 -57.194 161.637 40.9165 -57.5788 162.564 39.8365 
-58.4089 164.472 38.3312 -16.175 142.878 9.48994 -9.25257 147.078 3.75078 
-4.96056 148.439 0.477547 9.52578 150.682 -1.32146 9.52578 150.682 -1.32146 
12.0449 155.026 12.1829 11.7021 154.346 14.789 11.0454 153.685 16.5186 
9.74741 153.383 18.2344 7.90282 153.648 20.1013 6.14517 154.021 21.4562 
4.879 154.429 22.4148 3.6374 155.079 23.3226 2.11876 155.911 24.5146 
0.826758 156.841 25.4863 -0.400021 157.533 26.3582 -1.5426 158.337 27.2178 
-2.93411 159.525 28.1909 -4.08778 160.382 28.9914 -5.35258 161.606 29.8081 
-6.35203 162.388 30.4545 -7.47355 163.282 31.1118 -8.4145 163.995 31.586 
-9.58791 164.618 32.2216 -10.774 165.32 32.8959 -11.8271 165.933 33.5013 
-12.8868 166.435 34.0673 -14.1987 166.791 34.8473 -15.6417 167.128 35.8053 
-17.5143 166.997 37.2776 -19.1196 166.785 38.7492 -20.2719 166.648 39.7336 
-21.645 166.371 41.0064 -22.7934 166.112 42.6976 -23.7337 165.458 44.4801 
-24.2426 165.005 45.8303 -24.8491 164.624 47.5573 -25.0187 164.22 49.3646 
-24.9525 163.679 51.2044 -24.8801 163.107 52.6628 -24.4685 162.489 54.18 
-24.0406 161.847 55.5338 -23.5428 161.388 56.6148 -22.975 160.926 57.7578 
-22.3269 160.374 58.913 -21.4045 159.864 60.4507 -20.4399 159.47 62.0636 
-19.3363 159.284 63.7732 -18.3415 159.12 65.2887 -17.3944 158.951 66.7972 
-16.3623 159.021 68.3582 -15.6588 159.145 69.7836 -14.861 159.45 71.1523 
-14.1353 159.771 72.525 -13.4385 160.073 73.7781 -12.8506 160.351 74.9737 
-12.0618 160.935 76.487 -11.5727 161.356 77.5845 -11.0763 161.854 78.6912 
-10.5911 162.275 79.7661 -10.0879 162.774 80.779 -9.64139 163.419 81.9747 
-9.09394 163.954 83.1162 -8.68732 164.581 84.119 -8.1512 165.272 85.4413 
-7.76237 165.897 86.6475 -7.37888 166.563 87.6936 -7.09164 167.297 89.1967 
-6.84891 167.927 90.3341 -6.66412 168.659 91.8403 -6.18315 169.516 93.8537 
-6.05105 170.108 95.188 -6.0074 170.602 96.7376 -6.02059 171.205 98.1948 
-5.9999 171.81 99.6149 -5.9173 172.39 101.049 -5.93689 173.082 102.694 
-5.89165 173.801 104.458 -5.99049 174.581 106.194 -6.23001 175.26 107.654 
-6.35163 175.896 108.978 -6.5624 176.422 110.172 -6.8992 176.879 111.262 
-7.23072 177.324 112.082 -8.07455 178.746 115.254 -8.07455 178.746 115.254 
-7.06465 177.961 118.425 -6.52532 178.148 120.214 -6.02914 178.406 121.422 
-5.7624 178.776 122.56 -5.50781 179.207 123.692 -6.6559 180.173 126.516 
-8.07455 178.746 115.254 -10.2947 181.473 115.896 -11.3814 182.771 117.172 
-12.0511 183.656 117.893 -12.6711 184.429 118.63 -13.1562 185.099 119.232 
-13.6621 185.725 119.829 -14.195 186.31 120.385 -14.6842 186.85 120.99 
-15.2883 187.39 121.603 -15.9204 187.837 122.218 -16.4218 188.217 122.835 
-16.9282 188.463 123.468 -17.3243 188.677 124.07 -17.7055 188.878 124.691 
-17.9441 189.179 125.443 -18.1915 189.24 126.238 -18.2774 189.248 126.93 
-18.351 189.17 127.518 -18.4521 188.977 128.125 -18.4303 188.735 128.884 
-18.3959 188.45 129.715 -18.4193 187.874 130.506 -18.5218 186.986 130.986 
12.0789 130.493 35.4844 8.51489 134.431 39.7089 8.22691 135.791 42.1461 
8.16176 137.081 43.9129 8.18575 138.287 45.307 8.14525 139.522 46.6064 
8.01049 140.759 47.8857 7.92428 142.045 49.1132 7.43647 143.394 50.3348 
6.85857 144.853 51.6842 6.11528 146.316 52.9553 5.37119 147.674 54.1077 
4.64645 148.912 55.1185 3.83545 150.053 56.1825 2.83041 151.142 57.2774 
1.98529 152.323 58.4138 1.22153 153.543 59.93 1.202 154.606 61.7793 
2.29614 155.525 63.8219 4.21715 155.807 65.5178 6.18411 155.813 66.7362 
8.21969 155.692 67.8108 9.87573 155.661 68.6774 11.5919 155.587 69.5066 
13.2521 155.486 70.3331 14.4878 155.421 71.0727 15.6032 155.401 71.7874 
16.7825 155.392 72.4622 17.994 155.405 73.4294 19.3371 155.397 74.4992 
20.7458 155.397 75.6534 21.8628 155.527 76.8572 22.846 155.761 78.0094 
23.9954 155.926 79.4454 25.1122 156.365 80.9263 26.0321 156.679 82.2059 
26.7124 157.177 83.5467 27.5292 157.819 85.2605 28.0284 158.311 86.5006 
28.3894 158.874 87.9911 28.6953 159.446 89.5238 28.9619 160.002 91.0796 
29.441 160.648 92.4857 29.6974 161.369 94.153 29.801 162.142 95.4461 
29.9635 162.901 97.0279 29.854 163.821 98.6149 29.8872 164.65 100.111 
29.7969 165.479 101.707 29.6998 166.289 103.23 29.5776 167.034 104.8 
29.5998 167.789 106.223 29.6153 168.423 107.645 29.6666 169.08 109.225 
29.698 169.611 110.818 30.8225 171.005 116.475 12.0789 130.493 35.4844 
14.4293 126.487 37.7562 17.8436 127.748 41.697 19.3471 128.993 43.1092 
20.3471 129.937 44.074 21.483 130.897 45.0697 26.2421 134.588 46.6146 
-6.6559 180.173 126.516 -5.04252 181.375 130.09 -4.93114 181.805 131.508 
-4.85495 182.22 132.412 -4.78843 182.449 133.13 -4.74194 182.643 133.799 
-4.69454 182.84 134.457 -4.74168 183.254 135.293 -4.83441 183.589 136.17 
-4.95179 183.965 137.115 -5.11877 184.379 137.957 -5.37885 184.729 138.75 
-6.03478 185.012 139.592 -6.98328 185.163 140.261 -8.82004 184.704 140.201 
-10.1109 184.161 139.423 -10.8833 183.728 138.48 -11.2127 183.13 137.483 
-11.532 182.74 136.522 -11.8534 182.436 135.321 -12.1355 182.14 134.356 
-12.3791 181.819 133.159 -12.3762 181.535 131.881 -12.372 181.277 130.834 
-12.0462 180.619 127.523 -6.6559 180.173 126.516 -9.77849 180.334 126.929 
-12.0462 180.619 127.523 30.8225 171.005 116.475 33.4401 168.777 119.858 
33.8578 168.308 122.419 34.0002 168.355 123.996 33.9037 168.369 125.725 
33.9067 168.511 127.617 33.7016 169.172 129.869 33.5455 169.887 131.963 
33.3486 170.426 134.05 33.2641 170.913 135.772 33.1451 171.473 137.41 
33.0367 171.996 138.776 32.9879 172.344 140.172 32.9223 172.781 141.409 
32.9391 173.165 142.599 32.892 173.426 143.917 32.9725 173.687 145.336 
33.1217 173.842 146.77 33.3799 173.895 148.191 33.5124 174.063 149.183 
33.5678 174.273 150.017 33.6347 174.412 150.762 33.7015 174.636 151.558 
33.5858 175.046 152.492 33.2403 175.617 153.299 32.6902 176.236 153.762 
31.9645 177.218 153.779 31.2911 177.924 153.709 30.6098 178.652 153.426 
29.9155 179.377 152.999 29.274 180.012 152.514 28.4917 180.449 151.892 
27.8573 180.785 150.959 27.4783 180.976 150.227 27.1215 181.114 149.38 
26.7453 181.316 148.586 26.4481 181.415 147.82 26.2955 181.5 147.028 
26.2379 181.536 146.056 26.1685 181.618 145.03 26.1689 181.649 144.07 
26.1511 181.779 143.146 26.1448 181.869 142.196 26.1551 181.959 141.275 
26.2044 181.993 140.182 26.1807 181.896 139.13 26.1198 181.519 138.258 
26.0492 181.3 137.791 25.8972 180.946 137.262 25.5817 180.239 136.75 
25.0019 179.178 136.589 24.2924 177.914 137.535 23.7889 177.326 138.926 
23.6988 176.918 140.174 23.7283 176.591 141.354 23.7223 176.479 142.537 
23.7167 176.418 143.715 23.756 176.412 144.763 23.9999 176.351 146.008 
24.2211 176.297 146.849 24.451 176.251 147.775 24.7602 176.152 148.877 
25.0487 176.13 149.979 25.3512 176.211 150.88 25.5363 176.342 151.785 
25.7197 176.472 152.619 25.8413 176.502 153.353 25.9499 176.511 154.002 
26.0812 176.507 154.649 26.1804 176.529 155.289 26.3322 176.612 155.999 
26.4547 176.763 156.778 26.5868 176.868 157.665 26.8753 177.094 158.714 
27.3418 177.377 159.804 27.7988 177.589 160.615 28.1859 177.718 161.25 
28.7728 177.863 161.888 29.5839 177.804 162.637 30.5365 177.666 163.302 
31.6855 177.338 163.986 32.9147 176.977 164.429 33.9381 176.624 164.889 
34.735 176.343 165.518 35.4597 176.1 166.203 36.1503 175.935 166.993 
36.9272 176.058 168.109 37.379 176.203 169.104 37.6806 176.563 169.897 
37.8603 177.195 170.792 37.532 178.044 171.652 37.2549 178.611 172.242 
36.7174 179.193 172.605 36.2322 179.654 172.869 35.6997 180.099 172.984 
35.0732 180.526 173.161 34.4892 180.896 173.395 34.0004 181.214 173.604 
33.5467 181.508 173.793 33.0392 181.832 173.98 32.2481 182.245 174.089 
31.2977 182.74 174.105 30.3365 183.246 174.117 29.5242 183.651 174.001 
28.7442 184.042 173.93 27.9182 184.51 173.863 27.0135 185.051 173.845 
26.1276 185.609 173.852 25.0092 186.25 173.98 24.1123 186.944 174.121 
23.2572 187.603 174.267 22.4479 188.279 174.543 21.6599 188.965 174.785 
20.9389 189.719 175.063 20.2066 190.457 175.441 19.4167 191.284 175.917 
18.7476 191.844 176.441 18.1033 192.299 177.131 17.5348 192.66 177.798 
17.0395 193.036 178.505 16.598 193.432 179.329 16.1537 193.859 180.303 
15.7778 194.225 181.395 15.598 194.491 182.357 15.4405 194.678 183.315 
15.1876 194.625 184.695 15.0161 194.585 185.855 14.7091 194.54 187.013 
14.1825 194.755 188.1 13.6775 195.889 188.992 13.4153 197.075 189.306 
13.5512 198.413 188.947 13.8635 199.486 187.864 14.1647 199.985 186.968 
14.5339 200.419 186.237 14.8984 200.673 185.615 15.5282 201.064 185.095 
16.2965 201.458 184.599 17.2282 202.721 184.472 17.9267 203.736 184.706 
18.3435 204.895 185.502 18.1187 205.54 187.163 17.3682 205.479 188.504 
16.7249 205.204 189.658 16.1682 204.889 190.554 15.8081 204.513 191.334 
15.531 203.988 192.09 15.3698 203.406 192.714 15.3001 202.84 193.243 
15.3071 202.184 193.842 15.4974 201.323 194.527 15.7963 200.639 195.027 
16.3176 199.969 195.457 16.788 199.292 195.769 17.269 198.613 195.895 
17.7737 197.932 195.963 18.3037 197.109 195.793 18.9523 196.208 195.435 
20.9881 195.635 195.906 22.0993 194.998 195.94 23.3126 194.728 196.328 
25.2424 194.659 197.516 26.2421 134.588 46.6146 25.8135 140.268 49.247 
24.0643 144.227 51.2484 26.2421 134.588 46.6146 31.283 134.267 46.3008 
35.1631 133.777 45.4267 39.1196 133.268 44.3354 42.3664 132.575 43.3438 
44.533 132.099 42.201 45.9104 131.766 41.2792 47.1268 131.567 40.4685 
48.3777 131.376 39.4588 49.5495 131.167 38.4933 50.8982 131.087 37.3835 
52.3376 131.101 35.937 53.7656 131.051 34.3884 55.0969 131.099 32.8684 
56.5446 131.414 30.9858 57.6861 131.731 29.2644 58.7755 132.286 27.8499 
59.6666 132.901 26.6282 60.3886 133.53 25.7058 60.9405 134.36 24.7373 
61.475 135.383 23.7862 61.79 136.655 22.8304 62.1234 137.765 21.9031 
62.4432 138.907 21.0643 62.5942 140.019 20.2358 62.7823 141.093 19.0945 
63.0857 142.293 18.0374 -12.0462 180.619 127.523 -13.6159 180.465 126.095 
-15.6827 180.526 125.985 -17.4586 180.127 126.53 -18.724 179.983 126.994 
-19.9499 179.657 127.666 -21.154 179.312 128.554 -21.9837 179.146 129.342 
-22.5782 178.973 130.159 -22.922 178.892 130.877 -23.0807 178.789 131.449 
-23.1605 178.671 132.006 -23.3734 178.678 132.746 -23.177 178.582 133.802 
-23.1194 178.528 134.659 -23.0189 178.557 135.33 -22.932 178.567 135.989 
-22.8557 178.6 136.701 -22.5863 178.75 137.568 -22.2659 178.933 138.331 
-21.9952 179.095 139.015 -21.8636 179.21 139.722 -21.7206 179.306 140.437 
-21.4578 179.405 141.071 -21.1232 179.492 141.692 -20.7776 179.547 142.315 
-20.5822 179.583 142.924 -20.4214 179.632 143.435 -20.2399 179.717 143.956 
-20.0665 179.833 144.411 -19.8364 179.99 144.94 -19.564 180.158 145.483 
-19.362 180.315 146.12 -19.1384 180.344 146.863 -18.9895 180.389 147.439 
-18.823 180.469 148.023 -18.6972 180.555 148.759 -18.6332 180.603 149.754 
-18.5594 180.597 150.723 -18.5638 180.633 151.735 -18.5947 180.669 152.689 
-18.6352 180.699 153.505 -18.6982 180.683 154.356 -18.852 180.631 155.364 
-19.076 180.567 156.453 -19.3013 180.54 157.318 -19.6359 180.521 158.264 
-20.0343 180.547 159.221 -20.3973 180.589 160.058 -20.7203 180.645 160.784 
-21.1511 180.636 161.586 -21.5746 180.676 162.385 -22.0047 180.675 163.184 
-22.4625 180.777 163.937 -22.865 180.82 164.58 -23.3259 180.863 165.263 
-23.8036 180.926 166.067 -24.406 180.853 166.948 -24.9322 180.815 167.95 
-25.3458 180.815 168.788 -25.6689 180.973 169.599 -26.0531 181.326 170.491 
-26.1686 181.84 171.528 -26.3016 182.532 172.468 -25.964 183.334 173.268 
-25.6814 183.757 173.758 -25.4423 184.044 174.028 -25.2029 184.258 174.284 
-24.8957 184.595 174.558 -24.6008 184.868 174.794 -24.3063 185.112 175.077 
-23.7726 185.477 175.321 -23.1895 185.823 175.502 -22.5931 186.127 175.624 
-21.9958 186.433 175.622 -21.4547 186.675 175.659 -20.9119 186.912 175.67 
-20.3181 187.158 175.627 -19.6848 187.424 175.58 -19.06 187.636 175.465 
-18.3837 187.872 175.319 -17.5901 188.151 175.141 -16.702 188.557 174.943 
-15.9021 188.91 174.761 -15.2244 189.225 174.599 -14.5574 189.48 174.384 
-13.6516 189.876 174.461 -12.8497 190.321 174.384 -12.0494 190.822 174.372 
-11.2268 191.336 174.385 -10.4831 191.767 174.453 -9.89129 192.149 174.524 
-9.34534 192.495 174.656 -8.7607 192.984 174.892 -8.20038 193.496 175.107 
-7.73005 194.005 175.347 -7.21396 194.549 175.666 -6.64059 195.208 176.148 
-6.08571 195.856 176.966 -5.69067 196.25 177.717 -5.34849 196.468 178.663 
-4.95433 196.735 179.783 -4.69809 196.844 180.845 -4.51595 196.9 181.729 
-4.28857 196.957 182.67 -4.07906 196.921 183.783 -3.67876 196.599 185.102 
-3.29936 196.471 186.041 -2.81443 196.503 187.019 -2.06566 196.945 187.868 
-1.34388 197.959 188.551 -1.366 199.903 188.2 -1.94343 201.014 187.297 
-2.71301 201.458 186.49 -3.39652 201.753 186.009 -4.31672 202.135 185.681 
-5.16847 202.6 185.481 -6.03444 203.271 185.434 -6.64232 204.565 185.742 
-6.75074 205.912 186.266 -6.24604 207.157 187.113 -5.10549 207.65 188.165 
-4.22418 207.682 188.88 -3.55108 207.672 189.482 -3.04112 207.459 190.16 
-2.53053 207.311 190.801 -2.0056 206.993 191.525 -1.61151 206.656 192.098 
-1.23276 206.102 192.679 -0.949128 205.587 193.253 -0.798591 205.059 193.814 
-0.793032 204.233 194.513 -0.859392 203.354 195.077 -1.0759 202.542 195.55 
-1.41204 201.602 195.925 -2.40807 199.628 196.3 -2.40807 199.628 196.3 
-3.52858 198.593 197.71 -4.26413 197.976 198.488 -4.83093 197.555 199.004 
-5.50517 197.162 199.885 -6.09044 196.978 200.974 -6.75177 197.201 202.445 
-2.40807 199.628 196.3 -2.28542 198.118 194.793 -1.963 197.593 194.137 
-1.47578 197.199 193.748 -0.918417 196.943 193.488 -0.282706 196.699 193.345 
0.359045 196.47 193.384 1.00542 196.21 193.468 1.52089 195.995 193.572 
1.95024 195.799 193.696 2.29377 195.613 193.824 2.63917 195.395 193.96 
3.053 195.064 194.169 3.49848 194.711 194.409 3.98437 194.251 194.655 
4.37446 193.571 195 4.7306 193.086 195.24 5.03489 192.472 195.454 
5.25384 191.98 195.669 5.36896 191.608 195.834 5.42124 191.264 196.026 
5.4756 190.882 196.237 5.48392 190.453 196.517 5.28863 189.895 196.934 
5.11242 189.466 197.31 4.86079 189.031 197.618 4.55271 188.594 197.926 
4.11256 188.147 198.249 3.63857 187.677 198.497 3.19656 187.246 198.707 
2.56548 186.75 198.889 1.84201 186.21 199.075 1.10029 185.755 199.171 
0.364481 185.343 199.233 -0.318387 184.891 199.257 -0.892127 184.299 199.269 
-1.43099 183.797 199.272 -1.95667 183.275 199.261 -2.5276 182.749 199.286 
-3.00446 182.212 199.268 -3.47991 181.664 199.289 -3.88176 181.146 199.286 
-4.18564 180.732 199.242 -4.5174 180.278 199.274 -4.89316 179.834 199.246 
-5.30048 179.24 199.201 -5.69774 178.506 199.216 -6.01573 177.806 199.232 
-6.28148 177.257 199.294 -6.49034 176.852 199.313 -6.689 176.442 199.329 
-6.89751 176.028 199.385 -7.46334 175.006 199.605 -6.75177 197.201 202.445 
-8.33653 196.893 202.988 -9.50873 197.206 203.413 -10.4876 197.464 203.456 
-11.5036 197.66 203.291 -12.4216 198.02 202.984 -13.2968 198.422 202.459 
-14.8067 199.172 201.599 -6.75177 197.201 202.445 -5.45394 197.899 203.583 
-4.25748 198.158 203.665 -3.28824 198.255 203.57 -2.50152 198.31 203.514 
-1.76497 198.438 203.559 -1.01699 198.555 203.608 -0.384857 198.605 203.619 
0.225811 198.762 203.532 0.673636 198.912 203.377 1.09888 198.998 203.283 
1.58714 199.097 203.202 2.01112 199.257 203.132 2.38663 199.402 203.071 
2.66902 199.512 203.027 2.95825 199.628 202.958 3.26577 199.763 202.905 
3.56542 199.955 202.844 3.89883 200.144 202.734 4.34205 200.365 202.565 
5.00324 200.704 202.21 5.53011 200.986 202.021 5.95857 201.452 201.902 
6.2641 201.814 201.706 6.68613 202.212 201.521 7.22078 202.772 201.391 
7.43474 203.045 201.332 7.56398 203.226 201.302 8.49309 204.561 201.707 
-7.46334 175.006 199.605 -8.26353 175.182 201.066 -8.36108 175.22 201.658 
-8.37844 175.399 202.142 -8.38949 175.619 202.484 -8.40637 175.771 202.792 
-8.40351 175.879 203.063 -8.2707 175.73 204.444 -7.46334 175.006 199.605 
-7.36571 173.84 198.617 -7.1897 173.099 198.171 -6.62171 172.554 197.731 
-6.31548 172.245 197.464 -5.94016 171.915 197.192 -5.4391 171.41 196.928 
-4.90159 170.938 196.705 -4.28928 170.445 196.521 -3.52866 170.059 196.385 
-3.0006 169.536 196.467 -2.58569 169.087 196.567 -2.21547 168.694 196.747 
-2.02899 168.405 196.904 -1.90385 168.159 197.069 -1.80974 167.664 197.219 
-1.62554 167.167 197.344 -1.35751 166.72 197.569 -1.05723 166.059 197.83 
-0.903077 165.672 198.031 -0.830212 165.511 198.138 -0.786968 165.426 198.216 
-0.776224 165.386 198.248 -0.767168 165.363 198.268 -0.766034 165.349 198.285 
-0.764921 165.344 198.29 -0.764734 165.343 198.292 -0.764669 165.342 198.292 
8.49309 204.561 201.707 9.08799 204.187 202.529 9.95261 203.57 203.769 
45.0861 205.89 196.476 46.4941 205.403 196.338 47.0265 205.321 196.269 
47.5356 205.333 196.152 47.8774 205.239 196.334 45.0861 205.89 196.476 
45.1876 207.496 197.113 45.291 207.956 197.337 45.3847 208.367 197.539 
45.5351 208.88 197.748 45.4543 209.003 197.843 -14.8067 199.172 201.599 
-16.3116 200.052 202.248 -16.9626 200.722 202.596 -16.8664 201.855 202.894 
8.49309 204.561 201.707 8.43048 205.544 201.189 8.4356 206.387 200.832 
8.46557 207.016 200.617 8.48372 207.632 200.468 8.6122 208.283 200.38 
8.88798 208.943 200.367 9.12781 209.586 200.46 9.50821 210.206 200.603 
9.89695 210.716 200.83 10.2656 211.114 201.423 10.5878 211.44 201.972 
10.855 211.67 202.426 11.0811 211.813 202.829 11.3692 211.939 203.192 
11.6026 212.058 203.749 12.0712 212.18 204.548 12.3627 212.26 205.043 
12.5795 212.276 205.39 12.8741 212.288 205.804 13.1012 212.381 206.37 
13.3862 212.417 206.874 13.624 212.49 207.405 13.9579 212.558 208.003 
14.0826 212.846 208.857 14.1649 212.988 209.444 14.1732 213.244 209.997 
14.1845 213.494 210.609 14.1553 213.752 211.169 14.8192 215.322 212.927 
-8.2707 175.73 204.444 -7.90698 174.61 204.632 -7.44513 174.128 204.627 
-7.01158 173.808 204.605 -6.56502 173.52 204.527 -6.13386 173.295 204.477 
-5.69445 173.037 204.463 -5.1937 172.788 204.514 -4.81922 172.5 204.524 
-4.49181 172.209 204.542 -4.20719 171.926 204.561 -3.88123 171.58 204.577 
-3.49549 171.01 204.57 -2.6571 170.377 204.608 -2.28529 169.862 204.67 
-2.05643 169.578 204.695 -1.86178 169.336 204.721 -1.64238 168.988 204.722 
-1.28665 168.565 204.818 -0.93952 167.914 204.902 -0.628093 167.469 204.974 
-0.385729 167.058 205.027 -0.189087 166.617 205.051 -0.0318674 166.226 205.075 
0.175011 165.74 205.064 0.304988 165.301 205.055 0.468968 164.839 205.054 
0.629925 164.433 205.053 0.776778 163.93 204.993 0.889102 163.471 204.893 
1.03481 162.95 204.662 0.806016 162.207 204.174 0.774816 161.597 203.862 
0.25773 161.079 203.576 -0.369397 160.551 203.286 -0.573056 160.241 203.118 
-0.708598 160.086 202.993 -8.2707 175.73 204.444 -8.45726 176.512 205.391 
-8.13691 176.304 206.416 -8.04893 176.277 206.902 -7.98758 176.262 207.149 
-7.92208 176.261 207.448 -7.8444 176.318 207.808 -7.73213 176.018 208.532 
-7.57902 175.696 209.006 -7.53252 175.543 209.185 -7.50688 175.435 209.316 
-7.48256 175.291 209.438 -7.42278 175.097 209.575 -7.30225 174.833 209.752 
-7.10152 174.57 209.974 -6.87853 174.341 210.251 -6.66379 173.954 210.619 
-6.51434 173.507 210.97 -6.40043 173.298 211.132 -6.33637 173.136 211.243 
-6.25109 172.929 211.333 -6.1639 172.711 211.418 -5.91265 172.474 211.566 
-5.70625 172.12 211.698 -5.49852 171.679 211.822 -4.97939 171.3 212.001 
-4.52203 170.786 212.031 -3.94945 170.335 212.029 -3.53993 169.895 212.029 
-3.07151 169.433 212.028 -2.61313 169.076 212.008 -2.14039 168.644 211.933 
-1.67587 168.253 211.883 -1.21308 167.857 211.819 -0.738677 167.599 211.744 
-0.429111 167.362 211.673 0.0864144 167.25 211.675 0.412557 166.978 211.576 
0.668089 166.857 211.505 0.889302 166.717 211.433 1.08272 166.602 211.355 
1.21716 166.508 211.287 1.33177 166.435 211.228 1.42466 166.377 211.183 
1.50379 166.332 211.138 1.57268 166.287 211.096 1.63577 166.244 211.057 
1.69672 166.202 211.02 1.75856 166.158 210.985 1.8126 166.121 210.951 
1.86284 166.113 210.911 9.95261 203.57 203.769 9.59297 203.823 205.348 
9.9999 203.681 206.251 10.2882 203.665 206.631 10.8302 203.814 207.036 
11.3996 203.994 207.419 11.8729 204.141 207.738 12.3526 204.291 208.053 
12.8945 204.582 208.37 13.4462 204.943 208.662 13.9643 205.287 208.942 
14.3734 205.655 209.251 14.6989 205.958 209.489 15.0914 206.297 209.738 
15.4836 206.724 210.025 15.8732 207.262 210.309 16.245 207.822 210.586 
16.4683 208.397 210.864 16.7075 209.017 211.136 16.7856 209.679 211.395 
16.8456 210.399 211.647 16.9679 211.07 211.903 16.8262 212.016 212.243 
16.8082 212.734 212.466 16.6502 213.728 212.797 14.8192 215.322 212.927 
47.8774 205.239 196.334 48.3614 204.925 196.78 48.5924 204.606 197.163 
47.8774 205.239 196.334 46.853 206.443 194.821 46.5904 206.525 194.613 
46.4675 206.633 194.509 46.341 206.702 194.425 46.2324 206.775 194.349 
46.1402 206.83 194.279 46.0807 206.86 194.231 46.0193 206.894 194.176 
45.9201 206.911 194.107 45.8329 206.929 194.044 45.7266 206.942 193.967 
45.5969 206.944 193.853 45.422 206.944 193.711 45.17 206.966 193.543 
44.9745 207.02 193.397 44.8557 207.111 193.274 44.7232 207.179 193.173 
44.612 207.241 193.085 44.5414 207.301 193.016 44.4723 207.346 192.957 
44.4069 207.387 192.899 44.3373 207.421 192.844 44.2695 207.464 192.79 
44.1859 207.519 192.734 44.0903 207.576 192.66 43.9722 207.633 192.559 
43.7522 207.729 192.49 43.4046 207.784 192.455 42.9806 207.89 192.404 
42.3129 208.058 192.266 41.4259 207.899 192.028 40.8088 207.973 191.846 
39.9374 207.771 191.712 39.3277 207.796 191.633 38.8032 207.756 191.532 
38.3876 207.762 191.427 37.9898 207.699 191.337 37.5722 207.546 191.268 
37.2439 207.423 191.227 36.9266 207.282 191.182 36.616 207.12 191.107 
35.9943 207.05 190.978 35.5135 206.969 190.895 35.1571 206.957 190.828 
34.7555 206.942 190.678 34.4338 206.874 190.579 34.1604 206.817 190.504 
33.8244 206.608 190.432 33.5181 206.418 190.36 33.1706 206.382 190.308 
32.8794 206.306 190.276 32.6548 206.278 190.253 32.4838 206.247 190.236 
32.3519 206.227 190.224 32.2614 206.207 190.212 45.4543 209.003 197.843 
47.0458 208.198 198.064 47.6119 207.87 198.264 47.9131 207.492 198.352 
48.1354 207.143 198.381 48.2721 206.873 198.36 48.9518 205.237 198.432 
48.5924 204.606 197.163 48.9427 205.426 198.12 48.9518 205.237 198.432 
14.8192 215.322 212.927 14.0191 217.093 213.887 13.6393 218.208 214.114 
48.5924 204.606 197.163 48.47 203.178 196.498 48.8395 202.339 196.486 
48.9742 201.407 196.506 48.8925 200.353 196.573 48.5957 199.491 196.723 
48.4205 197.515 197.757 48.9518 205.237 198.432 49.4161 203.853 198.977 
49.5686 203.272 199.144 49.7376 202.587 199.224 49.5089 201.443 199.202 
49.359 200.403 199.065 49.3157 199.875 198.948 48.4205 197.515 197.757 
-24.5422 208.115 198.014 -23.8308 207.976 198.813 -23.547 207.934 199.032 
-23.3964 207.962 199.138 13.6393 218.208 214.114 11.9371 218.838 213.803 
11.6244 219.756 213.678 11.3683 220.326 213.545 11.1221 220.992 213.417 
10.9392 221.866 213.21 10.7313 222.668 213.16 10.5592 223.454 213.327 
10.481 224.382 213.566 10.3751 225.213 213.836 10.4231 225.823 214.057 
10.4943 226.409 214.288 10.5313 227.073 214.597 10.8107 227.865 215.097 
10.9228 228.474 215.699 11.1942 228.878 216.191 11.447 229.089 216.561 
13.14 229.142 217.966 13.6393 218.208 214.114 14.7802 219.56 214.861 
14.5665 220.531 215.126 14.3881 221.176 215.273 14.154 221.981 215.436 
13.9769 222.8 215.586 13.775 223.529 215.721 13.6591 224.475 215.932 
13.5672 225.33 216.118 13.552 226.14 216.256 13.5195 227.159 216.558 
13.14 229.142 217.966 48.4205 197.515 197.757 47.9265 195.386 197.791 
48.2256 193.409 198.574 48.3075 192.392 198.935 -23.3964 207.962 199.138 
-23.3838 208.952 199.491 -23.1976 209.454 199.652 -24.2909 209.648 200.023 
-23.3964 207.962 199.138 -23.1688 206.79 198.874 -22.8483 206.174 198.966 
-22.6507 205.68 199.066 -22.4946 205.364 199.14 -22.3027 205.113 199.24 
13.14 229.142 217.966 13.9822 230.344 219.682 14.6945 230.335 220.512 
48.3075 192.392 198.935 49.9725 192.031 199.568 50.2388 191.418 199.805 
50.3629 190.812 200.173 50.3901 190.484 200.381 50.3743 190.259 200.546 
49.5989 189.121 202.156 48.3075 192.392 198.935 47.4256 191.389 198.992 
47.6355 190.386 199.538 47.7375 189.929 199.842 47.9291 189.566 200.433 
48.195 189.331 200.869 49.5989 189.121 202.156 14.6945 230.335 220.512 
14.2365 230.968 222.1 14.5046 230.929 222.637 14.6228 230.893 222.891 
14.899 230.804 223.279 15.2628 230.579 223.962 15.5376 230.426 224.416 
15.7108 230.24 224.764 15.9076 229.985 225.097 16.3132 229.361 226.11 
14.6945 230.335 220.512 16.1972 229.794 220.503 16.6589 229.609 221.204 
16.9866 229.412 221.711 17.343 229.144 222.175 17.6569 228.892 222.773 
17.7882 228.753 223.069 17.9236 228.569 223.337 18.1591 228.333 223.718 
17.3227 227.056 225.531 16.3132 229.361 226.11 16.5401 228.001 226.013 
17.3227 227.056 225.531 49.5989 189.121 202.156 50.4622 188.658 203.566 
50.9896 188.723 204.589 51.8426 189.046 205.648 16.3132 229.361 226.11 
16.4436 230.316 227.193 16.1744 231.133 227.725 15.9058 232.15 227.655 
15.5021 232.524 227.78 15.3044 232.773 227.846 15.1262 232.926 227.903 
14.989 233.035 227.954 14.887 233.115 227.995 14.814 233.173 228.027 
14.7584 233.205 228.055 14.7072 233.239 228.084 14.6624 233.268 228.11 
14.6231 233.293 228.133 14.59 233.315 228.152 14.5607 233.334 228.17 
14.5348 233.352 228.185 14.5114 233.368 228.199 14.4902 233.382 228.211 
14.4709 233.395 228.222 14.4532 233.406 228.233 14.4367 233.416 228.243 
14.4214 233.426 228.253 14.4074 233.435 228.261 14.3947 233.443 228.269 
14.3835 233.451 228.276 14.3734 233.457 228.283 14.3637 233.464 228.289 
14.3545 233.47 228.295 14.346 233.475 228.301 14.3384 233.48 228.306 
14.3318 233.485 228.311 14.3253 233.489 228.315 14.3192 233.493 228.319 
14.3132 233.497 228.323 14.3074 233.501 228.327 14.3019 233.505 228.33 
14.2965 233.508 228.334 14.2914 233.512 228.337 14.2865 233.515 228.34 
14.2819 233.518 228.344 14.2774 233.521 228.347 14.2732 233.524 228.349 
14.2692 233.527 228.352 14.2655 233.529 228.354 14.2619 233.532 228.357 
14.2585 233.534 228.359 14.2553 233.536 228.361 14.2522 233.538 228.363 
14.2492 233.54 228.365 14.2462 233.542 228.368 14.2434 233.544 228.369 
14.2408 233.546 228.371 14.2385 233.548 228.373 14.2364 233.549 228.374 
14.2345 233.55 228.376 14.2329 233.551 228.377 14.2314 233.552 228.378 
14.2301 233.553 228.378 14.2288 233.554 228.379 14.2271 233.555 228.38 
14.2258 233.556 228.381 14.2246 233.557 228.381 14.2237 233.558 228.382 
14.2228 233.558 228.382 14.2221 233.559 228.383 14.2214 233.559 228.383 
14.2209 233.56 228.384 14.2204 233.56 228.384 14.2197 233.561 228.384 
14.2187 233.561 228.385 14.2182 233.562 228.385 14.2179 233.562 228.385 
17.3227 227.056 225.531 15.8477 225.845 225.957 15.7788 224.87 226.002 
15.6683 224.338 225.999 15.487 223.576 226.016 15.4141 223.067 226.055 
15.2983 222.596 226.115 15.2114 222.133 226.168 15.1699 221.558 226.215 
14.9754 220.795 226.293 14.9007 220.18 226.392 14.8117 219.565 226.446 
14.7389 219.081 226.503 14.5618 218.629 226.574 14.419 218.118 226.627 
14.3822 217.546 226.691 14.3606 217.079 226.791 14.3546 216.616 226.868 
14.3449 216.18 226.973 14.3357 215.747 227.031 14.3227 215.223 227.154 
14.2902 214.674 227.293 14.1521 214.158 227.463 14.0582 213.706 227.608 
14.1233 213.122 227.739 15.2781 211.626 228.442 51.8426 189.046 205.648 
53.3695 187.812 206.339 53.9141 187.39 207.054 54.246 186.678 207.557 
15.2781 211.626 228.442 15.191 210.056 228.926 15.4982 208.442 229.827 
16.0645 207.574 230.966 54.246 186.678 207.557 55.5422 187.24 208.755 
55.7187 187.253 209.152 55.8197 187.261 209.436 55.903 187.218 209.661 
55.9737 187.191 209.858 56.1152 187.175 210.288 56.2578 186.925 210.689 
56.312 186.901 210.914 56.3477 186.864 211.083 56.3577 186.859 211.243 
56.3785 186.837 211.396 56.3952 186.826 211.542 56.4067 186.811 211.677 
56.4159 186.799 211.804 56.4286 186.779 211.927 56.4575 186.735 212.049 
56.4761 186.705 212.149 56.4961 186.675 212.221 56.5116 186.65 212.274 
56.5255 186.626 212.325 56.5378 186.605 212.369 56.5475 186.587 212.408 
56.5563 186.57 212.443 56.5646 186.555 212.476 56.5725 186.54 212.507 
56.5798 186.527 212.534 56.5867 186.515 212.559 56.5929 186.504 212.581 
56.5991 186.493 212.6 56.605 186.482 212.62 56.6109 186.472 212.638 
56.6167 186.461 212.657 56.6226 186.451 212.676 56.6286 186.441 212.694 
56.6345 186.431 212.712 56.6404 186.422 212.729 56.6461 186.413 212.746 
56.6516 186.404 212.762 56.657 186.395 212.778 56.6622 186.387 212.793 
56.6673 186.379 212.808 56.6722 186.371 212.823 56.677 186.363 212.837 
56.6817 186.356 212.85 56.6862 186.348 212.863 56.6905 186.341 212.876 
56.6947 186.335 212.888 56.6988 186.328 212.9 56.7027 186.322 212.911 
56.7066 186.316 212.922 56.7104 186.31 212.933 56.7142 186.304 212.943 
56.7179 186.298 212.954 56.7215 186.292 212.964 56.7251 186.287 212.973 
56.7286 186.281 212.983 56.732 186.276 212.992 56.7353 186.271 213.001 
56.7388 186.266 213.01 56.7423 186.261 213.019 56.7459 186.257 213.028 
56.7496 186.252 213.037 56.7532 186.247 213.046 56.7568 186.242 213.055 
56.7603 186.237 213.063 56.7636 186.233 213.072 56.7671 186.228 213.081 
56.7707 186.224 213.09 56.7744 186.219 213.099 56.7782 186.214 213.109 
56.782 186.209 213.118 56.7859 186.204 213.128 56.7899 186.199 213.138 
56.7942 186.194 213.149 56.7984 186.189 213.159 56.8025 186.184 213.169 
56.8067 186.179 213.18 56.8107 186.174 213.19 56.8148 186.169 213.2 
56.8187 186.165 213.209 56.8226 186.16 213.219 56.8265 186.156 213.228 
56.8303 186.151 213.238 56.8341 186.147 213.247 56.8379 186.142 213.256 
56.8417 186.138 213.266 56.8456 186.134 213.275 56.8494 186.129 213.285 
56.8531 186.125 213.294 56.8568 186.121 213.303 56.8603 186.117 213.311 
56.8638 186.114 213.32 56.8673 186.11 213.328 56.8706 186.106 213.336 
56.8739 186.103 213.344 56.8772 186.099 213.352 56.8804 186.096 213.36 
56.8835 186.092 213.367 56.8866 186.089 213.375 56.8897 186.086 213.382 
56.8926 186.083 213.389 56.8955 186.08 213.396 56.8983 186.077 213.403 
56.901 186.074 213.409 56.9036 186.071 213.416 56.9061 186.069 213.422 
56.9085 186.066 213.428 56.9108 186.064 213.433 56.913 186.062 213.439 
56.9152 186.06 213.444 56.9174 186.057 213.45 56.9196 186.055 213.455 
56.9218 186.053 213.461 56.9241 186.051 213.467 56.9263 186.049 213.472 
56.9286 186.047 213.478 56.9308 186.045 213.484 56.933 186.043 213.49 
56.9352 186.041 213.495 56.9373 186.039 213.5 56.9393 186.037 213.506 
56.9413 186.035 213.511 56.9433 186.033 213.516 56.9453 186.031 213.521 
56.9472 186.029 213.526 56.9492 186.027 213.531 56.9511 186.025 213.536 
56.9529 186.024 213.541 56.9548 186.022 213.546 56.9566 186.02 213.551 
56.9584 186.018 213.556 56.9602 186.017 213.56 56.962 186.015 213.565 
56.9637 186.013 213.57 56.9655 186.012 213.574 56.9672 186.01 213.579 
56.9688 186.008 213.583 56.9705 186.007 213.587 56.9721 186.005 213.592 
56.9737 186.004 213.596 56.9753 186.002 213.6 56.9768 186.001 213.604 
56.9784 185.999 213.608 56.9799 185.998 213.612 56.9814 185.996 213.616 
56.9828 185.995 213.62 56.9843 185.994 213.624 56.9857 185.992 213.627 
56.9871 185.991 213.631 56.9884 185.99 213.635 56.9897 185.988 213.638 
56.991 185.987 213.642 56.9923 185.986 213.645 56.9936 185.985 213.648 
56.9948 185.983 213.652 56.996 185.982 213.655 56.9972 185.981 213.658 
56.9983 185.98 213.661 56.9994 185.979 213.664 57.0005 185.978 213.667 
57.0016 185.977 213.67 57.0027 185.976 213.673 57.0037 185.975 213.675 
57.0047 185.974 213.678 57.0056 185.973 213.681 57.0065 185.972 213.683 
57.0075 185.971 213.686 57.0085 185.97 213.688 57.0094 185.969 213.691 
57.0104 185.968 213.694 57.0114 185.967 213.696 57.0125 185.966 213.699 
57.0135 185.965 213.702 57.0145 185.964 213.705 57.0155 185.963 213.707 
57.0165 185.962 213.71 57.0175 185.961 213.713 57.0185 185.96 213.716 
57.0195 185.959 213.718 57.0205 185.958 213.721 57.0215 185.957 213.724 
57.0225 185.957 213.727 57.0234 185.956 213.729 57.0244 185.955 213.732 
57.0253 185.954 213.735 57.0263 185.953 213.737 57.0272 185.952 213.74 
57.0281 185.951 213.743 57.029 185.95 213.745 57.03 185.949 213.748 
57.0309 185.948 213.751 57.0317 185.947 213.753 57.0326 185.946 213.756 
57.0335 185.945 213.758 57.0343 185.944 213.761 57.0352 185.944 213.763 
57.036 185.943 213.765 57.0368 185.942 213.768 57.0376 185.941 213.77 
57.0384 185.94 213.772 57.0392 185.939 213.775 57.04 185.939 213.777 
57.0407 185.938 213.779 57.0415 185.937 213.781 57.0423 185.937 213.783 
57.0431 185.936 213.786 57.0438 185.935 213.788 57.0446 185.934 213.79 
57.0453 185.934 213.792 57.0461 185.933 213.794 57.0468 185.932 213.796 
57.0476 185.931 213.798 57.0483 185.931 213.8 57.049 185.93 213.803 
57.0497 185.929 213.805 57.0504 185.929 213.807 57.0511 185.928 213.809 
57.0518 185.927 213.811 57.0525 185.927 213.812 57.0532 185.926 213.815 
57.0539 185.925 213.817 57.0546 185.925 213.819 57.0553 185.924 213.821 
57.0561 185.923 213.823 57.0568 185.922 213.825 57.0575 185.922 213.827 
57.0583 185.921 213.829 57.059 185.92 213.832 57.0598 185.919 213.834 
57.0606 185.919 213.836 57.0613 185.918 213.838 57.0621 185.917 213.841 
57.0629 185.916 213.843 57.0637 185.916 213.845 57.0645 185.915 213.848 
57.0652 185.914 213.85 57.066 185.913 213.852 57.0668 185.912 213.855 
57.0676 185.912 213.857 57.0684 185.911 213.859 57.0692 185.91 213.862 
57.0701 185.909 213.864 57.0709 185.908 213.867 57.0717 185.907 213.869 
57.0725 185.907 213.872 57.0733 185.906 213.874 57.0741 185.905 213.877 
57.075 185.904 213.879 57.0758 185.903 213.882 57.0766 185.902 213.884 
57.0774 185.902 213.887 57.0783 185.901 213.889 57.0791 185.9 213.892 
57.0799 185.899 213.894 57.0808 185.898 213.897 57.0816 185.897 213.899 
57.0824 185.896 213.902 57.0833 185.896 213.904 57.0841 185.895 213.907 
57.085 185.894 213.91 57.0858 185.893 213.912 57.0867 185.892 213.915 
57.0875 185.891 213.917 57.0884 185.89 213.92 57.0892 185.889 213.923 
57.0901 185.888 213.925 57.0909 185.888 213.928 57.0918 185.887 213.931 
57.0927 185.886 213.933 57.0936 185.885 213.936 57.0945 185.884 213.939 
57.0954 185.883 213.942 57.0964 185.882 213.945 57.0973 185.881 213.948 
57.0983 185.88 213.951 57.0993 185.878 213.954 57.1004 185.877 213.957 
57.1014 185.876 213.961 57.1025 185.875 213.964 57.1036 185.874 213.968 
57.1048 185.872 213.971 57.1059 185.871 213.975 57.1071 185.87 213.979 
57.1084 185.868 213.983 57.1096 185.867 213.987 57.1108 185.865 213.991 
57.112 185.864 213.995 57.1132 185.862 213.999 57.1143 185.861 214.004 
57.1155 185.859 214.008 57.1167 185.858 214.012 57.1179 185.856 214.016 
57.1191 185.855 214.02 57.1202 185.853 214.024 57.1214 185.852 214.028 
57.1225 185.85 214.033 57.1237 185.849 214.037 57.1248 185.847 214.041 
57.126 185.846 214.045 57.1271 185.844 214.049 57.1283 185.843 214.053 
57.1295 185.841 214.058 57.1307 185.839 214.062 57.132 185.838 214.066 
57.1333 185.836 214.071 57.1346 185.834 214.076 57.1359 185.833 214.081 
57.1373 185.831 214.086 57.1387 185.829 214.091 57.1401 185.827 214.096 
57.1415 185.825 214.102 57.143 185.823 214.107 57.1444 185.821 214.113 
57.1459 185.819 214.118 57.1474 185.817 214.124 57.1489 185.815 214.13 
57.1504 185.813 214.135 57.1519 185.811 214.141 57.1534 185.809 214.147 
57.1549 185.807 214.153 57.1564 185.805 214.158 57.1579 185.803 214.164 
57.1594 185.801 214.17 57.1609 185.799 214.176 57.1624 185.796 214.182 
57.1639 185.794 214.188 57.1654 185.792 214.193 57.1669 185.79 214.199 
57.1683 185.788 214.205 57.1697 185.786 214.211 57.171 185.784 214.216 
57.1723 185.782 214.222 57.1735 185.78 214.227 57.1747 185.778 214.233 
57.1758 185.776 214.238 57.1769 185.774 214.242 57.178 185.772 214.247 
57.179 185.77 214.252 57.1799 185.769 214.257 57.1809 185.767 214.261 
57.1818 185.765 214.266 57.1827 185.764 214.27 57.1836 185.762 214.274 
57.1844 185.76 214.279 57.1853 185.759 214.283 57.1861 185.757 214.287 
57.1869 185.755 214.291 57.1877 185.754 214.295 57.1885 185.752 214.3 
57.1894 185.75 214.304 57.1903 185.749 214.309 57.1911 185.747 214.313 
57.192 185.745 214.318 57.1929 185.743 214.322 57.1937 185.741 214.327 
57.1946 185.739 214.332 57.1954 185.737 214.336 57.1962 185.736 214.341 
57.197 185.734 214.345 57.1978 185.732 214.349 57.1986 185.73 214.354 
57.1994 185.729 214.358 57.2001 185.727 214.362 57.2009 185.725 214.366 
57.2017 185.723 214.371 57.2025 185.721 214.375 57.2033 185.719 214.38 
57.2041 185.718 214.384 57.205 185.716 214.389 57.2058 185.714 214.394 
57.2066 185.712 214.399 57.2075 185.709 214.404 57.2083 185.707 214.409 
57.2092 185.705 214.414 57.2101 185.703 214.419 57.211 185.701 214.424 
57.2119 185.698 214.43 57.2128 185.696 214.435 57.2138 185.694 214.441 
57.2147 185.691 214.447 57.2157 185.689 214.452 57.2167 185.686 214.458 
57.2177 185.684 214.464 57.2187 185.681 214.47 57.2197 185.679 214.476 
57.2207 185.676 214.482 57.2217 185.674 214.488 57.2227 185.671 214.495 
57.2236 185.669 214.501 57.2246 185.666 214.507 57.2255 185.664 214.513 
57.2264 185.661 214.519 57.2273 185.658 214.525 57.2282 185.656 214.532 
57.2292 185.653 214.538 57.2301 185.65 214.545 57.2311 185.647 214.552 
57.232 185.644 214.558 57.2329 185.642 214.565 57.2338 185.639 214.572 
57.2348 185.636 214.579 57.2358 185.633 214.586 57.2368 185.63 214.594 
57.2378 185.626 214.601 57.2388 185.623 214.609 57.2398 185.62 214.617 
57.2409 185.616 214.625 57.242 185.613 214.634 57.2431 185.609 214.642 
57.2442 185.606 214.651 57.2453 185.602 214.66 57.2465 185.598 214.668 
57.2476 185.594 214.678 57.2488 185.59 214.687 57.25 185.586 214.696 
57.2512 185.582 214.706 57.2524 185.578 214.715 57.2536 185.574 214.725 
57.2549 185.57 214.735 57.2561 185.566 214.745 57.2574 185.562 214.755 
57.2586 185.557 214.765 57.2599 185.553 214.775 57.2612 185.549 214.786 
57.2625 185.544 214.796 57.2638 185.54 214.807 57.2655 185.535 214.818 
57.2662 185.53 214.83 57.2677 185.525 214.841 57.2685 185.52 214.854 
57.2696 185.515 214.867 57.2707 185.509 214.88 57.2719 185.504 214.895 
57.2731 185.497 214.91 57.2743 185.491 214.926 57.2756 185.484 214.942 
57.2769 185.477 214.959 57.2783 185.47 214.977 57.2797 185.463 214.995 
57.2811 185.455 215.013 57.2825 185.448 215.032 57.284 185.44 215.051 
57.2854 185.432 215.071 57.2869 185.423 215.091 57.2884 185.415 215.111 
57.2899 185.405 215.134 57.2922 185.396 215.159 57.2931 185.387 215.181 
57.296 185.378 215.206 57.2975 185.368 215.23 57.3021 185.358 215.259 
57.3061 185.346 215.293 57.3102 185.333 215.332 57.3143 185.32 215.374 
57.3187 185.306 215.418 57.3236 185.291 215.467 57.3287 185.275 215.517 
57.3346 185.259 215.573 57.3396 185.244 215.63 57.3442 185.232 215.684 
57.3521 185.221 215.741 57.3593 185.211 215.803 57.3737 185.194 215.896 
57.3923 185.181 215.997 57.4154 185.167 216.102 57.456 185.163 216.22 
57.5047 185.168 216.358 57.5658 185.185 216.515 57.6279 185.202 216.701 
57.7135 185.217 216.876 57.8154 185.23 217.039 57.9078 185.227 217.199 
57.9752 185.219 217.363 58.042 185.213 217.527 58.1169 185.185 217.685 
58.1917 185.148 217.855 58.3787 185.072 218.022 58.5047 185.024 218.144 
58.6153 184.987 218.247 58.7567 184.951 218.375 58.9613 184.964 218.517 
59.2165 184.979 218.664 59.527 185.058 218.784 59.8396 185.141 218.891 
60.1948 185.264 218.987 60.6619 185.428 219.021 61.3861 185.648 218.992 
62.2095 186.06 218.831 62.73 186.345 218.558 63.0317 186.572 218.328 
63.3252 186.774 218.092 63.5945 187.013 217.826 63.8526 187.398 217.368 
16.0645 207.574 230.966 15.5888 207.172 232.977 15.7882 207.126 233.397 
16.5808 206.556 234.49 16.0645 207.574 230.966 17.4187 206.39 231.352 
17.73 205.976 232.178 17.7956 205.885 232.409 16.5808 206.556 234.49 
17.2864 206.07 234.036 17.6076 205.895 233.821 17.8975 205.738 233.531 
17.6889 205.752 232.724 17.7956 205.885 232.409 16.5808 206.556 234.49 
16.5122 206.584 235.83 16.6108 206.368 236.27 16.4898 205.723 236.661 
16.8737 205.114 237.08 17.7956 205.885 232.409 18.712 206.112 231.947 
18.9045 206.124 231.935 9.52578 150.682 -1.32146 21.1114 151.455 -6.32818 
21.3108 144.178 13.0724 17.8655 140.501 17.1707 16.399 138.842 19.5006 
15.109 137.257 21.9359 13.9309 135.783 24.0794 13.0477 133.551 27.361 
12.214 131.663 30.5863 12.0789 130.493 35.4844 30.8225 171.005 116.475 
28.9203 175.252 118.713 28.7008 176.432 120.889 28.6764 178.065 122.508 
28.5528 178.906 123.641 28.5399 179.633 124.523 28.5313 180.354 125.385 
28.5735 181.104 126.193 28.6296 181.752 126.959 28.7733 182.28 127.833 
29.5279 182.806 129.882 30.2503 182.63 131.13 30.7148 182.74 131.674 
30.8269 182.76 131.753 30.8799 182.775 131.799 30.9108 182.789 131.81 
25.2424 194.659 197.516 27.4841 194.645 196.644 28.5681 194.888 196.395 
29.4602 195.241 196.054 30.1687 195.879 195.531 30.7144 196.381 195.108 
31.2817 197.013 194.245 33.2757 198.223 192.903 34.0832 198.77 192.749 
34.9072 199.268 192.659 35.7066 199.735 192.665 36.513 200.145 192.732 
37.255 200.61 192.896 38.0086 201.069 193.139 38.7376 201.516 193.49 
39.4283 201.919 193.857 40.0374 202.293 194.168 40.6691 202.776 194.57 
41.3832 203.314 195.006 42.0392 203.804 195.376 42.6076 204.262 195.652 
43.1709 204.73 195.96 43.7757 205.163 196.138 45.0861 205.89 196.476 
9.95261 203.57 203.769 11.136 202.732 203.271 11.9989 202.196 203.137 
14.0784 200.579 203.38 14.7964 199.971 203.581 15.5476 199.503 203.626 
16.2154 199.022 203.676 16.8646 198.592 203.666 17.5468 198.108 203.656 
18.4257 197.67 203.684 19.2881 197.299 203.69 20.3995 196.883 203.508 
21.4441 196.382 203.379 22.3341 196.057 203.221 23.0918 195.729 202.89 
23.859 195.44 202.361 24.611 195.064 201.556 25.0204 194.713 200.716 
25.1796 194.594 199.799 25.2424 194.659 197.516 -14.8067 199.172 201.599 
-15.4747 199.4 200.045 -15.8578 199.814 199.17 -15.9712 200.188 198.35 
-16.0277 200.492 197.649 -16.1001 200.926 196.987 -16.2151 201.396 196.321 
-16.2106 202.156 195.396 -16.2794 202.648 195.011 -16.3491 203.147 194.654 
-16.4413 203.617 194.36 -16.6111 204.149 194.136 -16.7562 204.736 193.912 
-16.9084 205.277 193.783 -17.0202 205.841 193.678 -17.8271 206.546 193.632 
-18.5255 207.144 193.701 -19.1315 207.594 193.883 -19.9001 207.931 194.181 
-20.7646 208.244 194.536 -21.6667 208.383 195.028 -22.4414 208.483 195.544 
-23.0869 208.486 196.023 -23.6134 208.381 196.485 -24.1356 208.241 197.008 
-24.5422 208.115 198.014 45.4543 209.003 197.843 44.2169 209.73 197.802 
43.8753 210.503 198.085 43.6188 210.867 198.361 43.4582 211.104 198.574 
43.2802 211.302 198.78 43.1304 211.477 198.977 42.9867 211.649 199.196 
42.786 211.877 199.545 42.6002 212.273 200.175 42.8591 212.884 200.922 
42.877 213.247 201.489 43.1511 213.594 202.035 43.5523 213.84 202.556 
44.0213 213.849 203.095 45.8851 213.572 203.979 46.5663 213.036 203.954 
47.0585 212.513 203.837 47.5272 212.121 203.722 48.0872 211.857 203.649 
48.5762 211.486 203.582 49.0448 210.852 203.37 49.3402 210.096 203.311 
49.6381 209.685 203.451 50.0151 209.321 203.568 50.2342 209.139 203.674 
50.4135 209.004 203.757 50.5697 208.868 203.855 50.6901 208.729 203.943 
50.7972 208.577 204.051 50.8913 208.436 204.151 50.9675 208.267 204.264 
51.0371 208.113 204.38 51.0857 207.98 204.479 51.1248 207.848 204.594 
51.1688 207.712 204.726 51.1859 207.506 204.895 50.9895 207.111 205.102 
50.2244 207.619 205.572 49.9112 207.811 205.847 49.7747 207.932 205.952 
49.6997 208 206.006 49.6551 208.052 206.034 49.6337 208.084 206.042 
-24.5422 208.115 198.014 -25.6837 208.101 198.413 -26.1827 208.099 198.893 
-26.6372 208.095 199.422 -27.7287 207.738 201.23 -28.0086 207.616 201.835 
-28.1917 207.481 202.186 -28.407 207.279 202.638 -28.5378 207.234 203.121 
-28.6278 207.209 203.547 -28.7351 207.183 204.056 -28.7404 207.131 204.643 
-28.7635 207.036 205.155 -28.7791 206.918 205.653 -28.818 206.81 206.13 
-28.8105 206.63 206.737 -28.8165 206.481 207.2 -28.8121 206.329 207.6 
-28.8054 206.132 208.038 -28.7674 205.99 208.38 -28.7113 205.819 208.713 
-28.6595 205.635 209.12 -28.4739 205.236 209.527 -28.2289 204.722 209.969 
-28.004 204.238 210.378 -27.7267 203.789 210.758 -27.3329 203.199 211.158 
-26.8615 202.523 211.552 -26.5605 201.65 212.015 -26.2801 200.896 212.431 
-26.3095 199.951 212.895 -26.2813 199.162 213.23 -26.2529 198.359 213.548 
-26.2755 197.509 213.899 -26.3006 196.634 214.24 -26.5834 195.796 214.718 
-26.7483 195.174 215.019 -26.9684 194.516 215.298 -26.9836 193.463 215.657 
-26.8508 192.605 216.029 -26.9781 192.062 216.314 -27.1895 191.442 216.485 
-27.3309 191.079 216.619 -27.408 190.858 216.66 -27.4695 190.696 216.687 
-27.5115 190.591 216.706 -27.5461 190.523 216.719 -27.5774 190.458 216.729 
-27.6044 190.404 216.738 -27.6274 190.358 216.745 -27.6505 190.32 216.749 
-27.669 190.291 216.752 -27.6817 190.271 216.755 -27.6972 190.257 216.758 
-27.7033 190.252 216.759 -27.7052 190.25 216.759 -27.7057 190.249 216.759 
-27.7059 190.249 216.76 17.3227 227.056 225.531 18.6427 225.797 226.354 
18.564 224.938 226.77 18.5004 224.497 226.914 18.5114 223.922 227.074 
18.4679 223.267 227.188 18.4542 222.58 227.248 18.4391 221.905 227.292 
18.379 221.179 227.322 18.3183 220.456 227.347 18.2023 219.775 227.37 
18.077 219.311 227.377 17.9568 218.834 227.399 17.8158 218.334 227.422 
17.6529 217.757 227.453 17.5063 217.26 227.52 17.3569 216.752 227.629 
17.2041 216.262 227.799 17.0099 215.697 227.953 16.6653 214.326 228.157 
16.531 213.601 228.183 16.5169 213.109 228.21 15.2781 211.626 228.442 
54.246 186.678 207.557 54.1225 185.369 207.733 54.8764 184.816 207.944 
55.0729 184.59 208.054 55.1745 184.393 208.144 55.3167 184.199 208.234 
55.4395 184 208.298 55.5469 183.801 208.353 55.6562 183.582 208.41 
55.8597 183.256 208.517 55.9876 182.917 208.644 56.1232 182.653 208.749 
56.3247 182.333 208.832 56.4546 182.073 208.908 56.604 181.818 208.981 
56.7243 181.483 209.079 56.8491 181.061 209.178 57.0753 180.544 209.283 
57.0001 179.852 209.588 57.0883 179.438 209.708 57.1953 178.999 209.872 
57.333 178.386 210.105 57.3358 177.926 210.246 57.3057 177.646 210.322 
57.2684 177.356 210.403 57.2235 177.047 210.47 57.1969 176.689 210.52 
57.1673 176.321 210.596 57.0931 175.894 210.725 56.818 175.385 210.824 
56.6126 174.78 210.922 56.3422 174.263 211.04 56.1892 173.947 211.089 
55.9948 173.7 211.127 55.7356 173.436 211.177 55.4602 173.123 211.207 
55.0973 172.842 211.237 54.75 172.57 211.263 54.3335 172.268 211.282 
53.7834 171.935 211.286 53.2761 171.688 211.234 52.7966 171.515 211.171 
52.3369 171.382 211.101 51.9318 171.285 211.037 51.4758 171.218 210.982 
50.7997 171.351 210.927 50.1366 171.628 210.859 49.4231 171.753 210.76 
48.744 172.026 210.711 48.0604 172.305 210.734 47.3709 172.582 210.913 
46.8126 172.828 211.128 46.1882 173.158 211.49 45.8704 173.409 211.857 
45.627 173.626 212.17 45.3523 173.853 212.499 45.1309 174.14 212.961 
44.8585 174.353 213.546 44.8824 174.522 214.058 44.9402 174.597 214.436 
44.9802 174.633 214.721 45.0286 174.662 215.018 45.0865 174.984 215.395 
44.7797 175.244 216.209 45.0135 175.206 216.778 45.1197 175.225 217.196 
45.1894 175.219 217.453 45.2631 175.205 217.672 45.331 175.187 217.871 
45.4551 175.155 218.107 45.713 174.991 218.365 45.9648 174.831 218.634 
46.2849 174.503 218.97 46.6359 174.166 219.229 47.0171 173.684 219.541 
47.544 173.258 219.796 48.0702 172.701 219.993 48.7298 172.254 220.118 
49.1518 171.625 220.268 49.5524 171.199 220.347 49.8909 170.83 220.379 
50.2652 170.463 220.394 50.6211 170.113 220.405 50.9764 169.757 220.412 
51.3335 169.357 220.405 51.8551 168.993 220.406 52.3002 168.606 220.431 
52.7538 168.232 220.465 53.1019 167.85 220.536 53.4105 167.3 220.67 
53.7454 166.736 220.926 53.8583 166.088 221.231 53.8968 165.565 221.523 
53.9377 165.067 221.951 53.6505 164.703 222.44 53.5554 164.532 222.743 
53.4458 164.412 222.938 53.3882 164.312 223.066 53.3252 164.229 223.175 
53.2754 164.158 223.272 53.2361 164.102 223.343 53.2197 164.056 223.393 
53.1999 164.013 223.439 53.181 163.967 223.484 53.163 163.924 223.526 
53.1443 163.877 223.568 53.1228 163.822 223.621 53.1036 163.775 223.667 
53.0859 163.732 223.709 53.0698 163.693 223.748 53.0554 163.658 223.784 
53.0413 163.625 223.817 53.0284 163.594 223.848 53.0119 163.561 223.882 
52.9963 163.53 223.914 52.9826 163.503 223.942 52.9695 163.477 223.969 
52.9564 163.453 223.995 52.9438 163.43 224.02 52.9321 163.408 224.043 
52.9195 163.394 224.064 52.9048 163.38 224.087 52.8893 163.363 224.111 
52.8728 163.347 224.137 52.8541 163.329 224.167 52.8351 163.31 224.197 
52.8156 163.291 224.228 52.7962 163.272 224.26 52.7769 163.254 224.291 
52.7576 163.236 224.322 52.7375 163.219 224.356 52.7174 163.203 224.389 
52.6984 163.189 224.419 52.6808 163.177 224.446 52.665 163.166 224.469 
52.6498 163.156 224.492 52.6349 163.149 224.514 52.6224 163.143 224.533 
52.6106 163.138 224.551 52.5993 163.134 224.568 52.5878 163.13 224.585 
52.5753 163.126 224.604 52.5635 163.122 224.622 52.552 163.119 224.639 
52.5408 163.115 224.656 52.5298 163.112 224.673 52.5191 163.109 224.689 
52.5085 163.106 224.705 52.4982 163.102 224.721 52.488 163.1 224.736 
52.4779 163.097 224.751 52.4681 163.094 224.766 52.4584 163.091 224.781 
52.4487 163.088 224.795 52.4393 163.086 224.809 52.4301 163.083 224.823 
52.4212 163.08 224.836 52.4127 163.078 224.849 52.4036 163.076 224.862 
52.3956 163.075 224.874 52.3887 163.074 224.884 52.3818 163.074 224.894 
52.3753 163.073 224.904 52.3688 163.073 224.913 52.3624 163.073 224.923 
52.3559 163.074 224.933 52.3491 163.074 224.943 52.3421 163.074 224.954 
52.3348 163.074 224.965 52.3274 163.074 224.976 52.3197 163.074 224.988 
52.3119 163.074 225 52.3039 163.074 225.012 52.2958 163.074 225.024 
52.2875 163.074 225.036 52.279 163.074 225.049 52.2705 163.074 225.062 
52.2618 163.074 225.075 52.253 163.074 225.089 52.2441 163.075 225.102 
52.2352 163.075 225.116 52.2262 163.075 225.129 52.2172 163.075 225.143 
52.2082 163.075 225.157 52.1993 163.075 225.17 52.1903 163.075 225.184 
52.1809 163.075 225.198 52.1707 163.076 225.213 52.1602 163.076 225.229 
52.1492 163.077 225.245 52.1378 163.078 225.262 52.1263 163.078 225.279 
52.1146 163.079 225.296 52.103 163.08 225.313 52.0918 163.081 225.329 
52.0811 163.082 225.344 52.0709 163.083 225.36 52.0614 163.086 225.376 
52.0493 163.092 225.397 52.0385 163.096 225.415 52.0278 163.101 225.434 
52.0174 163.105 225.452 52.0074 163.109 225.469 51.9979 163.114 225.486 
51.9889 163.117 225.501 51.9804 163.121 225.516 51.9721 163.125 225.53 
51.964 163.128 225.544 51.9562 163.132 225.557 51.9486 163.135 225.57 
51.9412 163.138 225.583 51.9342 163.141 225.595 51.9274 163.144 225.606 
51.921 163.147 225.617 51.915 163.15 225.627 51.9098 163.152 225.636 
51.9044 163.155 225.646 51.8993 163.158 225.655 51.8942 163.16 225.664 
51.8894 163.163 225.672 51.8848 163.165 225.681 51.8803 163.168 225.689 
51.8757 163.17 225.697 51.8715 163.174 225.706 51.867 163.177 225.714 
51.863 163.18 225.722 51.8591 163.182 225.729 51.8556 163.185 225.736 
51.8524 163.187 225.742 51.8494 163.189 225.748 51.8468 163.191 225.753 
51.8444 163.192 225.758 51.8425 163.194 225.762 51.8409 163.195 225.765 
51.8398 163.196 225.767 51.8387 163.197 225.769 51.8377 163.197 225.771 
51.8368 163.198 225.773 51.8359 163.199 225.775 51.8351 163.199 225.777 
51.8343 163.2 225.778 51.8336 163.2 225.78 51.8329 163.201 225.781 
51.8323 163.201 225.782 51.8316 163.202 225.783 51.8311 163.202 225.785 
51.8305 163.203 225.786 51.83 163.203 225.787 51.8295 163.203 225.788 
51.8291 163.204 225.788 51.8287 163.204 225.789 51.8283 163.204 225.79 
51.8279 163.205 225.791 51.8276 163.205 225.791 51.8272 163.205 225.792 
51.8269 163.205 225.793 51.8266 163.206 225.793 51.8263 163.206 225.794 
51.8261 163.206 225.794 51.8259 163.206 225.795 51.8254 163.206 225.796 
51.8244 163.207 225.798 51.8237 163.208 225.799 51.8232 163.208 225.8 
51.8226 163.209 225.801 51.8222 163.209 225.802 51.8221 163.209 225.802 
65.6388 167 222.147 65.5799 167.022 222.128 65.486 167.091 222.075 
65.3606 167.192 221.992 65.1573 167.449 221.86 64.8831 167.75 221.713 
64.5057 168.029 221.513 64.2489 168.399 221.353 64.0513 168.783 221.225 
63.876 169.22 220.984 63.6009 169.825 220.858 63.1967 170.327 220.826 
62.7857 170.753 220.8 62.4546 171.195 220.81 62.0383 171.739 220.813 
61.6201 172.408 220.819 61.1705 172.815 220.841 60.8651 173.074 220.905 
60.5626 173.319 221.042 60.3121 173.589 221.197 60.1443 173.851 221.325 
59.9559 174.301 221.577 59.8332 174.753 221.858 59.6563 175.031 222.088 
59.42 175.421 222.371 59.1706 175.695 222.588 58.976 175.888 222.803 
58.8386 176.014 223.016 58.6976 176.156 223.277 58.5244 176.332 223.692 
58.3951 176.673 224.428 57.8838 176.852 224.934 57.8613 176.819 225.358 
57.7974 176.776 225.69 57.7479 176.671 225.935 57.7028 176.538 226.199 
57.6078 176.318 226.578 57.3778 176.101 226.988 57.1761 175.81 227.402 
56.9536 175.539 227.681 56.7404 175.255 227.915 56.5445 175.102 228.095 
56.2948 174.923 228.288 55.7822 174.597 228.679 54.9957 174.359 229.008 
54.2697 174.026 229.179 53.443 173.913 229.249 52.6816 173.834 229.111 
51.9438 173.863 228.951 51.2364 173.948 228.768 50.7278 174.198 228.562 
50.2671 174.446 228.38 49.8926 174.639 228.189 49.6512 174.836 228.048 
49.4858 175.032 227.896 49.3195 175.2 227.756 49.1103 175.393 227.584 
48.9779 175.574 227.439 48.8662 175.764 227.287 48.7403 175.917 227.106 
48.4582 176.341 226.562 48.1187 176.712 226.116 47.6535 177.051 225.639 
47.746 177.216 225.436 47.7677 177.338 225.298 47.7702 177.428 225.143 
47.7675 177.466 225.028 47.7548 177.519 224.918 47.7435 177.58 224.801 
47.7332 177.654 224.671 47.7131 177.765 224.466 47.5514 178.106 223.756 
47.4825 178.433 223.092 47.5159 178.646 222.781 47.5968 178.752 222.632 
47.6992 178.868 222.486 48.0901 179.3 221.616 48.1422 179.353 221.473 
48.1682 179.417 221.324 48.2037 179.494 221.164 48.2142 179.556 221.046 
48.2365 179.632 220.959 48.2559 179.699 220.87 48.2849 179.759 220.794 
48.3252 179.818 220.714 48.3932 179.881 220.619 48.4989 179.987 220.479 
48.611 180.141 220.316 49.0373 180.408 219.663 49.0969 180.84 219.192 
49.264 181.11 218.921 49.4693 181.58 218.659 49.7058 181.732 218.401 
49.8897 181.865 218.208 50.1267 182.067 217.995 50.4365 182.408 217.79 
50.8771 182.993 217.652 51.1907 183.58 217.631 51.5137 184.037 217.58 
51.7933 184.427 217.509 52.0478 184.775 217.411 52.4655 185.265 217.265 
52.9039 185.875 217.086 53.288 186.463 216.861 53.6448 187.035 216.576 
54.0667 187.435 216.301 54.4848 187.718 216.053 54.8399 188.069 215.777 
55.0188 188.428 215.475 55.2092 188.975 214.999 55.3737 189.301 214.744 
55.4278 189.526 214.561 55.4089 189.664 214.451 55.4104 189.781 214.352 
55.4259 189.895 214.249 55.4305 189.963 214.151 55.4297 190.031 214.078 
55.4296 190.107 213.999 55.4323 190.213 213.879 55.3181 190.622 213.286 
55.2141 190.798 212.896 55.0728 191.066 212.438 54.9917 191.369 211.979 
54.6888 191.462 211.495 54.3784 191.727 211.132 53.4873 192.06 209.469 
53.0174 192.064 208.446 52.6201 191.867 207.948 52.2565 191.671 207.55 
51.7495 191.411 206.805 51.5134 190.814 206.498 51.8426 189.046 205.648 

LINES 68 2399
37 0 1 2 3 4 5 6 7 8 9 10 11 12 13 14 15 16 17 18 19 20 21 22 23 24 25 26 27 28 29 30 31 32 33 34 35 36 
42 37 38 39 40 41 42 43 44 45 46 47 48 49 50 51 52 53 54 55 56 57 58 59 60 61 62 63 64 65 66 67 68 69 70 71 72 73 74 75 76 77 78 
4 79 80 81 82 
81 83 84 85 86 87 88 89 90 91 92 93 94 95 96 97 98 99 100 101 102 103 104 105 106 107 108 109 110 111 112 113 114 115 116 117 118 119 120 121 122 123 124 125 126 127 128 129 130 131 132 133 134 135 136 137 138 139 140 141 142 143 144 145 146 147 148 149 150 151 152 153 154 155 156 157 158 159 160 161 162 163 
7 164 165 166 167 168 169 170 
24 171 172 173 174 175 176 177 178 179 180 181 182 183 184 185 186 187 188 189 190 191 192 193 194 
56 195 196 197 198 199 200 201 202 203 204 205 206 207 208 209 210 211 212 213 214 215 216 217 218 219 220 221 222 223 224 225 226 227 228 229 230 231 232 233 234 235 236 237 238 239 240 241 242 243 244 245 246 247 248 249 250 
7 251 252 253 254 255 256 257 
25 258 259 260 261 262 263 264 265 266 267 268 269 270 271 272 273 274 275 276 277 278 279 280 281 282 
3 283 284 285 
162 286 287 288 289 290 291 292 293 294 295 296 297 298 299 300 301 302 303 304 305 306 307 308 309 310 311 312 313 314 315 316 317 318 319 320 321 322 323 324 325 326 327 328 329 330 331 332 333 334 335 336 337 338 339 340 341 342 343 344 345 346 347 348 349 350 351 352 353 354 355 356 357 358 359 360 361 362 363 364 365 366 367 368 369 370 371 372 373 374 375 376 377 378 379 380 381 382 383 384 385 386 387 388 389 390 391 392 393 394 395 396 397 398 399 400 401 402 403 404 405 406 407 408 409 410 411 412 413 414 415 416 417 418 419 420 421 422 423 424 425 426 427 428 429 430 431 432 433 434 435 436 437 438 439 440 441 442 443 444 445 446 447 
3 448 449 450 
27 451 452 453 454 455 456 457 458 459 460 461 462 463 464 465 466 467 468 469 470 471 472 473 474 475 476 477 
136 478 479 480 481 482 483 484 485 486 487 488 489 490 491 492 493 494 495 496 497 498 499 500 501 502 503 504 505 506 507 508 509 510 511 512 513 514 515 516 517 518 519 520 521 522 523 524 525 526 527 528 529 530 531 532 533 534 535 536 537 538 539 540 541 542 543 544 545 546 547 548 549 550 551 552 553 554 555 556 557 558 559 560 561 562 563 564 565 566 567 568 569 570 571 572 573 574 575 576 577 578 579 580 581 582 583 584 585 586 587 588 589 590 591 592 593 594 595 596 597 598 599 600 601 602 603 604 605 606 607 608 609 610 611 612 613 
7 614 615 616 617 618 619 620 
53 621 622 623 624 625 626 627 628 629 630 631 632 633 634 635 636 637 638 639 640 641 642 643 644 645 646 647 648 649 650 651 652 653 654 655 656 657 658 659 660 661 662 663 664 665 666 667 668 669 670 671 672 673 
8 674 675 676 677 678 679 680 681 
29 682 683 684 685 686 687 688 689 690 691 692 693 694 695 696 697 698 699 700 701 702 703 704 705 706 707 708 709 710 
8 711 712 713 714 715 716 717 718 
28 719 720 721 722 723 724 725 726 727 728 729 730 731 732 733 734 735 736 737 738 739 740 741 742 743 744 745 746 
3 747 748 749 
5 750 751 752 753 754 
6 755 756 757 758 759 760 
4 761 762 763 764 
30 765 766 767 768 769 770 771 772 773 774 775 776 777 778 779 780 781 782 783 784 785 786 787 788 789 790 791 792 793 794 
37 795 796 797 798 799 800 801 802 803 804 805 806 807 808 809 810 811 812 813 814 815 816 817 818 819 820 821 822 823 824 825 826 827 828 829 830 831 
51 832 833 834 835 836 837 838 839 840 841 842 843 844 845 846 847 848 849 850 851 852 853 854 855 856 857 858 859 860 861 862 863 864 865 866 867 868 869 870 871 872 873 874 875 876 877 878 879 880 881 882 
26 883 884 885 886 887 888 889 890 891 892 893 894 895 896 897 898 899 900 901 902 903 904 905 906 907 908 
3 909 910 911 
56 912 913 914 915 916 917 918 919 920 921 922 923 924 925 926 927 928 929 930 931 932 933 934 935 936 937 938 939 940 941 942 943 944 945 946 947 948 949 950 951 952 953 954 955 956 957 958 959 960 961 962 963 964 965 966 967 
7 968 969 970 971 972 973 974 
3 975 976 977 
3 978 979 980 
7 981 982 983 984 985 986 987 
8 988 989 990 991 992 993 994 995 
4 996 997 998 999 
18 1000 1001 1002 1003 1004 1005 1006 1007 1008 1009 1010 1011 1012 1013 1014 1015 1016 1017 
12 1018 1019 1020 1021 1022 1023 1024 1025 1026 1027 1028 1029 
4 1030 1031 1032 1033 
4 1034 1035 1036 1037 
6 1038 1039 1040 1041 1042 1043 
3 1044 1045 1046 
7 1047 1048 1049 1050 1051 1052 1053 
7 1054 1055 1056 1057 1058 1059 1060 
10 1061 1062 1063 1064 1065 1066 1067 1068 1069 1070 
10 1071 1072 1073 1074 1075 1076 1077 1078 1079 1080 
3 1081 1082 1083 
4 1084 1085 1086 1087 
73 1088 1089 1090 1091 1092 1093 1094 1095 1096 1097 1098 1099 1100 1101 1102 1103 1104 1105 1106 1107 1108 1109 1110 1111 1112 1113 1114 1115 1116 1117 1118 1119 1120 1121 1122 1123 1124 1125 1126 1127 1128 1129 1130 1131 1132 1133 1134 1135 1136 1137 1138 1139 1140 1141 1142 1143 1144 1145 1146 1147 1148 1149 1150 1151 1152 1153 1154 1155 1156 1157 1158 1159 1160 
26 1161 1162 1163 1164 1165 1166 1167 1168 1169 1170 1171 1172 1173 1174 1175 1176 1177 1178 1179 1180 1181 1182 1183 1184 1185 1186 
4 1187 1188 1189 1190 
4 1191 1192 1193 1194 
494 1195 1196 1197 1198 1199 1200 1201 1202 1203 1204 1205 1206 1207 1208 1209 1210 1211 1212 1213 1214 1215 1216 1217 1218 1219 1220 1221 1222 1223 1224 1225 1226 1227 1228 1229 1230 1231 1232 1233 1234 1235 1236 1237 1238 1239 1240 1241 1242 1243 1244 1245 1246 1247 1248 1249 1250 1251 1252 1253 1254 1255 1256 1257 1258 1259 1260 1261 1262 1263 1264 1265 1266 1267 1268 1269 1270 1271 1272 1273 1274 1275 1276 1277 1278 1279 1280 1281 1282 1283 1284 1285 1286 1287 1288 1289 1290 1291 1292 1293 1294 1295 1296 1297 1298 1299 1300 1301 1302 1303 1304 1305 1306 1307 1308 1309 1310 1311 1312 1313 1314 1315 1316 1317 1318 1319 1320 1321 1322 1323 1324 1325 1326 1327 1328 1329 1330 1331 1332 1333 1334 1335 1336 1337 1338 1339 1340 1341 1342 1343 1344 1345 1346 1347 1348 1349 1350 1351 1352 1353 1354 1355 1356 1357 1358 1359 1360 1361 1362 1363 1364 1365 1366 1367 1368 1369 1370 1371 1372 1373 1374 1375 1376 1377 1378 1379 1380 1381 1382 1383 1384 1385 1386 1387 1388 1389 1390 1391 1392 1393 1394 1395 1396 1397 1398 1399 1400 1401 1402 1403 1404 1405 1406 1407 1408 1409 1410 1411 1412 1413 1414 1415 1416 1417 1418 1419 1420 1421 1422 1423 1424 1425 1426 1427 1428 1429 1430 1431 1432 1433 1434 1435 1436 1437 1438 1439 1440 1441 1442 1443 1444 1445 1446 1447 1448 1449 1450 1451 1452 1453 1454 1455 1456 1457 1458 1459 1460 1461 1462 1463 1464 1465 1466 1467 1468 1469 1470 1471 1472 1473 1474 1475 1476 1477 1478 1479 1480 1481 1482 1483 1484 1485 1486 1487 1488 1489 1490 1491 1492 1493 1494 1495 1496 1497 1498 1499 1500 1501 1502 1503 1504 1505 1506 1507 1508 1509 1510 1511 1512 1513 1514 1515 1516 1517 1518 1519 1520 1521 1522 1523 1524 1525 1526 1527 1528 1529 1530 1531 1532 1533 1534 1535 1536 1537 1538 1539 1540 1541 1542 1543 1544 1545 1546 1547 1548 1549 1550 1551 1552 1553 1554 1555 1556 1557 1558 1559 1560 1561 1562 1563 1564 1565 1566 1567 1568 1569 1570 1571 1572 1573 1574 1575 1576 1577 1578 1579 1580 1581 1582 1583 1584 1585 1586 1587 1588 1589 1590 1591 1592 1593 1594 1595 1596 1597 1598 1599 1600 1601 1602 1603 1604 1605 1606 1607 1608 1609 1610 1611 1612 1613 1614 1615 1616 1617 1618 1619 1620 1621 1622 1623 1624 1625 1626 1627 1628 1629 1630 1631 1632 1633 1634 1635 1636 1637 1638 1639 1640 1641 1642 1643 1644 1645 1646 1647 1648 1649 1650 1651 1652 1653 1654 1655 1656 1657 1658 1659 1660 1661 1662 1663 1664 1665 1666 1667 1668 1669 1670 1671 1672 1673 1674 1675 1676 1677 1678 1679 1680 1681 1682 1683 1684 1685 1686 1687 1688 
4 1689 1690 1691 1692 
4 1693 1694 1695 1696 
6 1697 1698 1699 1700 1701 1702 
5 1703 1704 1705 1706 1707 
3 1708 1709 1710 
10 1711 1712 1713 1714 1715 1716 1717 1718 1719 1720 
16 1721 1722 1723 1724 1725 1726 1727 1728 1729 1730 1731 1732 1733 1734 1735 1736 
24 1737 1738 1739 1740 1741 1742 1743 1744 1745 1746 1747 1748 1749 1750 1751 1752 1753 1754 1755 1756 1757 1758 1759 1760 
20 1761 1762 1763 1764 1765 1766 1767 1768 1769 1770 1771 1772 1773 1774 1775 1776 1777 1778 1779 1780 
26 1781 1782 1783 1784 1785 1786 1787 1788 1789 1790 1791 1792 1793 1794 1795 1796 1797 1798 1799 1800 1801 1802 1803 1804 1805 1806 
44 1807 1808 1809 1810 1811 1812 1813 1814 1815 1816 1817 1818 1819 1820 1821 1822 1823 1824 1825 1826 1827 1828 1829 1830 1831 1832 1833 1834 1835 1836 1837 1838 1839 1840 1841 1842 1843 1844 1845 1846 1847 1848 1849 1850 
58 1851 1852 1853 1854 1855 1856 1857 1858 1859 1860 1861 1862 1863 1864 1865 1866 1867 1868 1869 1870 1871 1872 1873 1874 1875 1876 1877 1878 1879 1880 1881 1882 1883 1884 1885 1886 1887 1888 1889 1890 1891 1892 1893 1894 1895 1896 1897 1898 1899 1900 1901 1902 1903 1904 1905 1906 1907 1908 
23 1909 1910 1911 1912 1913 1914 1915 1916 1917 1918 1919 1920 1921 1922 1923 1924 1925 1926 1927 1928 1929 1930 1931 
267 1932 1933 1934 1935 1936 1937 1938 1939 1940 1941 1942 1943 1944 1945 1946 1947 1948 1949 1950 1951 1952 1953 1954 1955 1956 1957 1958 1959 1960 1961 1962 1963 1964 1965 1966 1967 1968 1969 1970 1971 1972 1973 1974 1975 1976 1977 1978 1979 1980 1981 1982 1983 1984 1985 1986 1987 1988 1989 1990 1991 1992 1993 1994 1995 1996 1997 1998 1999 2000 2001 2002 2003 2004 2005 2006 2007 2008 2009 2010 2011 2012 2013 2014 2015 2016 2017 2018 2019 2020 2021 2022 2023 2024 2025 2026 2027 2028 2029 2030 2031 2032 2033 2034 2035 2036 2037 2038 2039 2040 2041 2042 2043 2044 2045 2046 2047 2048 2049 2050 2051 2052 2053 2054 2055 2056 2057 2058 2059 2060 2061 2062 2063 2064 2065 2066 2067 2068 2069 2070 2071 2072 2073 2074 2075 2076 2077 2078 2079 2080 2081 2082 2083 2084 2085 2086 2087 2088 2089 2090 2091 2092 2093 2094 2095 2096 2097 2098 2099 2100 2101 2102 2103 2104 2105 2106 2107 2108 2109 2110 2111 2112 2113 2114 2115 2116 2117 2118 2119 2120 2121 2122 2123 2124 2125 2126 2127 2128 2129 2130 2131 2132 2133 2134 2135 2136 2137 2138 2139 2140 2141 2142 2143 2144 2145 2146 2147 2148 2149 2150 2151 2152 2153 2154 2155 2156 2157 2158 2159 2160 2161 2162 2163 2164 2165 2166 2167 2168 2169 2170 2171 2172 2173 2174 2175 2176 2177 2178 2179 2180 2181 2182 2183 2184 2185 2186 2187 2188 2189 2190 2191 2192 2193 2194 2195 2196 2197 2198 
132 2199 2200 2201 2202 2203 2204 2205 2206 2207 2208 2209 2210 2211 2212 2213 2214 2215 2216 2217 2218 2219 2220 2221 2222 2223 2224 2225 2226 2227 2228 2229 2230 2231 2232 2233 2234 2235 2236 2237 2238 2239 2240 2241 2242 2243 2244 2245 2246 2247 2248 2249 2250 2251 2252 2253 2254 2255 2256 2257 2258 2259 2260 2261 2262 2263 2264 2265 2266 2267 2268 2269 2270 2271 2272 2273 2274 2275 2276 2277 2278 2279 2280 2281 2282 2283 2284 2285 2286 2287 2288 2289 2290 2291 2292 2293 2294 2295 2296 2297 2298 2299 2300 2301 2302 2303 2304 2305 2306 2307 2308 2309 2310 2311 2312 2313 2314 2315 2316 2317 2318 2319 2320 2321 2322 2323 2324 2325 2326 2327 2328 2329 2330 

CELL_DATA 68
FIELD FieldData 1
Topology 2 68 vtkIdType
0 1 1 -1 1 2 2 3 3 
5 3 -1 4 6 4 7 5 8 
5 8 6 9 7 -1 7 -1 8 
10 10 11 10 12 11 14 11 15 
12 16 12 -1 15 17 13 18 13 
19 14 -1 15 20 16 -1 16 -1 
17 20 18 21 18 -1 19 22 21 
22 20 24 21 25 22 25 23 26 
24 27 24 27 25 28 26 -1 26 
-1 27 29 28 30 28 30 29 31 
29 32 31 32 30 33 31 -1 32 
34 33 35 34 36 35 -1 36 37 
36 38 37 38 37 -1 38 -1 2 
4 6 -1 9 13 17 39 14 23 
19 -1 23 -1 32 34 35 -1 -1 
40 
POINT_DATA 2331
FIELD FieldData 1
MaximumInscribedSphereRadius 1 2331 double
0 0.60344328206 0.70108700808 0.80844081364 0.89342910444 1.0426004565 1.1938276526 1.4030172762 1.63408479 
1.8977445603 2.1141279079 2.4387999961 2.6949836462 2.9513698107 3.2544488841 3.564369724 3.8757951354 4.2134437729 
4.5546546823 4.9651020945 5.389870633 5.7915123859 6.3308404737 6.9862587015 7.6245140438 8.2464890654 8.9821294429 
10.790554156 11.490946278 11.382339197 13.863835866 14.017464055 14.267702066 14.21332439 13.798098208 12.638003364 
12.638003364 7.0841451873 7.0841451873 6.8666701007 6.902271809 6.7260554531 6.2251337513 5.6191950095 4.9428805883 
4.366816551 3.8150463466 3.8803471543 4.0150451101 3.7067711679 3.3847553172 3.1981295562 3.2002221817 3.3433322156 
3.4657842574 3.4533354967 3.279145847 2.9258778064 2.7360624858 2.7788511436 2.7994902907 2.834106127 2.7752463548 
2.7649863069 2.8726478604 2.9654388778 2.8530457643 2.7582282714 2.7671796499 2.7872898021 2.842597915 2.9037645454 
2.9358360734 2.8753461108 2.7801423176 2.7019874446 2.6980304121 2.6457649754 2.2008085983 12.481103321 12.481103321 
12.633069301 12.633069301 3.8620818546 3.8620818546 3.6277760123 3.5413911059 3.4177397892 3.330144121 3.2595434441 
3.2302315352 3.3092233624 3.3465551051 3.2443221274 3.2094643132 3.1964501882 3.1428610502 3.0694041189 2.9755139757 
2.9190193947 2.8539445066 2.7930608307 2.7954111799 2.8012573519 2.8056752862 2.8434506688 2.9157091076 3.0405841787 
3.0325621404 3.0504742491 3.2324539085 3.3981999457 3.379192191 3.3160615268 3.3230125674 3.3520997192 3.2820242071 
3.2081745797 3.158234002 3.0798403607 3.0128605774 3.0892935789 3.159852426 3.2545630608 3.3464813819 3.3593222023 
3.3167167359 3.2452993376 3.2075464205 3.154681658 3.0813917797 3.0456377857 3.0517161699 3.0681007454 3.0947704472 
3.051139867 3.0041951207 3.0257832072 3.0232023824 3.063998874 3.0848480551 3.0765443709 3.1053436484 3.125923245 
3.1328709722 3.1616764341 3.1724969161 3.2098216273 3.2793704653 3.2643073395 3.2346325386 3.2074038665 3.121190217 
3.1272975039 3.1293348754 3.111245531 3.0043157615 2.9789627258 2.9789222463 3.014091929 3.0833421421 3.1474981975 
3.2671325014 3.2671325014 2.7614848061 2.7614848061 2.6674801468 2.7472432837 2.8348108224 2.8953381621 2.8953381621 
2.4978743147 2.4978743147 2.1713503347 1.8977187629 1.8137952194 1.7253523264 1.6640972264 1.6252502256 1.5988343026 
1.5829304373 1.4993991159 1.4337692131 1.3900920737 1.3650690073 1.363282322 1.3548258736 1.3346566266 1.3214954775 
1.3416198427 1.3803708438 1.3739722131 1.3314155164 1.2622687377 1.0387688659 4.1942762247 4.1942762247 4.0036367122 
3.9090790467 3.9194142172 3.8782766545 3.8462839524 3.8446399553 3.8259282778 3.840478954 3.7957909694 3.7898144849 
3.804104403 3.8620294717 3.8756063065 3.8520270373 3.8557555043 3.8743902787 3.8911576489 3.8062000036 3.7552465895 
3.6298439299 3.5318719911 3.460752378 3.384438712 3.3077195158 3.308774815 3.3283293845 3.3614173046 3.3888445778 
3.432206506 3.4837050809 3.5161202253 3.5302229206 3.4873610083 3.4778441117 3.4585125042 3.4812168132 3.4746130922 
3.5184155793 3.5405967207 3.5822877353 3.5768727353 3.524885405 3.4803558862 3.4827031731 3.4208350947 3.3726695583 
3.3381443191 3.3163836956 3.3494450143 3.4109558566 3.450333516 3.4915105906 3.6165420588 3.6165420588 5.9924446488 
5.9924446488 5.0974837149 5.2789340665 5.4067539025 5.5977782527 5.5977782527 2.0434962389 2.0434962389 1.8934553454 
1.7778736852 1.7815060481 1.8667183917 1.9476158806 1.9860976211 2.0391702377 2.0767901832 2.0988788562 2.1467499211 
2.2223464235 2.3847955056 2.2500305577 2.1728482559 2.0961611485 2.008084362 1.9586439376 1.8455995088 1.7480022332 
1.7287945528 1.6431845553 1.5615513312 1.5615513312 2.1203672841 2.1203672841 2.1203672841 3.9052967764 3.9052967764 
3.6369023629 3.6513604126 3.7392918114 3.7999119773 3.6865833489 3.4487222253 3.1549121621 2.853944835 2.6058194224 
2.4864806614 2.4059296998 2.3313662057 2.3163332777 2.2396639419 2.1171433559 1.9677907063 1.8539774894 1.8081688709 
1.7763518168 1.7731429739 1.8090693394 1.8547330139 1.8898073188 1.8777945608 1.7943511785 1.8289357373 1.8657896754 
1.8947576042 1.9095220756 1.8939654223 1.8118358759 1.7941292935 1.7918774851 1.793226747 1.8131451148 1.8628650567 
1.903864896 1.9131620507 1.9097247307 1.908506949 1.9009589879 1.9142455337 1.9251170238 1.9544206255 1.9799265554 
2.0964921488 2.2124291012 2.3320928286 2.4326153482 2.3345291319 2.2001887087 2.0761756409 2.071167596 2.0590836129 
2.0423456594 2.0456861327 2.0023332875 1.9598951111 1.9526381303 1.9048910975 1.7887057953 1.6670097044 1.5991091625 
1.5675567483 1.6163141902 1.6889593506 1.7709561599 1.8325877595 1.8773322554 1.9137146097 1.9703881534 2.0534854987 
2.1250780366 2.198184605 2.2934712651 2.3818151522 2.4119497073 2.40587785 2.3453944051 2.2456126815 2.1425569649 
2.0572224359 2.0282838698 2.0021017021 1.8827368389 1.7517460868 1.6874947998 1.6204899502 1.4827538881 1.4475796731 
1.4119533036 1.457232732 1.4822184281 1.5155340863 1.5786699784 1.6710733233 1.7609986881 1.83156303 1.8691217882 
1.8904027866 1.9331762159 1.9565496128 1.9973762815 2.0470469166 2.066975217 2.0826614558 2.0795440602 2.0533179439 
2.0660643283 2.0946328105 2.1247791609 2.1453589823 2.1515535022 2.1407087238 2.0908967658 2.0785223842 2.0974213248 
2.1264992799 2.1515037325 2.18434344 2.2104040978 2.2707592365 2.3695903723 2.3661770526 2.295355136 2.2428172459 
2.1911730194 2.0843308615 2.1559266013 2.0842799407 2.0325862204 1.9868226823 2.0052537737 2.0525636968 2.1379321261 
2.2627037323 2.1944785528 2.3277548804 2.3537811186 2.1305641452 2.0432731923 2.025894969 1.9761425303 1.9355212867 
1.8983675705 1.9055723103 1.9290542812 1.9743356845 1.9810546156 1.9665714397 1.9717404983 2.0192873714 2.0709301996 
2.132417353 2.2188295464 2.325802365 2.0062644246 2.1751746506 2.1458582929 2.1458582929 3.9553806626 3.9553806626 
2.4899666642 5.6212424549 5.6212424549 5.3477415525 4.7716280821 3.9436483254 3.5384587106 3.3949859021 3.4065582552 
3.4693411762 3.5392021684 3.649542443 3.6664902202 3.6066599293 3.5899639033 3.5134233441 3.2710414735 3.0441422249 
2.9135615984 2.8636687124 2.8325053471 2.7469959707 2.6248575337 2.4886260394 2.3533914285 2.2538203927 2.0284885714 
1.6574042542 2.7392655889 2.7392655889 2.5875533149 2.3486091292 2.1218678184 1.9592453607 1.7445799607 1.5590408754 
1.3950175174 1.3507492777 1.3703948712 1.3909244858 1.4028722323 1.3520545308 1.385504023 1.4009427478 1.4294541316 
1.4562883584 1.4512318469 1.4070343899 1.3407784111 1.2989301882 1.3104303842 1.3310218169 1.351773907 1.3455229492 
1.3285082866 1.3532208646 1.3982408475 1.4659213531 1.5220732051 1.5821955069 1.6182942463 1.64084774 1.6691470095 
1.7109762532 1.7667182319 1.7820309521 1.7554873247 1.7496826644 1.786662105 1.8359489489 1.890701158 1.9210652547 
1.9165716209 1.921217144 1.9464372648 1.9114247219 1.8796782006 1.8698623008 1.8579196969 1.8574724729 1.8314053858 
1.7959206232 1.7824022703 1.7948632789 1.8143493618 1.7760581725 1.6812969708 1.6529852891 1.6385783339 1.6326923838 
1.544818745 1.4464987614 1.2569897918 1.1224002314 1.107154772 1.1343411715 1.1683117446 1.2145909668 1.2643639893 
1.2970709796 1.3465992574 1.3932551676 1.3984146557 1.4349286652 1.4805993931 1.5271927606 1.5784367208 1.6167086361 
1.6616307665 1.6930080215 1.6801474168 1.6521399863 1.6555126183 1.6554188787 1.6469874581 1.6604154345 1.682587231 
1.7070121091 1.7520753192 1.7895041063 1.8249835014 1.8615954646 1.8790886182 1.9014516368 1.971994956 2.0124055457 
2.0085835887 2.0343045784 2.079354126 2.1380094365 2.1537103652 2.1647411501 2.2114791977 2.2453145994 2.1872437933 
2.1458099749 2.1717551846 2.1704174439 2.2085538319 1.9130725409 1.8046577617 1.6897713502 1.6929952152 1.7767882492 
1.9448994168 2.0657064636 2.113228038 2.2043726316 2.1642030431 1.9418310727 1.8631460602 1.8015690658 1.7804824186 
1.8037696581 1.8040265607 1.8089026681 1.8414964932 1.876877126 1.9264774648 1.9473322614 1.9706397506 1.9947766518 
2.0095297821 2.0095297821 1.9291929989 1.9291929989 1.8534871097 1.7979014716 1.7687475967 1.7107671056 1.7107671056 
1.3058666942 1.3058666942 1.2170656978 1.1125197157 1.0911569711 1.0635516104 1.0145632667 0.95890719097 0.95551074262 
0.98798891892 1.0247893893 1.0627800307 1.0880790937 1.1022896632 1.1124342819 1.0749947911 1.0350285299 0.9934297264 
0.95508224803 0.97098602427 1.0203905503 1.0799534248 1.1501768514 1.1960014247 1.2141847698 1.2177613401 1.2669466461 
1.2910023182 1.3174830257 1.3466313239 1.3686335112 1.3741855555 1.3351840104 1.2952837118 1.2922760609 1.267956909 
1.2589287044 1.2481077121 1.2409293049 1.2133238573 1.1697631351 1.136885487 1.1441262756 1.1676973867 1.198021398 
1.2149941599 1.171113855 1.1222181706 1.0938881423 1.1040110034 1.1226563345 1.1618639581 1.1618639581 1.8155897818 
1.8155897818 1.7920501913 1.8239928818 1.8463644422 1.8845231034 1.9056632632 1.9056632632 1.3452470402 1.3452470402 
1.1820323105 1.0006829769 0.92482379555 0.89735510143 0.81383732491 0.75890496845 0.72827938379 0.71065863994 0.73751025317 
0.74676260437 0.74914165974 0.7601943583 0.78047991032 0.80322272937 0.82412736308 0.8577424801 0.88797761404 0.9187248884 
0.89971021485 0.85246140517 0.8089001703 0.77827747249 0.75912357889 0.65328331231 0.5746885867 0.62528078241 0.62528078241 
0.96367754463 0.96367754463 0.91567749538 0.86567019719 0.8581273958 0.87916259012 0.91810064654 0.91810064654 1.1645236268 
1.1645236268 1.1224533178 1.0615324493 1.0990856754 1.1299968726 1.0900651304 1.044136042 1.030519636 0.93967529052 
0.82721308024 0.72530888767 0.69740321195 0.6973227307 0.72911311759 0.71588129993 0.68237306905 0.61503523031 0.50512944496 
0.2659437413 0.14270832914 0.08170623773 0.041937488028 0.023685184136 0.012968080576 0.0034495363342 0.00092542738184 0.00023182252706 
1.1104624639 1.1104624639 1.1104624639 1.2040676019 1.2040676019 1.2408239906 1.3123579938 1.3123579938 0.9858549799 
0.9858549799 1.0204488209 1.1011774446 1.1600508309 1.1600508309 1.2181455153 1.2181455153 1.0948338305 0.60360705154 
1.2723173179 1.2723173179 1.2492636618 1.2477832816 1.2777317883 1.295093805 1.3017925958 1.3289143615 1.3599822952 
1.3850674663 1.3060453266 1.2496501608 1.2332603881 1.2368610489 1.2514586636 1.2661561128 1.2276128972 1.1625219253 
1.1590934004 1.1837874252 1.1769329702 1.1670056323 1.1542421354 1.1532324585 1.1166173371 1.1133288606 1.1001204624 
1.0989158303 1.0688286576 1.0688286576 0.92746691139 0.92746691139 0.85453673829 0.78907869114 0.74674382903 0.72328022663 
0.71435669474 0.71671826272 0.71697729988 0.74577582905 0.78563211548 0.85525976206 0.89885603235 0.79463801888 0.6393262506 
0.66580956183 0.7253973912 0.79230872588 0.82401670273 0.79996675789 0.79215538995 0.81420789259 0.82926916553 0.83585593697 
0.8438036106 0.82804131571 0.82763963715 0.83204552687 0.85021628736 0.88688574612 0.913419084 0.84422417617 0.77937938724 
0.64974038105 0.51858023489 0.24699553379 0.14381973191 1.1546385113 1.1546385113 0.88682743357 0.75146307947 0.77334951919 
0.81204736804 0.83628497185 0.76848266877 0.6061951494 0.5620288249 0.58696446662 0.61338642746 0.6447817946 0.68125644671 
0.70078793372 0.69931210732 0.68538842364 0.6225674242 0.6243529312 0.67382965223 0.73051672369 0.77722209263 0.81239315197 
0.84692995037 0.88374332151 0.84341513799 0.82697024575 0.79057614994 0.76092365215 0.75774100145 0.72512713189 0.67868342793 
0.6209867667 0.56398061735 0.48257045371 0.49203685988 0.43697412642 0.35006393814 0.29560146611 0.24183027425 0.19795065064 
0.16405945929 0.1383765627 0.11685498678 0.10118690228 0.094473890615 0.08814390713 0.077434119986 0.069475375198 0.054887401264 
0.031883546373 1.2463862982 1.2463862982 1.1585211606 1.1141988172 1.0826079808 1.0567329362 1.0407343738 1.0577675403 
1.0727327853 1.0701724239 1.0866418697 1.08338642 1.0854139615 1.0974506488 1.0949734319 1.1044891577 1.1258856868 
1.122891252 1.1331642833 1.1318020927 1.139661409 1.1588400782 1.1314569893 1.1215083558 1.1415030817 1.3215373983 
1.5772759457 1.5772759457 1.5772759457 0.30737224416 0.30737224416 0.2665128581 0.23930633018 0.23502667547 0.23332898075 
0.24258603728 0.25985891466 0.27221377007 0.28310421009 0.29999589456 0.3119187405 0.31669519102 0.32459384821 0.32020238915 
0.28901471053 0.26856886076 0.27386506777 0.2901757684 0.32397085246 0.36399587825 0.40611883525 0.44585044396 0.48770502806 
0.528586339 0.58091346864 0.6318962345 0.68532677304 0.73987287312 0.7970752351 0.82115943224 0.79683114925 0.8216162459 
0.79325987308 0.71280924251 0.66882251036 0.62778830841 0.62517507508 0.63718191899 0.65213642182 0.67981699047 0.71968071043 
0.68478140973 0.58679923811 0.51888590626 0.4706011392 0.42459665798 0.39633145969 0.36471114005 0.31701405407 0.27103886282 
0.23327268771 0.16531887658 0.11778701934 0.078041542198 0.044063236702 0.67161989823 0.67161989823 0.62377859813 0.5516922559 
0.56850564067 0.60339704298 0.60339704298 1.454983252 1.454983252 1.454983252 2.13717554 2.13717554 2.13717554 
1.1877999145 1.1877999145 1.1770223973 1.1867783821 1.1502217981 1.1080169425 1.1080169425 0.91174072909 0.91174072909 
0.93674615227 1.0426455814 1.0324294972 1.0102277917 0.91274346096 0.90346708917 0.98934839558 0.98934839558 1.0422801811 
1.0422801811 1.2642544433 1.2642544433 1.1680914192 1.1773189635 1.1928676974 1.2106355431 1.2203886142 1.2239815187 
1.1554814977 1.111727601 1.1084973698 1.1536656313 1.2023519015 1.2009828661 1.1263808183 1.0781702662 1.1288619425 
1.1288619425 1.1746565534 1.1746565534 1.1100973759 1.1224844792 1.1622159463 1.1276937743 1.1245187836 1.1352863333 
1.0917472652 1.0590370617 1.0519736343 1.0567130447 2.0296540912 2.0296540912 1.5535650846 1.5535650846 0.79518819368 
0.79518819368 0.73802827813 0.4508204782 0.64571536135 0.64571536135 0.58309389242 0.41459146334 0.30030885653 0.21754570781 
1.7927981061 1.7927981061 1.7927981061 0.76514101773 0.76514101773 0.71640807007 0.6155827625 0.46419815797 0.41879816776 
0.41879816776 1.3001626897 1.3001626897 1.1554875382 1.1731401191 1.1645251701 1.1672135046 1.1974495408 0.94472821425 
0.94472821425 0.92826101542 0.98656201244 1.0185344055 0.98252757757 0.93354157185 0.96542745846 1.0044654085 1.0044654085 
1.1378232147 1.1378232147 1.0624164914 1.0509959685 1.0010488886 0.97003706561 0.9621160677 0.98882835964 1.0104702894 
1.0104702894 1.1941018614 1.1941018614 1.1941018614 1.5712265195 1.5712265195 1.6291249129 1.6291249129 1.0456463575 
1.0456463575 0.94571179765 0.646336203 0.36125676555 0.2627037709 0.19249545332 0.1433063228 0.10478032907 0.078070559564 
0.063751627135 0.058807044015 0.052587383103 0.047763941355 0.043510972735 0.038796622298 0.035089650759 0.031624872753 0.028616501305 
0.026112725831 0.023862615286 0.021690503257 0.019879901102 0.018453593637 0.017389842277 0.016700179186 0.015992480797 0.014862836934 
0.014002791081 0.013431862715 0.013066595398 0.012695140168 0.011935334552 0.011252882782 0.010619889772 0.01001419747 0.0094395913892 
0.0089049294291 0.0084056067919 0.0079461164508 0.0075291945185 0.0071520830655 0.0068182007692 0.00652494287 0.0062668414352 0.0060438332378 
0.005846931985 0.0056708404141 0.0055112111481 0.0052848641113 0.0047760985591 0.0044012160472 0.0039465502271 0.0035435621241 0.00322717872 
0.0029941127264 0.0028354415939 0.0027320585402 0.0026655841453 0.0026191755985 0.0024003892133 0.0018874111157 0.0016185168673 0.0013892442566 
0.001193673595 0.0010222344312 0.00087707629376 0.00075086391473 0.00064092600631 0.00054696319866 0.00033510569977 0.00015823940327 7.1881999307e-05 
0.89066950657 0.89066950657 0.77135779954 0.80510526394 0.7961837845 0.75938169289 0.78571233211 0.85228800689 0.89995836891 
0.87105776852 0.80210738208 0.7808456814 0.80000463303 0.83439990241 0.8370003329 0.80510317635 0.78183869292 0.77752530588 
0.79564586998 0.82986427979 0.82973900279 0.78766440001 0.79355081528 0.8585116708 0.88760713731 0.88760713731 1.1467684111 
1.1467684111 1.1470209447 1.1470209447 1.744507616 1.744507616 1.6319816749 1.6319816749 0.36815152392 0.36815152392 
0.33450786995 0.31095960353 0.33471128404 0.40538487427 0.41642607645 0.31443785395 0.24551361907 0.21885288021 0.18977184715 
0.16667136958 0.1472673548 0.12938056017 0.1197469493 0.10953236652 0.095769966081 0.074466051898 0.054974172982 0.044847584395 
0.042032031407 0.040481578288 0.03757927282 0.033630238829 0.029363983049 0.026619410157 0.024528236915 0.022784267902 0.02237656219 
0.021224146566 0.020247966867 0.019487718196 0.018297255875 0.017590271196 0.017083588307 0.016851318457 0.016851236183 0.016345679266 
0.015781838271 0.015233604724 0.014724947197 0.014237255101 0.013780875923 0.013349375252 0.012945386716 0.012572284312 0.012225093016 
0.011904805221 0.011615688309 0.011874270166 0.011637073849 0.011149352591 0.010725881829 0.010350831206 0.010034473562 0.0097800406547 
0.0095885635596 0.009466669242 0.0094575244272 0.0095654589855 0.0096118303882 0.0095094558779 0.009467526273 0.0094814777476 0.0095361092042 
0.0097006403514 0.0096155012412 0.0095797942718 0.009561883416 0.0095545077936 0.009557942926 0.0095741231248 0.0096016588631 0.0096402706435 
0.0095764765925 0.0091233836587 0.0088267714072 0.0085495533617 0.0082903462624 0.0080562261115 0.007847784614 0.0076674137605 0.007511253107 
0.0075584070563 0.0073830568863 0.0072134177664 0.0073017963894 0.0069982064244 0.0066461632765 0.0063580571481 0.0061653107066 0.006075036234 
0.0062940949215 0.0062698286866 0.0062605616526 0.0062612573188 0.0062734672282 0.006291104256 0.0063159910086 0.0063387256295 0.0064106505898 
0.0061553127188 0.0060391273989 0.0059236233694 0.0058147069379 0.0057123777317 0.005614531329 0.0055227396299 0.0055147780488 0.0054030245139 
0.0052851071214 0.0051647771003 0.0050493414349 0.0049333453138 0.0048202948907 0.0046934768109 0.0042713332713 0.0040736866893 0.0038963378116 
0.0037707061932 0.0038358337972 0.0037701848211 0.0038915208693 0.0038347491688 0.0037772431911 0.0037202066218 0.003665192281 0.0036102827189 
0.0035570068904 0.0035037200561 0.0034528361294 0.0034029403637 0.0033534260655 0.0033067950139 0.0032608222634 0.0032155531211 0.0031707755142 
0.0031290487595 0.0030884069282 0.0030491692466 0.0030127786812 0.0029764340544 0.0029428284913 0.0029110134336 0.0028829194418 0.0028554773673 
0.0028314247069 0.0028123149214 0.0027958763559 0.0027834745641 0.0027727987845 0.0027649277994 0.0027602570399 0.0027568732326 0.0027527629819 
0.0027524859625 0.0027524699768 0.0027546895319 0.0027581041637 0.0027639429499 0.0027701392254 0.0027777921933 0.0027865039518 0.0027950501815 
0.0028059598978 0.0028179936226 0.0028292667746 0.0028374322372 0.0028230316612 0.0027995112798 0.0027777615689 0.0027578141735 0.002741929299 
0.0027280681801 0.0027170727227 0.0027100910645 0.0027065173403 0.002704384936 0.0027063488521 0.0027126161292 0.0027215508425 0.0026965471226 
0.002688926154 0.0026055652982 0.002574558381 0.0025448164761 0.0025175072379 0.0024926211964 0.0024696917098 0.0024493481642 0.0024309082856 
0.0024132043116 0.0023981178598 0.0023857730164 0.0023729845844 0.0023622620579 0.0023537700772 0.0023488484842 0.0023435890337 0.0023393912626 
0.0023345868771 0.0023310688658 0.0023296591958 0.0023167377345 0.0022202990647 0.0021811183615 0.0021454555802 0.0021135448809 0.002083338739 
0.0020542604661 0.0020292605773 0.0020053948942 0.0019814394768 0.0019589678385 0.0019385820476 0.0019204169178 0.0019022651466 0.00188545808 
0.0018712775817 0.0018575403053 0.0018425979534 0.0018308240529 0.0018183702088 0.0018074725662 0.0017990496505 0.0017911736976 0.0017829453936 
0.0017778049156 0.0017730343572 0.0017696191233 0.0017669836114 0.0017654957606 0.0017669284032 0.0017681364867 0.0017712312087 0.0017739617437 
0.0017801694895 0.0017857232429 0.0017928321788 0.0017998371325 0.0018076731322 0.0018169539677 0.0018275012816 0.0018379112066 0.0018508217902 
0.001861892585 0.0018756183833 0.0018895830938 0.0019040542073 0.0019190937338 0.001933571847 0.0019507098753 0.0019690211726 0.0019891667991 
0.0020087803789 0.0020289919169 0.0020513061097 0.0020751196762 0.0020987524852 0.0021228452429 0.0021477476746 0.0021733740861 0.0022013262333 
0.0022300948552 0.0022597228466 0.0022884124105 0.0023199759799 0.0023512531422 0.0023571862283 0.0023614899055 0.0023633163805 0.0023648812899 
0.0023707827693 0.0023807403338 0.002394436033 0.0024117139117 0.0024306763731 0.0024524658257 0.0024782220083 0.0025065819089 0.0025414436787 
0.0025766330263 0.0026168932407 0.0026511822909 0.0029282675583 0.0028724625654 0.0028125316758 0.0027599100019 0.0027206664565 0.0026966551798 
0.0026906929875 0.0026992707592 0.0027190617685 0.0027470472183 0.002780276137 0.002818177926 0.0028609491392 0.002909052691 0.0029597268666 
0.003013438571 0.0030693666853 0.0031302930749 0.0031951999639 0.0032632180192 0.0033268139109 0.0033820616388 0.0032928553321 0.0032503427468 
0.0032091909992 0.0031709364164 0.003136977433 0.0031061822732 0.0030803223707 0.0030555603232 0.0030383700658 0.0030263674279 0.0030193147803 
0.0030217923832 0.0030316306189 0.0030499891621 0.003077783282 0.0031154824359 0.0031656706552 0.0032242884687 0.0031340688162 0.0032091264383 
0.0033281286856 0.0034943111785 0.0036946121331 0.0039101029143 0.0041276794395 0.0043318233421 0.0041929332972 0.0042249322621 0.0042561208754 
0.0042875276712 0.0044081823571 0.004350682008 0.0042549966322 0.0041630749562 0.0040792896958 0.0040009314418 0.0039315141543 0.0038701931798 
0.0038228781493 0.0037884207876 0.0037631201751 0.0037463797661 0.003739739977 0.0037422438944 0.0037548530793 0.0037419744698 0.0037787095567 
0.0038289573078 0.0038858917017 0.0039482338761 0.0040156411158 0.0040872105042 0.0041613380983 0.004237026395 0.0043156966533 0.0043954822058 
0.0044752442942 0.0045563718301 0.0046443701844 0.0047354403348 0.0048289252669 0.0049295813071 0.0050370204568 0.0051492691592 0.005267691192 
0.005502710617 0.0055675246401 0.005636973646 0.0057139563025 0.0056766472242 0.0056795763754 0.0056892826183 0.0057045980877 0.0057264783733 
0.0057536780151 0.005788016636 0.0058274659866 0.0058735042622 0.0059266013944 0.0059834330197 0.0060476079158 0.0060268034829 0.0060377225491 
0.0060421599796 0.0060929312481 0.0061886634991 0.006537512443 0.0063498416379 0.0064088729432 0.0064741340706 0.0065465504001 0.0066225219172 
0.0067053154158 0.0067898088429 0.0068734202349 0.0069631715071 0.0070610893558 0.0071633323921 0.0072705610556 0.0073865059348 0.0075097309756 
0.0076398440827 0.0077772281602 0.0079216944527 0.0080747847924 0.0082360007123 0.0084080205283 0.0085849789225 0.0087702794175 0.0089602731022 
0.0091598737487 0.009366451546 0.0095776917185 0.0097941123916 0.01001611716 0.010244373971 0.010477353586 0.010714017495 0.010955369824 
0.011199942981 0.011450583404 0.011638915819 0.012612954081 0.013667979909 0.013933545968 0.01471784469 0.015626370244 0.016657571849 
0.017802267834 0.019050011036 0.020389824182 0.021812220128 0.023310643438 0.024878027427 0.026506704264 0.028192113849 0.029929533807 
0.031712280353 0.033538890079 0.035406210049 0.036091009619 0.037419295375 0.04068064533 0.042779155926 0.044160491693 0.04570108792 
0.046233203551 0.047621730374 0.050786034827 0.055975159589 0.062682276266 0.07015978215 0.075872491653 0.083911851531 0.094740735483 
0.10447605048 0.11269846639 0.11594923154 0.1188757489 0.13854544017 0.15389792469 0.17425533481 0.19570021152 0.22576616105 
0.24838005658 0.27562234055 0.31448280453 0.36251645892 0.41278007767 0.46498015722 0.52526971924 0.57240428505 0.64139682584 
0.69634979466 0.74024171324 0.77090765191 0.81118069751 0.82747106829 0.85007094275 0.90247022074 0.96095830278 0.99142002757 
0.90226224038 0.76624644508 0.74106858504 0.77975123805 0.81507581711 0.77089734401 0.74371826071 0.74371826071 0.70595308512 
0.70595308512 0.94373822622 0.94373822622 0.83735303264 0.83735303264 0.87775121085 0.87775121085 0.885906587 0.91926466084 
0.74318154983 0.85005526226 0.87397088991 0.87397088991 0.84472925471 0.73936052266 0.49419144411 0.15886508236 0.15886508236 
0.10254185885 14.956267721 14.956267721 7.6176084986 6.6132613884 6.6697043331 6.6943593773 6.8142121395 6.8001593096 
6.3967101949 6.3967101949 3.2361847578 3.2361847578 2.7999194275 2.3869206498 1.9246979666 1.7809341498 1.7179134101 
1.6508800815 1.6598949192 1.6229717117 1.3593841219 1.0713024592 0.38213404863 0.097031618696 0.053117075677 0.021092151775 
1.8987387877 1.8987387877 1.824899474 1.826854726 1.7944115874 1.8312620818 1.8622882891 1.5565766624 1.535487705 
1.5337701656 1.5073797571 1.4640232167 1.4340723124 1.4510572104 1.4438742445 1.4288636704 1.4606170153 1.4706675865 
1.4514150675 1.3989492222 1.3809789002 1.3638514978 1.370131639 1.370131639 1.1901183665 1.1901183665 1.2358177018 
1.2703453774 1.253177894 1.224161129 1.2239460163 1.2472989699 1.2868440176 1.338404295 1.4248256073 1.5211602949 
1.5529436906 1.5431566698 1.5715486513 1.6711682851 1.7656936759 1.8448175918 1.8410823786 1.8410823786 1.5629370298 
1.5629370298 1.4912536692 1.3941437306 1.3425981304 1.2939569438 1.2155650541 1.1472908084 1.1239270763 1.1229328596 
1.1455138322 1.1629293285 1.2237978472 1.2802401983 1.3548736503 1.314636607 1.369269102 1.371282134 1.3933484534 
1.3818119199 1.2949073862 1.2386897391 1.2058170411 1.2085972771 1.1998549926 1.1998549926 0.93944415518 0.93944415518 
0.79016895988 0.74671216768 0.79502088016 0.86899527104 0.94493624691 1.0160788823 1.0699179274 1.1249395731 1.0888698137 
1.0796324093 1.0387251453 0.99581750619 0.93518092625 0.97935610507 0.91742260045 0.84469778489 0.82198176694 0.80969399838 
0.81052392522 0.80159713397 0.67443523929 0.52595539462 0.40052312979 0.28462741002 0.26565699544 0.28828284522 0.31601952555 
0.36615440108 0.43052525608 0.48277876208 0.53648918414 0.60111153039 0.65672239672 0.71147451799 0.76412218236 0.74122463508 
0.42094858286 0.27124518926 0.12514588813 0.072821928848 0.041943171227 0.017938514954 1.0439889959 1.0439889959 1.0166591831 
1.0508453969 1.0265201987 0.98163088686 0.94382972163 0.93890263596 0.89195153611 0.90510924308 0.93847678608 0.94793487703 
0.96830433986 1.0039808669 1.0304486893 1.0017218302 0.99859372786 1.0331207243 1.0531078354 1.0790152008 1.1189319311 
1.1663542146 1.1776399062 1.1779327201 1.1546164069 1.2090184931 1.300057874 1.3239203226 1.2827190554 1.2402237462 
1.1580590881 1.1790412872 1.207694915 1.1875726305 1.1659948781 1.0965905211 1.074109374 1.0978731622 1.0638447623 
0.88943524165 0.72674326825 0.55198450604 0.30610955732 0.18682237136 0.13571406187 0.10100450769 0.079398147896 0.064866618319 
0.053383204567 0.044719061351 0.037361342552 0.025958825777 0.019425196918 0.013149246509 0.004142925587 0.0012849862182 0.00040681190225 
0.00012889674774 1.062942774 1.062942774 0.93929197518 0.96463641336 1.0090077371 1.0216596527 1.0158837747 1.0027055042 
0.96745005694 0.91496095851 0.885359552 0.85493169918 0.86655741251 0.91047517499 0.93375724893 0.94756262429 0.98333933693 
1.0215862763 1.0668567545 0.95880168558 0.90161530134 0.84530760433 0.95024235449 0.78190659586 0.78190659586 0.44114025867 
0.43016878215 0.42403513199 0.44596054945 0.47321734485 0.52133670963 0.58016548246 0.62007970846 0.61966969233 0.63478503413 
0.65075745461 0.66358474424 0.70857809306 0.76694721358 0.79578829591 0.79338740336 0.69552453611 0.62810357911 0.62936640531 
0.61192482093 0.52364608178 0.54895046299 0.58994734054 0.63071960726 0.66477409394 0.70227395572 0.72616832902 0.721777947 
0.69836186769 0.61778686897 0.60846944099 0.63842888032 0.6976782169 0.75294329013 0.80146464686 0.85233224138 0.87770006401 
0.87971890085 0.84610995481 0.84270654873 0.86357064978 0.89551325507 0.9354853206 0.98274821695 1.0240308742 1.0126458492 
1.0109063144 0.98458009806 0.94933923442 0.94720528092 0.91414091193 0.84799097646 0.85436488863 0.85406612714 0.81238522478 
0.71962673984 0.57484036494 0.56646130449 0.61869633286 0.69811362551 0.70734126652 0.7408025961 0.65014034123 0.71854784498 
0.75993341139 0.80622152603 0.85014533577 0.89014803679 0.9039895855 0.94147350737 0.95805897702 0.96971115567 0.9729068476 
0.9430142022 0.8983877034 0.84392249514 0.76932856645 0.73488149385 0.72723690807 0.71983548091 0.72851247443 0.74784137555 
0.76102383766 0.76302406638 0.73766706831 0.75868534857 0.81556862252 0.84527987198 0.83800509406 0.78792589513 0.74532045922 
0.68071205662 0.47612220622 0.33051188589 0.22936985698 0.1745329498 0.14735468151 0.13045292863 0.12025021625 0.1167273074 
0.11407084004 0.11097678282 0.10750147584 0.10634116798 0.10330679967 0.097094167503 0.092427341744 0.088541819104 0.084666285435 
0.080908887848 0.076196205562 0.071900192664 0.065468235426 0.060564860848 0.056507612587 0.052639616774 0.048456215085 0.044775640707 
0.043075792047 0.042161759616 0.041664769802 0.041339082903 0.039072427311 0.036788083487 0.034858118675 0.033395817985 0.031780121241 
0.030705931394 0.028716179279 0.0242776094 0.022906126045 0.022346076153 0.022368779979 0.023043223656 0.022157968765 0.021290923434 
0.021299292865 0.022172892265 0.022088485768 0.020713483101 0.019753485695 0.018904781821 0.018149652471 0.017510927074 0.016966072157 
0.016504661014 0.016106363424 0.015759262209 0.015460722478 0.015220935742 0.01500441302 0.014570303589 0.013867469788 0.013244905319 
0.012679047047 0.012214324675 0.011288178788 0.010039806813 0.010043381145 0.0096513008312 0.009310503895 0.0089541286897 0.0086368634088 
0.0088180432336 0.0088304345186 0.0088564151352 0.0089070025882 0.009015419734 0.0091909715686 0.0094166840623 0.0096680529823 0.009932372562 
0.010207964582 0.0104900755 0.010779108493 0.011075360128 0.011374687831 0.011681378886 0.011992579356 0.012316747059 0.012684540454 
0.01311291665 0.013557335214 0.014021419177 0.015035166233 0.013308561278 0.01200845423 0.012358771682 0.013070794042 0.013873876455 
0.01471234607 0.015563929025 0.016647980093 0.018034968165 0.018445286389 0.020341975318 0.019087926843 0.017396243388 0.015809879783 
0.01425275385 0.012778931055 0.011413945027 0.010326642053 0.009506223392 0.009398228881 0.009145110603 0.008917342053 0.0087168192481 
0.0086120060208 0.0086039406374 0.008627730254 0.0087756288944 0.0090272393767 0.0095122970876 0.0093739406565 0.009481729902 0.0095580648949 
0.0096382663893 0.0097028258271 0.0097424144831 0.0098193678325 0.008944279681 0.0068472347738 0.0059755668235 0.0052566138972 0.0047278036512 
0.0045195043808 0.0046329131454 0.0048127747244 0.0049811984005 0.0051323189526 0.0052653866685 0.005325819098 0.0051238638528 0.0048144640039 
0.0045285640216 0.0042600907891 0.0040023717214 0.0037618985916 0.0035379633029 0.0033226143243 0.0031221304236 0.002936138183 0.0027598253888 
0.0025918973696 0.0024392927159 0.0022945290839 0.002153577247 0.0020237523418 0.0019004044577 0.0017847310134 0.001676056849 0.0015742285296 
0.0014786282979 0.0013889166036 0.0013047526898 0.0012225064425 0.0011475007766 0.001079364335 0.00085184803369 0.00058159878194 0.00039829275424 
0.00027141914406 8.7022540559e-05 8.2699004706e-06 0.023367861735 0.072945266233 0.12232042087 0.20435944378 0.3001688563 0.3980567141 
0.49368492905 0.56827276139 0.64051118718 0.71643573803 0.7598282834 0.76641580601 0.76805024593 0.77600085997 0.80257681616 
0.83904650009 0.79083895835 0.73297619251 0.70451443372 0.67560742265 0.68981366497 0.73296073216 0.74115574522 0.72882997516 
0.72569483101 0.71435877451 0.68596924257 0.67105423536 0.69201975375 0.75788877656 0.82970095089 0.86229418312 0.86169637955 
0.83457653062 0.80064155631 0.79609868292 0.83459105885 0.88444604167 0.90507571296 0.88410066065 0.8553494299 0.8099482098 
0.83029460375 0.95127445734 0.97974904908 0.98285623876 0.9700308204 0.96408332698 0.91987598289 0.89580909623 0.85093944554 
0.82018526055 0.80786239524 0.78467478892 0.75267187617 0.71624573845 0.6739659211 0.63351671856 0.61375447277 0.68631431915 
0.80263670385 0.84700050528 0.8584013672 0.84956821844 0.80460812087 0.75116946802 0.71203922783 0.66885954079 0.62145960663 
0.58232891517 0.58673941022 0.73277139203 0.80692678936 0.80217920708 0.7478710833 0.72079182703 0.42684735344 0.40991066737 
0.40179488601 0.38699152592 0.37180760645 0.35543183904 0.33930355877 0.31708933027 0.29228550953 0.28198528517 0.30303223799 
0.52146614341 0.76708480234 0.81077205546 0.76912226385 0.77820894432 0.73620428985 0.69700414567 0.70005055761 0.79475388497 
0.84727567593 0.84945374338 0.83344337216 0.82106881497 0.83597903906 0.90073876208 0.95526474319 0.94344485477 0.93244107307 
0.89841750503 0.87686194212 0.87242623044 0.92223725833 0.93916552576 0.89649509591 0.83636673135 0.77657417106 0.71653015987 
0.67627954507 0.63605268742 0.59290846223 0.55210215664 0.53460444031 0.50377992939 0.61610942072 0.70863621784 0.79040055926 
0.84447059527 0.90388622885 1.0571871498 1.1300108509 1.0710717539 1.0000400836 1.0753576986 1.0977085524 1.0977085524 

