# vtk DataFile Version 4.2
vtk output
ASCII
DATASET POLYDATA
POINTS 3685 float
-57.0034 161.17 40.983 -56.9924 161.161 40.9993 -56.9636 161.129 41.0543 
-56.6135 160.389 42.046 -56.5995 160.317 42.1326 -56.4825 160.011 42.4753 
-56.4666 159.958 42.5125 -56.4459 159.914 42.5461 -56.2582 159.527 42.9443 
-55.907 159.025 43.4132 -55.8357 158.915 43.485 -55.6307 158.643 43.6839 
-55.4972 158.421 43.8487 -55.3797 158.205 44.0322 -55.2012 157.934 44.2169 
-55.1853 157.9 44.2351 -55.1125 157.803 44.2838 -54.7086 157.331 44.5487 
-54.6927 157.316 44.5676 -54.175 156.612 45.0364 -54.1632 156.601 45.044 
-53.9177 156.35 45.2274 -53.5421 156.078 45.4404 -53.354 155.914 45.5771 
-52.888 155.35 46.0554 -52.8437 155.274 46.1203 -52.7531 155.184 46.2123 
-52.7497 155.181 46.2143 -52.0512 154.653 46.5124 -51.1155 153.958 46.9991 
-50.6651 153.64 47.2575 -50.3181 153.432 47.4085 -50.0904 153.269 47.5203 
-49.5862 152.979 47.7706 -49.4803 152.936 47.7981 -48.743 152.456 48.1083 
-48.475 152.254 48.1556 -48.2655 152.116 48.181 -47.994 151.911 48.2555 
-47.9148 151.844 48.2609 -47.7009 151.719 48.3092 -47.27 151.505 48.593 
-46.5048 151.233 48.8719 -45.5895 151.146 49.1326 -45.1149 151.015 49.2263 
-45.1108 151.012 49.2273 -44.7882 150.868 49.2674 -44.7183 150.849 49.2813 
-43.3027 150.675 49.2767 -43.0969 150.679 49.2467 -43.0301 150.676 49.2484 
-42.9558 150.663 49.2496 -42.3347 150.596 49.1993 -42.3259 150.596 49.1982 
-42.1835 150.593 49.1545 -41.0118 150.518 48.9812 -40.7988 150.479 48.8998 
-40.3773 150.427 48.8905 -39.1668 150.357 48.8893 -39.0979 150.351 48.8664 
-38.73 150.399 48.7447 -37.1467 150.466 48.8209 -36.2137 150.519 48.8641 
-35.4504 150.683 48.9108 -34.9146 150.796 48.9494 -34.9022 150.801 48.9507 
-33.8046 151.174 49.183 -33.4711 151.227 49.3303 -32.5409 151.479 49.4598 
-32.4456 151.508 49.4836 -32.2397 151.579 49.5586 -31.8145 151.696 49.7578 
-31.8079 151.699 49.7614 -31.6722 151.763 49.8345 -30.7373 151.971 50.1351 
-30.6798 151.989 50.1562 -30.1782 152.308 50.2871 -29.6876 152.422 50.4111 
-29.6777 152.425 50.4146 -29.1032 152.487 50.6457 -28.8486 152.545 50.7718 
-28.4104 152.584 50.9083 -28.169 152.649 51.0304 -27.4972 152.73 51.299 
-27.08 152.751 51.3693 -26.8646 152.78 51.4275 -26.0834 152.828 51.5939 
-25.5532 152.862 51.7092 -24.9233 152.833 51.7204 -24.7486 152.846 51.7065 
-23.8901 152.894 51.7533 -23.3155 152.812 51.8715 -23.2278 152.795 51.8875 
-22.581 152.661 51.9974 -22.3194 152.573 52.0487 -20.901 152.279 52.1892 
-20.6771 152.187 52.1447 -20.1666 152 52.0408 -20.016 151.969 52.0288 
-19.9358 151.948 52.0159 -19.6227 151.835 52.0277 -18.6782 151.477 51.9205 
-18.6761 151.476 51.9198 -17.8773 151.268 51.7633 -17.1035 151.194 51.5958 
-17.0877 151.193 51.5931 -16.8389 151.158 51.5731 -15.6549 150.93 51.1009 
-14.2204 150.662 50.3974 -13.9713 150.546 50.2707 -13.492 150.355 49.8777 
-12.606 149.864 48.9197 -12.605 149.864 48.9184 -12.3618 149.768 48.5976 
-12.279 149.709 48.4753 -11.9294 149.383 47.7595 -11.8138 149.091 47.033 
-11.7878 149.046 46.8922 -11.7641 148.743 45.9639 -11.7538 148.729 45.8721 
-11.7455 148.704 45.7449 -11.7168 148.543 45.2862 -11.7404 148.392 44.9175 
-11.8083 148.223 44.3126 -11.8154 148.216 44.2901 -11.8485 148.163 44.1231 
-11.9355 148.016 43.5748 -11.9746 147.957 43.267 -11.9823 147.868 41.8446 
-11.8829 147.598 41.0375 -11.8559 147.477 40.6435 -11.8793 147.219 40.0798 
-11.8864 147.03 39.4262 -11.8627 146.904 37.4359 -11.8146 146.901 37.0432 
-11.9343 146.892 36.1124 -11.9319 146.921 35.6647 -11.9632 146.939 35.4417 
-11.822 147.027 33.7168 -11.7804 146.984 32.3346 -11.7616 146.974 32.1121 
-11.9083 146.837 30.3602 -11.9901 146.819 29.8966 -11.9989 146.825 29.776 
-12.0468 146.808 29.4609 -12.1977 146.405 27.6242 -12.2252 146.442 27.4522 
-12.6421 146.093 25.3297 -12.6536 146.095 25.2376 -12.7369 146.102 24.6985 
-12.7477 146.113 24.518 -12.7601 146.017 23.4891 -12.8252 145.802 21.9393 
-12.8545 145.779 21.6539 -13.0654 145.632 20.0506 -13.124 145.659 19.1572 
-13.1303 145.653 19.1125 -13.328 145.43 18.0645 -13.41 145.279 17.4538 
-13.4801 145.24 17.146 -13.6338 145.186 16.657 -14.2427 145.01 14.7652 
-15.3912 143.718 12.9719 -15.7128 143.523 12.7361 -15.9851 143.303 12.4446 
-16.0977 143.205 12.3521 -16.29 143.035 12.1733 -17.9385 141.706 10.6287 
-18.0434 141.631 10.5426 -19.7234 139.836 8.95894 -21.5719 138.181 9.21134 
-22.0984 137.697 9.24593 -22.4675 137.373 9.17033 -23.1768 136.925 9.00883 
-23.4448 136.762 8.96557 -23.6188 136.67 8.93022 -24.1604 136.353 8.83037 
-28.0571 133.763 8.12566 -28.8534 133.177 8.07144 -29.9772 132.176 7.99225 
-30.5958 131.641 8.00763 -33.4722 129.167 6.72727 -33.5139 129.126 6.71536 
-34.5178 128.143 6.35663 -35.4315 127.226 6.1324 -36.3717 126.29 6.03041 
-37.7837 125.215 5.5887 -39.6835 123.39 5.14759 -39.9417 123.148 4.91528 
-40.5043 122.503 4.38764 -43.1287 119.294 2.7711 -44.5475 116.522 1.70844 
-44.5527 116.517 1.70514 -45.3248 115.547 1.21188 -46.953 112.685 0.0165259 
-48.1262 111.311 -0.812587 -48.8877 110.343 -1.40359 -49.0008 110.111 -1.56099 
-49.8391 108.718 -2.4433 -50.2745 108.184 -2.83509 -51.1848 106.706 -3.86445 
-51.2867 106.544 -3.97217 -51.4202 106.312 -4.12445 -51.9046 105.828 -4.50499 
-53.3182 99.244 -7.5987 -18.3556 188.946 128.076 -18.3359 188.985 127.902 
-18.352 189.083 127.398 -18.241 189.254 126.782 -18.1769 189.26 126.431 
-18.1744 189.258 126.408 -18.1585 189.227 126.205 -18.0586 189.2 125.811 
-18.0449 189.172 125.725 -17.868 189.056 125.086 -17.6406 188.878 124.668 
-17.6048 188.857 124.62 -17.3317 188.694 123.912 -17.3294 188.693 123.905 
-17.3053 188.667 123.813 -17.298 188.656 123.785 -17.2369 188.605 123.661 
-17.1572 188.549 123.572 -16.9328 188.483 123.411 -16.4082 188.182 122.778 
-16.2134 188.127 122.652 -15.794 187.649 122.058 -15.7626 187.625 122.013 
-15.1993 187.272 121.594 -15.1375 187.218 121.517 -15.0976 187.193 121.46 
-14.7448 186.774 120.892 -14.6508 186.715 120.797 -14.3805 186.428 120.524 
-14.3547 186.401 120.508 -14.286 186.336 120.469 -14.2751 186.321 120.453 
-13.8253 185.943 119.988 -13.8161 185.937 119.982 -13.6148 185.749 119.802 
-13.3087 185.437 119.463 -13.2366 185.345 119.387 -13.1644 185.234 119.279 
-13.1425 185.182 119.236 -13.0702 185.09 119.152 -12.599 184.541 118.697 
-12.5227 184.479 118.655 -12.5153 184.474 118.644 -12.4642 184.363 118.524 
-12.0472 183.695 118.006 -11.6957 183.35 117.728 -11.3238 182.619 116.852 
-11.2032 182.5 116.737 -10.5038 181.671 116.352 -10.5028 181.67 116.352 
-10.2335 181.445 116.143 -9.89836 180.987 115.789 -9.81099 180.87 115.723 
-9.78703 180.844 115.707 -9.71295 180.774 115.678 -9.57593 180.586 115.638 
-9.53837 180.509 115.628 -8.99055 179.799 115.312 -8.51222 179.382 115.099 
-8.48914 179.356 115.084 -8.26978 179.193 114.966 -8.16721 179.087 114.874 
-7.96506 178.791 114.601 -7.9369 178.749 114.57 -7.81707 178.482 114.253 
-7.46166 177.677 112.786 -7.33739 177.388 112.433 -7.23174 177.294 112.176 
-7.18254 177.17 111.95 -7.17101 177.12 111.847 -7.1668 177.107 111.824 
-6.77626 176.701 110.823 -6.74877 176.646 110.711 -6.53347 176.398 109.982 
-6.4031 176.115 109.386 -6.39784 176.091 109.352 -6.32279 175.809 108.623 
-6.28923 175.669 108.342 -6.27598 175.557 108.06 -6.27277 175.328 107.634 
-6.19662 175.101 107.325 -6.19481 175.098 107.321 -6.05797 174.759 106.78 
-5.95329 174.41 105.898 -5.9028 174.356 105.74 -5.8622 174.104 105.188 
-5.83158 173.952 104.959 -5.81893 173.796 104.701 -5.84249 173.506 103.995 
-5.85614 173.451 103.827 -5.85783 173.445 103.804 -5.83028 173.041 102.741 
-5.78541 172.961 102.553 -5.74433 172.889 102.28 -5.792 172.545 101.373 
-5.80195 172.519 101.314 -5.82456 172.474 101.211 -5.86801 172.391 100.946 
-5.94193 171.95 99.9593 -5.96325 171.878 99.8013 -5.97894 171.847 99.7315 
-6.05134 171.712 99.397 -6.0357 171.582 98.9711 -5.98683 171.269 98.3196 
-5.9696 171.181 98.196 -5.92187 170.718 96.6616 -5.91584 170.635 96.4594 
-5.96928 170.456 96.0656 -5.96982 170.396 95.8636 -5.98706 170.308 95.6151 
-5.98066 170.224 95.4371 -5.9876 170.13 95.2981 -5.98873 170.085 95.221 
-6.07484 169.735 94.5668 -6.07623 169.728 94.5553 -6.23287 169.315 93.3404 
-6.26477 169.167 93.0804 -6.28286 169.127 92.9638 -6.33938 169.04 92.6827 
-6.40593 168.853 92.216 -6.38708 168.557 91.6265 -6.43627 168.522 91.5207 
-6.7196 167.981 90.2143 -6.84117 167.664 89.772 -7.02982 167.335 89.2317 
-7.04672 167.288 89.1579 -7.16732 167.011 88.7952 -7.18574 166.943 88.7106 
-7.34643 166.554 87.7718 -7.53976 166.19 87.1777 -7.54044 166.189 87.1754 
-7.57381 166.123 87.0631 -7.59344 166.1 87.0143 -7.82616 165.729 86.4635 
-7.88555 165.648 86.3029 -7.91344 165.614 86.2382 -7.99785 165.515 86.0186 
-8.0649 165.447 85.8353 -8.0747 165.438 85.8123 -8.40169 164.827 84.658 
-8.47806 164.675 84.4755 -8.51371 164.622 84.3821 -8.76098 164.368 83.8943 
-9.22152 163.77 82.9721 -9.48264 163.469 82.3116 -9.76653 163.216 81.6248 
-10.0431 162.966 81.0878 -10.1022 162.919 80.9907 -10.425 162.329 79.9256 
-10.6798 162.176 79.4777 -10.8462 162 79.1322 -11.1391 161.778 78.547 
-11.1988 161.747 78.4494 -11.5743 161.441 77.659 -11.5857 161.43 77.6309 
-11.6275 161.372 77.4821 -11.879 161.112 76.9021 -12.1168 160.926 76.3489 
-12.1284 160.916 76.3269 -12.3968 160.744 75.8879 -12.4344 160.715 75.8101 
-12.9591 160.404 74.9103 -13.2359 160.192 74.3852 -13.2839 160.166 74.305 
-13.7536 159.973 72.9994 -13.7758 159.966 72.9631 -14.0862 159.842 72.5175 
-14.3917 159.712 72.103 -14.4843 159.635 71.8667 -14.9454 159.418 71.0947 
-15.0074 159.361 70.9024 -15.4816 159.169 69.9646 -15.6301 159.153 69.6851 
-15.8356 159.167 69.3568 -16.0338 159.117 68.9714 -16.207 159.088 68.6224 
-16.2888 159.055 68.4856 -16.445 158.98 68.263 -17.1354 158.858 67.3696 
-17.4099 158.763 66.9778 -17.4826 158.756 66.9014 -18.0127 158.899 66.145 
-18.0212 158.899 66.1332 -18.4826 159.027 65.1599 -18.8454 159.136 64.6217 
-18.9264 159.129 64.4631 -19.46 159.103 63.7615 -20.2547 159.357 62.5447 
-20.3193 159.413 62.3869 -20.4518 159.488 62.0558 -20.5752 159.53 61.8824 
-20.8534 159.656 61.3875 -21.1898 159.783 60.8009 -21.78 160.031 60.1144 
-21.9917 160.107 59.6898 -22.0091 160.117 59.6457 -22.4217 160.431 58.7831 
-22.6185 160.537 58.4976 -22.6427 160.558 58.4542 -22.6879 160.592 58.3947 
-22.9718 160.73 58.0314 -23.3165 161.191 56.9803 -23.5014 161.336 56.669 
-23.5123 161.344 56.6524 -23.765 161.669 56.1483 -23.9255 161.797 55.9196 
-23.9394 161.813 55.8938 -24.2984 162.197 55.0152 -24.5575 162.464 54.2655 
-24.6753 162.622 53.8336 -24.7463 162.831 53.4263 -24.8791 163.204 52.5352 
-24.8898 163.215 52.4896 -25.0466 163.524 51.7268 -25.0481 163.591 51.5532 
-25.049 163.622 51.4491 -25.0701 163.71 51.1457 -25.121 163.898 50.622 
-25.1216 163.899 50.6192 -25.1232 163.936 50.4712 -25.1953 164.032 49.7879 
-25.1078 164.416 48.475 -25.069 164.463 48.3293 -25.0013 164.548 47.906 
-24.867 164.615 47.5805 -24.8447 164.614 47.5379 -24.5399 164.931 46.244 
-24.5313 164.938 46.2138 -24.4937 164.967 46.0945 -24.2269 165.314 45.4619 
-24.2192 165.323 45.4436 -23.912 165.559 44.8056 -23.4521 165.755 43.9523 
-23.3417 165.805 43.7903 -23.1973 165.884 43.5032 -23.0452 165.982 43.1661 
-22.9654 166.028 43.0339 -22.7828 166.102 42.7774 -22.5148 166.255 42.2871 
-22.1242 166.293 41.8374 -21.8631 166.364 41.3483 -21.1876 166.466 40.5273 
-21.1138 166.459 40.4468 -20.7536 166.495 40.0898 -20.1835 166.512 39.7003 
-18.6296 166.724 37.9926 -18.5774 166.723 37.9636 -17.3711 166.924 36.953 
-16.144 167.09 36.3912 -16.0419 167.118 36.296 -15.7114 167.122 35.9435 
-14.4955 166.725 35.2334 -14.1287 166.564 34.8713 -13.9667 166.53 34.7978 
-13.3112 166.301 34.3191 -12.5249 166.094 33.9286 -12.1179 165.987 33.765 
-11.9957 165.992 33.6909 -11.9354 165.983 33.6538 -11.8876 165.967 33.6364 
-11.2169 165.67 33.1136 -10.7278 165.313 32.8237 -10.7266 165.312 32.8232 
-9.71679 164.737 32.2716 -9.22262 164.406 32.1107 -8.47111 163.874 31.6408 
-8.25543 163.706 31.4842 -8.23573 163.695 31.4763 -7.7638 163.435 31.3274 
-7.42868 163.135 31.1366 -7.36607 163.087 31.1082 -7.06606 162.848 30.9293 
-7.06461 162.847 30.9284 -6.9451 162.764 30.8544 -6.8995 162.728 30.822 
-6.89857 162.727 30.8213 -6.7832 162.642 30.7371 -6.57096 162.509 30.5812 
-6.53672 162.491 30.5651 -6.34856 162.358 30.4524 -5.73088 161.951 30.0209 
-5.56973 161.815 29.9117 -5.51436 161.768 29.8628 -5.25942 161.568 29.6853 
-5.2579 161.567 29.6842 -5.1962 161.506 29.637 -5.18159 161.491 29.6259 
-5.16986 161.479 29.6165 -5.10394 161.408 29.5644 -4.88849 161.174 29.376 
-4.86686 161.15 29.3543 -4.68833 160.96 29.2379 -4.57402 160.851 29.127 
-3.64088 160.173 28.7021 -3.45167 160.042 28.6059 -3.14324 159.787 28.3762 
-3.13731 159.782 28.3696 -2.96413 159.653 28.208 -2.85806 159.577 28.1192 
-1.83156 158.569 27.4484 -0.789953 157.869 26.657 -0.436972 157.615 26.4587 
-0.178957 157.375 26.1805 -0.0736547 157.304 26.0597 0.758736 156.836 25.5459 
1.64815 156.231 24.9996 1.86257 156.075 24.8869 2.07501 155.937 24.7269 
2.23211 155.789 24.5581 2.8549 155.391 23.9207 3.51029 155.039 23.4199 
4.56077 154.853 23.0425 5.7399 154.242 21.9389 5.86068 154.169 21.8461 
5.90647 154.144 21.8061 5.93657 154.126 21.7865 6.5608 153.918 21.43 
7.36107 153.819 20.8967 7.95401 153.869 20.3674 8.11931 153.868 20.2507 
8.33323 153.807 20.0432 8.61993 153.742 19.6135 8.83963 153.722 19.2144 
9.73319 153.54 18.4629 9.89517 153.526 18.3141 10.8822 153.792 16.9069 
10.887 153.795 16.8967 11.0233 153.861 16.6621 11.4701 154.131 15.6954 
11.7062 154.347 15.1018 11.7228 154.361 15.0498 12.0918 154.514 14.1537 
12.1608 154.623 13.6522 12.1828 154.715 13.3578 12.1962 154.744 13.2308 
12.2858 154.819 12.6426 12.2928 154.928 12.1546 12.2421 155.063 11.4008 
12.0055 155.195 10.494 12.0016 155.216 10.3369 11.9721 155.281 10.0025 
11.9212 155.388 9.553 11.8556 155.464 9.33436 11.6305 155.699 8.11439 
11.3043 155.663 7.31692 11.2978 155.664 7.30421 11.0892 155.645 6.73375 
11.0261 155.648 6.55153 10.9475 155.633 6.33101 10.453 155.788 5.39586 
9.97161 155.782 4.93377 9.56446 155.739 4.35067 9.15222 155.642 3.50184 
8.40885 155.343 2.62 7.75261 155.071 1.74794 7.26461 154.862 1.3959 
5.79015 154.447 0.787588 4.97034 154.2 0.255597 3.73045 153.451 -0.440435 
3.58147 153.32 -0.477966 1.74233 151.76 -0.995516 1.59589 151.612 -1.03008 
0.501049 150.642 -0.961552 0.489618 150.63 -0.961998 -1.58065 149.112 -1.14445 
-2.37486 148.692 -1.20702 -5.83559 147.631 1.23636 -8.14436 147.323 2.44751 
-13.2945 144.596 5.70181 -14.6322 143.608 6.40118 -15.3708 143.017 6.78354 
-15.9877 142.503 7.14325 -16.5097 142.091 7.45014 -18.7369 140.675 8.66544 
-19.0915 140.447 8.85421 26.6574 137.379 48.0945 26.6449 137.188 47.954 
26.5452 136.907 47.763 26.3826 136.401 47.6054 26.1869 135.981 47.4391 
26.1778 135.962 47.4282 25.0003 133.998 46.883 24.1851 133.056 46.4688 
23.7546 132.602 46.3613 23.6932 132.556 46.3322 23.6772 132.542 46.3231 
22.4132 131.625 45.6927 22.3364 131.558 45.6486 21.5807 131.059 45.0386 
20.7114 130.347 44.3337 20.3391 130.158 44.1526 20.308 130.136 44.1311 
19.3907 129.261 43.3857 19.1951 129.072 43.1892 18.8716 128.732 42.8991 
18.5196 128.268 42.5521 17.592 127.284 41.8967 16.7895 126.696 41.2794 
16.311 126.427 40.7696 15.4152 126.011 40.103 14.1858 125.912 38.8878 
13.0232 126.416 37.2538 12.554 126.831 36.4521 11.9576 127.491 35.5687 
11.5033 128.325 34.7858 11.3979 128.543 34.6468 11.3455 128.726 34.5498 
11.2098 129.185 34.2263 11.1559 129.389 34.1081 11.1327 129.65 33.9458 
11.0811 130.259 33.5484 11.0545 130.705 33.176 11.0614 130.734 33.1476 
11.5423 131.902 32.2352 11.9276 132.288 31.587 12.027 132.424 31.3268 
12.1968 132.719 30.8046 12.464 133.166 29.4702 12.4772 133.206 29.3084 
12.495 133.269 29.1098 12.5044 133.288 29.0425 12.7573 133.612 27.6779 
12.89 133.813 26.9828 12.8794 133.924 26.7905 13.034 134.158 26.3654 
13.7577 135.184 24.5407 13.854 135.392 24.2817 13.8951 135.442 24.2204 
14.1842 135.842 23.6352 14.2425 135.958 23.434 15.1104 137.204 21.6525 
15.111 137.204 21.6516 15.1257 137.223 21.629 15.6337 137.815 20.7964 
15.6406 137.82 20.7871 16.2551 138.453 19.6298 16.6886 138.816 18.9032 
16.699 138.825 18.888 16.8483 139.053 18.6947 17.4708 139.79 17.8626 
17.8138 140.25 17.4237 18.5402 141.295 16.4585 19.4142 142.134 15.2995 
19.8122 142.446 14.9241 19.9276 142.64 14.7267 20.5206 143.351 13.9131 
20.8534 143.785 13.4879 21.1045 144.186 13.1427 22.2126 145.445 12.3675 
23.1011 146.154 11.469 23.1686 146.195 11.4223 24.1814 147.162 10.0273 
24.3902 147.227 9.78236 25.8077 148.451 8.40204 26.4991 149.299 7.09774 
26.8341 149.592 6.74503 27.0409 149.766 6.56685 28.2914 151.397 4.48792 
28.3296 151.48 4.38373 28.4615 151.589 4.02141 28.6407 151.714 3.65695 
29.3412 152.356 1.81128 29.368 152.358 1.71975 29.5587 152.67 0.638197 
29.6718 152.865 -0.244122 29.7058 153.122 -1.42588 29.6904 153.158 -1.55039 
29.6861 153.169 -1.60438 29.6525 153.243 -2.10526 29.6197 153.278 -2.85843 
29.599 153.297 -3.04304 29.4853 153.327 -3.55915 29.2362 153.244 -4.91285 
28.8723 153.516 -6.63384 28.8381 153.518 -6.78485 28.3907 153.47 -8.02264 
28.2252 153.512 -8.45162 27.5627 153.546 -9.86172 27.3732 153.627 -10.174 
27.1614 153.643 -10.5398 26.3775 153.378 -11.1298 25.3628 153.305 -11.5103 
22.7055 153.106 -12.5722 21.154 152.865 -13.1522 21.1295 152.86 -13.161 
17.5047 152.562 -13.4304 16.1776 152.912 -12.6951 13.8222 153.11 -11.2611 
13.2525 153.119 -10.9039 12.7248 152.987 -10.4631 9.02483 152.063 -7.64908 
8.63976 151.821 -7.29894 8.61785 151.803 -7.27674 7.77139 151.239 -6.50774 
6.69872 150.912 -5.72749 2.5913 149.371 -4.29769 2.53934 149.356 -4.27016 
0.106442 148.815 -3.30436 -0.499975 148.743 -2.84398 -0.728333 148.707 -2.63265 
-2.12709 148.391 -1.19847 62.0166 137.803 21.6482 61.9916 137.791 21.747 
61.9596 137.73 21.8877 61.9553 137.709 21.9152 61.7757 136.788 22.6838 
61.7565 136.749 22.7208 61.6903 136.323 23.1323 61.6909 136.274 23.1799 
61.6368 136.084 23.3556 61.534 135.641 23.7438 61.3114 135.109 24.1586 
61.191 134.896 24.2992 61.1741 134.8 24.3811 60.8116 134.026 25.2474 
60.6345 133.814 25.4848 60.5607 133.713 25.5673 60.2458 133.434 25.8611 
60.1673 133.35 25.967 59.4191 132.718 26.8825 59.41 132.708 26.909 
58.9704 132.414 27.5548 58.2149 132.062 28.4433 58.2139 132.061 28.4447 
58.1649 132.036 28.5169 58.1595 132.029 28.5278 58.0588 131.95 28.673 
57.6373 131.713 29.339 57.562 131.683 29.4906 57.3649 131.601 29.8348 
57.1555 131.534 30.1245 57.0127 131.475 30.2998 56.8341 131.39 30.5821 
56.7652 131.36 30.6851 56.7586 131.357 30.693 56.3465 131.296 31.2017 
56.0599 131.298 31.5659 55.8993 131.319 31.7793 55.8947 131.321 31.79 
55.605 131.344 32.2838 55.4148 131.347 32.5055 54.8935 131.344 33.2356 
54.4081 131.351 33.8167 54.3962 131.352 33.8299 54.0319 131.319 34.2404 
53.8264 131.362 34.5842 53.4142 131.37 35.0271 53.042 131.388 35.3359 
52.3136 131.291 36.1286 52.1509 131.259 36.325 52.0728 131.241 36.381 
52.0682 131.24 36.3856 51.3922 131.256 36.9537 50.8115 131.202 37.558 
50.6774 131.194 37.6667 50.2876 131.214 37.9814 50.1448 131.236 38.0741 
49.9347 131.219 38.2619 49.1029 131.151 38.8853 48.984 131.183 38.9763 
48.189 131.427 39.7437 47.8942 131.457 39.9559 47.6411 131.475 40.17 
47.2436 131.602 40.503 47.0153 131.602 40.659 46.8843 131.61 40.7193 
46.6996 131.623 40.8336 45.3999 131.64 41.6999 45.3991 131.64 41.7003 
45.1811 131.739 41.8143 43.7243 132.191 42.6631 43.3 132.471 42.9112 
42.5119 132.774 43.2441 41.3589 133.048 43.8087 40.9719 133.069 43.8522 
39.8623 133.069 44.0717 39.296 133.093 44.329 38.6139 133.217 44.5671 
37.2538 133.401 44.8463 36.566 133.508 45.0509 36.149 133.563 45.1429 
35.2665 133.746 45.5619 35.1611 133.771 45.611 34.0249 133.8 45.8498 
33.7054 133.803 45.9116 33.6086 133.808 45.9338 33.4976 133.806 45.9517 
33.2845 133.816 45.9746 32.8632 133.858 46.0595 31.8461 133.92 46.203 
31.4938 133.954 46.2909 31.1309 134.02 46.4035 30.2463 134.05 46.6149 
30.1182 134.064 46.6222 29.2224 134.144 46.5239 29.1599 134.139 46.5124 
28.5571 134.044 46.4388 26.0492 133.387 46.655 25.6576 133.224 46.6388 
25.6538 133.222 46.6382 25.5482 133.166 46.6232 25.3876 133.092 46.6048 
24.3124 132.776 46.3334 23.0251 132.065 45.9064 22.2862 131.486 45.5739 
22.1289 131.387 45.4765 22.0688 131.357 45.4362 21.2867 130.83 44.7354 
-4.75949 170.824 196.591 -5.28742 171.413 196.883 -5.43579 171.508 196.982 
-5.6292 171.633 197.033 -5.70549 171.72 197.042 -6.10873 172.034 197.307 
-6.14316 172.066 197.32 -6.5179 172.456 197.619 -6.61446 172.579 197.783 
-6.72662 172.692 197.834 -6.95398 173.006 198.08 -6.98061 173.036 198.114 
-7.08154 173.186 198.305 -7.28611 173.571 198.492 -7.31105 173.705 198.527 
-7.34464 174.283 199.029 -7.43283 174.866 199.294 -7.35067 175.081 199.329 
-7.34926 175.108 199.338 -7.33978 175.158 199.353 -7.29191 175.265 199.397 
-7.10471 175.676 199.416 -7.0851 175.734 199.408 -6.91415 176.052 199.379 
-6.6345 176.61 199.338 -6.48031 176.852 199.373 -6.37055 177.027 199.356 
-6.27578 177.233 199.315 -6.15451 177.447 199.234 -6.11211 177.557 199.24 
-6.00356 178.052 199.26 -5.93501 178.182 199.268 -5.71056 178.52 199.302 
-5.70977 178.522 199.302 -5.6776 178.632 199.296 -5.35037 179.187 199.324 
-5.32939 179.215 199.326 -5.02389 179.754 199.173 -4.91806 179.883 199.175 
-4.68745 180.097 199.289 -4.19165 180.712 199.266 -4.05316 180.85 199.334 
-3.83559 181.129 199.321 -3.54965 181.54 199.34 -3.39058 181.742 199.301 
-3.26969 181.864 199.262 -3.12142 182.013 199.243 -2.98578 182.17 199.238 
-2.69098 182.446 199.289 -2.56077 182.576 199.272 -2.4047 182.817 199.246 
-2.35637 182.897 199.253 -2.29192 182.966 199.275 -2.27265 182.983 199.281 
-2.27046 182.985 199.283 -2.25836 183 199.288 -1.73316 183.623 199.272 
-1.64658 183.706 199.259 -1.41243 183.901 199.264 -1.23096 183.999 199.278 
-1.04061 184.215 199.284 -0.995724 184.261 199.292 -0.835115 184.39 199.259 
-0.444119 184.686 199.228 -0.216193 184.821 199.265 0.43058 185.278 199.262 
0.533669 185.329 199.24 0.967032 185.567 199.254 1.55365 186.002 199.263 
1.59615 186.041 199.246 1.62356 186.059 199.23 2.00021 186.389 199.072 
2.23283 186.506 198.928 2.54984 186.727 198.852 2.8591 187.007 198.755 
2.94222 187.055 198.715 3.0463 187.118 198.675 3.44824 187.477 198.592 
3.6157 187.552 198.525 3.67068 187.589 198.512 4.05892 187.919 198.355 
4.05947 187.92 198.354 4.07423 187.938 198.341 4.41279 188.366 198.136 
4.74125 188.774 197.788 4.74743 188.785 197.782 4.97392 189.21 197.419 
5.14066 189.508 197.274 5.212 189.658 197.167 5.29038 189.962 196.916 
5.32386 190.114 196.784 5.40373 190.443 196.564 5.27966 190.884 196.233 
5.28016 191.169 196.028 5.33206 191.66 195.804 5.33163 191.661 195.804 
5.31039 191.722 195.783 5.16982 192.075 195.568 5.10851 192.213 195.553 
5.08911 192.262 195.532 5.0637 192.33 195.51 4.86135 192.743 195.329 
4.86028 192.746 195.328 4.8078 192.872 195.301 4.70379 193.06 195.265 
4.69019 193.117 195.259 4.51299 193.387 195.046 4.44192 193.526 194.996 
4.28741 193.839 194.901 4.06569 194.146 194.706 4.05449 194.161 194.703 
3.76664 194.471 194.577 3.65035 194.577 194.486 3.55338 194.742 194.39 
3.50157 194.838 194.358 3.45898 194.908 194.326 3.40323 194.958 194.286 
3.07659 195.143 194.177 2.8646 195.261 194.063 2.75666 195.36 193.996 
2.69802 195.404 193.946 2.32313 195.624 193.867 2.30397 195.637 193.857 
1.90983 195.824 193.724 1.90253 195.827 193.718 1.55158 195.965 193.552 
1.39701 196.03 193.523 0.994622 196.288 193.418 0.829453 196.349 193.446 
0.280691 196.514 193.339 0.276023 196.516 193.339 0.0679632 196.611 193.302 
-0.000978842 196.648 193.295 -0.0913722 196.714 193.299 -0.237255 196.8 193.313 
-0.312219 196.832 193.346 -0.719513 196.987 193.422 -0.829551 196.996 193.457 
-1.3449 197.234 193.681 -1.42718 197.286 193.7 -1.79667 197.643 194.19 
-1.82664 197.666 194.212 -1.92258 197.732 194.278 -2.13424 197.887 194.499 
-2.16142 197.945 194.561 -2.18987 198.046 194.664 -2.20416 198.093 194.733 
-2.2825 198.257 194.931 -2.28975 198.277 194.965 -2.30551 198.305 195.01 
-2.31114 198.316 195.027 -2.31282 198.321 195.033 -2.31657 198.332 195.049 
-2.31741 198.334 195.053 -2.33548 198.385 195.134 -2.35691 198.422 195.192 
-2.33827 198.737 195.44 -2.33452 198.749 195.453 -2.23278 199.236 195.806 
-2.2395 199.355 195.882 -2.18285 199.711 196.063 -2.15429 199.789 196.066 
-2.11794 199.894 196.077 -1.97861 200.595 196.127 -1.94688 200.644 196.139 
-1.48684 201.572 195.986 -1.48562 201.577 195.986 -1.37597 201.837 195.906 
-1.34786 201.898 195.881 -1.30677 201.957 195.857 -0.995241 202.766 195.4 
-0.971333 202.824 195.346 -0.923681 202.962 195.25 -0.819481 203.409 195.027 
-0.790177 203.929 194.715 -0.802421 204.034 194.659 -0.822868 204.854 193.926 
-0.863867 205.044 193.765 -0.873077 205.32 193.504 -0.964212 205.628 193.211 
-1.13275 206 192.836 -1.36288 206.343 192.448 -1.45354 206.47 192.222 
-1.84798 206.857 191.75 -1.95471 206.978 191.564 -2.16545 207.206 191.227 
-2.22498 207.25 191.153 -2.5789 207.404 190.666 -2.66282 207.396 190.566 
-3.36358 207.615 189.809 -3.48829 207.61 189.67 -3.73861 207.643 189.293 
-3.74037 207.644 189.291 -4.12822 207.629 188.894 -4.79397 207.679 188.45 
-5.00411 207.65 188.277 -5.18396 207.599 188.128 -5.46657 207.495 187.751 
-5.85156 207.026 187.334 -6.02027 206.798 187.07 -6.02894 206.786 187.053 
-6.20751 206.187 186.543 -6.22923 205.933 186.335 -6.27818 205.59 186.259 
-6.28243 205.058 185.974 -6.13719 204.178 185.631 -6.09984 204.019 185.53 
-5.47436 202.987 185.542 -5.27477 202.818 185.481 -4.32563 202.177 185.491 
-4.30614 202.17 185.503 -3.59577 201.823 185.81 -2.98473 201.498 186.338 
-2.67481 201.39 186.49 -2.48283 201.299 186.629 -2.41768 201.261 186.691 
-2.13418 201.05 187.011 -2.12867 201.046 187.016 -1.81205 200.768 187.335 
-1.63144 200.357 187.736 -1.57059 199.824 187.993 -1.57355 199.789 188.013 
-1.63789 198.601 188.015 -1.72478 198.388 188.023 -2.04925 197.49 187.667 
-2.34397 197.18 187.346 -2.78078 196.735 186.744 -2.85201 196.622 186.651 
-2.93897 196.564 186.469 -2.99428 196.545 186.405 -3.27781 196.432 186.017 
-3.41539 196.416 185.867 -3.6761 196.513 185.412 -3.77564 196.597 184.938 
-4.0346 196.698 184.244 -4.03574 196.699 184.238 -4.05874 196.774 183.956 
-4.03389 196.838 183.528 -4.05952 196.879 183.399 -4.25722 196.976 182.844 
-4.35356 196.989 182.622 -4.404 196.962 181.883 -4.43355 196.918 181.445 
-4.72144 196.979 180.478 -4.74304 196.958 180.375 -4.81835 196.895 180.123 
-4.86293 196.841 179.976 -5.03453 196.565 179.393 -5.13245 196.499 178.978 
-5.1672 196.442 178.792 -5.59187 196.25 177.976 -6.22849 195.687 176.883 
-6.22892 195.686 176.881 -6.26415 195.659 176.731 -6.26827 195.658 176.72 
-6.33291 195.517 176.468 -6.64106 195.226 176.126 -6.90184 194.886 175.861 
-7.16775 194.64 175.698 -7.16913 194.638 175.697 -7.34056 194.407 175.526 
-7.49322 194.254 175.429 -7.69842 194.068 175.344 -7.72613 194.041 175.327 
-8.10167 193.624 175.19 -8.29075 193.435 175.106 -8.45099 193.287 175.029 
-8.51497 193.22 174.985 -8.74904 192.939 174.892 -8.79653 192.891 174.879 
-8.8032 192.885 174.878 -9.40526 192.431 174.65 -9.68362 192.291 174.572 
-9.70891 192.28 174.57 -10.073 192.007 174.502 -10.1856 191.927 174.477 
-10.3373 191.838 174.443 -10.5425 191.728 174.424 -11.0715 191.401 174.319 
-11.3015 191.24 174.337 -11.4876 191.107 174.318 -11.8067 190.905 174.322 
-12.0586 190.809 174.326 -12.4801 190.511 174.343 -12.531 190.488 174.331 
-12.8671 190.301 174.287 -13.0118 190.193 174.28 -13.631 189.875 174.346 
-13.6629 189.81 174.375 -13.7149 189.761 174.401 -14.7815 189.346 174.592 
-14.8083 189.342 174.595 -15.0682 189.269 174.606 -15.3397 189.212 174.668 
-15.3459 189.211 174.669 -16.0102 188.927 174.733 -16.0522 188.905 174.734 
-16.3693 188.669 174.843 -16.6523 188.495 174.874 -17.4901 188.237 175.166 
-17.6151 188.187 175.223 -17.9673 187.988 175.268 -18.5185 187.738 175.433 
-18.6093 187.694 175.453 -19.2173 187.509 175.502 -19.4408 187.4 175.452 
-19.4616 187.386 175.452 -19.9605 187.202 175.547 -20.2173 187.177 175.652 
-20.7797 186.988 175.75 -21.0573 186.856 175.759 -21.1287 186.828 175.741 
-21.2947 186.768 175.717 -21.7444 186.494 175.75 -21.8593 186.435 175.726 
-22.3344 186.239 175.642 -22.3466 186.237 175.638 -22.6291 186.102 175.589 
-22.8054 186.047 175.556 -23.1568 185.89 175.345 -23.507 185.63 175.24 
-23.7016 185.499 175.161 -23.8835 185.329 175.09 -24.1785 185.159 175.044 
-24.6625 184.836 174.749 -24.6709 184.821 174.741 -24.9995 184.486 174.437 
-25.0153 184.477 174.423 -25.218 184.321 174.284 -25.4197 184.105 174.073 
-25.5644 183.9 173.896 -25.766 183.714 173.652 -25.8236 183.618 173.572 
-25.8683 183.539 173.509 -25.8688 183.537 173.507 -25.995 183.201 173.089 
-26.0056 183.178 173.046 -26.0567 183.068 172.932 -26.137 182.656 172.534 
-26.1549 182.53 172.447 -26.3517 182.091 171.772 -26.371 182.036 171.708 
-26.382 181.862 171.392 -26.3616 181.654 171.14 -26.2221 181.366 170.579 
-25.9805 181.087 170.046 -25.8011 180.997 169.725 -25.7448 180.955 169.648 
-25.7261 180.93 169.605 -25.5369 180.871 169.211 -25.4703 180.861 169.062 
-25.0025 180.678 168.231 -24.9991 180.677 168.211 -24.9767 180.688 168.135 
-24.9419 180.708 168.052 -24.6899 180.774 167.378 -24.6802 180.773 167.358 
-24.6695 180.775 167.331 -24.4148 180.803 166.838 -24.3101 180.803 166.661 
-24.2563 180.793 166.582 -24.1674 180.797 166.469 -23.9638 180.885 166.135 
-23.8757 180.901 166.028 -23.8006 180.903 165.933 -23.5923 180.877 165.64 
-23.5611 180.873 165.59 -23.4058 180.834 165.329 -23.327 180.839 165.209 
-23.0796 180.886 164.826 -22.8483 180.871 164.566 -22.448 180.793 164.032 
-22.4474 180.793 164.03 -22.2925 180.706 163.668 -22.2751 180.7 163.644 
-21.8364 180.7 162.833 -21.7939 180.672 162.711 -21.7208 180.658 162.586 
-21.3804 180.647 161.975 -21.2451 180.654 161.723 -21.1496 180.632 161.506 
-20.8481 180.655 161.024 -20.7789 180.649 160.879 -20.6909 180.605 160.708 
-20.6903 180.605 160.706 -20.6119 180.606 160.528 -20.4931 180.575 160.203 
-20.4902 180.574 160.195 -20.2631 180.554 159.636 -20.1316 180.545 159.422 
-20.0988 180.538 159.383 -19.8951 180.522 158.952 -19.5593 180.498 158.203 
-19.5396 180.494 158.138 -19.5338 180.497 158.108 -19.4838 180.525 157.987 
-19.2773 180.54 157.447 -19.0294 180.548 156.779 -19.0317 180.54 156.599 
-18.8383 180.751 155.591 -18.8359 180.752 155.57 -18.8264 180.782 155.234 
-18.7316 180.728 154.831 -18.6132 180.677 154.057 -18.6307 180.65 153.878 
-18.6495 180.626 153.26 -18.5439 180.602 152.738 -18.4525 180.798 151.721 
-18.4091 180.797 151.499 -18.4482 180.649 150.86 -18.5259 180.647 150.378 
-18.5937 180.605 149.876 -18.5973 180.573 149.762 -18.5583 180.525 149.535 
-18.7906 180.553 148.587 -18.9891 180.447 147.922 -19.0199 180.419 147.656 
-19.09 180.289 147.179 -19.1555 180.301 146.61 -19.3789 180.248 146.024 
-19.6513 180.096 145.427 -19.6608 180.095 145.399 -19.7161 180.088 145.274 
-19.9829 179.932 144.63 -20.0445 179.899 144.533 -20.1844 179.784 144.132 
-20.2867 179.737 143.85 -20.2982 179.732 143.827 -20.4303 179.634 143.51 
-20.4572 179.608 143.37 -20.6869 179.62 142.736 -20.7067 179.621 142.668 
-20.8338 179.588 142.233 -20.8438 179.585 142.21 -20.9725 179.545 141.963 
-21.0765 179.512 141.705 -21.0795 179.51 141.699 -21.1324 179.495 141.583 
-21.2468 179.504 141.375 -21.4664 179.411 141.071 -21.5577 179.38 140.92 
-21.6361 179.353 140.709 -21.6989 179.333 140.531 -21.7651 179.346 140.31 
-21.7654 179.346 140.306 -21.7762 179.344 140.271 -21.872 179.237 139.645 
-21.9537 179.24 139.161 -21.9883 179.214 139.053 -22.0438 179.172 138.882 
-22.0804 179.146 138.819 -22.2283 179.039 138.512 -22.2314 179.033 138.497 
-22.2701 178.985 138.345 -22.3535 178.916 138.177 -22.5867 178.815 137.65 
-22.6392 178.791 137.555 -22.7601 178.654 137.126 -22.7925 178.557 136.894 
-22.7973 178.547 136.848 -22.811 178.543 136.716 -22.8407 178.535 136.571 
-22.8699 178.523 136.45 -22.873 178.522 136.439 -22.8917 178.51 136.383 
-22.972 178.497 135.926 -23.0613 178.553 135.351 -23.0771 178.555 135.308 
-23.2348 178.386 134.621 -23.281 178.45 134.146 -23.2805 178.45 134.142 
-23.3226 178.479 133.83 -23.3268 178.483 133.815 -23.3158 178.555 133.62 
-23.3218 178.576 133.534 -23.335 178.565 133.255 -23.4221 178.491 132.647 
-23.2393 178.621 131.923 -23.239 178.622 131.92 -23.2343 178.639 131.89 
-23.2333 178.644 131.874 -23.1339 178.765 131.302 -23.1299 178.765 131.288 
-23.047 178.811 131.068 -22.9148 178.889 130.587 -22.9063 178.901 130.551 
-22.533 179.003 130.047 -22.3041 179.085 129.618 -22.147 179.133 129.432 
-22.0748 179.158 129.366 -22.0501 179.161 129.346 -21.7003 179.197 129.026 
-21.5394 179.231 128.825 -21.368 179.269 128.664 -21.3207 179.273 128.616 
-20.9268 179.327 128.32 -20.5013 179.41 127.942 -20.3522 179.451 127.772 
-20.3444 179.451 127.765 -20.01 179.588 127.535 -19.9514 179.611 127.491 
-19.948 179.613 127.488 -19.5712 179.76 127.339 -19.5676 179.762 127.336 
-18.9928 179.874 127.155 -18.5477 179.972 126.865 -18.33 179.989 126.775 
-18.2996 179.993 126.765 -18.2983 179.993 126.764 -18.1313 180.028 126.685 
-17.6965 180.082 126.549 -17.5427 180.076 126.49 -16.3607 180.16 126.285 
-16.3525 180.161 126.285 -16.2357 180.192 126.255 -15.4107 180.241 125.912 
-14.8748 180.495 125.791 -14.5477 180.581 125.78 -14.26 180.594 125.809 
-13.6343 180.479 125.834 -13.6227 180.478 125.836 -13.5392 180.476 125.827 
-13.0484 180.395 125.922 -13.0472 180.395 125.922 -12.7697 180.353 125.926 
-12.0059 180.174 125.984 -11.9118 180.184 125.972 -11.6387 180.185 125.981 
-10.6196 180.084 126.29 -10.5255 180.038 126.333 -9.54431 180.007 126.143 
-8.953 179.904 125.955 -8.93948 179.905 125.951 -8.84135 179.91 125.936 
-8.47099 179.875 125.842 -8.01714 179.821 125.609 -7.63683 179.72 125.479 
-7.42311 179.691 125.403 -6.93278 179.546 124.844 -6.84238 179.506 124.754 
-6.37124 179.333 124.473 -6.36101 179.335 124.457 -5.91052 178.923 123.526 
-5.89488 178.918 123.42 -5.87872 178.525 122.351 -5.89564 178.489 122.209 
-5.9163 178.416 121.744 -5.91894 178.415 121.735 -6.08071 178.201 121.119 
-6.38971 178.144 120.313 -6.45291 178.082 120.117 -6.76029 178.01 119.225 
-6.77811 178.045 119.127 -7.08275 178.142 118.039 -7.15587 178.148 117.755 
-7.32934 178.127 117.408 -7.36452 178.142 117.327 -7.50923 178.178 116.874 
-7.52811 178.185 116.709 -7.55076 178.312 115.372 -7.56572 178.271 114.928 
-7.59092 178.225 114.808 -7.74955 177.871 114.093 -7.72541 177.741 113.835 
-7.19684 177.263 112.098 -7.16445 177.121 111.808 -13.1635 198.32 202.533 
-13.1543 198.308 202.554 -13.1314 198.285 202.592 -12.5173 198.03 202.928 
-12.5131 198.029 202.929 -11.9957 197.912 203.046 -11.6831 197.901 203.19 
-11.6787 197.9 203.192 -11.4419 197.855 203.337 -11.0732 197.781 203.452 
-10.3597 197.578 203.568 -10.1912 197.507 203.577 -9.67259 197.351 203.551 
-9.29091 197.284 203.456 -9.27994 197.278 203.452 -9.04046 197.164 203.357 
-8.67475 196.997 203.249 -8.67001 196.995 203.247 -8.4379 196.923 203.152 
-8.38701 196.915 203.116 -7.78399 196.825 202.8 -7.70325 196.812 202.73 
-7.6883 196.807 202.718 -7.51608 196.789 202.582 -7.17365 196.781 202.334 
-6.83098 196.813 202.101 -6.51145 196.9 201.734 -6.45788 196.912 201.677 
-6.42357 196.945 201.611 -6.15519 197.014 201.055 -5.76036 197.103 200.233 
-5.736 197.115 200.181 -5.57188 197.205 199.964 -5.56547 197.208 199.957 
-5.2008 197.293 199.513 -5.155 197.324 199.444 -4.88294 197.545 199.165 
-4.79991 197.585 199.079 -4.79795 197.587 199.076 -4.70164 197.66 198.954 
-4.70017 197.662 198.952 -4.51798 197.793 198.735 -4.51325 197.795 198.731 
-4.45165 197.829 198.68 -4.25463 197.967 198.515 -4.22374 197.988 198.492 
-4.19559 198.003 198.469 -4.12901 198.037 198.423 -3.63504 198.448 197.857 
-3.62234 198.463 197.842 -3.60153 198.487 197.825 -3.5429 198.545 197.784 
-3.43689 198.641 197.699 -3.3662 198.733 197.623 -3.25964 198.848 197.5 
-3.21096 198.885 197.438 -3.06694 199.049 197.284 -2.79041 199.47 196.947 
-2.7394 199.536 196.91 -2.50738 199.87 196.867 -2.40462 200.081 196.801 
-2.15218 200.458 196.681 -2.06649 200.553 196.648 -1.85254 200.743 196.419 
-1.4919 201.531 196.014 -1.47433 201.558 196.001 -1.42512 201.66 195.973 
-1.33025 201.876 195.901 0.49165 164.647 205.017 0.464608 164.796 205.069 
0.351205 165.124 205.079 0.210739 165.572 205.081 0.187641 165.645 205.055 
0.0498157 165.972 205.057 0.000993982 166.094 205.03 -0.135943 166.385 205.048 
-0.157381 166.437 205.041 -0.179489 166.635 205.015 -0.180943 166.675 205.006 
-0.201167 166.742 205.002 -0.231563 166.826 204.995 -0.465905 167.326 205.007 
-0.631021 167.523 204.928 -0.683747 167.582 204.915 -0.798067 167.723 204.948 
-1.15028 168.1 204.867 -1.20103 168.16 204.83 -1.48781 168.573 204.788 
-1.53099 168.704 204.745 -1.53179 168.706 204.745 -1.54276 168.728 204.744 
-1.59313 168.877 204.751 -1.83744 169.276 204.708 -1.96099 169.449 204.759 
-2.19692 169.826 204.746 -2.19967 169.842 204.734 -2.19984 169.843 204.734 
-2.53193 170.378 204.564 -3.04797 170.828 204.638 -3.38455 171.063 204.52 
-3.46702 171.205 204.466 -3.58885 171.378 204.493 -3.71642 171.473 204.537 
-3.85796 171.593 204.583 -4.02287 171.779 204.606 -4.0242 171.782 204.606 
-4.14852 171.884 204.606 -4.5485 172.304 204.567 -4.57011 172.352 204.548 
-4.59747 172.397 204.54 -4.67657 172.468 204.558 -5.11189 172.736 204.514 
-5.31642 172.855 204.432 -5.43428 172.904 204.423 -5.55052 173.015 204.409 
-5.64857 173.071 204.428 -6.0644 173.257 204.459 -6.45904 173.459 204.6 
-6.57903 173.521 204.591 -6.71561 173.652 204.549 -7.0576 173.874 204.667 
-7.18284 173.94 204.661 -7.22558 173.962 204.657 -7.43634 174.14 204.618 
-7.49238 174.174 204.59 -7.85373 174.624 204.617 -7.89009 174.666 204.602 
-8.03097 174.935 204.568 -8.08057 175.117 204.528 -8.1121 175.202 204.482 
-8.24165 175.415 204.329 -8.27089 175.616 204.2 -8.27817 175.678 204.115 
-8.34019 175.839 203.753 -8.33734 175.846 203.739 -8.31454 175.873 203.64 
-8.30786 175.921 203.479 -8.43152 175.752 202.803 -8.4442 175.751 202.764 
-8.40767 175.588 202.397 -8.4026 175.575 202.375 -8.39483 175.31 202.014 
-8.35294 175.238 201.802 -8.32308 175.195 201.711 -8.29422 175.174 201.443 
-8.23352 175.163 201.157 -8.17648 175.178 200.944 -8.16882 175.175 200.92 
-8.01282 175.13 200.542 -7.95356 175.152 200.483 -7.84311 175.246 200.238 
-7.68825 175.344 199.92 -7.42304 175.534 199.742 -7.17928 175.929 199.48 
-7.14224 175.971 199.472 -6.98581 176.142 199.397 -6.92428 176.217 199.377 
-2.88476 169.512 211.956 -3.4914 169.923 212.068 -3.79042 170.24 211.858 
-3.88029 170.323 211.765 -4.479 170.771 212.093 -5.12147 171.352 211.995 
-5.1288 171.357 211.996 -5.28598 171.494 211.967 -5.36484 171.581 211.899 
-5.55614 171.823 211.792 -5.60768 171.906 211.736 -5.87284 172.308 211.595 
-5.87937 172.314 211.592 -6.05658 172.663 211.45 -6.08731 172.701 211.438 
-6.14649 172.797 211.381 -6.23754 173.113 211.286 -6.27041 173.186 211.224 
-6.4005 173.336 211.072 -6.50997 173.639 210.874 -6.6273 173.844 210.688 
-6.77872 174.054 210.543 -6.77965 174.058 210.539 -6.81756 174.209 210.404 
-6.87273 174.27 210.255 -6.99025 174.478 210.078 -6.99428 174.486 210.066 
-7.12405 174.687 209.844 -7.12058 174.707 209.827 -7.32355 175.013 209.645 
-7.35022 175.048 209.599 -7.45873 175.315 209.448 -7.49423 175.387 209.367 
-7.50444 175.41 209.346 -7.53415 175.474 209.276 -7.53569 175.482 209.271 
-7.54395 175.534 209.231 -7.60694 175.795 208.87 -7.62401 175.83 208.837 
-7.66397 175.914 208.71 -7.71456 176.032 208.529 -7.72465 176.061 208.437 
-7.72537 176.101 208.323 -7.7459 176.103 208.242 -7.75984 176.116 208.188 
-7.83606 176.15 208.086 -7.8703 176.167 208.014 -7.87773 176.173 207.963 
-7.91892 176.257 207.697 -7.92485 176.271 207.478 -7.95712 176.301 207.343 
-7.96139 176.296 207.319 -8.04312 176.307 206.962 -8.04915 176.298 206.884 
-8.16858 176.323 206.456 -8.21452 176.34 206.146 -8.25239 176.37 206.022 
-8.25777 176.377 205.998 -8.25952 176.396 205.915 -8.27383 176.405 205.748 
-8.31633 176.347 205.547 -8.34597 176.342 205.47 -8.39023 176.307 205.365 
-8.46427 176.281 205.13 -8.4779 176.263 205.087 -8.49284 176.017 204.626 
-8.49215 175.953 204.508 -8.48165 175.925 204.429 -8.36032 175.924 203.835 
-8.31596 175.945 203.703 -8.31051 175.948 203.677 37.171 207.482 191.312 
37.2721 207.472 191.276 37.4168 207.499 191.21 37.9306 207.62 191.312 
37.9527 207.622 191.321 38.0579 207.61 191.378 38.4796 207.632 191.448 
38.5413 207.65 191.475 38.942 207.73 191.538 39.0395 207.749 191.542 
39.2699 207.79 191.619 39.2783 207.79 191.622 39.5635 207.894 191.725 
39.9451 207.881 191.796 40.315 207.873 191.704 40.5931 207.898 191.797 
40.724 207.909 191.861 40.962 207.961 191.896 41.2312 207.977 192.091 
41.6825 207.971 192.172 41.7166 207.951 192.167 42.5757 207.799 192.28 
42.753 207.762 192.251 42.8535 207.786 192.225 42.8691 207.796 192.221 
43.4003 207.604 192.36 43.4646 207.599 192.356 43.8257 207.59 192.517 
44.0144 207.508 192.685 44.0174 207.507 192.685 44.1252 207.435 192.737 
44.1767 207.381 192.772 44.3924 207.315 192.938 44.6936 207.135 193.175 
44.7041 207.138 193.184 44.8104 207.123 193.265 44.8571 207.125 193.306 
45.0901 206.983 193.427 45.2329 207.005 193.601 45.2832 207.009 193.626 
45.5525 206.942 193.778 45.8007 206.932 194.001 45.8108 206.927 194.021 
45.8851 206.9 194.097 45.8958 206.895 194.106 45.9599 206.887 194.122 
46.0784 206.865 194.209 46.0855 206.863 194.223 46.2138 206.8 194.335 
46.2417 206.788 194.344 46.5005 206.685 194.407 46.5373 206.689 194.419 
46.67 206.461 194.676 46.7056 206.449 194.75 46.8387 206.416 194.86 
47.0416 206.299 195.047 47.0541 206.284 195.067 47.0846 206.232 195.249 
47.1238 206.116 195.421 47.0189 205.939 195.698 46.9989 205.925 195.782 
46.8052 205.737 196.15 46.6416 205.674 196.204 46.509 205.626 196.28 
46.0761 205.569 196.371 46.011 205.587 196.387 46.0049 205.588 196.387 
45.9898 205.586 196.392 45.1705 205.646 196.453 44.758 205.551 196.35 
44.6969 205.536 196.347 44.3793 205.414 196.231 43.9837 205.234 196.147 
43.9184 205.202 196.16 43.7389 205.117 196.164 43.1188 204.64 195.841 
43.0508 204.606 195.807 43.0455 204.602 195.804 42.6457 204.221 195.701 
42.5501 204.145 195.659 42.4907 204.106 195.628 42.2936 203.819 195.446 
42.2779 203.808 195.433 41.6121 203.315 195.01 41.5294 203.237 194.971 
41.4836 203.155 194.93 40.8439 202.783 194.615 40.8143 202.764 194.605 
40.5084 202.615 194.465 40.2939 202.519 194.339 40.2512 202.495 194.301 
39.7003 202.07 194.07 39.5567 201.982 193.941 39.2573 201.744 193.798 
39.0592 201.599 193.656 38.8699 201.467 193.489 38.7749 201.426 193.416 
38.7088 201.39 193.375 38.4038 201.282 193.305 38.398 201.279 193.302 
37.7847 200.978 193.045 37.6548 200.875 192.934 37.2663 200.595 192.928 
36.6097 200.255 192.744 36.5697 200.231 192.742 36.5649 200.228 192.742 
35.9809 199.862 192.814 35.951 199.83 192.816 35.6778 199.727 192.755 
35.6377 199.711 192.749 35.2653 199.499 192.703 34.9165 199.383 192.655 
34.9146 199.382 192.654 34.7945 199.327 192.613 34.1624 199.005 192.674 
33.8215 198.614 192.797 33.2306 198.225 192.828 32.7875 197.972 192.959 
32.6874 197.923 192.96 32.4208 197.776 192.969 32.2926 197.729 193.01 
32.1536 197.653 193.074 31.8649 197.499 193.26 31.3971 197.128 193.765 
31.3096 197.049 193.836 31.0836 196.625 194.263 31.0726 196.61 194.28 
30.8161 196.325 194.592 30.7912 196.305 194.621 30.7161 196.252 194.714 
30.7028 196.237 194.734 30.6307 196.171 194.85 30.3566 195.955 195.165 
30.302 195.915 195.236 30.102 195.767 195.441 29.9983 195.68 195.571 
29.8833 195.625 195.661 29.643 195.481 195.879 29.5707 195.448 195.932 
29.4208 195.326 196.03 28.9125 195.138 196.225 28.9025 195.134 196.228 
28.6712 195.039 196.337 28.5794 194.995 196.382 28.5135 194.969 196.416 
28.2017 194.86 196.591 27.909 194.766 196.648 26.9086 194.553 196.787 
26.0039 194.541 197.147 25.566 194.525 197.105 25.279 194.578 197.073 
25.066 194.584 197.044 24.8381 194.593 196.981 24.7243 194.581 196.928 
24.41 194.589 196.729 24.3956 194.588 196.722 23.3701 194.746 196.334 
23.1601 194.774 196.26 22.6312 194.948 196.078 22.6001 194.956 196.07 
22.2515 195.042 195.925 21.1026 195.488 195.842 21.0375 195.538 195.828 
20.6317 195.788 195.902 20.6135 195.798 195.901 20.2496 195.975 195.885 
20.2486 195.975 195.885 19.9944 196.078 195.886 19.5675 196.385 195.936 
19.327 196.52 195.977 18.524 197.11 195.852 18.3 197.256 195.885 
17.5296 198.111 195.989 17.5229 198.122 195.989 17.17 198.584 195.925 
17.1572 198.6 195.925 16.9329 198.91 195.889 16.9313 198.912 195.888 
16.8824 198.972 195.872 16.8225 199.052 195.842 16.6834 199.3 195.736 
16.5448 199.529 195.656 16.3971 199.768 195.52 16.3906 199.775 195.517 
16.1244 200.124 195.328 15.9997 200.334 195.194 15.7891 200.653 195.021 
15.7708 200.727 194.976 15.6191 201.116 194.736 15.462 201.563 194.445 
15.3983 201.786 194.245 15.3953 201.809 194.224 15.3919 201.897 194.159 
15.3143 202.479 193.668 15.3135 202.548 193.621 15.3071 202.8 193.386 
15.3179 203.016 193.217 15.4007 203.312 192.88 15.4436 203.537 192.71 
15.6413 204.186 191.989 15.6863 204.318 191.84 15.8865 204.62 191.192 
16.0078 204.716 190.988 16.0412 204.758 190.911 16.4729 205.069 190.202 
16.5413 205.103 190.053 17.0229 205.26 189.424 17.487 205.573 188.354 
17.5726 205.564 188.127 17.6718 205.617 187.532 17.676 205.616 187.513 
17.7499 205.622 187.131 17.7526 205.623 187.119 17.8117 205.599 186.84 
17.844 205.561 186.729 17.8527 205.556 186.707 17.9164 205.353 186.246 
17.8755 205.23 186.082 17.7391 204.377 185.267 17.6171 204.206 185.093 
17.5055 203.973 184.89 17.3973 203.756 184.783 17.1917 203.13 184.684 
17.1601 202.977 184.675 16.402 202.281 184.774 16.3641 202.236 184.777 
16.3436 202.213 184.777 16.2833 202.15 184.784 16.2782 202.142 184.786 
16.0266 201.849 184.926 15.6574 201.523 185.104 15.6508 201.516 185.109 
15.1731 201.094 185.424 14.9909 200.905 185.665 14.9102 200.797 185.748 
14.7202 200.544 185.922 14.7028 200.524 185.95 14.6168 200.434 186.067 
14.2388 200.144 186.598 14.1003 200.057 186.777 14.0759 200.011 186.858 
13.9232 199.701 187.42 13.8862 199.587 187.608 13.8554 199.513 187.708 
13.851 199.505 187.719 13.7568 199.373 187.895 13.6157 199.209 188.107 
13.5665 199.119 188.201 13.5574 199.101 188.222 13.5166 198.837 188.426 
13.4298 198.414 188.589 13.4422 197.846 188.809 13.5449 196.94 188.833 
13.5138 196.531 188.737 13.6872 195.96 188.531 13.8608 195.356 188.133 
13.9691 195.159 187.956 14.1229 194.887 187.583 14.5146 194.705 187.031 
14.6123 194.619 186.745 14.8038 194.575 186.366 14.858 194.556 186.176 
15.0577 194.578 185.665 15.063 194.583 185.639 15.2141 194.608 184.572 
15.2132 194.608 184.567 15.2484 194.629 184.132 15.3883 194.672 183.261 
15.4631 194.624 183.021 15.5232 194.572 182.815 15.533 194.548 182.551 
15.6355 194.426 182.023 15.7527 194.338 181.403 15.7894 194.265 181.236 
15.8015 194.252 181.199 16.0473 194.181 180.584 16.2241 193.931 180.121 
16.3562 193.708 179.666 16.4622 193.598 179.386 16.4664 193.592 179.368 
17.0095 193.126 178.449 17.1726 193.027 178.254 17.3051 192.868 178.013 
17.9398 192.327 177.298 18.2621 192.135 176.901 18.5513 191.966 176.662 
18.6075 191.931 176.599 19.1505 191.505 176.081 19.2646 191.431 176.002 
19.4416 191.257 175.887 19.6589 191.044 175.722 19.6755 191.028 175.714 
19.9539 190.725 175.566 19.9583 190.721 175.564 20.2261 190.436 175.458 
20.2689 190.382 175.451 20.5688 190.183 175.294 21.1088 189.65 174.955 
21.7321 189.051 174.842 21.8119 188.951 174.833 21.8427 188.888 174.831 
22.0301 188.67 174.814 22.7394 187.987 174.396 22.8791 187.866 174.354 
23.1753 187.645 174.348 23.2695 187.567 174.335 23.286 187.551 174.331 
23.3542 187.492 174.307 23.3988 187.447 174.287 24.0824 186.791 174.161 
24.598 186.509 174.046 25.0311 186.232 173.983 25.0564 186.217 173.983 
25.09 186.194 173.98 25.1974 186.119 173.971 25.5859 185.818 173.911 
25.8515 185.663 173.892 26.1075 185.463 173.872 26.6056 185.17 173.965 
26.6268 185.16 173.969 26.737 185.097 173.976 27.454 184.73 173.929 
27.714 184.515 173.921 28.088 184.309 173.925 28.3678 184.205 173.937 
28.7542 184.013 173.996 28.7749 183.997 174 28.9948 183.842 174.004 
29.821 183.437 174.048 30.0487 183.307 174.097 30.2477 183.184 174.116 
30.9689 182.99 174.125 31.2672 182.821 174.158 31.5258 182.674 174.129 
31.8747 182.413 174.1 32.0322 182.343 174.11 32.0592 182.324 174.112 
32.0906 182.31 174.108 32.8092 181.898 174.029 32.8823 181.851 174.031 
33.015 181.804 174.021 33.5249 181.487 173.886 33.6407 181.416 173.837 
33.8065 181.355 173.772 33.889 181.288 173.732 34.3628 180.874 173.499 
34.4204 180.848 173.479 34.5477 180.78 173.433 34.9535 180.531 173.196 
34.9908 180.506 173.18 35.4024 180.251 173.134 35.404 180.25 173.134 
35.7952 180.041 173.026 35.8175 180.026 173.01 36.1252 179.75 172.872 
36.24 179.666 172.823 36.6965 179.156 172.581 36.6973 179.156 172.581 
36.7965 179.064 172.562 36.838 179.021 172.543 36.9853 178.847 172.44 
36.9864 178.846 172.439 37.0847 178.707 172.336 37.2279 178.418 171.925 
37.421 178.071 171.567 37.4466 178.02 171.497 37.5902 177.668 171.171 
37.6142 177.62 171.093 37.63 177.408 170.773 37.6655 177.313 170.673 
37.6826 177.21 170.609 37.7031 177.052 170.47 37.7103 177.006 170.424 
37.6929 176.773 170.192 37.6799 176.695 170.083 37.6634 176.642 170.004 
37.6157 176.559 169.874 37.6152 176.558 169.872 37.5792 176.494 169.77 
37.5111 176.405 169.538 37.3944 176.219 169.218 37.3034 176.138 168.993 
37.1479 176.062 168.721 37.1176 176.056 168.663 37.1169 176.056 168.662 
37.0812 176.057 168.589 36.9389 176.059 168.206 36.7117 176.017 167.865 
36.6291 176.014 167.75 36.4727 176.045 167.504 36.3265 176.073 167.328 
36.3034 176.072 167.299 36.2345 176.073 167.237 35.8675 176.121 166.732 
35.7852 176.137 166.645 35.7791 176.139 166.637 35.5257 176.17 166.254 
35.5075 176.176 166.227 35.2877 176.199 165.977 35.076 176.247 165.778 
34.9956 176.26 165.701 34.9662 176.263 165.677 34.5942 176.382 165.4 
34.4313 176.402 165.284 33.3672 176.888 164.654 33.0453 176.946 164.531 
32.7072 177.051 164.366 32.6045 177.096 164.319 32.536 177.119 164.268 
31.8646 177.264 163.94 31.6299 177.352 163.844 31.535 177.378 163.803 
31.3129 177.466 163.713 30.8363 177.601 163.511 30.5846 177.641 163.373 
30.5371 177.648 163.358 29.7073 177.866 162.702 29.6324 177.886 162.657 
29.1634 177.886 162.219 29.0074 177.872 162.082 28.8389 177.873 161.897 
28.7484 177.851 161.804 28.436 177.828 161.457 27.9724 177.633 160.857 
27.6858 177.561 160.556 27.6688 177.555 160.52 27.2159 177.331 159.746 
27.0403 177.217 159.33 26.7887 177.119 158.84 26.7207 177.111 158.525 
26.571 176.887 157.498 26.547 176.839 157.279 26.5271 176.799 157.06 
26.4515 176.786 156.687 26.4459 176.694 156.162 26.4261 176.651 155.963 
26.4033 176.632 155.785 26.2536 176.572 155.057 26.1871 176.584 154.855 
26.1741 176.592 154.818 26.1127 176.604 154.517 25.8279 176.395 153.559 
25.7052 176.435 152.606 25.6347 176.433 152.321 25.6275 176.433 152.302 
25.4739 176.317 151.765 25.4303 176.163 151.434 25.2809 176.148 150.693 
25.1314 176.071 150.376 25.0583 176.062 150.177 25.0209 176.051 150.015 
24.9266 175.995 149.732 24.8006 176.081 149.309 24.752 176.111 149.082 
24.7511 176.112 149.079 24.7209 176.128 148.988 24.7062 176.131 148.925 
24.7056 176.132 148.922 24.638 176.179 148.635 24.6363 176.18 148.63 
24.5788 176.192 148.446 24.5501 176.203 148.366 24.5373 176.207 148.316 
24.5166 176.22 148.244 24.4985 176.256 148.107 24.4977 176.256 148.1 
24.4394 176.248 147.782 24.431 176.242 147.744 24.2852 176.263 146.96 
24.2661 176.276 146.854 24.2636 176.278 146.846 24.2056 176.294 146.653 
24.196 176.292 146.627 24.164 176.292 146.537 24.1338 176.288 146.466 
24.075 176.28 146.297 24.0216 176.252 146.131 23.8828 176.269 145.741 
23.8081 176.308 145.139 23.8121 176.331 144.948 23.7559 176.309 144.59 
23.7331 176.356 144.165 23.7348 176.398 143.988 23.6503 176.328 142.943 
23.6503 176.329 142.94 23.6482 176.382 142.753 23.6477 176.49 142.189 
23.6503 176.491 142.156 23.6184 176.553 141.762 23.6685 176.816 140.989 
23.6606 176.849 140.669 23.6623 176.867 140.489 23.6257 177.038 139.854 
23.6776 177.2 139.294 23.6943 177.271 139.149 23.7031 177.291 139.112 
23.7141 177.308 139.087 23.893 177.506 138.616 24.0796 177.666 138.073 
24.3328 178.235 137.549 24.3454 178.247 137.54 25.0759 179.206 137.369 
25.0779 179.208 137.368 25.1747 179.313 137.318 25.1921 179.34 137.313 
25.2228 179.39 137.307 25.7495 180.93 137.889 26.2342 181.674 138.664 
26.2357 181.677 138.684 26.2586 181.877 139.346 26.264 181.884 139.373 
26.3582 181.926 139.693 26.3484 181.882 140.284 26.1855 181.883 140.806 
26.1248 181.892 141.985 26.0739 181.869 142.295 26.0473 181.816 142.626 
26.0353 181.831 142.76 26.0642 181.81 143.028 26.0294 181.695 144.016 
26.0287 181.633 144.172 26.022 181.577 144.543 26.21 181.667 145.534 
26.2103 181.667 145.534 26.275 181.732 145.77 26.281 181.771 146.049 
26.2864 181.774 146.07 26.3154 181.755 146.176 26.4134 181.442 146.921 
26.5858 181.403 147.758 26.5912 181.401 147.801 26.6976 181.42 148.184 
26.886 181.196 148.893 26.9849 181.18 149.261 27.1065 181.121 149.553 
27.3073 180.994 150.135 27.6209 180.871 150.585 27.9259 180.814 151.039 
28.1206 180.699 151.287 28.2817 180.605 151.512 28.5435 180.416 151.869 
28.5702 180.395 151.906 28.6159 180.363 151.984 28.657 180.333 152.065 
29.0456 180.051 152.481 29.0468 180.05 152.482 29.3415 179.847 152.661 
29.5015 179.644 152.805 29.6412 179.532 152.904 29.6563 179.519 152.918 
30.0528 179.284 153.19 30.4167 178.989 153.29 30.607 178.838 153.393 
30.9628 178.404 153.538 31.3386 178.142 153.7 31.6045 177.877 153.712 
31.8352 177.628 153.714 32.1549 177.308 153.745 32.2313 177.212 153.742 
32.4361 176.996 153.74 32.467 176.956 153.74 32.7048 176.557 153.693 
32.8137 176.389 153.657 32.8448 176.32 153.644 32.9579 176.123 153.582 
33.2082 175.708 153.358 33.3573 175.349 153.137 33.362 175.32 153.107 
33.4859 174.9 152.406 33.5102 174.765 152.2 33.5366 174.663 152.012 
33.5437 174.437 151.154 33.5512 174.428 151.132 33.5812 174.255 150.172 
33.5783 174.246 150.096 33.6081 174.196 149.796 33.6173 174.18 149.713 
33.5404 174.007 149.184 33.5176 173.98 149.077 33.4907 173.952 148.852 
33.4241 173.934 148.603 33.418 173.933 148.566 33.3681 173.895 148.308 
33.2442 173.807 147.724 33.1359 173.877 146.982 33.0681 173.978 146.345 
33.0894 173.943 146.094 33.0392 173.968 145.782 33.0113 173.968 145.514 
32.9141 173.736 144.836 32.965 173.479 144.089 32.9646 173.475 144.077 
32.8799 173.217 142.924 32.8704 173.162 142.803 32.8701 173.161 142.8 
32.8702 173.134 142.745 32.8694 173.056 142.552 32.8943 172.926 142.162 
32.894 172.815 141.929 32.9132 172.73 141.715 32.9317 172.68 141.517 
32.9305 172.676 141.496 32.9524 172.388 140.609 32.9684 172.368 140.396 
33.0471 172.104 139.45 33.0673 171.882 138.913 33.1205 171.808 138.537 
33.1365 171.746 138.325 33.0705 171.613 137.982 33.0732 171.562 137.875 
33.1114 171.277 137.023 33.1586 170.915 136.402 33.1876 170.706 135.774 
33.2127 170.626 135.577 33.2381 170.582 134.623 33.2477 170.586 134.538 
33.2502 170.569 134.414 33.3226 170.45 133.852 33.3226 170.449 133.85 
33.314 170.346 133.572 33.3502 170.09 132.675 33.5404 169.764 131.905 
33.5761 169.651 131.713 33.5851 169.621 131.625 33.6047 169.551 131.345 
33.7062 169.438 130.841 33.7066 169.437 130.839 33.718 169.419 130.787 
33.7438 169.33 130.577 33.7547 169.23 130.388 33.7626 169.116 130.08 
33.767 168.966 129.033 33.7674 168.693 128.281 33.8868 168.504 127.159 
33.904 168.472 126.74 33.9025 168.444 126.651 33.8545 168.351 125.733 
33.881 168.271 124.921 33.9948 168.175 124.21 34.0092 168.178 123.602 
33.8958 168.31 122.288 33.8505 168.391 122.022 33.8328 168.405 121.902 
33.5457 168.678 120.697 33.4591 168.727 120.462 33.1369 168.999 119.778 
33.0211 169.095 119.473 32.7585 169.256 118.858 32.5224 169.476 118.405 
32.519 169.479 118.398 32.1448 169.786 117.518 32.0279 169.851 117.265 
31.86 169.952 117.033 31.6534 170.002 116.791 31.1955 170.138 116.124 
30.6666 170.205 115.061 30.5901 170.173 114.772 30.5439 170.185 114.629 
30.536 170.19 114.602 30.4112 170.224 114.19 30.3623 170.247 113.99 
29.8669 170.013 112.249 29.866 170.01 112.237 29.7215 169.715 110.761 
29.7573 169.608 110.554 29.6309 168.931 109 29.6779 168.601 108.305 
29.6792 168.594 108.291 29.6238 168.471 107.693 29.5612 168.252 106.948 
29.5577 167.581 105.8 29.4854 167.461 105.521 29.5081 167.183 104.934 
29.5203 167.125 104.78 29.5924 166.494 103.758 29.5727 166.45 103.663 
29.6933 165.761 102.267 29.7046 165.744 102.239 29.9125 164.975 100.792 
29.8891 164.836 100.398 29.9319 164.257 99.5808 29.8882 163.953 99.0437 
29.8959 163.72 98.761 29.8813 163.648 98.6345 29.896 163.472 98.3527 
29.9403 163.128 97.4346 29.9203 163.023 97.2235 29.921 163.011 97.1978 
29.9228 162.988 97.1538 29.9012 162.69 96.4856 29.911 162.66 96.4228 
29.8332 162.038 95.5323 29.8226 161.894 95.2733 29.8235 161.884 95.2562 
29.6811 161.382 94.2085 29.5913 161.241 93.9297 29.5334 160.985 93.3128 
29.5088 160.807 92.9929 29.4183 160.633 92.6577 29.3468 160.517 92.3848 
29.2781 160.419 92.0344 29.1762 160.214 91.5559 29.1355 160.112 91.382 
29.0694 160.009 91.1756 28.9281 159.859 90.8347 28.6845 159.449 89.6943 
28.6971 159.396 89.5379 28.7199 159.343 89.4099 28.5571 158.693 87.7638 
28.3072 158.421 87.1417 28.157 158.286 86.7018 28.014 158.178 86.4131 
27.9164 158.095 86.215 27.6059 157.859 85.6848 27.5598 157.825 85.5824 
27.5369 157.817 85.5345 27.3084 157.649 84.6274 27.0225 157.437 84.0327 
26.8004 157.315 83.6591 26.6766 157.257 83.484 26.6691 157.254 83.4728 
26.5325 157.158 83.2118 26.2785 156.878 82.6825 25.8476 156.583 82.0121 
25.8081 156.564 81.9528 25.2691 156.428 81.0024 24.8582 156.256 80.3918 
24.8552 156.255 80.3878 24.498 156.131 79.9156 24.2455 156.063 79.6383 
23.996 156.015 79.4488 23.9702 156.01 79.4274 23.8533 155.98 79.3029 
23.4212 155.818 78.7585 23.2013 155.724 78.4652 23.0809 155.686 78.3228 
22.4585 155.633 77.4484 22.3366 155.604 77.3184 21.8597 155.484 76.6624 
21.6911 155.467 76.51 21.3036 155.412 76.1495 20.7401 155.361 75.6725 
20.6513 155.365 75.5678 19.4429 155.422 74.6661 18.167 155.492 73.5133 
17.6959 155.408 73.2208 17.4315 155.377 73.0119 16.4774 155.349 72.4084 
16.475 155.348 72.4071 16.3803 155.334 72.3558 15.4599 155.387 71.6456 
15.2996 155.405 71.5416 15.2735 155.403 71.5209 14.7211 155.402 71.1724 
14.559 155.411 71.045 13.7528 155.44 70.5283 13.5737 155.438 70.4383 
13.4703 155.452 70.3854 12.126 155.548 69.696 11.9706 155.526 69.5944 
10.8112 155.57 69.1748 10.8054 155.57 69.1725 10.6688 155.584 69.1205 
10.2893 155.657 68.906 9.02846 155.584 68.316 8.77814 155.608 68.2018 
8.7486 155.607 68.192 8.36581 155.589 67.9857 7.49662 155.673 67.5909 
6.70828 155.701 67.1268 6.68828 155.697 67.1155 6.20653 155.73 66.8477 
5.69036 155.709 66.5028 4.2245 155.781 65.7357 3.88914 155.704 65.5396 
3.22161 155.616 65.0073 2.77661 155.506 64.6155 2.23883 155.42 64.1761 
1.67277 155.147 63.459 1.39204 155.015 63.0188 1.3107 154.971 62.882 
0.899694 154.428 61.579 0.888985 154.369 61.485 0.880464 154.247 61.301 
0.993791 153.562 60.0712 1.32474 153.029 59.4459 1.54242 152.478 58.7683 
1.70925 152.24 58.4994 1.74021 152.191 58.4312 1.92989 151.913 58.0648 
2.87835 150.977 57.1933 3.09147 150.797 56.9462 3.40696 150.421 56.5244 
3.54489 150.308 56.3931 4.1825 149.671 55.7466 4.47431 149.249 55.4652 
4.81957 148.611 54.9893 5.41424 147.566 54.0152 5.59455 147.394 53.8286 
6.19002 146.433 52.8966 6.19043 146.429 52.8935 6.49256 145.689 52.3652 
6.49539 145.683 52.3607 6.64327 145.282 52.0167 6.85722 144.809 51.6858 
6.94931 144.589 51.5017 7.10148 144.269 51.2741 7.10171 144.268 51.2732 
7.5994 143.317 50.134 7.65053 143.071 49.8161 7.72159 142.843 49.5949 
7.80944 142.65 49.4171 8.05772 141.668 48.5926 7.95793 140.975 48.0956 
8.00918 140.5 47.595 8.00119 140.236 47.3093 8.05545 139.954 47.0185 
8.09352 139.776 46.891 8.10015 139.731 46.8593 8.18944 138.446 45.5286 
8.17562 138.372 45.3958 8.1605 138.099 45.0165 8.19918 137.365 44.3169 
8.14223 137.009 43.8812 8.15218 136.198 42.5489 8.23842 135.422 41.7078 
8.2797 135.238 41.393 8.28893 135.145 41.213 8.34933 134.984 40.8109 
8.69128 134.566 40.0414 8.72315 134.5 39.9529 8.92417 133.811 38.572 
8.94713 133.728 38.3846 9.07275 133.428 37.8102 9.08112 133.408 37.7634 
9.2819 133.191 37.187 9.36972 133.098 36.9093 9.42343 133.064 36.7658 
9.55328 132.935 36.4078 9.61333 132.888 36.2804 9.67563 132.845 36.0942 
10.0123 132.758 35.4143 10.0135 132.757 35.4119 10.3123 132.542 34.8053 
10.4338 132.495 34.5869 10.6796 132.327 33.883 11.5576 132.262 32.5255 
11.8706 132.295 31.7819 12.0996 132.536 31.1437 12.1966 132.719 30.8059 
-23.901 209.418 199.828 -23.8318 209.38 199.733 -23.792 209.286 199.637 
-23.727 209.117 199.62 -23.6759 208.872 199.51 -23.6464 208.767 199.414 
-23.6505 208.445 199.288 -23.6889 208.363 199.238 -23.811 208.103 198.934 
-23.9082 207.975 198.813 -23.9373 207.96 198.71 -24.1384 207.991 198.215 
-24.2213 208.056 197.616 -24.1595 208.19 197.033 -24.0076 208.301 196.804 
-23.9299 208.379 196.741 -23.3621 208.39 196.31 -23.2041 208.394 196.11 
-22.853 208.454 195.882 -22.4045 208.476 195.512 -22.1106 208.442 195.396 
-22.0368 208.438 195.355 -21.877 208.442 195.204 -21.7681 208.43 195.12 
-21.566 208.406 194.926 -21.1152 208.272 194.68 -21.0852 208.26 194.655 
-21.0428 208.242 194.617 -20.6328 208.069 194.459 -20.3997 207.975 194.325 
-20.3471 207.957 194.309 -19.825 207.772 194.126 -19.7485 207.738 194.066 
-19.5536 207.631 193.966 -19.0925 207.329 193.773 -19.0907 207.328 193.772 
-18.4691 206.931 193.607 -18.3471 206.864 193.591 -18.1793 206.766 193.601 
-17.8317 206.329 193.565 -17.4809 205.899 193.555 -17.4081 205.795 193.593 
-17.2685 205.537 193.734 -17.2272 205.473 193.737 -17.0461 205.206 193.783 
-16.7314 204.73 193.963 -16.6972 204.517 194.007 -16.4607 203.857 194.126 
-16.414 203.497 194.403 -16.3685 203.303 194.476 -16.366 203.291 194.482 
-16.3513 202.953 194.707 -16.3239 202.845 194.832 -16.2606 202.494 195.085 
-16.2439 202.354 195.216 -16.2318 202.233 195.334 -16.2214 202.134 195.409 
-16.2187 202.076 195.458 -16.2187 202.074 195.46 -16.214 202.052 195.486 
-16.2009 201.867 195.721 -16.2166 201.754 195.824 -16.226 201.697 195.908 
-16.2195 201.56 196.082 -16.188 201.45 196.205 -16.1783 201.288 196.531 
-16.0974 200.985 196.949 -16.0839 200.944 197.015 -16.0186 200.811 197.202 
-15.9949 200.692 197.38 -15.9785 200.626 197.453 -15.9777 200.575 197.517 
-15.9676 200.418 197.836 -15.9745 200.39 197.898 -15.9776 200.259 198.15 
-15.9731 200.241 198.216 -15.9626 200.218 198.356 -15.8889 199.985 198.734 
-15.7736 199.697 199.409 -15.7627 199.68 199.456 -15.7475 199.673 199.483 
-15.4479 199.364 200.162 -15.3944 199.321 200.359 -15.3092 199.272 200.584 
-15.3073 199.272 200.589 -15.176 199.229 200.883 -14.9503 199.164 201.221 
-14.8847 199.158 201.295 -14.8585 199.149 201.315 -14.8482 199.144 201.323 
-14.8322 199.138 201.335 -14.472 198.925 201.624 -14.2361 198.719 201.82 
-14.1372 198.672 201.91 -13.8378 198.531 202.203 -13.8084 198.519 202.226 
-13.4249 198.354 202.421 -13.3392 198.332 202.464 -13.3002 198.322 202.488 
-13.1367 198.289 202.588 -22.4448 205.322 199.214 -22.4996 205.234 199.175 
-22.5013 205.226 199.167 14.9828 232.899 227.991 63.7558 187.069 217.615 
63.833 187.092 217.562 63.8251 187.083 217.571 16.8124 205.256 237.003 
16.8113 205.257 237.003 16.7657 205.31 237.001 16.7651 205.312 237.001 
16.6819 205.497 236.975 16.6809 205.498 236.974 16.6504 205.531 236.955 
16.65 205.58 236.87 16.6376 205.706 236.708 16.5414 205.832 236.552 
16.4928 205.96 236.484 16.4944 206.072 236.36 16.4862 206.13 236.32 
16.4983 206.361 236.055 16.5015 206.383 236.035 16.5271 206.449 235.971 
16.4924 206.657 235.548 16.4857 206.662 235.518 16.4825 206.667 235.464 
16.4305 206.731 235.171 16.2832 206.728 234.77 16.2231 206.914 234.492 
16.0819 206.968 234.254 16.0397 207.05 234.093 15.9624 207.14 233.811 
15.9471 207.14 233.793 15.6613 207.171 233.257 15.6585 207.178 233.186 
15.6586 207.181 233.173 15.605 207.207 232.888 15.5627 207.221 232.78 
15.5375 207.222 232.743 15.525 207.225 232.718 15.5099 207.222 232.673 
15.4446 207.21 232.502 15.3854 207.229 232.302 15.3702 207.233 232.26 
15.3306 207.332 231.917 15.3288 207.333 231.911 15.3034 207.35 231.833 
15.2711 207.4 231.662 15.3406 207.584 231.336 15.6354 207.695 230.615 
15.4719 208.205 229.499 15.4479 208.364 229.39 15.4532 208.719 229.19 
15.4229 208.818 228.972 15.4565 209.494 228.652 15.3968 209.856 228.484 
15.2578 210.567 228.295 15.233 210.615 228.312 15.381 211.288 228.567 
15.3781 211.311 228.573 16.1575 212.053 228.326 16.2145 212.535 228.156 
16.2506 212.991 228.137 16.2658 213.073 228.153 16.2927 213.14 228.17 
16.2936 213.143 228.17 16.412 213.562 228.105 16.4281 213.597 228.102 
16.4484 213.698 228.084 16.6036 214.236 228.094 16.7057 214.703 228.131 
16.7058 214.705 228.131 16.7123 214.757 228.126 16.8315 215.315 227.982 
16.9227 215.48 227.973 16.9911 215.977 227.881 17.1532 216.339 227.705 
17.2882 216.575 227.666 17.4072 216.765 227.601 17.4537 216.877 227.598 
17.6482 217.533 227.382 17.6543 217.615 227.375 17.8203 218.421 227.382 
17.8366 218.461 227.375 17.8373 218.462 227.375 17.8582 218.504 227.366 
17.8645 218.519 227.356 18.1036 219.347 227.382 18.1747 219.636 227.408 
18.2662 219.96 227.34 18.2967 220.164 227.314 18.3317 220.407 227.431 
18.3398 221.226 227.341 18.3362 221.59 227.252 18.3846 221.683 227.284 
18.4097 221.766 227.314 18.4057 222.133 227.323 18.38 222.376 227.291 
18.3799 222.387 227.289 18.3775 222.444 227.288 18.3501 223.088 227.175 
18.3507 223.117 227.179 18.4149 223.396 227.188 18.416 223.402 227.187 
18.5032 223.877 227.16 18.5118 223.906 227.138 18.554 224.425 226.909 
18.5437 224.565 226.884 18.5654 224.729 226.874 18.5807 225.07 226.715 
18.5915 225.115 226.707 18.632 225.548 226.551 18.6067 225.747 226.411 
18.5622 226.071 226.183 18.5489 226.501 225.984 18.5451 226.649 225.908 
18.5153 226.774 225.811 18.4886 226.843 225.745 18.4342 226.963 225.598 
18.3455 227.192 225.423 18.3345 227.21 225.359 18.3346 227.581 224.744 
18.3274 227.737 224.514 18.3218 227.908 224.31 18.2944 228.025 224.148 
18.2795 228.087 224.09 18.239 228.216 223.913 18.2061 228.274 223.83 
18.1445 228.359 223.668 18.0886 228.443 223.566 18.0679 228.48 223.518 
18.0337 228.526 223.444 17.9104 228.607 223.318 17.7887 228.761 223.029 
17.656 228.897 222.677 17.6315 228.937 222.621 17.5544 229.014 222.47 
17.4477 229.096 222.319 17.3369 229.155 222.215 17.1753 229.265 221.984 
17.1326 229.306 221.881 16.9508 229.408 221.608 16.9249 229.43 221.574 
16.8084 229.477 221.379 16.7533 229.502 221.312 16.421 229.753 220.802 
16.1706 229.827 220.453 16.0952 229.837 220.37 15.8232 229.914 220.059 
15.8189 229.914 220.054 15.5098 230.029 219.603 15.3053 230.058 219.375 
15.296 230.064 219.365 15.1432 230.146 219.243 14.4631 230.154 218.857 
14.0838 229.973 218.475 14.0579 229.956 218.458 14.0015 229.861 218.363 
13.8345 229.502 218.063 13.7983 229.454 217.928 13.4661 228.721 217.203 
13.489 228.56 217.125 13.5124 227.461 216.686 13.5126 227.46 216.685 
13.5177 227.431 216.645 13.3782 226.619 216.319 13.381 226.592 216.299 
13.3811 226.588 216.298 13.3924 226.043 216.144 13.4411 225.787 216.155 
13.4669 225.547 216.138 13.6463 224.632 216.005 13.6512 224.598 215.995 
13.6823 224.38 215.933 13.6816 224.293 215.861 13.822 223.538 215.67 
13.8554 223.223 215.649 13.988 222.71 215.609 14.0751 222.268 215.479 
14.1048 222.19 215.453 14.2583 221.922 215.359 14.2707 221.87 215.348 
14.2705 221.856 215.346 14.3244 221.639 215.376 14.4008 221.202 215.285 
14.406 221.189 215.284 14.4276 220.878 215.256 14.4279 220.827 215.242 
14.449 220.748 215.212 14.4557 220.725 215.206 14.5609 220.373 215.112 
14.5671 220.342 215.103 14.5624 220.154 215.001 14.6704 219.832 214.95 
14.7969 219.524 214.9 14.8189 219.421 214.897 14.8824 218.987 214.776 
14.8973 218.898 214.741 14.8981 218.893 214.739 14.8928 218.798 214.697 
14.9195 218.595 214.582 15.1306 218.091 214.634 15.2695 217.274 214.407 
15.2533 217.245 214.38 15.572 216.548 213.765 15.5838 216.514 213.728 
15.6811 215.71 213.399 15.6939 215.664 213.393 15.8497 215.188 213.36 
16.3955 214.448 212.969 16.4488 214.355 212.956 16.6421 213.961 212.864 
16.6694 213.865 212.8 16.7562 213.504 212.722 16.8739 213.069 212.609 
16.8817 212.94 212.603 16.8836 212.643 212.419 16.8639 212.425 212.324 
16.8501 212.34 212.276 16.8397 212.211 212.264 16.8425 212.163 212.259 
16.8658 211.965 212.204 16.9026 211.673 212.122 16.8633 211.239 211.908 
16.7389 210.783 211.833 16.7279 210.23 211.469 16.6978 209.647 211.429 
16.6986 209.322 211.238 16.6982 209.318 211.237 16.6864 209.224 211.218 
16.5934 208.59 211.001 16.4745 208.302 210.849 16.3755 208.013 210.636 
16.0765 207.562 210.522 15.8884 207.247 210.252 15.8158 207.133 210.226 
15.2394 206.688 209.992 15.1966 206.641 209.964 15.1377 206.539 209.905 
15.1287 206.512 209.901 15.0856 206.388 209.861 15.0821 206.379 209.854 
14.7151 205.895 209.394 14.7083 205.89 209.388 14.4563 205.742 209.274 
14.4397 205.731 209.262 14.2102 205.514 209.046 14.1877 205.494 209.031 
14.1381 205.451 208.986 14.0081 205.338 208.928 13.943 205.288 208.91 
13.8541 205.201 208.889 13.7721 205.126 208.858 13.3441 204.919 208.567 
13.2612 204.851 208.524 13.1291 204.751 208.514 12.8389 204.482 208.396 
12.3122 204.344 208.033 11.9953 204.231 207.85 11.523 204.077 207.559 
11.4401 204.073 207.487 11.4231 204.069 207.467 11.2326 204.072 207.299 
10.679 203.725 206.989 10.4065 203.672 206.718 10.1936 203.626 206.495 
10.1229 203.619 206.424 10.0853 203.619 206.376 10.0694 203.62 206.357 
9.99849 203.609 206.237 9.90602 203.624 206.069 9.7423 203.684 205.716 
9.7076 203.696 205.452 9.68339 203.711 205.344 9.65619 203.7 204.917 
9.65396 203.696 204.886 9.67921 203.682 204.514 9.69933 203.666 204.385 
9.71983 203.635 204.275 9.83854 203.585 204.03 9.87386 203.564 203.973 
9.8986 203.54 203.923 10.1733 203.346 203.547 10.2048 203.33 203.526 
10.2235 203.32 203.522 10.3274 203.266 203.489 10.4743 203.184 203.429 
11.0491 202.758 203.286 11.0602 202.751 203.28 11.2263 202.624 203.189 
11.2319 202.619 203.186 11.3196 202.569 203.155 11.7796 202.326 203.179 
11.7921 202.314 203.178 11.9772 202.19 203.173 12.4626 201.918 203.091 
12.6714 201.8 203.134 12.7859 201.693 203.145 12.8759 201.532 203.142 
13.1446 201.267 203.188 13.9411 200.488 203.363 14.4337 200.167 203.509 
14.9326 199.781 203.624 15.0377 199.721 203.625 15.1309 199.661 203.662 
15.6691 199.358 203.687 15.6939 199.347 203.682 15.8141 199.241 203.634 
16.0728 199.072 203.65 16.2671 198.941 203.619 16.7341 198.69 203.75 
16.8211 198.644 203.729 16.9832 198.583 203.68 17.2932 198.329 203.631 
17.7133 198.088 203.698 18.165 197.881 203.655 18.2756 197.846 203.631 
18.5144 197.768 203.694 18.6202 197.729 203.701 19.0194 197.561 203.732 
19.3775 197.415 203.652 19.5122 197.386 203.657 19.6921 197.299 203.633 
20.0974 197.034 203.488 20.428 196.833 203.415 20.8618 196.655 203.382 
20.9328 196.609 203.379 21.5062 196.37 203.302 21.7864 196.267 203.241 
22.324 196.051 203.178 22.4476 196.009 203.146 22.6188 195.949 203.121 
22.6766 195.929 203.106 23.2682 195.683 202.861 23.4876 195.574 202.731 
23.5408 195.548 202.695 23.5822 195.531 202.66 23.7135 195.452 202.547 
23.9014 195.346 202.344 23.9634 195.309 202.252 24.0967 195.255 202.104 
24.1272 195.237 202.073 24.1381 195.232 202.063 24.1748 195.213 202.029 
24.563 194.995 201.58 24.5812 194.987 201.547 24.8833 194.844 201.104 
24.9285 194.827 200.994 24.9744 194.804 200.897 24.9868 194.8 200.835 
25.1092 194.656 200.067 25.111 194.654 200.061 25.1988 194.604 199.767 
25.2002 194.603 199.759 25.1935 194.594 199.537 25.1787 194.593 199.014 
25.1288 194.609 198.743 25.1244 194.611 198.726 25.124 194.612 198.724 
25.1152 194.617 198.678 25.114 194.618 198.673 25.0431 194.638 198.394 
25.043 194.638 198.391 25.0188 194.645 198 24.9832 194.637 197.833 
24.9185 194.659 197.649 24.8401 194.659 197.44 24.8229 194.659 197.409 
24.7292 194.642 197.199 24.6248 194.599 197.016 24.2935 194.631 196.698 
24.2354 194.614 196.661 18.5889 206.177 231.957 18.1282 206.055 232.024 
18.1247 206.056 232.024 18.104 206.055 232.019 17.8528 206.047 231.956 
17.8347 206.053 231.96 17.5955 206.12 231.757 17.5659 206.14 231.724 
17.5272 206.176 231.69 17.5122 206.183 231.678 17.4965 206.192 231.652 
17.1357 206.497 231.213 17.128 206.5 231.202 17.0652 206.515 231.125 
16.8161 206.67 230.932 16.511 206.925 230.716 16.3448 207.069 230.522 
16.2299 207.178 230.497 16.1495 207.351 230.472 16.0317 207.501 230.396 
15.8945 207.548 230.219 28.9071 182.463 128.217 28.7301 182.136 127.56 
28.6532 181.98 127.066 28.5595 181.542 126.658 28.5557 181.535 126.645 
28.4872 181.368 126.411 28.4624 181.219 126.233 28.5217 180.5 125.552 
28.5422 180.417 125.453 28.5353 180.355 125.38 28.5366 180.275 125.317 
28.5254 180.182 125.257 28.5071 180.083 125.196 28.5117 179.752 124.799 
28.5473 179.597 124.596 28.5123 179.239 123.937 28.5258 179.072 123.727 
28.5263 178.842 123.491 28.5365 178.754 123.357 28.6509 178.244 122.801 
28.6426 178.151 122.709 28.648 178.091 122.635 28.648 178.089 122.632 
28.6755 177.787 122.156 28.6852 177.534 121.819 28.6924 177.406 121.687 
28.7197 177.269 121.523 28.7677 176.605 121.004 28.7573 176.454 120.727 
28.7572 176.431 120.684 28.8005 176.274 120.477 28.8206 175.984 120.184 
28.8399 175.72 119.794 28.8582 175.681 119.74 28.8887 175.555 119.584 
28.9465 175.428 119.436 29.0006 175.184 119.189 29.057 175.033 119.038 
29.0816 174.912 118.842 29.1356 174.772 118.549 29.1936 174.621 118.34 
29.1942 174.62 118.338 29.347 174.223 117.876 29.3481 174.22 117.873 
29.3986 174.066 117.695 29.4391 173.957 117.604 29.6096 173.533 117.356 
29.7194 173.365 117.216 29.8638 173.102 117.079 29.8764 173.077 117.066 
30.0156 172.7 116.833 30.0262 172.683 116.816 30.1917 172.303 116.446 
30.2921 172.003 116.08 30.2897 171.812 115.806 30.2479 171.538 115.464 
30.2412 171.399 115.296 30.2196 171.259 115.133 30.216 171.087 114.986 
30.215 171.082 114.982 30.107 170.721 114.502 30.0818 170.544 114.337 
29.8865 170.191 112.867 44.9441 205.825 196.523 43.9869 205.394 196.146 
43.741 205.171 196.195 -27.0047 194.727 215.489 -26.9831 194.778 215.415 
-26.7942 195.219 214.971 -26.6345 195.568 214.834 -26.5336 195.93 214.605 
-26.463 196.13 214.564 -26.4502 196.159 214.56 -26.3103 196.573 214.225 
-26.2828 196.68 214.172 -26.2218 196.932 214.097 -26.2034 196.96 214.087 
-26.1749 197.037 214.043 -26.1098 197.381 213.786 -26.1102 197.387 213.782 
-26.1392 197.753 213.522 -26.1483 197.785 213.503 -26.22 198.053 213.291 
-26.2316 198.08 213.289 -26.2932 198.862 212.992 -26.2817 198.941 212.942 
-26.2775 199.003 212.896 -26.2524 199.515 212.966 -26.3288 200.619 212.706 
-26.408 201.04 212.271 -26.452 201.177 212.074 -26.5914 201.721 211.922 
-26.7971 202.192 211.728 -26.8558 202.377 211.639 -26.865 202.388 211.634 
-27.1012 202.81 211.382 -27.1294 202.909 211.323 -27.297 203.168 211.143 
-27.5388 203.755 210.817 -27.5558 203.783 210.789 -27.686 204.035 210.623 
-27.9033 204.313 210.342 -28.0687 204.522 210.127 -28.1184 204.6 210.044 
-28.3274 204.985 209.802 -28.5261 205.33 209.442 -28.5403 205.354 209.4 
-28.5489 205.365 209.373 -28.5569 205.393 209.339 -28.5882 205.479 209.225 
-28.6438 205.595 209.054 -28.6875 205.827 208.756 -28.7485 205.988 208.5 
-28.7496 205.992 208.493 -28.7566 206.015 208.408 -28.734 206.228 207.839 
-28.7363 206.232 207.826 -28.8109 206.388 207.474 -28.8079 206.401 207.446 
-28.8213 206.465 207.3 -28.7368 206.63 206.884 -28.7362 206.649 206.836 
-28.7991 206.733 206.17 -28.8098 206.747 206.138 -28.8194 206.784 206.065 
-28.7795 207.001 205.599 -28.7794 207.004 205.585 -28.7704 207.068 205.426 
-28.7728 207.094 205.353 -28.7637 207.118 205.273 -28.8751 207.083 204.535 
-28.8747 207.078 204.507 -28.8056 207.21 204.146 -28.7184 207.247 203.824 
-28.606 207.181 203.473 -28.5861 207.147 203.326 -28.4878 207.265 202.84 
-28.4188 207.278 202.689 -28.2489 207.381 202.332 -28.0567 207.556 202.031 
-28.0187 207.587 201.945 -28.0071 207.596 201.91 -27.9927 207.611 201.864 
-27.9295 207.647 201.709 -27.8504 207.721 201.521 -27.6324 207.804 200.957 
-27.6164 207.812 200.926 -27.557 207.872 200.813 -27.556 207.873 200.811 
-27.5508 207.876 200.802 -27.5192 207.888 200.75 -27.3904 207.921 200.532 
-27.358 207.923 200.463 -27.2948 207.925 200.401 -27.1568 207.958 200.213 
-26.9578 208.019 199.885 -26.9472 208.02 199.878 -26.8066 208.076 199.721 
-26.5453 208.094 199.216 -26.261 208.177 198.921 -26.2555 208.18 198.911 
-26.2058 208.207 198.817 -25.9839 208.241 198.528 -25.3409 208.122 198.168 
-25.2798 208.108 198.123 -25.1605 208.078 198.02 -24.9252 208.112 197.888 
-24.8568 208.123 197.83 -24.7483 208.125 197.762 -24.7459 208.124 197.76 
-24.4271 208.145 197.235 -24.2647 208.231 197.064 -23.9508 208.363 196.75 
-23.9218 208.375 196.734 49.9148 170.709 220.287 49.77 170.834 220.335 
49.7074 170.899 220.333 49.5514 171.07 220.391 49.3458 171.307 220.376 
49.1206 171.632 220.251 49.1014 171.655 220.226 49.0089 171.772 220.144 
48.2918 172.353 220.116 48.2597 172.366 220.102 48.1616 172.448 220.071 
48.1466 172.467 220.065 48.0811 172.534 220.065 47.7234 173.028 219.875 
47.5223 173.275 219.78 47.5014 173.319 219.78 47.4791 173.353 219.784 
47.3616 173.48 219.753 47.0275 173.72 219.492 46.8583 173.895 219.436 
46.7343 174.02 219.359 46.6497 174.11 219.277 46.5672 174.175 219.183 
46.2455 174.55 219.001 45.877 174.789 218.592 45.8765 174.79 218.591 
45.8595 174.805 218.559 45.8238 174.835 218.503 45.7801 174.876 218.473 
45.4726 175.137 218.147 45.4354 175.159 218.088 45.4061 175.176 218.023 
45.3908 175.189 217.983 45.3828 175.192 217.967 45.2583 175.209 217.731 
45.2365 175.218 217.647 45.1677 175.211 217.419 45.0243 175.121 217 
44.9802 175.132 216.889 45.0569 175.138 216.302 45.051 175.139 216.271 
44.9522 175.143 216.001 44.9436 175.152 215.958 44.9948 175.103 215.636 
45.0041 175.098 215.619 45.0079 175.095 215.612 45.0363 175.026 215.412 
45.0674 174.993 215.349 44.9543 174.83 214.773 44.9556 174.828 214.77 
44.9369 174.62 214.328 44.8963 174.576 214.202 44.8825 174.515 213.962 
44.8982 174.375 213.553 44.904 174.34 213.517 44.9058 174.338 213.512 
45.0392 174.229 213.128 45.1143 174.087 212.895 45.1193 174.081 212.889 
45.1314 174.073 212.879 45.2428 173.952 212.654 45.2591 173.936 212.634 
45.2743 173.922 212.621 45.4032 173.825 212.481 45.5604 173.712 212.201 
45.602 173.68 212.157 45.6864 173.562 211.971 45.9885 173.37 211.758 
45.9932 173.366 211.753 46.2011 173.198 211.442 46.4443 173.047 211.293 
46.7674 172.861 211.118 47.227 172.722 210.938 47.37 172.652 210.844 
47.9849 172.43 210.759 48.4064 172.248 210.724 48.615 172.107 210.765 
48.6333 172.101 210.757 49.0826 171.962 210.649 49.5505 171.775 210.755 
49.5516 171.775 210.755 49.6888 171.742 210.748 49.9364 171.701 210.81 
50.3314 171.629 210.931 50.3497 171.626 210.932 50.6192 171.567 210.866 
51.3026 171.426 211.113 51.3057 171.426 211.112 51.4948 171.393 211.077 
51.8329 171.381 211.103 51.9596 171.383 211.15 52.0379 171.407 211.148 
52.5574 171.524 211.193 53.1079 171.638 211.218 53.2731 171.731 211.247 
53.8213 171.961 211.299 53.8904 172.009 211.272 54.1349 172.139 211.243 
54.3703 172.226 211.325 54.6699 172.489 211.291 54.81 172.584 211.251 
54.8436 172.602 211.243 55.0928 172.845 211.124 55.2787 172.971 211.095 
55.3948 173.057 211.116 55.4759 173.125 211.108 55.7303 173.393 211.178 
55.8199 173.526 211.204 56.155 173.885 211.103 56.3238 174.225 211.112 
56.5175 174.42 210.981 56.7027 174.974 210.955 56.7233 175.011 210.933 
56.7605 175.111 210.863 56.7685 175.13 210.858 56.7872 175.183 210.839 
56.7949 175.223 210.829 56.9425 175.551 210.848 57.0028 175.822 210.732 
57.0698 176.043 210.691 57.1478 176.211 210.632 57.1625 176.257 210.601 
57.2012 176.637 210.444 57.2292 176.8 210.424 57.2311 176.802 210.424 
57.3078 177.062 210.308 57.3278 177.09 210.302 57.4218 177.601 210.244 
57.4567 177.95 210.291 57.4466 178.181 210.15 57.3619 178.588 210.078 
57.3617 178.59 210.077 57.3562 178.627 210.043 57.2948 178.892 209.941 
57.2419 179.08 209.925 57.2308 179.16 209.879 57.1939 179.259 209.84 
57.0454 179.646 209.669 57.0457 179.648 209.668 57.0605 179.77 209.64 
57.0004 180.02 209.533 56.971 180.236 209.444 56.8687 180.635 209.303 
56.8683 180.636 209.303 56.8137 180.817 209.317 56.7463 181.118 209.194 
56.7425 181.141 209.176 56.7031 181.367 209.072 56.6661 181.569 209.029 
56.4693 181.993 208.906 56.3442 182.175 208.874 56.1123 182.62 208.754 
56.1026 182.703 208.691 55.8408 183.233 208.562 55.8405 183.234 208.562 
55.8048 183.339 208.49 55.8 183.344 208.485 55.5978 183.728 208.454 
55.5971 183.736 208.438 55.2692 184.254 208.166 55.2518 184.289 208.152 
55.0451 184.616 208.135 55.0428 184.623 208.132 55.0083 184.666 208.081 
54.7994 184.913 207.86 54.6792 184.988 207.82 54.3719 185.254 207.879 
54.319 185.287 207.877 54.0375 185.928 207.543 53.9487 186.045 207.521 
53.8633 186.401 207.369 53.8485 186.433 207.362 53.8693 186.716 207.409 
53.8686 186.718 207.408 53.7808 186.938 207.338 53.779 186.941 207.336 
53.6335 187.205 207.173 53.5654 187.289 207.078 53.4361 187.5 206.96 
53.1706 187.837 206.649 52.898 188.027 206.268 52.6669 188.125 205.842 
52.0717 188.212 205.295 51.9169 188.289 205.02 51.8663 188.286 204.971 
51.4929 188.394 204.821 51.3128 188.377 204.704 50.8136 188.634 204.09 
50.4083 188.563 203.578 50.4059 188.564 203.576 49.9653 188.711 202.798 
49.8098 188.838 202.585 49.6003 188.788 202.24 49.3211 188.809 201.794 
49.2934 188.814 201.77 48.9155 189.102 201.453 48.7203 189.146 201.236 
48.3224 189.295 200.9 48.2124 189.384 200.763 48.0561 189.472 200.573 
47.9963 189.538 200.482 47.8584 189.681 200.25 47.8321 189.731 200.173 
47.7564 189.846 200.021 47.7159 189.921 199.937 47.7035 190.12 199.711 
47.6946 190.148 199.695 47.6205 190.486 199.464 47.5783 190.609 199.35 
47.5323 190.977 199.171 47.5437 191.039 199.157 47.5653 191.118 199.105 
47.4423 192.012 198.672 47.3561 192.194 198.647 47.2761 192.7 198.326 
47.2533 192.753 198.303 47.1909 193.397 198.028 47.2051 193.447 197.999 
47.2595 193.595 197.948 47.2638 193.605 197.943 47.2584 194.522 197.811 
47.2667 194.633 197.772 47.2789 194.701 197.754 47.3178 194.92 197.75 
47.4005 195.226 197.75 47.4039 195.525 197.75 47.5539 196.063 197.441 
47.5674 196.261 197.423 47.7475 196.964 197.26 47.7618 197.047 197.243 
47.7575 197.149 197.223 47.7542 197.247 197.225 48.0347 198.121 197.12 
48.3382 198.808 196.859 48.4806 199.229 196.769 48.4875 199.238 196.767 
48.5546 199.445 196.728 48.623 199.894 196.657 48.6516 199.966 196.635 
48.7661 200.275 196.585 48.7952 200.347 196.585 48.8324 200.488 196.551 
48.9012 200.848 196.53 48.9608 201.229 196.585 48.9956 201.37 196.588 
49.0202 201.742 196.704 48.9708 202.044 196.688 48.8508 202.864 196.55 
48.7626 203.012 196.59 48.3956 203.538 196.502 48.3763 203.566 196.494 
48.2361 203.766 196.485 48.0154 204.132 196.46 47.9851 204.212 196.488 
47.8754 204.487 196.524 47.768 204.625 196.528 47.2161 204.946 196.49 
47.0813 204.987 196.54 46.3027 205.248 196.386 46.1637 205.275 196.419 
45.5055 205.38 196.404 45.231 205.403 196.364 44.9353 205.332 196.264 
44.9109 205.329 196.259 44.6011 205.319 196.256 44.5146 205.315 196.262 
43.9834 205.214 196.147 43.7381 205.097 196.153 62.2905 171.095 221.367 
62.1342 171.446 220.851 62.0796 171.536 220.812 61.9069 171.888 220.821 
61.8123 172.042 220.791 61.6343 172.299 220.82 61.4866 172.475 220.775 
61.3342 172.67 220.776 61.2306 172.741 220.752 61.0998 172.869 220.766 
60.8696 173.123 220.871 60.7213 173.268 220.998 60.6284 173.345 221.043 
60.5322 173.498 221.136 60.5262 173.504 221.137 60.3536 173.709 221.242 
60.2884 173.789 221.275 60.1521 174.03 221.462 60.0497 174.301 221.551 
59.9808 174.464 221.658 59.9344 174.555 221.697 59.8335 174.683 221.76 
59.8232 174.711 221.771 59.8098 174.729 221.784 59.8017 174.745 221.795 
59.7283 174.901 221.964 59.6501 175.05 222.076 59.6493 175.05 222.077 
59.5621 175.14 222.143 59.5085 175.21 222.172 59.3302 175.414 222.387 
59.1855 175.625 222.476 59.1218 175.753 222.596 59.0925 175.775 222.649 
58.9151 175.979 222.961 58.7299 176.081 223.165 58.6907 176.132 223.236 
58.5629 176.318 223.625 58.543 176.346 223.647 58.5161 176.381 223.693 
58.3556 176.608 224.18 58.2799 176.67 224.335 58.2697 176.689 224.395 
58.2525 176.713 224.515 58.2216 176.752 224.603 58.0708 176.806 224.911 
58.0536 176.818 224.949 57.9977 176.83 225.056 57.8297 176.812 225.557 
57.8148 176.783 225.677 57.7691 176.652 225.972 57.7006 176.441 226.375 
57.6839 176.428 226.409 57.6191 176.366 226.518 57.5735 176.316 226.596 
57.5475 176.295 226.647 57.419 176.157 226.952 57.4158 176.153 226.961 
57.3013 175.994 227.159 57.1386 175.846 227.349 57.0761 175.747 227.495 
57.0749 175.742 227.501 57.0307 175.671 227.584 56.9644 175.605 227.684 
56.7542 175.296 227.944 56.7458 175.289 227.958 56.4831 175.091 228.138 
56.1284 174.73 228.452 56.0747 174.711 228.489 55.8116 174.591 228.633 
55.7646 174.56 228.684 55.6629 174.526 228.732 55.0918 174.341 229.042 
55.0188 174.305 229.05 54.8742 174.23 229.098 54.5803 174.164 229.067 
54.2315 174.128 229.21 53.7618 174.057 229.243 53.7058 174.053 229.23 
53.0638 174 229.27 52.6521 173.957 229.143 52.6445 173.958 229.137 
52.4937 173.956 229.115 52.2105 173.921 229.027 51.9773 173.885 228.905 
51.8651 173.899 228.911 51.0872 174.167 228.777 50.9791 174.203 228.735 
50.7867 174.332 228.547 50.7853 174.332 228.546 50.6103 174.384 228.46 
50.5729 174.414 228.444 50.3508 174.529 228.342 50.1657 174.649 228.301 
50.0597 174.698 228.279 49.9473 174.758 228.214 49.8895 174.792 228.153 
49.8039 174.838 228.086 49.6391 174.941 227.99 49.4925 175.053 227.87 
49.4434 175.103 227.838 49.4043 175.141 227.799 49.2749 175.246 227.652 
49.2614 175.269 227.633 49.2593 175.273 227.63 49.0178 175.495 227.512 
48.8184 175.739 227.259 48.8036 175.762 227.249 48.7614 175.822 227.218 
48.5771 176.044 226.833 48.5766 176.045 226.832 48.5455 176.11 226.774 
48.5247 176.23 226.6 48.3585 176.524 226.409 48.2872 176.599 226.346 
48.2685 176.612 226.335 48.1438 176.695 226.191 48.1202 176.73 226.129 
47.9583 176.876 225.892 47.951 176.887 225.874 47.9084 176.929 225.817 
47.883 176.966 225.765 47.864 177.018 225.672 47.7472 177.228 225.416 
47.7507 177.241 225.392 47.7278 177.464 225.037 47.7687 177.557 224.91 
47.7086 177.764 224.505 47.6851 177.796 224.421 47.6667 177.869 224.234 
47.64 177.995 224.041 47.6228 178.012 224.002 47.5633 178.073 223.849 
47.5608 178.08 223.838 47.5582 178.099 223.808 47.5081 178.254 223.394 
47.5014 178.261 223.358 47.4854 178.289 223.281 47.481 178.299 223.26 
47.4771 178.324 223.206 47.4852 178.348 223.142 47.4848 178.439 223.031 
47.5022 178.49 222.973 47.5068 178.652 222.771 47.553 178.698 222.658 
47.6251 178.803 222.507 47.6273 178.806 222.505 47.6675 178.832 222.478 
47.9128 179.088 222.072 48.0486 179.257 221.79 48.0606 179.286 221.741 
48.1211 179.337 221.441 48.1303 179.41 221.299 48.1299 179.419 221.287 
48.1302 179.42 221.286 48.1841 179.486 221.157 48.2141 179.54 221.079 
48.2262 179.579 220.995 48.2873 179.749 220.815 48.2887 179.758 220.807 
48.3612 179.832 220.67 48.4724 179.998 220.508 48.5174 180.048 220.416 
48.6142 180.124 220.284 48.6493 180.15 220.251 48.65 180.151 220.25 
48.7323 180.268 220.143 48.7744 180.333 220.029 48.8013 180.361 219.944 
48.8712 180.379 219.857 48.8872 180.4 219.803 48.9268 180.44 219.718 
49.0105 180.593 219.527 49.0139 180.603 219.504 49.038 180.631 219.417 
49.1346 180.847 219.137 49.194 180.984 219.043 49.3558 181.228 218.861 
49.4994 181.468 218.544 49.7075 181.707 218.409 49.8105 181.863 218.241 
49.8842 181.938 218.163 49.8904 181.944 218.155 50.2237 182.242 217.899 
50.2975 182.319 217.876 50.5524 182.583 217.702 50.8086 182.793 217.66 
50.8637 182.904 217.645 50.8641 182.905 217.645 50.9649 183.134 217.616 
50.966 183.142 217.615 50.9768 183.172 217.61 50.9854 183.197 217.606 
51.0104 183.246 217.611 51.0681 183.418 217.616 51.3389 183.697 217.771 
51.7731 184.347 217.464 51.9996 184.715 217.521 52.1745 184.901 217.429 
52.3685 185.105 217.349 52.37 185.108 217.348 52.5589 185.442 217.303 
52.7065 185.639 217.176 53.0633 186.018 216.975 53.3898 186.381 216.884 
53.4097 186.41 216.868 53.4935 186.496 216.789 53.6604 186.752 216.696 
53.8636 187.086 216.468 53.9768 187.18 216.34 54.1154 187.332 216.294 
54.6037 187.768 216.089 54.8036 188.02 215.856 54.8561 188.105 215.731 
55.0885 188.553 215.349 55.1381 188.714 215.222 55.1746 188.905 215.067 
55.1901 188.993 214.983 55.2116 189.082 214.919 55.2429 189.204 214.803 
55.307 189.423 214.695 55.352 189.677 214.537 55.4325 189.859 214.237 
55.4397 190.018 214.149 55.4399 190.02 214.145 55.4077 190.402 213.646 
55.347 190.647 213.295 55.3411 190.651 213.277 55.319 190.657 213.205 
55.2093 190.792 212.913 55.1892 190.828 212.823 55.1534 190.878 212.729 
55.1461 190.903 212.681 55.132 190.932 212.624 55.1263 190.94 212.61 
55.0827 191.095 212.388 55.0295 191.178 212.256 55.019 191.206 212.2 
55.0054 191.263 212.102 54.9961 191.275 212.082 54.9402 191.346 211.983 
54.8626 191.429 211.85 54.8582 191.435 211.837 54.8296 191.454 211.757 
54.6912 191.55 211.517 54.6403 191.581 211.47 54.638 191.582 211.467 
54.5692 191.627 211.397 54.5659 191.629 211.393 54.5251 191.654 211.341 
54.4873 191.668 211.287 54.4413 191.699 211.214 54.4399 191.7 211.211 
54.4095 191.724 211.16 54.4021 191.736 211.136 54.3971 191.741 211.121 
54.2632 191.849 210.901 54.2381 191.868 210.822 54.232 191.872 210.804 
54.1399 191.951 210.568 54.1042 191.953 210.441 54.0795 191.973 210.31 
53.6961 192.13 209.678 53.6596 192.118 209.65 53.1204 192.063 208.893 
52.9678 192.013 208.674 52.9525 192.004 208.656 52.7534 191.945 208.351 
52.6826 191.906 208.187 52.6212 191.841 208.024 52.3774 191.719 207.756 
52.012 191.488 207.315 51.981 191.479 207.272 51.9803 191.479 207.271 
51.8945 191.434 207.109 51.8632 191.407 207.063 51.8028 191.361 206.964 
51.7885 191.337 206.926 51.579 190.97 206.641 51.4751 190.743 206.448 
51.4188 190.617 206.388 51.4089 190.6 206.384 51.2584 189.966 206.135 
51.2534 189.85 206.053 51.1358 189.498 205.846 51.0228 189.227 205.725 
51.0366 188.982 205.423 51.0307 188.855 205.282 51.0063 188.804 205.209 
50.7592 188.604 204.684 50.4048 188.562 203.579 18.1 154.734 -14.8578 
15.5321 153.688 -12.8079 
LINES 18 14078
206 204 203 202 201 200 199 198 197 196 195 194 193 192 191 190 189 188 187 186 185 184 183 182 181 180 179 178 177 176 175 174 173 172 171 170 169 168 167 166 165 164 163 162 161 160 159 158 157 156 155 154 153 152 151 150 149 148 147 146 145 144 143 142 141 140 139 138 137 136 135 134 133 132 131 130 129 128 127 126 125 124 123 122 121 120 119 118 117 116 115 114 113 112 111 110 109 108 107 106 105 104 103 102 101 100 99 98 97 96 95 94 93 92 91 90 89 88 87 86 85 84 83 82 81 80 79 78 77 76 75 74 73 72 71 70 69 68 67 66 65 64 63 62 61 60 59 58 57 56 55 54 53 52 51 50 49 48 47 46 46 45 44 43 42 41 40 39 38 37 36 35 34 33 32 31 30 29 28 27 26 25 24 23 22 21 20 19 18 17 16 15 14 13 12 11 10 9 8 7 6 5 4 3 2 1 0 
417 204 203 202 201 200 199 198 197 196 195 194 193 192 191 190 189 188 187 186 185 184 183 182 181 180 179 178 177 176 175 174 173 172 171 170 579 578 577 576 575 574 573 572 571 570 569 568 567 566 565 564 563 562 561 560 559 558 557 556 555 554 553 552 551 550 549 548 547 546 545 544 543 542 541 540 539 538 537 536 535 534 533 532 531 530 529 528 527 526 525 524 523 522 521 520 519 518 517 516 515 514 513 512 511 510 509 508 507 506 505 504 503 502 501 500 499 498 497 496 495 494 493 492 491 490 489 488 487 486 485 484 483 482 481 480 479 478 478 477 476 475 474 473 472 471 470 469 468 467 466 465 464 463 462 461 460 459 458 457 456 455 454 453 452 451 450 449 448 447 446 445 444 443 442 441 440 439 438 437 436 435 434 433 432 431 430 429 428 427 426 425 424 423 422 421 420 419 418 417 416 416 415 414 413 412 411 410 409 408 407 407 406 405 404 403 402 401 400 399 398 397 396 395 394 393 392 391 390 389 388 387 386 385 384 383 382 381 380 379 378 377 376 375 374 373 372 371 370 369 368 367 366 365 364 363 362 361 360 359 359 358 357 356 355 354 353 352 351 350 349 348 347 346 345 344 343 342 341 340 339 338 337 336 335 334 333 332 331 330 329 328 327 326 325 324 323 322 321 320 319 318 317 316 315 314 313 312 311 310 309 308 307 306 305 304 303 302 301 300 299 298 297 296 295 294 293 292 291 290 289 288 287 286 285 284 283 282 281 280 279 279 278 277 276 275 274 273 272 271 270 269 268 267 266 265 264 263 262 261 260 259 258 257 256 255 254 253 252 251 250 249 248 247 246 245 244 243 242 241 240 239 238 237 237 236 235 234 233 232 231 230 229 228 228 227 226 225 224 223 222 221 220 219 218 217 216 215 214 213 212 211 210 209 208 207 206 205 
173 204 203 202 201 200 199 198 197 196 195 194 193 192 191 190 189 188 187 186 185 184 183 182 181 180 179 178 177 176 175 174 173 172 171 170 579 578 577 576 575 574 573 572 571 705 704 703 702 701 700 699 698 697 696 695 694 693 692 691 690 689 688 688 687 686 685 684 683 682 681 680 679 678 677 676 675 674 673 672 671 670 669 668 667 666 665 664 663 662 661 660 659 658 657 656 655 654 653 652 651 650 649 648 647 646 645 644 643 642 641 640 639 638 637 636 635 634 633 632 631 630 629 628 627 626 625 624 623 622 621 620 619 618 617 616 616 615 614 613 612 611 610 609 608 607 606 605 604 603 602 601 600 599 598 597 596 595 594 593 592 591 591 590 589 588 587 586 585 584 583 582 581 580 
265 204 203 202 201 200 199 198 197 196 195 194 193 192 191 190 189 188 187 186 185 184 183 182 181 180 179 178 177 176 175 174 173 172 171 170 579 578 577 576 575 574 573 572 571 705 704 703 702 701 700 699 698 697 696 695 694 693 692 691 690 689 688 688 687 686 685 684 683 682 681 680 679 678 677 676 675 674 673 672 671 670 669 668 667 666 665 664 663 662 661 660 659 658 657 656 655 654 653 652 651 650 649 648 647 646 645 644 643 642 641 640 639 638 637 636 635 634 633 632 631 630 629 628 627 626 625 624 623 622 621 620 619 618 617 616 616 615 614 613 612 611 610 609 608 607 606 605 604 603 602 601 600 599 598 597 596 595 594 812 811 810 809 808 807 806 805 804 803 802 801 800 799 798 797 796 795 794 793 792 791 790 789 788 787 786 785 784 783 782 781 780 779 778 777 776 775 774 773 772 771 770 769 768 767 766 765 764 763 762 761 760 759 758 757 756 755 754 753 752 751 750 749 748 747 746 745 744 743 742 741 740 739 738 737 736 735 734 733 732 731 730 729 728 727 726 725 724 723 722 721 720 719 718 717 716 715 714 713 712 711 710 709 708 707 706 
927 204 203 202 201 200 199 198 197 196 195 194 193 192 191 190 189 188 187 186 185 184 183 182 181 180 179 178 177 176 175 174 173 172 171 170 579 578 577 576 575 574 573 572 571 570 569 568 567 566 565 564 563 562 561 560 559 558 557 556 555 554 553 552 551 550 549 548 547 546 545 544 543 542 541 540 539 538 537 536 535 534 533 532 531 530 529 528 527 526 525 524 523 522 521 520 519 518 517 516 515 514 513 512 511 510 509 508 507 506 505 504 503 502 501 500 499 498 497 496 495 494 493 492 491 490 489 488 487 486 485 484 483 482 481 480 479 478 478 477 476 475 474 473 472 471 470 469 468 467 466 465 464 463 462 461 460 459 458 457 456 455 454 453 452 451 450 449 448 447 446 445 444 443 442 441 440 439 438 437 436 435 434 433 432 431 430 429 428 427 426 425 424 423 422 421 420 419 418 417 416 416 415 414 413 412 411 410 409 408 407 407 406 405 404 403 402 401 400 399 398 397 396 395 394 393 392 391 390 389 388 387 386 385 384 383 382 381 380 379 378 377 376 375 374 373 372 371 370 369 368 367 366 365 364 363 362 361 360 359 359 358 357 356 355 354 353 352 351 350 349 348 347 346 345 344 343 342 341 340 339 338 337 336 335 334 333 332 331 330 329 328 327 326 325 324 323 322 321 320 319 318 317 316 315 314 313 312 311 310 309 308 307 306 305 304 303 302 301 300 299 298 297 296 295 294 293 292 291 290 289 288 287 286 285 284 283 282 281 280 279 279 278 277 276 1378 1378 1377 1376 1375 1374 1373 1372 1371 1370 1369 1368 1368 1367 1366 1365 1364 1363 1362 1361 1360 1359 1358 1357 1356 1355 1354 1353 1352 1351 1350 1349 1348 1347 1346 1345 1344 1343 1342 1341 1340 1339 1338 1337 1336 1335 1334 1333 1332 1331 1330 1329 1328 1327 1326 1325 1324 1323 1322 1321 1320 1319 1318 1317 1316 1315 1314 1313 1312 1311 1310 1309 1308 1307 1306 1305 1304 1303 1302 1301 1300 1299 1298 1297 1296 1295 1294 1293 1292 1291 1290 1289 1288 1287 1286 1285 1284 1283 1282 1281 1280 1279 1278 1277 1276 1275 1274 1273 1272 1271 1270 1269 1268 1267 1266 1265 1264 1263 1262 1261 1260 1259 1258 1257 1256 1255 1254 1253 1252 1251 1250 1249 1248 1247 1246 1245 1244 1243 1242 1241 1240 1239 1238 1237 1236 1235 1234 1233 1232 1231 1230 1229 1228 1227 1226 1225 1224 1223 1222 1221 1220 1219 1218 1217 1216 1215 1214 1213 1212 1211 1210 1209 1208 1207 1206 1205 1204 1203 1202 1201 1200 1199 1198 1197 1196 1195 1194 1193 1192 1191 1190 1189 1188 1187 1186 1185 1184 1184 1183 1182 1181 1180 1179 1178 1177 1176 1175 1174 1173 1172 1171 1170 1169 1168 1167 1166 1165 1164 1163 1162 1161 1160 1159 1158 1157 1156 1155 1154 1153 1152 1151 1150 1149 1148 1148 1147 1146 1145 1144 1143 1142 1141 1140 1139 1139 1138 1137 1136 1135 1134 1133 1132 1131 1130 1129 1128 1127 1126 1125 1124 1123 1122 1121 1120 1119 1118 1117 1116 1115 1114 1113 1112 1111 1110 1109 1108 1107 1106 1105 1104 1103 1102 1101 1100 1099 1098 1097 1096 1095 1094 1093 1092 1091 1090 1089 1088 1087 1086 1085 1084 1083 1082 1081 1080 1079 1078 1077 1076 1075 1074 1073 1073 1072 1071 1070 1069 1068 1067 1066 1065 1064 1063 1062 1061 1060 1059 1058 1057 1056 1055 1054 1053 1052 1052 1051 1050 1049 1048 1047 1046 1045 1044 1043 1042 1041 1040 1039 1038 1037 1036 1035 1034 1033 1032 1031 1030 1029 1028 1027 1026 1025 1024 1023 1022 1022 1021 1020 1019 1018 1017 1016 1015 1014 1013 1012 1011 1010 1009 1008 1007 1006 1005 1004 1004 1003 1002 1001 1000 999 998 997 996 995 994 994 993 992 991 990 989 988 987 986 985 984 983 982 981 980 979 978 977 976 975 974 973 972 971 970 969 968 967 966 965 964 963 962 961 960 959 958 957 956 955 954 954 953 953 952 951 950 949 948 947 946 945 944 943 942 941 940 940 939 938 937 936 935 934 934 933 932 931 930 929 928 927 926 925 924 923 922 921 920 919 918 917 916 915 914 913 912 911 910 909 908 907 906 905 904 903 902 901 900 899 898 897 896 895 894 893 892 891 890 889 888 887 886 885 884 883 882 881 880 879 878 877 876 875 874 873 873 872 871 870 869 868 867 867 866 865 864 863 862 861 860 859 858 857 856 855 854 853 852 851 850 849 848 847 846 845 844 843 842 841 840 839 839 838 837 836 835 834 833 832 831 830 829 828 827 826 825 824 823 822 821 820 819 818 817 816 815 814 813 
822 204 203 202 201 200 199 198 197 196 195 194 193 192 191 190 189 188 187 186 185 184 183 182 181 180 179 178 177 176 175 174 173 172 171 170 579 578 577 576 575 574 573 572 571 570 569 568 567 566 565 564 563 562 561 560 559 558 557 556 555 554 553 552 551 550 549 548 547 546 545 544 543 542 541 540 539 538 537 536 535 534 533 532 531 530 529 528 527 526 525 524 523 522 521 520 519 518 517 516 515 514 513 512 511 510 509 508 507 506 505 504 503 502 501 500 499 498 497 496 495 494 493 492 491 490 489 488 487 486 485 484 483 482 481 480 479 478 478 477 476 475 474 473 472 471 470 469 468 467 466 465 464 463 462 461 460 459 458 457 456 455 454 453 452 451 450 449 448 447 446 445 444 443 442 441 440 439 438 437 436 435 434 433 432 431 430 429 428 427 426 425 424 423 422 421 420 419 418 417 416 416 415 414 413 412 411 410 409 408 407 407 406 405 404 403 402 401 400 399 398 397 396 395 394 393 392 391 390 389 388 387 386 385 384 383 382 381 380 379 378 377 376 375 374 373 372 371 370 369 368 367 366 365 364 363 362 361 360 359 359 358 357 356 355 354 353 352 351 350 349 348 347 346 345 344 343 342 341 340 339 338 337 336 335 334 333 332 331 330 329 328 327 326 325 324 323 322 321 320 319 318 317 316 315 314 313 312 311 310 309 308 307 306 305 304 303 302 301 300 299 298 297 296 295 294 293 292 291 290 289 288 287 286 285 284 283 282 281 280 279 279 278 277 276 1378 1378 1377 1376 1375 1374 1373 1372 1371 1370 1369 1368 1368 1367 1366 1365 1364 1363 1362 1361 1360 1359 1358 1357 1356 1355 1354 1353 1352 1351 1350 1349 1348 1347 1346 1345 1344 1343 1342 1341 1340 1339 1338 1337 1336 1335 1334 1333 1332 1331 1330 1329 1328 1327 1326 1325 1324 1323 1322 1321 1320 1319 1318 1317 1316 1315 1314 1313 1312 1311 1310 1309 1308 1307 1306 1305 1304 1303 1302 1301 1300 1299 1298 1297 1296 1295 1294 1293 1292 1291 1290 1289 1288 1287 1286 1285 1284 1283 1282 1281 1280 1279 1278 1277 1276 1275 1274 1273 1272 1271 1270 1269 1268 1267 1266 1265 1264 1263 1262 1261 1260 1259 1258 1257 1256 1255 1254 1253 1252 1251 1250 1249 1248 1247 1246 1245 1244 1243 1242 1241 1240 1239 1238 1237 1236 1235 1234 1233 1232 1231 1230 1229 1228 1227 1226 1225 1224 1223 1222 1221 1220 1219 1218 1217 1216 1215 1214 1213 1212 1211 1210 1209 1208 1207 1206 1205 1204 1203 1202 1201 1200 1199 1198 1197 1196 1195 1194 1193 1192 1191 1190 1189 1188 1187 1186 1185 1184 1184 1183 1182 1181 1180 1179 1178 1177 1176 1175 1174 1173 1172 1171 1170 1169 1168 1167 1166 1165 1164 1163 1162 1161 1160 1159 1158 1157 1156 1155 1154 1153 1152 1151 1150 1149 1148 1148 1147 1146 1145 1144 1143 1142 1141 1140 1139 1139 1138 1137 1136 1135 1134 1133 1132 1131 1130 1129 1128 1127 1126 1125 1124 1123 1122 1121 1120 1119 1118 1117 1116 1115 1114 1113 1112 1111 1110 1109 1108 1107 1106 1105 1104 1103 1102 1101 1100 1099 1098 1097 1096 1095 1094 1093 1092 1091 1090 1089 1088 1087 1086 1085 1084 1083 1082 1081 1080 1079 1078 1077 1076 1075 1074 1073 1073 1072 1071 1070 1069 1068 1067 1066 1065 1064 1063 1062 1061 1060 1059 1058 1057 1056 1055 1054 1053 1052 1052 1051 1050 1049 1048 1047 1046 1045 1044 1043 1042 1041 1040 1039 1038 1037 1036 1035 1034 1033 1032 1031 1030 1029 1028 1027 1026 1025 1024 1023 1022 1022 1021 1020 1019 1018 1017 1016 1015 1014 1013 1012 1011 1010 1009 1008 1007 1006 1005 1004 1004 1003 1002 1001 1000 999 998 997 996 995 994 994 993 992 991 990 989 988 987 986 985 984 983 982 1446 1445 1444 1443 1442 1441 1440 1439 1438 1437 1436 1435 1434 1433 1432 1431 1430 1430 1429 1428 1427 1426 1425 1424 1423 1422 1421 1420 1420 1419 1418 1417 1416 1415 1414 1413 1412 1411 1410 1409 1408 1407 1406 1405 1404 1403 1402 1401 1400 1399 1398 1397 1397 1396 1395 1394 1393 1392 1391 1390 1389 1388 1387 1386 1385 1384 1383 1382 1381 1380 1379 
996 204 203 202 201 200 199 198 197 196 195 194 193 192 191 190 189 188 187 186 185 184 183 182 181 180 179 178 177 176 175 174 173 172 171 170 579 578 577 576 575 574 573 572 571 570 569 568 567 566 565 564 563 562 561 560 559 558 557 556 555 554 553 552 551 550 549 548 547 546 545 544 543 542 541 540 539 538 537 536 535 534 533 532 531 530 529 528 527 526 525 524 523 522 521 520 519 518 517 516 515 514 513 512 511 510 509 508 507 506 505 504 503 502 501 500 499 498 497 496 495 494 493 492 491 490 489 488 487 486 485 484 483 482 481 480 479 478 478 477 476 475 474 473 472 471 470 469 468 467 466 465 464 463 462 461 460 459 458 457 456 455 454 453 452 451 450 449 448 447 446 445 444 443 442 441 440 439 438 437 436 435 434 433 432 431 430 429 428 427 426 425 424 423 422 421 420 419 418 417 416 416 415 414 413 412 411 410 409 408 407 407 406 405 404 403 402 401 400 399 398 397 396 395 394 393 392 391 390 389 388 387 386 385 384 383 382 381 380 379 378 377 376 375 374 373 372 371 370 369 368 367 366 365 364 363 362 361 360 359 359 358 357 356 355 354 353 352 351 350 349 348 347 346 345 344 343 342 341 340 339 338 337 336 335 334 333 332 331 330 329 328 327 326 325 324 323 322 321 320 319 318 317 316 315 314 313 312 311 310 309 308 307 306 305 304 303 302 301 300 299 298 297 296 295 294 293 292 291 290 289 288 287 286 285 284 283 282 281 280 279 279 278 277 276 1378 1378 1377 1376 1375 1374 1373 1372 1371 1370 1369 1368 1368 1367 1366 1365 1364 1363 1362 1361 1360 1359 1358 1357 1356 1355 1354 1353 1352 1351 1350 1349 1348 1347 1346 1345 1344 1343 1342 1341 1340 1339 1338 1337 1336 1335 1334 1333 1332 1331 1330 1329 1328 1327 1326 1325 1324 1323 1322 1321 1320 1319 1318 1317 1316 1315 1314 1313 1312 1311 1310 1309 1308 1307 1306 1305 1304 1303 1302 1301 1300 1299 1298 1297 1296 1295 1294 1293 1292 1291 1290 1289 1288 1287 1286 1285 1284 1283 1282 1281 1280 1279 1278 1277 1276 1275 1274 1273 1272 1271 1270 1269 1268 1267 1266 1265 1264 1263 1262 1261 1260 1259 1258 1257 1256 1255 1254 1253 1252 1251 1250 1249 1248 1247 1246 1245 1244 1243 1242 1241 1240 1239 1238 1237 1236 1235 1234 1233 1232 1231 1230 1229 1228 1227 1226 1225 1224 1223 1222 1221 1220 1219 1218 1217 1216 1215 1214 1213 1212 1211 1210 1209 1208 1207 1206 1205 1204 1203 1202 1201 1200 1199 1198 1197 1196 1195 1194 1193 1192 1191 1190 1189 1188 1187 1186 1185 1184 1184 1183 1182 1181 1180 1179 1178 1177 1176 1175 1174 1173 1172 1171 1170 1169 1168 1167 1166 1165 1164 1163 1162 1161 1160 1159 1158 1157 1156 1155 1154 1153 1152 1151 1150 1149 1148 1148 1147 1146 1145 1144 1143 1142 1141 1140 1139 1139 1138 1137 1136 1135 1134 1133 1132 1131 1130 1129 1128 1127 1126 1125 1124 1123 1122 1121 1120 1119 1118 1117 1116 1115 1114 1113 1112 1111 1110 1109 1108 1107 1106 1105 1104 1103 1102 1101 1100 1099 1098 1097 1096 1095 1094 1093 1092 1091 1090 1089 1088 1087 1086 1085 1084 1083 1082 1081 1080 1079 1078 1077 1076 1075 1074 1073 1073 1072 1071 1070 1069 1068 1067 1066 1065 1064 1063 1062 1061 1060 1059 1058 1057 1056 1055 1054 1053 1052 1052 1051 1050 1049 1048 1047 1046 1045 1044 1043 1042 1041 1040 1039 1038 1037 1036 1035 1034 1033 1032 1031 1030 1029 1028 1027 1026 1025 1024 1023 1022 1022 1021 1020 1019 1018 1017 1016 1015 1014 1013 1012 1011 1010 1009 1008 1007 1006 1005 1004 1004 1003 1002 1001 1000 999 998 997 996 995 994 994 993 992 991 990 989 988 987 986 985 984 983 982 981 980 979 978 977 976 975 974 973 972 971 970 969 968 967 966 965 964 963 962 961 960 959 958 957 956 955 954 954 953 953 952 951 950 949 948 947 946 945 944 943 942 941 940 940 939 938 937 936 935 934 934 933 932 931 930 929 928 927 926 925 924 923 922 921 920 919 918 917 916 915 914 913 912 911 910 909 908 907 906 905 904 903 902 901 900 899 898 897 896 895 894 893 892 891 890 889 888 887 886 885 884 883 882 881 880 879 878 877 876 875 874 873 873 872 871 870 869 868 867 867 866 865 864 863 862 861 860 859 858 857 856 855 854 853 852 851 850 849 848 847 846 845 844 843 842 841 840 839 839 838 837 1535 1534 1533 1532 1531 1530 1529 1528 1527 1526 1525 1524 1523 1522 1521 1521 1520 1520 1519 1518 1517 1516 1515 1514 1513 1512 1511 1510 1509 1508 1507 1506 1505 1504 1503 1502 1501 1500 1499 1498 1497 1496 1495 1494 1493 1492 1491 1490 1489 1488 1487 1486 1485 1484 1483 1483 1482 1481 1480 1479 1478 1477 1476 1475 1474 1473 1473 1472 1471 1470 1469 1468 1467 1466 1465 1464 1463 1462 1461 1460 1459 1458 1457 1456 1455 1454 1453 1452 1451 1450 1449 1448 1447 
999 204 203 202 201 200 199 198 197 196 195 194 193 192 191 190 189 188 187 186 185 184 183 182 181 180 179 178 177 176 175 174 173 172 171 170 579 578 577 576 575 574 573 572 571 570 569 568 567 566 565 564 563 562 561 560 559 558 557 556 555 554 553 552 551 550 549 548 547 546 545 544 543 542 541 540 539 538 537 536 535 534 533 532 531 530 529 528 527 526 525 524 523 522 521 520 519 518 517 516 515 514 513 512 511 510 509 508 507 506 505 504 503 502 501 500 499 498 497 496 495 494 493 492 491 490 489 488 487 486 485 484 483 482 481 480 479 478 478 477 476 475 474 473 472 471 470 469 468 467 466 465 464 463 462 461 460 459 458 457 456 455 454 453 452 451 450 449 448 447 446 445 444 443 442 441 440 439 438 437 436 435 434 433 432 431 430 429 428 427 426 425 424 423 422 421 420 419 418 417 416 416 415 414 413 412 411 410 409 408 407 407 406 405 404 403 402 401 400 399 398 397 396 395 394 393 392 391 390 389 388 387 386 385 384 383 382 381 380 379 378 377 376 375 374 373 372 371 370 369 368 367 366 365 364 363 362 361 360 359 359 358 357 356 355 354 353 352 351 350 349 348 347 346 345 344 343 342 341 340 339 338 337 336 335 334 333 332 331 330 329 328 327 326 325 324 323 322 321 320 319 318 317 316 315 314 313 312 311 310 309 308 307 306 305 304 303 302 301 300 299 298 297 296 295 294 293 292 291 290 289 288 287 286 285 284 283 282 281 280 279 279 278 277 276 1378 1378 1377 1376 1375 1374 1373 1372 1371 1370 1369 1368 1368 1367 1366 1365 1364 1363 1362 1361 1360 1359 1358 1357 1356 1355 1354 1353 1352 1351 1350 1349 1348 1347 1346 1345 1344 1343 1342 1341 1340 1339 1338 1337 1336 1335 1334 1333 1332 1331 1330 1329 1328 1327 1326 1325 1324 1323 1322 1321 1320 1319 1318 1317 1316 1315 1314 1313 1312 1311 1310 1309 1308 1307 1306 1305 1304 1303 1302 1301 1300 1299 1298 1297 1296 1295 1294 1293 1292 1291 1290 1289 1288 1287 1286 1285 1284 1283 1282 1281 1280 1279 1278 1277 1276 1275 1274 1273 1272 1271 1270 1269 1268 1267 1266 1265 1264 1263 1262 1261 1260 1259 1258 1257 1256 1255 1254 1253 1252 1251 1250 1249 1248 1247 1246 1245 1244 1243 1242 1241 1240 1239 1238 1237 1236 1235 1234 1233 1232 1231 1230 1229 1228 1227 1226 1225 1224 1223 1222 1221 1220 1219 1218 1217 1216 1215 1214 1213 1212 1211 1210 1209 1208 1207 1206 1205 1204 1203 1202 1201 1200 1199 1198 1197 1196 1195 1194 1193 1192 1191 1190 1189 1188 1187 1186 1185 1184 1184 1183 1182 1181 1180 1179 1178 1177 1176 1175 1174 1173 1172 1171 1170 1169 1168 1167 1166 1165 1164 1163 1162 1161 1160 1159 1158 1157 1156 1155 1154 1153 1152 1151 1150 1149 1148 1148 1147 1146 1145 1144 1143 1142 1141 1140 1139 1139 1138 1137 1136 1135 1134 1133 1132 1131 1130 1129 1128 1127 1126 1125 1124 1123 1122 1121 1120 1119 1118 1117 1116 1115 1114 1113 1112 1111 1110 1109 1108 1107 1106 1105 1104 1103 1102 1101 1100 1099 1098 1097 1096 1095 1094 1093 1092 1091 1090 1089 1088 1087 1086 1085 1084 1083 1082 1081 1080 1079 1078 1077 1076 1075 1074 1073 1073 1072 1071 1070 1069 1068 1067 1066 1065 1064 1063 1062 1061 1060 1059 1058 1057 1056 1055 1054 1053 1052 1052 1051 1050 1049 1048 1047 1046 1045 1044 1043 1042 1041 1040 1039 1038 1037 1036 1035 1034 1033 1032 1031 1030 1029 1028 1027 1026 1025 1024 1023 1022 1022 1021 1020 1019 1018 1017 1016 1015 1014 1013 1012 1011 1010 1009 1008 1007 1006 1005 1004 1004 1003 1002 1001 1000 999 998 997 996 995 994 994 993 992 991 990 989 988 987 986 985 984 983 982 981 980 979 978 977 976 975 974 973 972 971 970 969 968 967 966 965 964 963 962 961 960 959 958 957 956 955 954 954 953 953 952 951 950 949 948 947 946 945 944 943 942 941 940 940 939 938 937 936 935 934 934 933 932 931 930 929 928 927 926 925 924 923 922 921 920 919 918 917 916 915 914 913 912 911 910 909 908 907 906 905 904 903 902 901 900 899 898 897 896 895 894 893 892 891 890 889 888 887 886 885 884 883 882 881 880 879 878 877 876 875 874 873 873 872 871 870 869 868 867 867 866 865 864 863 862 861 860 859 858 857 856 855 854 853 852 851 850 849 848 847 846 845 844 843 842 841 840 839 839 838 837 1535 1534 1533 1532 1531 1530 1529 1528 1527 1526 1525 1524 1523 1522 1521 1521 1520 1520 1519 1518 1517 1516 1515 1606 1605 1604 1603 1602 1601 1600 1599 1599 1598 1597 1596 1595 1594 1593 1592 1591 1590 1589 1588 1588 1587 1586 1585 1584 1583 1582 1581 1580 1579 1578 1577 1576 1575 1574 1573 1572 1571 1570 1569 1568 1567 1566 1565 1564 1563 1562 1561 1560 1559 1558 1557 1556 1555 1554 1553 1552 1551 1550 1549 1548 1547 1546 1545 1544 1543 1542 1541 1540 1539 1538 1537 1536 
1008 204 203 202 201 200 199 198 197 196 195 194 193 192 191 190 189 188 187 186 185 184 183 182 181 180 179 178 177 176 175 174 173 172 171 170 579 578 577 576 575 574 573 572 571 705 704 703 702 701 700 699 698 697 696 695 694 693 692 691 690 689 688 688 687 686 685 684 683 682 681 680 679 678 677 676 675 674 673 672 671 670 669 668 667 666 665 664 663 662 661 660 659 658 657 656 655 654 653 652 651 650 649 648 647 646 645 644 643 642 641 640 639 638 637 636 635 634 633 632 631 630 629 628 627 626 625 624 623 622 621 2456 2455 2454 2453 2452 2451 2450 2449 2448 2447 2446 2445 2444 2443 2442 2441 2440 2439 2438 2437 2436 2435 2434 2433 2432 2431 2430 2429 2428 2427 2426 2425 2424 2423 2422 2421 2420 2419 2418 2417 2416 2415 2414 2413 2413 2412 2411 2410 2409 2408 2407 2406 2405 2404 2403 2402 2401 2400 2399 2398 2397 2396 2395 2394 2393 2392 2391 2390 2389 2388 2387 2386 2385 2384 2383 2382 2381 2380 2379 2378 2377 2376 2375 2374 2373 2372 2371 2370 2369 2368 2367 2366 2365 2364 2363 2362 2361 2360 2359 2358 2357 2356 2355 2354 2353 2352 2351 2350 2349 2348 2347 2346 2345 2344 2343 2342 2341 2340 2339 2338 2337 2336 2335 2334 2333 2332 2331 2330 2329 2328 2327 2326 2325 2324 2323 2322 2321 2320 2319 2318 2317 2316 2315 2314 2313 2312 2311 2310 2309 2308 2307 2306 2305 2304 2303 2302 2301 2300 2299 2298 2297 2296 2295 2294 2293 2292 2292 2291 2290 2289 2288 2287 2286 2285 2284 2283 2282 2281 2280 2279 2278 2277 2276 2275 2274 2273 2272 2271 2270 2269 2268 2268 2267 2266 2265 2264 2263 2262 2261 2260 2259 2258 2258 2257 2256 2255 2254 2253 2252 2251 2250 2249 2248 2248 2247 2246 2245 2244 2243 2242 2241 2240 2239 2238 2237 2236 2235 2234 2233 2232 2231 2230 2229 2228 2227 2226 2225 2224 2223 2222 2221 2220 2219 2218 2217 2216 2215 2214 2213 2212 2211 2210 2209 2208 2207 2206 2205 2204 2203 2202 2201 2200 2199 2198 2197 2196 2195 2194 2193 2192 2191 2190 2189 2188 2187 2187 2186 2185 2184 2183 2182 2181 2180 2179 2178 2178 2177 2176 2175 2174 2173 2173 2172 2171 2170 2169 2168 2167 2166 2165 2164 2163 2162 2161 2160 2159 2158 2157 2156 2155 2154 2153 2152 2151 2150 2149 2148 2148 2147 2146 2145 2144 2143 2142 2141 2140 2139 2138 2137 2136 2135 2134 2133 2133 2132 2132 2131 2130 2129 2128 2127 2126 2126 2125 2124 2123 2122 2121 2120 2119 2118 2117 2116 2115 2114 2113 2112 2111 2110 2109 2108 2107 2106 2106 2105 2104 2103 2102 2101 2100 2099 2098 2097 2096 2095 2094 2093 2092 2091 2090 2089 2088 2087 2086 2085 2084 2083 2082 2081 2080 2079 2078 2077 2076 2075 2074 2073 2072 2071 2070 2069 2068 2067 2066 2065 2064 2063 2062 2061 2060 2059 2058 2057 2056 2055 2054 2053 2052 2051 2050 2049 2048 2047 2046 2045 2044 2043 2042 2041 2040 2039 2038 2037 2036 2035 2034 2033 2032 2031 2030 2029 2028 2027 2026 2025 2024 2023 2022 2021 2021 2020 2019 2018 2017 2016 2015 2014 2013 2012 2011 2010 2009 2008 2007 2006 2005 2004 2003 2002 2001 2000 1999 1998 1997 1996 1995 1994 1993 1992 1991 1990 1989 1988 1987 1986 1985 1984 1983 1982 1981 1980 1979 1978 1977 1976 1975 1974 1973 1972 1971 1970 1969 1968 1967 1966 1965 1964 1963 1962 1961 1960 1959 1958 1957 1956 1955 1954 1953 1952 1951 1950 1949 1948 1947 1946 1945 1944 1943 1942 1941 1940 1939 1938 1937 1936 1935 1934 1933 1932 1931 1930 1929 1928 1927 1926 1925 1924 1923 1922 1921 1920 1919 1918 1917 1916 1915 1914 1913 1912 1911 1910 1909 1908 1907 1906 1905 1904 1903 1902 1901 1900 1899 1898 1897 1896 1895 1894 1893 1892 1891 1890 1889 1888 1887 1886 1885 1884 1883 1882 1881 1880 1879 1878 1877 1876 1875 1874 1873 1872 1871 1870 1869 1868 1867 1866 1865 1864 1863 1862 1861 1860 1859 1858 1857 1856 1855 1854 1853 1852 1851 1850 1849 1848 1847 1846 1845 1844 1843 1842 1841 1840 1839 1838 1837 1836 1835 1834 1833 1832 1831 1830 1829 1828 1827 1826 1825 1824 1823 1822 1821 1820 1819 1818 1817 1816 1815 1814 1813 1812 1811 1810 1809 1808 1807 1806 1805 1804 1803 1802 1801 1800 1799 1798 1797 1796 1795 1794 1793 1793 1792 1791 1790 1789 1788 1787 1786 1785 1784 1783 1782 1781 1780 1779 1778 1777 1776 1775 1774 1773 1772 1771 1770 1769 1768 1767 1766 1765 1764 1763 1762 1761 1760 1759 1758 1757 1756 1755 1754 1753 1752 1751 1750 1749 1748 1747 1746 1745 1744 1743 1742 1741 1740 1739 1738 1737 1736 1736 1735 1734 1733 1732 1732 1731 1730 1729 1728 1727 1726 1725 1724 1723 1722 1722 1721 1720 1719 1718 1717 1716 1715 1714 1713 1713 1712 1711 1710 1710 1709 1708 1707 1706 1705 1704 1703 1702 1701 1700 1699 1698 1697 1696 1695 1694 1693 1692 1691 1690 1690 1689 1688 1688 1687 1686 1685 1684 1683 1682 1681 1680 1679 1678 1677 1676 1675 1674 1673 1672 1671 1670 1669 1668 1667 1666 1665 1664 1663 1662 1662 1661 1660 1659 1659 1658 1657 1656 1655 1654 1653 1653 1652 1651 1650 1650 1649 1648 1647 1646 1645 1644 1643 1642 1641 1640 1639 1638 1637 1636 1635 1634 1633 1632 1631 1630 1629 1628 1627 1626 1625 1624 1623 1622 1621 1620 1619 1618 1617 1616 1616 1615 1614 1613 1613 1612 1611 1610 1609 1608 1607 
923 204 203 202 201 200 199 198 197 196 195 194 193 192 191 190 189 188 187 186 185 184 183 182 181 180 179 178 177 176 175 174 173 172 171 170 579 578 577 576 575 574 573 572 571 570 569 568 567 566 565 564 563 562 561 560 559 558 557 556 555 554 553 552 551 550 549 548 547 546 545 544 543 542 541 540 539 538 537 536 535 534 533 532 531 530 529 528 527 526 525 524 523 522 521 520 519 518 517 516 515 514 513 512 511 510 509 508 507 506 505 504 503 502 501 500 499 498 497 496 495 494 493 492 491 490 489 488 487 486 485 484 483 482 481 480 479 478 478 477 476 475 474 473 472 471 470 469 468 467 466 465 464 463 462 461 460 459 458 457 456 455 454 453 452 451 450 449 448 447 446 445 444 443 442 441 440 439 438 437 436 435 434 433 432 431 430 429 428 427 426 425 424 423 422 421 420 419 418 417 416 416 415 414 413 412 411 410 409 408 407 407 406 405 404 403 402 401 400 399 398 397 396 395 394 393 392 391 390 389 388 387 386 385 384 383 382 381 380 379 378 377 376 375 374 373 372 371 370 369 368 367 366 365 364 363 362 361 360 359 359 358 357 356 355 354 353 352 351 350 349 348 347 346 345 344 343 342 341 340 339 338 337 336 335 334 333 332 331 330 329 328 327 326 325 324 323 322 321 320 319 318 317 316 315 314 313 312 311 310 309 308 307 306 305 304 303 302 301 300 299 298 297 296 295 294 293 292 291 290 289 288 287 286 285 284 283 282 281 280 279 279 278 277 276 1378 1378 1377 1376 1375 1374 1373 1372 1371 1370 1369 1368 1368 1367 1366 1365 1364 1363 1362 1361 1360 1359 1358 1357 1356 1355 1354 1353 1352 1351 1350 1349 1348 1347 1346 1345 1344 1343 1342 1341 1340 1339 1338 1337 1336 1335 1334 1333 1332 1331 1330 1329 1328 1327 1326 1325 1324 1323 1322 1321 1320 1319 1318 1317 1316 1315 1314 1313 1312 1311 1310 1309 1308 1307 1306 1305 1304 1303 1302 1301 1300 1299 1298 1297 1296 1295 1294 1293 1292 1291 1290 1289 1288 1287 1286 1285 1284 1283 1282 1281 1280 1279 1278 1277 1276 1275 1274 1273 1272 1271 1270 1269 1268 1267 1266 1265 1264 1263 1262 1261 1260 1259 1258 1257 1256 1255 1254 1253 1252 1251 1250 1249 1248 1247 1246 1245 1244 1243 1242 1241 1240 1239 1238 1237 1236 1235 1234 1233 1232 1231 1230 1229 1228 1227 1226 1225 1224 1223 1222 1221 1220 1219 1218 1217 1216 1215 1214 1213 1212 1211 1210 1209 1208 1207 1206 1205 1204 1203 1202 1201 1200 1199 1198 1197 1196 1195 1194 1193 1192 1191 1190 1189 1188 1187 1186 1185 1184 1184 1183 1182 1181 1180 1179 1178 1177 1176 1175 1174 1173 1172 1171 1170 1169 1168 1167 1166 1165 1164 1163 1162 1161 1160 1159 1158 1157 1156 1155 1154 1153 1152 1151 1150 1149 1148 1148 1147 1146 1145 1144 1143 1142 1141 1140 1139 1139 1138 1137 1136 1135 1134 1133 1132 1131 1130 1129 1128 1127 1126 1125 1124 1123 1122 1121 1120 1119 1118 1117 1116 1115 1114 1113 1112 1111 1110 1109 1108 1107 1106 1105 1104 1103 1102 1101 1100 1099 1098 1097 1096 1095 1094 1093 1092 1091 1090 1089 1088 1087 1086 1085 1084 1083 1082 1081 1080 1079 1078 1077 1076 1075 1074 1073 1073 1072 1071 1070 1069 1068 1067 1066 1065 1064 1063 1062 1061 1060 1059 1058 1057 1056 1055 1054 1053 1052 1052 1051 1050 1049 1048 1047 1046 1045 1044 1043 1042 1041 1040 1039 1038 1037 1036 1035 1034 1033 1032 1031 1030 1029 1028 1027 1026 1025 1024 1023 1022 1022 1021 1020 1019 1018 1017 1016 1015 1014 1013 1012 1011 1010 1009 1008 1007 1006 1005 1004 1004 1003 1002 1001 1000 999 998 997 996 995 994 994 993 992 991 990 989 988 987 986 985 984 983 982 1446 1445 1444 1443 1442 1441 1440 1439 1438 1437 1436 1435 1434 1433 1432 1431 1430 1430 1429 1428 1427 1426 1425 1424 1423 1422 1421 1420 1420 1419 1418 1417 1416 1415 1414 1413 1412 1411 1410 1409 1408 1407 1406 1405 1404 1403 1402 1401 1400 1399 1398 1397 1397 1396 1395 1394 1393 1392 1391 1390 1389 1388 1387 1386 1385 1384 1383 1382 2556 2555 2554 2553 2552 2551 2550 2549 2548 2547 2546 2545 2544 2543 2542 2541 2540 2539 2538 2537 2536 2535 2535 2534 2533 2532 2531 2531 2530 2529 2528 2527 2526 2525 2524 2523 2522 2521 2520 2519 2518 2517 2516 2515 2514 2513 2512 2511 2510 2509 2508 2508 2507 2506 2505 2504 2503 2502 2501 2500 2499 2498 2497 2496 2495 2494 2493 2492 2491 2490 2489 2488 2487 2486 2485 2484 2483 2482 2481 2480 2479 2478 2477 2476 2475 2474 2473 2472 2471 2470 2469 2468 2467 2466 2465 2464 2463 2462 2461 2460 2459 2458 2457 2457 
1215 204 203 202 201 200 199 198 197 196 195 194 193 192 191 190 189 188 187 186 185 184 183 182 181 180 179 178 177 176 175 174 173 172 171 170 579 578 577 576 575 574 573 572 571 705 704 703 702 701 700 699 698 697 696 695 694 693 692 691 690 689 688 688 687 686 685 684 683 682 681 680 679 678 677 676 675 674 673 672 671 670 669 668 667 666 665 664 663 662 661 660 659 658 657 656 655 654 653 652 651 650 649 648 647 646 645 644 643 642 641 640 639 638 637 636 635 634 633 632 631 630 629 628 627 626 625 624 623 622 621 2456 2455 2454 2453 2452 2451 2450 2449 2448 2447 2446 2445 2444 2443 2442 2441 2440 2439 2438 2437 2436 2435 2434 2433 2432 2431 2430 2429 2428 2427 2426 2425 2424 2423 2422 2421 2420 2419 2418 2417 2416 2415 2414 2413 2413 2412 2411 2410 2409 2408 2407 2406 2405 2404 2403 2402 2401 2400 2399 2398 2397 2396 2395 2394 2393 2392 2391 2390 2389 2388 2387 2386 2385 2384 2383 2382 2381 2380 2379 2378 2377 2376 2375 2374 2373 2372 2371 2370 2369 2368 2367 2366 2365 2364 2363 2362 2361 2360 2359 2358 2357 2356 2355 2354 2353 2352 2351 2350 2349 2348 2347 2346 2345 2344 2343 2342 2341 2340 2339 2338 2337 2336 2335 2334 2333 2332 2331 2330 2329 2328 2327 2326 2325 2324 2323 2322 2321 2320 2319 2318 2317 2316 2315 2314 2313 2312 2311 2310 2309 2308 2307 2306 2305 2304 2303 2302 2301 2300 2299 2298 2297 2296 2295 2294 2293 2292 2292 2291 2290 2289 2288 2287 2286 2285 2284 2283 2282 2281 2280 2279 2278 2277 2276 2275 2274 2273 2272 2271 2270 2269 2268 2268 2267 2266 2265 2264 2263 2262 2261 2260 2259 2258 2258 2257 2256 2255 2254 2253 2252 2251 2250 2249 2248 2248 2247 2246 2245 2244 2243 2242 2241 2240 2239 2238 2237 2236 2235 2234 2233 2232 2231 2230 2229 2228 2227 2226 2225 2224 2223 2222 2221 2220 2219 2218 2217 2216 2215 2214 2213 2212 2211 2210 2209 2208 2207 2206 2205 2204 2203 2202 2201 2200 2199 2198 2197 2196 2195 2194 2193 2192 2191 2190 2189 2188 2187 2187 2186 2185 2184 2183 2182 2181 2180 2179 2178 2178 2177 2176 2175 2174 2173 2173 2172 2171 2170 2169 2168 2167 2166 2165 2164 2163 2162 2161 2160 2159 2158 2157 2156 2155 2154 2153 2152 2151 2150 2149 2148 2148 2147 2146 2145 2144 2143 2142 2141 2140 2139 2138 2137 2136 2135 2134 2133 2133 2132 2132 2131 2130 2129 2128 2127 2126 2126 2125 2124 2123 2122 2121 2120 2119 2118 2117 2116 2115 2114 2113 2112 2111 2110 2109 2108 2107 2106 2106 2105 2104 2103 2102 2101 2100 2099 2098 2097 2096 2095 2094 2093 2092 2091 2090 2089 2088 2087 2086 2085 2084 2083 2082 2081 2080 2079 2078 2077 2076 2075 2074 2073 2072 2071 2070 2069 2068 2067 2066 2065 2064 2063 2062 2061 2060 2059 2058 2057 2056 2055 2054 2053 2052 2051 2050 2049 2048 2047 2046 2045 2044 2043 2042 2041 2040 2039 2038 2037 2036 2035 2034 2033 2032 2031 2030 2029 2028 2027 2026 2025 2024 2023 2022 2021 2021 2020 2019 2018 2017 2016 2015 2014 2013 2012 2011 2010 2009 2008 2007 2006 2005 2004 2003 2002 2001 2000 1999 1998 1997 1996 1995 1994 1993 1992 1991 1990 1989 1988 1987 1986 1985 1984 1983 1982 1981 1980 1979 1978 1977 1976 1975 1974 1973 1972 1971 1970 1969 1968 1967 1966 1965 1964 1963 1962 1961 1960 1959 1958 1957 1956 1955 1954 1953 1952 1951 1950 1949 1948 1947 1946 1945 1944 1943 1942 1941 1940 1939 1938 1937 1936 1935 1934 1933 1932 1931 1930 1929 1928 1927 1926 1925 1924 1923 1922 1921 1920 1919 1918 1917 1916 1915 1914 1913 1912 1911 1910 1909 1908 1907 1906 1905 1904 1903 1902 1901 1900 1899 1898 1897 1896 1895 1894 1893 1892 1891 1890 1889 1888 1887 1886 1885 1884 1883 1882 1881 1880 1879 1878 1877 1876 1875 1874 1873 1872 1871 1870 1869 1868 1867 1866 1865 1864 1863 1862 1861 1860 1859 1858 1857 1856 1855 1854 1853 1852 1851 1850 1849 1848 1847 1846 1845 1844 1843 1842 1841 1840 1839 1838 1837 1836 1835 1834 1833 1832 1831 1830 1829 1828 1827 1826 1825 1824 1823 1822 1821 1820 1819 1818 1817 1816 1815 1814 1813 1812 1811 1810 1809 1808 1807 1806 1805 1804 1803 1802 1801 1800 1799 1798 1797 1796 1795 1794 1793 1793 1792 1791 1790 1789 1788 1787 1786 1785 1784 1783 1782 1781 1780 1779 1778 1777 1776 1775 1774 1773 1772 1771 1770 1769 1768 1767 1766 1765 1764 1763 2928 2927 2926 2925 2924 2923 2922 2921 2920 2919 2918 2917 2916 2915 2914 2913 2912 2911 2910 2909 2908 2907 2906 2905 2904 2903 2902 2901 2900 2899 2898 2897 2896 2895 2894 2893 2892 2891 2890 2889 2888 2887 2886 2885 2884 2883 2882 2881 2880 2879 2878 2877 2876 2875 2874 2873 2872 2871 2870 2869 2868 2867 2866 2865 2864 2863 2862 2861 2860 2859 2858 2857 2856 2855 2854 2853 2852 2851 2850 2849 2848 2847 2846 2845 2844 2843 2842 2841 2840 2839 2838 2837 2837 2836 2835 2834 2833 2832 2831 2830 2829 2828 2827 2826 2825 2824 2823 2822 2822 2821 2820 2819 2818 2817 2816 2815 2814 2813 2812 2811 2810 2809 2808 2807 2806 2805 2804 2803 2802 2801 2800 2799 2799 2798 2797 2796 2795 2794 2793 2792 2791 2790 2789 2788 2787 2786 2785 2784 2783 2782 2781 2780 2779 2778 2777 2776 2775 2774 2773 2772 2771 2771 2770 2769 2768 2767 2766 2765 2764 2763 2762 2761 2760 2759 2758 2757 2756 2755 2754 2753 2752 2751 2750 2749 2748 2747 2746 2745 2744 2743 2742 2741 2740 2739 2738 2737 2736 2735 2734 2733 2732 2731 2730 2729 2728 2727 2726 2725 2724 2723 2722 2722 2721 2720 2719 2718 2717 2716 2715 2714 2713 2712 2711 2710 2709 2708 2707 2706 2705 2705 2704 2703 2702 2701 2700 2699 2698 2697 2696 2695 2694 2693 2692 2691 2690 2689 2688 2687 2686 2685 2684 2683 2682 2681 2680 2679 2678 2677 2676 2675 2674 2673 2672 2671 2670 2669 2668 2667 2666 2665 2664 2663 2662 2661 2660 2659 2658 2657 2656 2655 2654 2653 2652 2651 2650 2649 2648 2647 2646 2645 2644 2643 2642 2642 2641 2640 2639 2639 2638 2637 2636 2635 2634 2633 2632 2631 2630 2629 2628 2627 2626 2625 2625 2624 2623 2623 2622 2621 2620 2619 2618 2617 2616 2615 2614 2613 2612 2611 2610 2609 2608 2607 2606 2605 2604 2603 2602 2601 2600 2599 2598 2597 2596 2595 2594 2593 2592 2591 2590 2589 2588 2587 2586 2585 2584 2583 2582 2581 2580 2579 2578 2577 2576 2575 2574 2573 2572 2571 2570 2570 2569 2568 2567 2566 2565 2564 
1192 204 203 202 201 200 199 198 197 196 195 194 193 192 191 190 189 188 187 186 185 184 183 182 181 180 179 178 177 176 175 174 173 172 171 170 579 578 577 576 575 574 573 572 571 705 704 703 702 701 700 699 698 697 696 695 694 693 692 691 690 689 688 688 687 686 685 684 683 682 681 680 679 678 677 676 675 674 673 672 671 670 669 668 667 666 665 664 663 662 661 660 659 658 657 656 655 654 653 652 651 650 649 648 647 646 645 644 643 642 641 640 639 638 637 636 635 634 633 632 631 630 629 628 627 626 625 624 623 622 621 2456 2455 2454 2453 2452 2451 2450 2449 2448 2447 2446 2445 2444 2443 2442 2441 2440 2439 2438 2437 2436 2435 2434 2433 2432 2431 2430 2429 2428 2427 2426 2425 2424 2423 2422 2421 2420 2419 2418 2417 2416 2415 2414 2413 2413 2412 2411 2410 2409 2408 2407 2406 2405 2404 2403 2402 2401 2400 2399 2398 2397 2396 2395 2394 2393 2392 2391 2390 2389 2388 2387 2386 2385 2384 2383 2382 2381 2380 2379 2378 2377 2376 2375 2374 2373 2372 2371 2370 2369 2368 2367 2366 2365 2364 2363 2362 2361 2360 2359 2358 2357 2356 2355 2354 2353 2352 2351 2350 2349 2348 2347 2346 2345 2344 2343 2342 2341 2340 2339 2338 2337 2336 2335 2334 2333 2332 2331 2330 2329 2328 2327 2326 2325 2324 2323 2322 2321 2320 2319 2318 2317 2316 2315 2314 2313 2312 2311 2310 2309 2308 2307 2306 2305 2304 2303 2302 2301 2300 2299 2298 2297 2296 2295 2294 2293 2292 2292 2291 2290 2289 2288 2287 2286 2285 2284 2283 2282 2281 2280 2279 2278 2277 2276 2275 2274 2273 2272 2271 2270 2269 2268 2268 2267 2266 2265 2264 2263 2262 2261 2260 2259 2258 2258 2257 2256 2255 2254 2253 2252 2251 2250 2249 2248 2248 2247 2246 2245 2244 2243 2242 2241 2240 2239 2238 2237 2236 2235 2234 2233 2232 2231 2230 2229 2228 2227 2226 2225 2224 2223 2222 2221 2220 2219 2218 2217 2216 2215 2214 2213 2212 2211 2210 2209 2208 2207 2206 2205 2204 2203 2202 2201 2200 2199 2198 2197 2196 2195 2194 2193 2192 2191 2190 2189 2188 2187 2187 2186 2185 2184 2183 2182 2181 2180 2179 2178 2178 2177 2176 2175 2174 2173 2173 2172 2171 2170 2169 2168 2167 2166 2165 2164 2163 2162 2161 2160 2159 2158 2157 2156 2155 2154 2153 2152 2151 2150 2149 2148 2148 2147 2146 2145 2144 2143 2142 2141 2140 2139 2138 2137 2136 2135 2134 2133 2133 2132 2132 2131 2130 2129 2128 2127 2126 2126 2125 2124 2123 2122 2121 2120 2119 2118 2117 2116 2115 2114 2113 2112 2111 2110 2109 2108 2107 2106 2106 2105 2104 2103 2102 2101 2100 2099 2098 2097 2096 2095 2094 2093 2092 2091 2090 2089 2088 2087 2086 2085 2084 2083 2082 2081 2080 2079 2078 2077 2076 2075 2074 2073 2072 2071 2070 2069 2068 2067 2066 2065 2064 2063 2062 2061 2060 2059 2058 2057 2056 2055 2054 2053 2052 2051 2050 2049 2048 2047 2046 2045 2044 2043 2042 2041 2040 2039 2038 2037 2036 2035 2034 2033 2032 2031 2030 2029 2028 2027 2026 2025 2024 2023 2022 2021 2021 2020 2019 2018 2017 2016 2015 2014 2013 2012 2011 2010 2009 2008 2007 2006 2005 2004 2003 2002 2001 2000 1999 1998 1997 1996 1995 1994 1993 1992 1991 1990 1989 1988 1987 1986 1985 1984 1983 1982 1981 1980 1979 1978 1977 1976 1975 1974 1973 1972 1971 1970 1969 1968 1967 1966 1965 1964 1963 1962 1961 1960 1959 1958 1957 1956 1955 1954 1953 1952 1951 1950 1949 1948 1947 1946 1945 1944 1943 1942 1941 1940 1939 1938 1937 1936 1935 1934 1933 1932 1931 1930 1929 1928 1927 1926 1925 1924 1923 1922 1921 1920 1919 1918 1917 1916 1915 1914 1913 1912 1911 1910 1909 1908 1907 1906 1905 1904 1903 1902 1901 1900 1899 1898 1897 1896 1895 1894 1893 1892 1891 1890 1889 1888 1887 1886 1885 1884 1883 1882 1881 1880 1879 1878 1877 1876 1875 1874 1873 1872 1871 1870 1869 1868 1867 1866 1865 1864 1863 1862 1861 1860 1859 1858 1857 1856 1855 1854 1853 1852 1851 1850 1849 1848 1847 1846 1845 1844 1843 1842 1841 1840 1839 1838 1837 1836 1835 1834 1833 1832 1831 1830 1829 1828 1827 1826 1825 1824 1823 1822 1821 1820 1819 1818 1817 1816 1815 1814 1813 1812 1811 1810 1809 1808 1807 1806 1805 1804 1803 1802 1801 1800 1799 1798 1797 1796 1795 1794 1793 1793 1792 1791 1790 1789 1788 1787 1786 1785 1784 1783 1782 1781 1780 1779 1778 1777 1776 1775 1774 1773 1772 1771 1770 1769 1768 1767 1766 1765 1764 1763 2928 2927 2926 2925 2924 2923 2922 2921 2920 2919 2918 2917 2916 2915 2914 2913 2912 2911 2910 2909 2908 2907 2906 2905 2904 2903 2902 2901 2900 2899 2898 2897 2896 2895 2894 2893 2892 2891 2890 2889 2888 2887 2886 2885 2884 2883 2882 2881 2880 2879 2878 2877 2876 2875 2874 2873 2872 2871 2870 2869 2868 2867 2866 2865 2864 2863 2862 2861 2860 2859 2858 2857 2856 2855 2854 2853 2852 2851 2850 2849 2848 2847 2846 2845 2844 2843 2842 2841 2840 2839 2838 2837 2837 2836 2835 2834 2833 2832 2831 2830 2829 2828 2827 2826 2825 2824 2823 2822 2822 2821 2820 2819 2818 2817 2816 2815 2814 2813 2812 2811 2810 2809 2808 2807 2806 2805 2804 2803 2802 2801 2800 2799 2799 2798 2797 2796 2795 2794 2793 2792 2791 2790 2789 2788 2787 2786 2785 2784 2783 2782 2781 2780 2779 2778 2777 2776 2775 2774 2773 2772 2771 2771 2770 2769 2768 2767 2766 2765 2764 2763 2762 2761 2760 2759 2758 2757 2756 2755 2754 2753 2752 2751 2750 2749 2748 2747 2746 2745 2744 2743 2742 2741 2740 2739 2738 2737 2736 2735 2734 2733 2732 2731 2730 2729 2728 2727 2726 2725 2724 2723 2722 2722 2721 2720 2719 2718 2717 2716 2715 2714 2713 2712 2711 2710 2709 2708 2707 2706 2705 2705 2704 2703 2702 2701 2700 2699 2698 2697 2696 2695 2694 2693 2692 2691 2690 2689 2688 2687 2686 2685 2684 2683 2682 2681 2680 2679 2678 2677 2676 2675 2674 2673 2672 2671 2670 2669 2668 2667 2666 2665 2664 2663 2662 2661 2660 2659 2658 2657 2656 2655 2654 2653 2652 2651 2650 2649 2648 2647 2646 2645 2644 2643 2642 2642 2641 2640 2639 2639 2638 2637 2636 2635 2634 2633 2632 2631 2630 2629 2628 2627 2626 2625 2625 2624 2623 2623 2622 2621 2620 2619 2618 2617 2616 2615 2614 2613 2612 2611 2610 2609 2608 2607 2949 2948 2947 2946 2945 2944 2943 2942 2941 2940 2939 2938 2937 2936 2935 2934 2933 2932 2931 2930 2929 
386 204 203 202 201 200 199 198 197 196 195 194 193 192 191 190 189 188 187 186 185 184 183 182 181 180 179 178 177 176 175 174 173 172 171 170 579 578 577 576 575 574 573 572 571 705 704 703 702 701 700 699 698 697 696 695 694 693 692 691 690 689 688 688 687 686 685 684 683 682 681 680 679 678 677 676 675 674 673 672 671 670 669 668 667 666 665 664 663 662 661 660 659 658 657 656 655 654 653 652 651 650 649 648 647 646 645 644 643 642 641 640 639 638 637 636 635 634 633 632 631 630 629 628 627 626 625 624 623 622 621 2456 2455 2454 2453 2452 2451 2450 2449 2448 2447 2446 2445 2444 2443 2442 2441 2440 2439 2438 2437 2436 2435 2434 2433 2432 2431 2430 2429 2428 2427 2426 2425 2424 2423 2422 2421 2420 2419 2418 2417 2416 2415 2414 2413 2413 2412 2411 2410 2409 2408 2407 2406 2405 2404 2403 2402 2401 2400 2399 2398 2397 2396 2395 2394 2393 2392 2391 2390 2389 2388 2387 2386 2385 2384 2383 2382 2381 2380 2379 2378 2377 2376 2375 2374 2373 2372 2371 2370 2369 2368 2367 2366 2365 2364 2363 2362 2361 2360 2359 2358 2357 2356 2355 2354 2353 2352 2351 2350 2349 2348 2347 2346 2345 2344 2343 2342 2341 2340 2339 2338 2337 2336 2335 2334 2333 2332 2331 2330 2329 2328 2327 2326 2325 2324 2323 2322 2321 2320 2319 2318 2317 2316 2315 2314 2313 2312 2311 2310 2309 2308 2307 2306 2305 2304 2303 2302 2301 2300 2299 2298 2297 2296 2295 2294 2293 2292 2292 2291 2290 2289 2288 2287 2286 2285 2284 2283 2282 2281 2280 2279 2278 2277 2276 2275 2274 2273 2272 2271 2270 2269 2268 2268 3012 3011 3010 3009 3008 3007 3006 3005 3004 3003 3002 3001 3000 2999 2998 2998 2997 2996 2995 2994 2993 2992 2991 2990 2989 2988 2987 2986 2985 2984 2983 2982 2981 2980 2979 2978 2977 2976 2975 2974 2973 2972 2971 2970 2969 2968 2967 2966 2965 2964 2963 2962 2961 2960 2959 2958 2957 2956 2955 2954 2953 2952 2951 2950 
930 204 203 202 201 200 199 198 197 196 195 194 193 192 191 190 189 188 187 186 185 184 183 182 181 180 179 178 177 176 175 174 173 172 171 170 579 578 577 576 575 574 573 572 571 705 704 703 702 701 700 699 698 697 696 695 694 693 692 691 690 689 688 688 687 686 685 684 683 682 681 680 679 678 677 676 675 674 673 672 671 670 669 668 667 666 665 664 663 662 661 660 659 658 657 656 655 654 653 652 651 650 649 648 647 646 645 644 643 642 641 640 639 638 637 636 635 634 633 632 631 630 629 628 627 626 625 624 623 622 621 2456 2455 2454 2453 2452 2451 2450 2449 2448 2447 2446 2445 2444 2443 2442 2441 2440 2439 2438 2437 2436 2435 2434 2433 2432 2431 2430 2429 2428 2427 2426 2425 2424 2423 2422 2421 2420 2419 2418 2417 2416 2415 2414 2413 2413 2412 2411 2410 2409 2408 2407 2406 2405 2404 2403 2402 2401 2400 2399 2398 2397 2396 2395 2394 2393 2392 2391 2390 2389 2388 2387 2386 2385 2384 2383 2382 2381 2380 2379 2378 2377 2376 2375 2374 2373 2372 2371 2370 2369 2368 2367 2366 2365 2364 2363 2362 2361 2360 2359 2358 2357 2356 2355 2354 2353 2352 2351 2350 2349 2348 2347 2346 2345 2344 2343 2342 2341 2340 2339 2338 2337 2336 2335 2334 2333 2332 2331 2330 2329 2328 2327 2326 2325 2324 2323 2322 2321 2320 2319 2318 2317 2316 2315 2314 2313 2312 2311 2310 2309 2308 2307 2306 2305 2304 2303 2302 2301 2300 2299 2298 2297 2296 2295 2294 2293 2292 2292 2291 2290 2289 2288 2287 2286 2285 2284 2283 2282 2281 2280 2279 2278 2277 2276 2275 2274 2273 2272 2271 2270 2269 2268 2268 2267 2266 2265 2264 2263 2262 2261 2260 2259 2258 2258 2257 2256 2255 2254 2253 2252 2251 2250 2249 2248 2248 2247 2246 2245 2244 2243 2242 2241 2240 2239 2238 2237 2236 2235 2234 2233 2232 2231 2230 2229 2228 2227 2226 2225 2224 2223 2222 2221 2220 2219 2218 2217 2216 2215 2214 2213 2212 2211 2210 2209 2208 2207 2206 2205 2204 2203 2202 2201 2200 2199 2198 2197 2196 2195 2194 2193 2192 2191 2190 2189 2188 2187 2187 2186 2185 2184 2183 2182 2181 2180 2179 2178 2178 2177 2176 2175 2174 2173 2173 2172 2171 2170 2169 2168 2167 2166 2165 2164 2163 2162 2161 2160 2159 2158 2157 2156 2155 2154 2153 2152 2151 2150 2149 2148 2148 2147 2146 2145 2144 2143 2142 2141 2140 2139 2138 2137 2136 2135 2134 2133 2133 2132 2132 2131 2130 2129 2128 2127 2126 2126 2125 2124 2123 2122 2121 2120 2119 2118 2117 2116 2115 2114 2113 2112 2111 2110 2109 2108 2107 2106 2106 2105 2104 2103 2102 2101 2100 2099 2098 2097 2096 2095 2094 2093 2092 2091 2090 2089 2088 2087 2086 2085 2084 2083 2082 2081 2080 2079 2078 2077 2076 2075 2074 2073 2072 2071 2070 2069 2068 2067 2066 2065 2064 2063 2062 2061 2060 2059 2058 2057 2056 2055 2054 2053 2052 2051 2050 2049 2048 2047 2046 2045 2044 2043 2042 2041 2040 2039 2038 2037 2036 2035 2034 2033 2032 2031 2030 2029 2028 2027 2026 2025 2024 2023 2022 2021 2021 2020 2019 2018 2017 2016 2015 2014 2013 2012 2011 2010 2009 2008 2007 2006 2005 2004 2003 2002 2001 2000 1999 1998 1997 1996 1995 1994 1993 1992 1991 1990 1989 1988 1987 1986 1985 1984 1983 1982 1981 1980 1979 1978 1977 1976 1975 1974 1973 1972 1971 1970 1969 1968 1967 1966 1965 1964 1963 1962 1961 1960 1959 1958 1957 1956 1955 1954 1953 1952 1951 1950 1949 1948 1947 1946 1945 1944 1943 1942 1941 1940 1939 1938 1937 1936 1935 1934 1933 1932 1931 1930 1929 1928 1927 1926 1925 1924 1923 1922 1921 1920 1919 1918 1917 1916 1915 1914 1913 1912 1911 1910 1909 1908 1907 1906 1905 1904 1903 1902 1901 1900 1899 1898 1897 1896 1895 1894 1893 1892 1891 1890 1889 1888 1887 1886 1885 1884 1883 1882 1881 1880 1879 1878 1877 1876 1875 1874 1873 1872 1871 1870 1869 1868 1867 1866 1865 1864 1863 1862 1861 1860 1859 1858 1857 1856 1855 1854 1853 1852 1851 1850 1849 1848 1847 1846 1845 1844 1843 1842 1841 1840 1839 1838 1837 1836 1835 1834 1833 1832 1831 1830 1829 1828 1827 1826 1825 1824 1823 1822 1821 1820 1819 1818 1817 1816 1815 1814 1813 1812 1811 1810 1809 1808 1807 1806 1805 1804 1803 1802 1801 1800 1799 1798 1797 1796 1795 1794 1793 1793 1792 1791 1790 1789 1788 1787 1786 1785 1784 1783 1782 1781 1780 1779 1778 1777 1776 1775 1774 1773 1772 1771 1770 1769 1768 1767 1766 1765 1764 1763 1762 1761 1760 1759 1758 1757 1756 1755 1754 1753 1752 1751 1750 1749 1748 1747 1746 1745 1744 1743 1742 1741 1740 1739 1738 1737 1736 1736 1735 1734 1733 1732 1732 1731 1730 1729 1728 1727 1726 1725 1724 1723 1722 1722 1721 1720 1719 1718 1717 1716 1715 1714 1713 1713 1712 1711 1710 1710 1709 1708 1707 1706 1705 1704 1703 1702 1701 1700 1699 1698 1697 1696 1695 1694 1693 1692 1691 1690 1690 1689 1688 1688 1687 1686 1685 1684 1683 1682 3015 3014 3013 
1020 204 203 202 201 200 199 198 197 196 195 194 193 192 191 190 189 188 187 186 185 184 183 182 181 180 179 178 177 176 175 174 173 172 171 170 579 578 577 576 575 574 573 572 571 570 569 568 567 566 565 564 563 562 561 560 559 558 557 556 555 554 553 552 551 550 549 548 547 546 545 544 543 542 541 540 539 538 537 536 535 534 533 532 531 530 529 528 527 526 525 524 523 522 521 520 519 518 517 516 515 514 513 512 511 510 509 508 507 506 505 504 503 502 501 500 499 498 497 496 495 494 493 492 491 490 489 488 487 486 485 484 483 482 481 480 479 478 478 477 476 475 474 473 472 471 470 469 468 467 466 465 464 463 462 461 460 459 458 457 456 455 454 453 452 451 450 449 448 447 446 445 444 443 442 441 440 439 438 437 436 435 434 433 432 431 430 429 428 427 426 425 424 423 422 421 420 419 418 417 416 416 415 414 413 412 411 410 409 408 407 407 406 405 404 403 402 401 400 399 398 397 396 395 394 393 392 391 390 389 388 387 386 385 384 383 382 381 380 379 378 377 376 375 374 373 372 371 370 369 368 367 366 365 364 363 362 361 360 359 359 358 357 356 355 354 353 352 351 350 349 348 347 346 345 344 343 342 341 340 339 338 337 336 335 334 333 332 331 330 329 328 327 326 325 324 323 322 321 320 319 318 317 316 315 314 313 312 311 310 309 308 307 306 305 304 303 302 301 300 299 298 297 296 295 294 293 292 291 290 289 288 287 286 285 284 283 282 281 280 279 279 278 277 276 1378 1378 1377 1376 1375 1374 1373 1372 1371 1370 1369 1368 1368 1367 1366 1365 1364 1363 1362 1361 1360 1359 1358 1357 1356 1355 1354 1353 1352 1351 1350 1349 1348 1347 1346 1345 1344 1343 1342 1341 1340 1339 1338 1337 1336 1335 1334 1333 1332 1331 1330 1329 1328 1327 1326 1325 1324 1323 1322 1321 1320 1319 1318 1317 1316 1315 1314 1313 1312 1311 1310 1309 1308 1307 1306 1305 1304 1303 1302 1301 1300 1299 1298 1297 1296 1295 1294 1293 1292 1291 1290 1289 1288 1287 1286 1285 1284 1283 1282 1281 1280 1279 1278 1277 1276 1275 1274 1273 1272 1271 1270 1269 1268 1267 1266 1265 1264 1263 1262 1261 1260 1259 1258 1257 1256 1255 1254 1253 1252 1251 1250 1249 1248 1247 1246 1245 1244 1243 1242 1241 1240 1239 1238 1237 1236 1235 1234 1233 1232 1231 1230 1229 1228 1227 1226 1225 1224 1223 1222 1221 1220 1219 1218 1217 1216 1215 1214 1213 1212 1211 1210 1209 1208 1207 1206 1205 1204 1203 1202 1201 1200 1199 1198 1197 1196 1195 1194 1193 1192 1191 1190 1189 1188 1187 1186 1185 1184 1184 1183 1182 1181 1180 1179 1178 1177 1176 1175 1174 1173 1172 1171 1170 1169 1168 1167 1166 1165 1164 1163 1162 1161 1160 1159 1158 1157 1156 1155 1154 1153 1152 1151 1150 1149 1148 1148 1147 1146 1145 1144 1143 1142 1141 1140 1139 1139 1138 1137 1136 1135 1134 1133 1132 1131 1130 1129 1128 1127 1126 1125 1124 1123 1122 1121 1120 1119 1118 1117 1116 1115 1114 1113 1112 1111 1110 1109 1108 1107 1106 1105 1104 1103 1102 1101 1100 1099 1098 1097 1096 1095 1094 1093 1092 1091 1090 1089 1088 1087 1086 1085 1084 1083 1082 1081 1080 1079 1078 1077 1076 1075 1074 1073 1073 1072 1071 1070 1069 1068 1067 1066 1065 1064 1063 1062 1061 1060 1059 1058 1057 1056 1055 1054 1053 1052 1052 1051 1050 1049 1048 1047 1046 1045 1044 1043 1042 1041 1040 1039 1038 1037 1036 1035 1034 1033 1032 1031 1030 1029 1028 1027 1026 1025 1024 1023 1022 1022 1021 1020 1019 1018 1017 1016 1015 1014 1013 1012 1011 1010 1009 1008 1007 1006 1005 1004 1004 1003 1002 1001 1000 999 998 997 996 995 994 994 993 992 991 990 989 988 987 986 985 984 983 982 1446 1445 1444 1443 1442 1441 1440 1439 1438 1437 1436 1435 1434 1433 1432 1431 1430 1430 1429 1428 1427 1426 1425 1424 1423 1422 1421 1420 1420 1419 1418 1417 1416 1415 1414 1413 1412 1411 1410 1409 1408 1407 1406 1405 1404 1403 1402 1401 1400 1399 1398 1397 1397 1396 1395 1394 1393 1392 1391 1390 1389 1388 1387 1386 1385 1384 1383 1382 2556 2555 2554 2553 2552 2551 2550 2549 2548 2547 2546 2545 2544 2543 2542 2541 2540 2539 2538 2537 2536 2535 2535 2534 2533 2532 2531 2531 2530 2529 2528 2527 2526 2525 2524 2523 2522 2521 2520 2519 2518 2517 2516 2515 2514 2513 2512 2511 2510 2509 2508 2508 2507 2506 2505 2504 2503 2502 2501 2500 2499 2498 2497 2496 2495 2494 2493 2492 2491 2490 2489 2488 2487 2486 2485 2484 2483 2482 2481 2480 2479 2478 2477 2476 2475 2474 2473 3123 3122 3121 3120 3119 3118 3117 3116 3115 3114 3113 3112 3111 3110 3109 3108 3107 3106 3105 3104 3103 3102 3101 3100 3099 3098 3097 3096 3095 3094 3093 3092 3091 3090 3089 3088 3087 3086 3085 3084 3084 3083 3082 3081 3080 3079 3078 3077 3076 3075 3074 3073 3072 3071 3070 3070 3069 3068 3067 3066 3065 3064 3064 3064 3063 3062 3062 3061 3060 3059 3058 3057 3056 3055 3054 3053 3052 3051 3050 3049 3048 3047 3046 3045 3045 3044 3043 3042 3041 3040 3039 3038 3037 3036 3035 3034 3033 3032 3031 3030 3029 3028 3027 3026 3025 3024 3023 3022 3021 3020 3019 3018 3017 3016 
1205 204 203 202 201 200 199 198 197 196 195 194 193 192 191 190 189 188 187 186 185 184 183 182 181 180 179 178 177 176 175 174 173 172 171 170 579 578 577 576 575 574 573 572 571 705 704 703 702 701 700 699 698 697 696 695 694 693 692 691 690 689 688 688 687 686 685 684 683 682 681 680 679 678 677 676 675 674 673 672 671 670 669 668 667 666 665 664 663 662 661 660 659 658 657 656 655 654 653 652 651 650 649 648 647 646 645 644 643 642 641 640 639 638 637 636 635 634 633 632 631 630 629 628 627 626 625 624 623 622 621 2456 2455 2454 2453 2452 2451 2450 2449 2448 2447 2446 2445 2444 2443 2442 2441 2440 2439 2438 2437 2436 2435 2434 2433 2432 2431 2430 2429 2428 2427 2426 2425 2424 2423 2422 2421 2420 2419 2418 2417 2416 2415 2414 2413 2413 2412 2411 2410 2409 2408 2407 2406 2405 2404 2403 2402 2401 2400 2399 2398 2397 2396 2395 2394 2393 2392 2391 2390 2389 2388 2387 2386 2385 2384 2383 2382 2381 2380 2379 2378 2377 2376 2375 2374 2373 2372 2371 2370 2369 2368 2367 2366 2365 2364 2363 2362 2361 2360 2359 2358 2357 2356 2355 2354 2353 2352 2351 2350 2349 2348 2347 2346 2345 2344 2343 2342 2341 2340 2339 2338 2337 2336 2335 2334 2333 2332 2331 2330 2329 2328 2327 2326 2325 2324 2323 2322 2321 2320 2319 2318 2317 2316 2315 2314 2313 2312 2311 2310 2309 2308 2307 2306 2305 2304 2303 2302 2301 2300 2299 2298 2297 2296 2295 2294 2293 2292 2292 2291 2290 2289 2288 2287 2286 2285 2284 2283 2282 2281 2280 2279 2278 2277 2276 2275 2274 2273 2272 2271 2270 2269 2268 2268 2267 2266 2265 2264 2263 2262 2261 2260 2259 2258 2258 2257 2256 2255 2254 2253 2252 2251 2250 2249 2248 2248 2247 2246 2245 2244 2243 2242 2241 2240 2239 2238 2237 2236 2235 2234 2233 2232 2231 2230 2229 2228 2227 2226 2225 2224 2223 2222 2221 2220 2219 2218 2217 2216 2215 2214 2213 2212 2211 2210 2209 2208 2207 2206 2205 2204 2203 2202 2201 2200 2199 2198 2197 2196 2195 2194 2193 2192 2191 2190 2189 2188 2187 2187 2186 2185 2184 2183 2182 2181 2180 2179 2178 2178 2177 2176 2175 2174 2173 2173 2172 2171 2170 2169 2168 2167 2166 2165 2164 2163 2162 2161 2160 2159 2158 2157 2156 2155 2154 2153 2152 2151 2150 2149 2148 2148 2147 2146 2145 2144 2143 2142 2141 2140 2139 2138 2137 2136 2135 2134 2133 2133 2132 2132 2131 2130 2129 2128 2127 2126 2126 2125 2124 2123 2122 2121 2120 2119 2118 2117 2116 2115 2114 2113 2112 2111 2110 2109 2108 2107 2106 2106 2105 2104 2103 2102 2101 2100 2099 2098 2097 2096 2095 2094 2093 2092 2091 2090 2089 2088 2087 2086 2085 2084 2083 2082 2081 2080 2079 2078 2077 2076 2075 2074 2073 2072 2071 2070 2069 2068 2067 2066 2065 2064 2063 2062 2061 2060 2059 2058 2057 2056 2055 2054 2053 2052 2051 2050 2049 2048 2047 2046 2045 2044 2043 2042 2041 2040 2039 2038 2037 2036 2035 2034 2033 2032 2031 2030 2029 2028 2027 2026 2025 2024 2023 2022 2021 2021 2020 2019 2018 2017 2016 2015 2014 2013 2012 2011 2010 2009 2008 2007 2006 2005 2004 2003 2002 2001 2000 1999 1998 1997 1996 1995 1994 1993 1992 1991 1990 1989 1988 1987 1986 1985 1984 1983 1982 1981 1980 1979 1978 1977 1976 1975 1974 1973 1972 1971 1970 1969 1968 1967 1966 1965 1964 1963 1962 1961 1960 1959 1958 1957 1956 1955 1954 1953 1952 1951 1950 1949 1948 1947 1946 1945 1944 1943 1942 1941 1940 1939 1938 1937 1936 1935 1934 1933 1932 1931 1930 1929 1928 1927 1926 1925 1924 1923 1922 1921 1920 1919 1918 1917 1916 1915 1914 1913 1912 1911 1910 1909 1908 1907 1906 1905 1904 1903 1902 1901 1900 1899 1898 1897 1896 1895 1894 1893 1892 1891 1890 1889 1888 1887 1886 1885 1884 1883 1882 1881 1880 1879 1878 1877 1876 1875 1874 1873 1872 1871 1870 1869 1868 1867 1866 1865 1864 1863 1862 1861 1860 1859 1858 1857 1856 1855 1854 1853 1852 1851 1850 1849 1848 1847 1846 1845 1844 1843 1842 1841 1840 1839 1838 1837 1836 1835 1834 1833 1832 1831 1830 1829 1828 1827 1826 1825 1824 1823 1822 1821 1820 1819 1818 1817 1816 1815 1814 1813 1812 1811 1810 1809 1808 1807 1806 1805 1804 1803 1802 1801 1800 1799 1798 1797 1796 1795 1794 1793 1793 1792 1791 1790 1789 1788 1787 1786 1785 1784 1783 1782 1781 1780 1779 1778 1777 1776 1775 1774 1773 1772 1771 1770 1769 1768 1767 1766 1765 1764 1763 1762 1761 1760 1759 1758 1757 1756 1755 1754 1753 1752 1751 1750 1749 1748 1747 1746 1745 1744 1743 1742 1741 1740 1739 1738 1737 1736 1736 1735 1734 1733 1732 1732 1731 1730 1729 1728 1727 1726 1725 1724 1723 1722 1722 1721 1720 1719 1718 1717 1716 1715 1714 1713 1713 1712 1711 1710 1710 1709 1708 1707 1706 1705 1704 1703 1702 1701 1700 1699 1698 1697 1696 1695 1694 1693 1692 1691 1690 1690 1689 1688 1688 1687 1686 1685 1684 1683 1682 3391 3390 3389 3388 3387 3386 3385 3384 3383 3382 3381 3380 3379 3378 3377 3376 3375 3374 3373 3372 3371 3370 3369 3368 3367 3366 3365 3364 3363 3362 3361 3360 3359 3358 3357 3356 3355 3354 3353 3352 3351 3350 3349 3348 3347 3346 3345 3344 3343 3342 3342 3341 3340 3339 3338 3337 3336 3335 3334 3334 3333 3332 3331 3330 3329 3328 3327 3326 3325 3324 3323 3322 3321 3320 3319 3318 3317 3316 3315 3314 3313 3312 3311 3310 3309 3308 3307 3306 3305 3304 3303 3302 3301 3300 3300 3299 3298 3297 3296 3295 3294 3293 3292 3291 3290 3289 3288 3288 3287 3286 3285 3285 3284 3283 3282 3281 3280 3279 3279 3278 3277 3276 3275 3274 3273 3272 3271 3270 3269 3268 3267 3266 3265 3264 3263 3262 3261 3260 3259 3258 3257 3256 3255 3254 3253 3252 3251 3250 3249 3248 3247 3246 3245 3244 3243 3242 3241 3240 3239 3238 3238 3237 3237 3236 3235 3234 3233 3232 3231 3230 3229 3228 3227 3226 3225 3224 3223 3222 3221 3220 3219 3218 3217 3216 3215 3214 3214 3213 3212 3211 3210 3209 3208 3207 3206 3205 3204 3203 3202 3201 3200 3199 3198 3197 3196 3195 3194 3193 3192 3191 3190 3189 3188 3187 3186 3185 3184 3183 3182 3181 3180 3179 3178 3177 3176 3175 3174 3173 3172 3171 3170 3169 3168 3167 3166 3165 3164 3163 3162 3161 3160 3159 3158 3157 3156 3155 3154 3153 3152 3151 3150 3149 3148 3147 3146 3145 3144 3143 3142 3141 3140 3139 3138 3137 3136 3135 3134 3133 3132 3131 3130 3129 3129 3128 3127 3126 3125 3124 
1318 204 203 202 201 200 199 198 197 196 195 194 193 192 191 190 189 188 187 186 185 184 183 182 181 180 179 178 177 176 175 174 173 172 171 170 579 578 577 576 575 574 573 572 571 705 704 703 702 701 700 699 698 697 696 695 694 693 692 691 690 689 688 688 687 686 685 684 683 682 681 680 679 678 677 676 675 674 673 672 671 670 669 668 667 666 665 664 663 662 661 660 659 658 657 656 655 654 653 652 651 650 649 648 647 646 645 644 643 642 641 640 639 638 637 636 635 634 633 632 631 630 629 628 627 626 625 624 623 622 621 2456 2455 2454 2453 2452 2451 2450 2449 2448 2447 2446 2445 2444 2443 2442 2441 2440 2439 2438 2437 2436 2435 2434 2433 2432 2431 2430 2429 2428 2427 2426 2425 2424 2423 2422 2421 2420 2419 2418 2417 2416 2415 2414 2413 2413 2412 2411 2410 2409 2408 2407 2406 2405 2404 2403 2402 2401 2400 2399 2398 2397 2396 2395 2394 2393 2392 2391 2390 2389 2388 2387 2386 2385 2384 2383 2382 2381 2380 2379 2378 2377 2376 2375 2374 2373 2372 2371 2370 2369 2368 2367 2366 2365 2364 2363 2362 2361 2360 2359 2358 2357 2356 2355 2354 2353 2352 2351 2350 2349 2348 2347 2346 2345 2344 2343 2342 2341 2340 2339 2338 2337 2336 2335 2334 2333 2332 2331 2330 2329 2328 2327 2326 2325 2324 2323 2322 2321 2320 2319 2318 2317 2316 2315 2314 2313 2312 2311 2310 2309 2308 2307 2306 2305 2304 2303 2302 2301 2300 2299 2298 2297 2296 2295 2294 2293 2292 2292 2291 2290 2289 2288 2287 2286 2285 2284 2283 2282 2281 2280 2279 2278 2277 2276 2275 2274 2273 2272 2271 2270 2269 2268 2268 2267 2266 2265 2264 2263 2262 2261 2260 2259 2258 2258 2257 2256 2255 2254 2253 2252 2251 2250 2249 2248 2248 2247 2246 2245 2244 2243 2242 2241 2240 2239 2238 2237 2236 2235 2234 2233 2232 2231 2230 2229 2228 2227 2226 2225 2224 2223 2222 2221 2220 2219 2218 2217 2216 2215 2214 2213 2212 2211 2210 2209 2208 2207 2206 2205 2204 2203 2202 2201 2200 2199 2198 2197 2196 2195 2194 2193 2192 2191 2190 2189 2188 2187 2187 2186 2185 2184 2183 2182 2181 2180 2179 2178 2178 2177 2176 2175 2174 2173 2173 2172 2171 2170 2169 2168 2167 2166 2165 2164 2163 2162 2161 2160 2159 2158 2157 2156 2155 2154 2153 2152 2151 2150 2149 2148 2148 2147 2146 2145 2144 2143 2142 2141 2140 2139 2138 2137 2136 2135 2134 2133 2133 2132 2132 2131 2130 2129 2128 2127 2126 2126 2125 2124 2123 2122 2121 2120 2119 2118 2117 2116 2115 2114 2113 2112 2111 2110 2109 2108 2107 2106 2106 2105 2104 2103 2102 2101 2100 2099 2098 2097 2096 2095 2094 2093 2092 2091 2090 2089 2088 2087 2086 2085 2084 2083 2082 2081 2080 2079 2078 2077 2076 2075 2074 2073 2072 2071 2070 2069 2068 2067 2066 2065 2064 2063 2062 2061 2060 2059 2058 2057 2056 2055 2054 2053 2052 2051 2050 2049 2048 2047 2046 2045 2044 2043 2042 2041 2040 2039 2038 2037 2036 2035 2034 2033 2032 2031 2030 2029 2028 2027 2026 2025 2024 2023 2022 2021 2021 2020 2019 2018 2017 2016 2015 2014 2013 2012 2011 2010 2009 2008 2007 2006 2005 2004 2003 2002 2001 2000 1999 1998 1997 1996 1995 1994 1993 1992 1991 1990 1989 1988 1987 1986 1985 1984 1983 1982 1981 1980 1979 1978 1977 1976 1975 1974 1973 1972 1971 1970 1969 1968 1967 1966 1965 1964 1963 1962 1961 1960 1959 1958 1957 1956 1955 1954 1953 1952 1951 1950 1949 1948 1947 1946 1945 1944 1943 1942 1941 1940 1939 1938 1937 1936 1935 1934 1933 1932 1931 1930 1929 1928 1927 1926 1925 1924 1923 1922 1921 1920 1919 1918 1917 1916 1915 1914 1913 1912 1911 1910 1909 1908 1907 1906 1905 1904 1903 1902 1901 1900 1899 1898 1897 1896 1895 1894 1893 1892 1891 1890 1889 1888 1887 1886 1885 1884 1883 1882 1881 1880 1879 1878 1877 1876 1875 1874 1873 1872 1871 1870 1869 1868 1867 1866 1865 1864 1863 1862 1861 1860 1859 1858 1857 1856 1855 1854 1853 1852 1851 1850 1849 1848 1847 1846 1845 1844 1843 1842 1841 1840 1839 1838 1837 1836 1835 1834 1833 1832 1831 1830 1829 1828 1827 1826 1825 1824 1823 1822 1821 1820 1819 1818 1817 1816 1815 1814 1813 1812 1811 1810 1809 1808 1807 1806 1805 1804 1803 1802 1801 1800 1799 1798 1797 1796 1795 1794 1793 1793 1792 1791 1790 1789 1788 1787 1786 1785 1784 1783 1782 1781 1780 1779 1778 1777 1776 1775 1774 1773 1772 1771 1770 1769 1768 1767 1766 1765 1764 1763 1762 1761 1760 1759 1758 1757 1756 1755 1754 1753 1752 1751 1750 1749 1748 1747 1746 1745 1744 1743 1742 1741 1740 1739 1738 1737 1736 1736 1735 1734 1733 1732 1732 1731 1730 1729 1728 1727 1726 1725 1724 1723 1722 1722 1721 1720 1719 1718 1717 1716 1715 1714 1713 1713 1712 1711 1710 1710 1709 1708 1707 1706 1705 1704 1703 1702 1701 1700 1699 1698 1697 1696 1695 1694 1693 1692 1691 1690 1690 1689 1688 1688 1687 1686 1685 1684 1683 1682 3391 3390 3389 3388 3387 3386 3385 3384 3383 3382 3381 3380 3379 3378 3377 3376 3375 3374 3373 3372 3371 3370 3369 3368 3367 3366 3365 3364 3363 3362 3361 3360 3359 3358 3357 3356 3355 3354 3353 3352 3351 3350 3349 3348 3347 3346 3345 3344 3343 3342 3342 3341 3340 3339 3338 3337 3336 3335 3334 3334 3333 3332 3331 3330 3329 3328 3327 3326 3325 3324 3323 3322 3321 3320 3319 3318 3317 3316 3315 3314 3682 3681 3680 3679 3678 3677 3676 3675 3674 3673 3672 3671 3670 3669 3668 3667 3666 3665 3664 3663 3662 3661 3660 3659 3658 3657 3656 3655 3654 3653 3652 3651 3650 3649 3648 3647 3646 3645 3644 3644 3643 3642 3641 3640 3639 3638 3637 3636 3636 3635 3634 3633 3632 3631 3630 3629 3628 3627 3626 3625 3624 3623 3622 3621 3620 3619 3618 3617 3616 3615 3615 3614 3613 3612 3611 3610 3609 3608 3607 3606 3605 3604 3603 3602 3601 3600 3599 3598 3597 3596 3595 3594 3593 3592 3591 3590 3589 3588 3587 3586 3585 3584 3583 3582 3581 3581 3580 3579 3578 3577 3576 3575 3574 3573 3573 3572 3571 3570 3569 3568 3567 3566 3565 3564 3563 3562 3561 3560 3559 3558 3558 3557 3556 3555 3554 3553 3552 3551 3550 3549 3548 3547 3547 3546 3545 3544 3543 3542 3541 3540 3539 3538 3537 3536 3535 3534 3533 3532 3531 3531 3530 3530 3529 3529 3528 3528 3527 3527 3526 3525 3524 3524 3523 3522 3521 3520 3519 3518 3517 3516 3515 3515 3514 3513 3512 3511 3510 3509 3508 3507 3506 3505 3504 3503 3502 3501 3500 3499 3498 3498 3497 3496 3495 3494 3493 3492 3491 3490 3489 3488 3487 3486 3485 3484 3483 3482 3481 3480 3479 3478 3477 3476 3476 3475 3474 3473 3472 3471 3470 3469 3468 3467 3466 3465 3464 3463 3462 3461 3461 3460 3459 3458 3457 3456 3456 3455 3454 3453 3452 3452 3451 3450 3449 3448 3448 3447 3446 3445 3444 3443 3442 3441 3440 3439 3438 3437 3436 3435 3434 3433 3432 3431 3430 3429 3428 3427 3426 3425 3424 3423 3422 3421 3420 3419 3418 3417 3416 3415 3414 3413 3412 3411 3410 3409 3408 3407 3406 3405 3404 3403 3402 3401 3400 3399 3398 3397 3396 3395 3394 3393 3392 
58 204 203 202 201 200 199 198 197 196 195 194 193 192 191 190 189 188 187 186 185 184 183 182 181 180 179 178 177 176 175 174 173 172 171 170 579 578 577 576 575 574 573 572 571 705 704 703 702 701 700 699 698 697 696 695 694 3684 3683 

POINT_DATA 3685
FIELD FieldData 3
MaximumInscribedSphereRadius 1 3685 double
2.6498403724 2.6496641041 2.6418556977 2.6245533665 2.6280263137 2.6654817926 2.6675445884 2.6684121249 2.6955987028 
2.7490488742 2.7572504983 2.7776415991 2.8113952174 2.839899251 2.8753988945 2.8830423554 2.8872220423 2.9419587383 
2.9363257188 2.8530737607 2.8519312677 2.8272077455 2.8010161759 2.7941490857 2.7970372052 2.8025174705 2.7850367217 
2.7845584911 2.6829392136 2.756763776 2.6836847167 2.6665875276 2.6816830487 2.7707991421 2.7808888274 2.8212246337 
2.8530183757 2.8789172068 2.9554267161 2.973667608 2.9823882152 2.8927355396 2.776501047 2.7541509147 2.7616547211 
2.7611867725 2.7236353406 2.7098883882 2.6985720293 2.7384172502 2.7431814079 2.7440372721 2.780351841 2.7802635324 
2.7527767758 2.6612218503 2.6501136703 2.6297526251 2.5601365994 2.5618125484 2.5756252225 2.6790440733 2.600857851 
2.6705629044 2.7049215791 2.7080061839 2.8909582493 2.9875957263 3.0517116039 3.0650133913 3.0906932456 3.1549539549 
3.1556494312 3.1735036428 3.2393525545 3.2484974324 3.3090625567 3.3359989956 3.3371386349 3.3674469719 3.3783181696 
3.3650705064 3.331788819 3.2410297763 3.1803472013 3.1472098547 3.0601709658 3.057767805 3.0406695362 3.0372065685 
3.1444045814 3.2158880239 3.2193745618 3.2180178259 3.2413479018 3.4292481698 3.4690650822 3.5586761417 3.5776173919 
3.5852580961 3.6155416287 3.8045199391 3.8048235999 3.8080393134 3.772351632 3.7727227362 3.770305203 3.5931785681 
3.4970974049 3.5019233792 3.5047989548 3.5946845108 3.5950149337 3.6772902365 3.7089084396 3.851076774 3.9624693516 
3.9982689596 4.1769872899 4.1979723742 4.2322393369 4.3595223213 4.4580826742 4.6024720763 4.6050003045 4.6229853226 
4.7139929516 4.7511293006 4.9790831342 5.0779010419 5.1598160601 5.2669509668 5.3690513623 5.7234155171 5.8542397942 
5.9993600066 6.0707581804 6.088807101 6.1215662734 6.3712305631 6.4048718299 6.6270517608 6.7000825435 6.7149999598 
6.743338225 6.9223783764 6.9292551218 6.6992693845 6.6804075459 6.5746575077 6.5498287316 6.3181517254 6.2364354971 
6.2600271098 6.585221837 6.839726639 6.8472578481 7.08052607 7.2108827176 7.3103876264 7.4786897531 8.3896978746 
8.9999457793 9.0579002636 9.1979860463 9.23402478 9.3117288506 10.196056803 10.268452147 11.602616737 11.760107243 
11.863958902 11.873921395 11.741620233 11.694612617 11.658451785 11.610151994 11.628183729 11.833763408 12.109309749 
12.310182417 12.724428807 12.73196761 12.966214747 13.169469936 13.430086777 13.623851997 13.964682495 13.919061594 
13.773700098 13.747031654 13.982212375 13.981948718 13.894470222 13.698809376 13.646439277 13.697811918 13.689609847 
13.621389781 13.583570224 13.465679647 13.453354474 13.428437522 13.24198378 10.015602182 1.4076076812 1.364993835 
1.319904224 1.3661726029 1.321716526 1.3216957697 1.3234251635 1.3466585995 1.3498308233 1.3261326611 1.3710572905 
1.381510242 1.440679392 1.4425371191 1.4642183665 1.4708244084 1.4881341505 1.4800757701 1.4336375753 1.4210750764 
1.4385527809 1.4218161539 1.4278634824 1.5086546463 1.5291601706 1.5443699121 1.5146885425 1.5340638607 1.6003100346 
1.6046346138 1.6185123976 1.6154664145 1.6158067665 1.617056593 1.6280680784 1.6505111893 1.6731986631 1.6958442513 
1.7058100005 1.7128097724 1.8165620985 1.8477953119 1.8469604357 1.8261861242 1.8111463924 1.8144416191 1.894081519 
1.9323916703 2.0616552854 2.0620941805 2.1713790579 2.4934363731 2.5740268043 2.5915560684 2.6285210639 2.6908405362 
2.7053262004 3.0956732953 3.4366153877 3.4539396293 3.5689607421 3.6121386004 3.6841267114 3.6941523923 3.6864088498 
3.2779802379 3.2964874393 3.2716139442 3.2622531503 3.249728031 3.2465415112 3.0882954201 3.0737010449 3.0004714454 
3.0030738434 3.0042372679 2.9377914882 2.9388504604 2.9567288467 2.9585690574 2.9623823362 2.9622452633 2.941480688 
2.9743604995 2.9820176173 2.9561712133 2.9496962156 2.9389554038 2.9332486951 2.939134963 2.9397159202 3.0445473281 
3.0833100586 3.0832744046 3.097830676 3.103020805 3.1122258295 3.1212687056 3.0679437137 3.0800151097 3.0820581032 
3.1154092653 3.1107676852 3.1284493162 3.1291967093 3.0640154008 3.1067594489 3.1827829609 3.2081941667 3.2401575396 
3.259997903 3.261664357 3.2590274356 3.2293088902 3.2291892066 3.2120339298 3.2265208312 3.2227305627 3.2020472665 
3.1946128499 3.2240879983 3.2035104841 3.1080111608 3.1345259464 3.1380043101 3.1410283008 3.1539915353 3.1527165805 
3.0808635135 3.1239014283 3.1243927949 3.1484697567 3.1551886454 3.1292385419 3.1265070694 3.1269789657 3.1253338896 
3.1307088578 3.1309373464 3.1223269013 3.124301834 3.1126423435 3.0760707721 3.0260467127 3.0570697901 3.0731592806 
3.0895257094 3.0852607345 3.0335721352 3.0138719335 3.0024184575 3.034296226 3.0314350819 3.0521784501 3.0558096605 
3.0473249477 3.0078093589 2.9839228491 2.9838139178 3.0022457718 3.0059765494 3.1481013397 3.1890241882 3.1705091609 
3.0055280638 3.0020289501 3.0017156548 3.0323275164 3.0288759424 3.0288753995 3.0154967343 2.9765433069 2.9996834306 
3.0293345826 3.0507080805 3.0862849815 3.0903957722 3.0918627005 3.1687093817 3.2203472223 3.2264006075 3.2313750024 
3.2307410898 3.2095628288 3.2723294178 3.267115139 3.2682454192 3.1843984055 3.2103709414 3.2665336601 3.2690744659 
3.2907929495 3.2661368712 3.2431040078 3.2209789918 3.217581019 3.1948697394 3.2133111727 3.2124435938 3.2118128581 
3.2104182818 3.1297082671 3.1276991446 3.1283017374 3.0842134284 3.0538411457 3.0489063496 2.9263599333 2.9424849418 
2.9854202384 3.0441072119 3.0189599903 3.0237339892 3.1104613132 3.1199937315 3.1250014747 3.1414877451 3.2160632325 
3.2161797759 3.2107610034 3.2036844623 3.1958742331 3.2240751574 3.3075841944 3.3779532028 3.3794046058 3.2262430257 
3.228028531 3.2350255033 3.1934066893 3.1933995859 3.22790854 3.2281856335 3.2367341996 3.2366475409 3.2594722657 
3.2676162203 3.2729242865 3.3018753718 3.2628759841 3.218717223 3.1775019256 3.1823942378 3.2063807503 3.0744830274 
2.8382693777 2.8289991415 2.6874603991 2.7196488741 2.7247043087 2.7312082483 2.7726181582 2.8021749953 2.7924897594 
2.7333814767 2.7738944822 2.8831193349 2.9106454522 2.9228577433 2.921544889 2.8091972316 2.7515395953 2.7512036263 
2.7355483169 2.6908196562 2.7124212839 2.7613304003 2.7624934861 2.7850355683 2.7825194207 2.7814503402 2.784842972 
2.7850493102 2.8020378236 2.8080168917 2.8081795299 2.8283466733 2.8789862619 2.8763946392 2.859328481 2.9046276323 
2.9274682246 2.9309350855 2.9463834939 2.946472699 2.9501003755 2.9511207557 2.9520666902 2.9576513142 2.9994519335 
3.0059413128 3.0171055688 3.02048501 3.0231286514 3.0481625324 3.0596653985 3.0590348828 3.0348337506 3.0184433812 
3.1415809578 3.2053308526 3.2579181077 3.2625584017 3.2654433182 3.1996831255 3.2931890738 3.3272142202 3.3752556888 
3.3342302324 3.2789294898 3.3044712829 3.2599803798 3.064747374 3.0630907964 3.0589098343 3.054750794 2.9734562884 
3.0222593326 3.0621461829 3.0881829002 3.1198539151 3.1451211148 3.1773236803 3.134449878 3.1599996478 3.3137990249 
3.3139475937 3.3089967148 3.4164314721 3.3993565084 3.3989619445 3.4338046966 3.4360745151 3.4481384887 3.4515492258 
3.4666351996 3.4981367357 3.6169418342 3.8039442451 3.819989959 3.8579601324 3.9448262763 3.9901263373 4.4388384227 
4.6832481615 4.688234935 4.8859497253 4.9568505549 5.0502587277 5.4628960679 5.6033233763 5.9075001216 6.4838589455 
7.0638765206 7.7103080449 7.9253044681 8.4103298648 8.9305003819 9.7107182408 9.7645797262 10.686951952 10.7794522 
11.216866039 11.224488519 12.123981223 12.40559479 11.830583062 11.742504297 11.272349489 11.035808014 11.032424401 
11.029827159 11.096103899 11.575556274 11.67414384 4.8416684471 4.9743069891 5.1563823488 5.3422948322 5.4933968113 
5.4987632726 5.9142916473 5.9155083081 5.9220950923 5.9086449439 5.9044812618 5.7394480987 5.7369507792 5.5971602361 
5.5170305239 5.4580314989 5.4499876916 5.2685987778 5.2575765778 5.2496280964 5.2141542231 4.8324714179 4.6307458986 
4.5046984518 4.3763487427 4.2008753106 4.017080449 4.0731358512 4.3402429886 4.6828401537 4.7560784293 4.7904512729 
4.9401440319 5.0071644151 5.0827853461 5.3182927791 5.5049173876 5.5146672888 5.822894041 5.8522492523 5.8650081544 
5.9026062258 5.9910584563 6.0062910565 6.0347640125 6.0459531971 6.3356894122 6.571048749 6.6055123789 6.599611261 
6.7325024573 6.793247332 6.7920545667 6.7573169871 6.7274904839 6.5169522485 6.5169290733 6.5163728696 6.5313687025 
6.5322633135 6.5033633694 6.5910056869 6.593390947 6.6140149301 6.5494868521 6.5272949325 6.493093758 6.5823196864 
6.6405133269 6.6019245618 6.4667642987 6.3732197186 6.3039373454 6.202511209 6.3145622064 6.3224364866 6.3170213864 
6.2724741601 6.2134270225 6.3305295678 6.3115547497 6.2806902467 6.0860526993 6.094059858 6.0842941321 6.0710691898 
6.2242494369 6.2324780874 6.2640531552 6.3269369074 6.4407788311 6.4468731209 6.4518278837 6.4964941551 6.6132910621 
6.6454832646 6.7013295692 6.9787748179 7.722683265 7.7959392773 8.3343603077 8.5656078169 9.3702699955 9.5665281162 
9.8002833975 9.9671026663 9.9832914881 10.545391374 11.124366243 11.13451006 12.205267304 12.137079717 12.22568063 
12.257826178 12.18440946 13.17053553 13.296052114 13.302082386 13.559836878 13.480511334 12.895703963 12.890787949 
12.726794447 12.683292881 12.651507422 12.501445409 2.3203764181 2.3729350471 2.4137192152 2.4162232435 2.5517562616 
2.5574915623 2.5904843453 2.5947710778 2.5749490821 2.599563205 2.7064010123 2.7570616876 2.7527008197 2.7968638182 
2.8338536064 2.8494617389 2.9001335776 2.9038402609 2.8679565437 2.8722184515 2.907893184 3.0450534316 3.0456127299 
3.0730183432 3.0735320536 3.075580173 3.1195487672 3.130695876 3.1758534244 3.2266755116 3.2603182744 3.3128650576 
3.3373738625 3.3391658943 3.4120039185 3.4839470764 3.5389428718 3.5388046024 3.5077864971 3.4854591592 3.4551507408 
3.4374095431 3.4388740067 3.5102335818 3.5425248474 3.5478714908 3.5306022178 3.5657155548 3.6080466456 3.6054032791 
3.6054532477 3.5211927845 3.561036342 3.5632336615 3.579153367 3.5915749058 3.6016938628 3.5584748044 3.5366041765 
3.4527357532 3.4492374774 3.4429578168 3.4277253563 3.3860711809 3.3641465917 3.3255615898 3.362741517 3.3626773505 
3.3466998985 3.540326497 3.5412524647 3.5405691382 3.8076190843 3.8371827733 4.0182321411 4.0879527102 4.1945477693 
4.5793753233 4.6564613194 4.7206977294 4.8097199894 4.8200498438 4.8815099677 4.9414159899 4.9590217646 4.973785481 
4.9992107602 5.0445466412 5.2246277647 5.3080122679 5.386294224 5.5673335874 5.5897803646 5.6800629032 5.6806458424 
5.6893295158 5.8720491145 5.9078694922 5.9079013588 5.909046152 5.916856616 5.8820809534 5.7435265158 5.7129090254 
5.6921942187 5.6850573612 5.5734483074 1.0589243411 0.93007280749 0.97606357379 1.023894634 1.0449399736 1.1086184643 
1.1041210384 1.0872239129 1.1046851721 1.0773477966 1.0096580262 1.0102082638 1.0169322615 0.99837624135 1.0097652175 
1.0733685092 1.2287373982 1.2529969142 1.2549185537 1.2556234686 1.2415882454 1.1585326836 1.1488840594 1.1074755529 
1.0987366432 1.1198764267 1.1393633968 1.1403603358 1.1478175705 1.1477176853 1.1319785262 1.1251764312 1.1384419709 
1.1385822767 1.1442880486 1.218241277 1.2208284344 1.2218580879 1.2253423104 1.18216812 1.1554982519 1.1722633887 
1.1535615121 1.1886840791 1.1805043771 1.1856312866 1.1893666008 1.1845362563 1.2035973467 1.2244278379 1.2600529641 
1.2768228168 1.2748058534 1.2729340439 1.2728591023 1.2706986844 1.2105911587 1.2207958913 1.2540845011 1.2890811294 
1.3010836838 1.3066502205 1.3096154325 1.2817938503 1.2534521571 1.1766565646 1.1796497838 1.2123931957 1.3082997699 
1.3195202835 1.3195857912 1.3391057645 1.3583701341 1.3422666727 1.357618018 1.3578406173 1.3556333336 1.346057185 
1.3312960996 1.3166188311 1.2605737343 1.2604281999 1.2565311119 1.2284619176 1.1886479596 1.1875495067 1.1850820335 
1.2597005873 1.2363926299 1.1601656721 1.156326151 1.1787320621 1.010520731 0.95416128419 0.92744574168 0.92738228826 
0.92427307056 0.93972363577 0.93145098067 0.91933451418 0.91236390612 0.90852150408 0.90906842967 0.93586778368 1.0085934212 
1.0324110737 1.0589062252 1.0601368974 1.0327566842 1.0477216062 1.0460564956 1.0291804768 1.0315707154 1.0441189976 
1.0466771734 1.0483751085 1.0399536241 1.0023922746 1.0252822261 1.0590313157 1.0716077507 1.0545324014 1.0531195152 
1.0515043741 1.0494994499 0.9524912716 0.92451810358 0.93362423282 0.92486941503 0.93701755112 0.93796939827 0.96094182114 
0.97197332668 0.98928664895 1.0208928692 1.0282667903 1.0270916882 1.037496149 1.0824531574 1.0998863557 1.0447846415 
1.0498592678 1.0772906586 1.1580326922 1.1713557292 1.1943261121 1.2066270599 1.2750457704 1.288565867 1.3060859712 
1.3131122234 1.3161043914 1.3227887856 1.3243573789 1.3584386335 1.3852507134 1.499132719 1.5032743984 1.6564102666 
1.7077582305 1.816282457 1.8135490718 1.8200277036 1.9614508101 1.9645169428 1.9851233742 1.9856933626 1.9572936119 
1.9509960251 1.9438335313 1.9497425013 1.9547220298 1.9506341042 1.952644625 1.9101133878 1.9045163718 1.9437195036 
1.9519620938 1.9062696877 1.852250677 1.8536806797 1.8637044489 1.8438810207 1.7829783799 1.7909130454 1.7667335826 
1.7654350668 1.786562871 1.7776088978 1.786200562 1.7882530595 1.7941282622 1.7940893733 1.7883424253 1.8910548572 
1.9256375812 1.9466085212 1.9864307946 1.9230253303 1.9164153318 1.9150965177 1.9372863747 1.9435576533 1.9050853731 
1.8107189881 1.8053285895 1.8405071061 1.7683054268 1.7533362788 1.7646705305 1.7606237129 1.6960848694 1.5809840384 
1.5854904382 1.5867903509 1.5858094283 1.628002813 1.6285423651 1.6725754649 1.7207425234 1.7337156442 1.7361957393 
1.657016251 1.6696196699 1.7002935509 1.6965429134 1.9214369605 2.0071918439 2.0493477469 2.0561601581 2.1145540331 
2.1457015373 2.1520782689 2.1402923857 2.2222171009 2.2229633206 2.2511844261 2.2626973814 2.2545132377 2.2184246373 
2.2376448723 2.2131812297 2.178941545 2.1596884031 2.1652750138 2.1704457628 2.1729807361 2.1438114425 2.1880527417 
2.189420507 1.9983317588 1.9582202891 1.9590738862 2.0293533779 2.0333819906 2.0403659706 1.9359208672 1.9254448312 
1.9303707824 1.9303779337 1.9312646893 1.9305394393 1.9319046594 1.9332453331 1.9211059196 1.9033546829 1.9044068103 
1.9022848675 1.8711154197 1.8643683643 1.8633158345 1.8346558134 1.8501430778 1.8493771675 1.8014849734 1.7966313342 
1.7909207216 1.7718505068 1.7091300255 1.7043870076 1.6948800828 1.6959582683 1.7116614862 1.6928132755 1.6897950045 
1.6525872155 1.6498898177 1.6651229738 1.6802792194 1.6752554061 1.6462681141 1.6499930662 1.6828163834 1.6999296678 
1.6999210791 1.6762648272 1.6809861361 1.6545811077 1.6425046809 1.6645115466 1.6800275856 1.6533735354 1.59847948 
1.5957275526 1.6050901918 1.6318259831 1.6296223627 1.5648158697 1.5500977695 1.463207566 1.4759989838 1.4701376101 
1.4556474563 1.4092058491 1.4066818319 1.3859355774 1.384755547 1.3726448805 1.3703535859 1.3161276721 1.2701079193 
1.2633247559 1.2676582306 1.2922395662 1.2311428068 1.2280337072 1.1524255315 1.1510571104 1.1317108153 1.1066250278 
1.0809843689 1.0925105378 1.0995597125 1.1058815185 1.106162657 1.1761661422 1.1877540903 1.1991017612 1.2534018618 
1.2879902466 1.4514540405 1.4653435709 1.4762174013 1.4750332044 1.514341541 1.5177695357 1.5701955545 1.5784367713 
1.5819602062 1.52762906 1.5252909952 1.7063870373 1.7128591459 1.7246538119 1.7314669874 1.6567289806 1.6574767844 
1.658123348 1.6831234427 1.7225626882 1.7416862761 1.762200559 1.7980300759 1.8105357133 1.8166629935 1.8366908711 
1.8312174026 1.8084488933 1.7914847647 1.784798929 1.7911402719 1.8238960241 1.8239323019 1.8302874972 1.8288288176 
1.831184094 1.8499375163 1.8505810341 1.8699060292 1.8663480508 1.8703726431 1.8757299988 1.8870387533 1.8951421671 
1.8950628934 1.8852329649 1.88056566 1.8802220456 1.9098489906 1.9372410586 1.9397192568 1.9029703457 1.9820591323 
1.9983637212 2.0012056621 1.9921041402 1.9256037607 1.8992596913 1.8888392425 1.9239683404 1.9288748863 2.0097188208 
2.0233097579 1.9354626975 1.9002212181 1.8509119209 1.8547512838 1.7474655682 1.7732768677 1.7790343334 1.7248415984 
1.7622194214 1.7705980999 1.7837641622 1.823051602 1.7225067309 1.7252027077 1.6962752214 1.6311741636 1.6294188209 
1.588472607 1.5829836744 1.5506282769 1.4946270065 1.4860118451 1.4365839916 1.402633162 1.4011783798 1.3868297925 
1.3606916872 1.3335268722 1.3254959487 1.3152841369 1.315153437 1.3279248457 1.3550423346 1.3552297699 1.3568257778 
1.3538722225 1.3250315946 1.3249088441 1.3220596441 1.3075852848 1.2604204442 1.2598105123 1.2530155957 1.2303008524 
1.348697084 1.3718619252 1.3866472864 1.3836393904 1.3906241498 1.3915627889 1.3973234319 1.3932620106 1.3982355407 
1.4079306639 1.4396420989 1.4711422072 1.4747569516 1.478376241 1.4791712776 1.4839809429 1.4843718488 1.4843522822 
1.4542091487 1.4972005693 1.4884609278 1.3717900965 1.3456823175 1.3462921038 1.3757170679 1.376975867 1.4051895818 
1.4188107387 1.3898474187 1.3654171312 1.3933010162 1.3933697962 1.394256294 1.3922048495 1.3949000612 1.3924564172 
1.3678344969 1.3398958367 1.3434889776 1.2947005798 1.3224842947 1.3523285678 1.3648485266 1.3682200968 1.4917999976 
1.5070831241 1.524687601 1.5302688661 1.5988052438 1.6956220783 1.747629069 1.7503795262 1.831375256 1.8537483973 
1.8551145018 1.9311787317 1.9320855397 1.9938755185 2.0475789406 2.0744968107 2.078256028 2.0784092664 2.0974108328 
2.1429384045 2.1639086636 2.2760954582 2.2772920017 2.3055814253 2.4831623611 2.5407530555 2.5511439883 2.5261509095 
2.41802069 2.4160695859 2.4026897294 2.2489043662 2.2485869201 2.1695428245 2.0633905485 2.0335934676 1.9573881557 
1.8133464416 1.7998410589 1.4119881752 1.3760497071 1.3762065847 1.3815532702 1.4084162424 1.524172864 1.6706997759 
1.7742006886 1.9966888385 2.0587725108 2.4220637257 2.4310519074 2.6753889664 2.6916109006 2.7210800319 2.7374615108 
2.8263848405 2.8257264728 2.7467321167 2.642336485 2.5951392883 2.4825833013 2.4870577486 2.5511886132 2.6350208304 
2.7647594663 2.7891886259 2.9449843347 2.9920339257 3.4119507157 3.5835344725 3.6138957679 3.5456228832 3.4859344585 
3.2765832983 3.2414205931 1.8530043165 1.8606205116 1.8709419487 1.816766618 1.8167001294 1.8084555452 1.7946564632 
1.7944207984 1.7739002725 1.7391536793 1.7446807683 1.7237677927 1.6888489335 1.678559574 1.6776585856 1.660371509 
1.6771711304 1.6776492273 1.7010759765 1.6970275136 1.7190621506 1.7237381193 1.7254446342 1.7254688196 1.7306913536 
1.7727301855 1.733007534 1.7255722627 1.7263849833 1.6761027013 1.6872916592 1.6880579675 1.659728313 1.6603705575 
1.713440478 1.7184103072 1.7249641965 1.7310261631 1.7309958944 1.7295127287 1.7297699213 1.7616618048 1.7620251236 
1.7670640306 1.7909488466 1.7961933633 1.8015380378 1.8103605105 1.9088205575 1.9121425168 1.9178265723 1.929820697 
1.9535298135 1.972450933 2.0040848674 2.0147546937 2.0389408733 2.0974300313 2.1123920947 2.1144465396 2.0915815354 
2.0735089446 2.0752536381 2.0621154308 1.9908741988 1.9912597232 1.9804041203 1.9551224181 0.81278923129 0.83007882043 
0.83742457539 0.84322303294 0.84235753086 0.82287233382 0.823492766 0.83800301409 0.84515993997 0.86431713898 0.87135098815 
0.86933725104 0.86898009065 0.79242931839 0.78457059315 0.78399289648 0.74809610118 0.72580478699 0.72438775448 0.73548082112 
0.76577869162 0.76597355874 0.76864438454 0.78479777848 0.71720399618 0.68436030247 0.67385134292 0.66893040388 0.66844546163 
0.56508384358 0.62631058797 0.7378184841 0.77804366218 0.82545699241 0.84738080198 0.82325888025 0.80488021976 0.8046384569 
0.7639684507 0.72187270793 0.73266162475 0.73521851891 0.70992878592 0.6487756947 0.70621735142 0.72471019188 0.74110370533 
0.73784392311 0.66679728806 0.69555592415 0.72098163933 0.7420785977 0.73059962876 0.74421080836 0.75078527799 0.81967450096 
0.83638317998 0.88543811725 0.89608387028 0.93888645401 0.97275114613 0.98514379052 0.9987148182 1.0254459297 1.009844691 
1.0144836631 1.015367008 1.0048977964 0.9898984729 0.90725069236 0.9182084518 0.854729812 0.85479815116 0.85539118267 
0.87325413473 0.88901039565 0.88099134855 0.90069683572 0.91343929898 0.92138635143 1.0434396967 1.0558251209 1.071010554 
1.1291522602 1.1226575309 1.144825299 1.1366168588 1.0964449766 1.0869683957 0.68253924288 0.70943913886 0.85035171526 
0.91280165778 0.87331458433 0.79240057022 0.79439588432 0.82521398116 0.81870326967 0.82868279354 0.83777515248 0.79899045272 
0.79836846819 0.7974315032 0.80112013016 0.77817269857 0.69328472333 0.66564147893 0.60731601958 0.54313168871 0.55575787308 
0.58725770658 0.5885266694 0.64013115748 0.6553464767 0.66242026719 0.66222738536 0.68502388725 0.68130376219 0.6503164385 
0.6468821253 0.60341160713 0.59556475084 0.59441795615 0.59442445112 0.59314379312 0.58084410662 0.57754446941 0.57873074881 
0.60070252266 0.63301087649 0.65900816286 0.69746858144 0.72543824896 0.74765234321 0.76860315856 0.77569666227 0.77713154775 
0.7807537129 0.80004191156 0.81116093559 0.80556929265 0.73658325908 0.72905353872 0.73362416486 0.79916839407 0.84302814362 
0.85419677174 0.88534663948 0.94464090074 0.9971559516 1.0294992505 1.0672893517 1.1452545291 1.1547930277 1.2547491321 
1.2783929684 1.2548085878 1.0839474283 1.0669384593 1.0615207595 0.70892416069 0.70685601601 0.68967972132 0.61750628581 
0.61967705056 0.62173225232 0.56253854655 0.5639640348 0.66884164824 0.70356295937 0.70598056042 0.70590160737 0.75037545281 
0.72046793532 0.71757411101 0.73410850044 0.7458940268 0.73663622832 0.76954202249 0.77156975515 0.76466646415 0.7339236414 
0.81211860882 0.86645826996 0.87381856865 0.75072489403 0.73840944605 0.62037233231 0.57161641933 0.57124788302 0.55207913129 
0.53768173733 0.3700129255 0.30019910515 0.30077544292 0.29336281149 0.29023912877 0.2823013566 0.33175763428 0.35531360273 
0.33240319138 0.32011944355 0.32562123385 0.33912105737 0.34226371382 0.33149084199 0.28565076869 0.2813962199 0.24002597436 
0.249329961 0.34411442381 0.36022618774 0.27411366256 0.28210319938 0.30919115662 0.3471016846 0.35835992612 0.41058164465 
0.48552937405 0.63306118666 0.67805809983 0.89353698111 0.9362595349 0.98595346963 1.0970919964 1.1007664632 1.1010491263 
1.1013907092 1.2161091759 1.216533948 1.2236731249 1.2351397417 1.3335066028 1.3401953032 1.3398955548 1.3242251775 
1.3434667723 1.3435979994 1.3511964778 1.3666026396 1.3735240503 1.3480537963 1.3438359322 1.3947146929 1.4262290611 
1.4342915616 1.3422319175 1.3451834566 1.3736129515 1.4096405404 1.4135436354 1.3972882708 1.392118945 1.3485886337 
1.3416531741 1.3660287279 1.3907846534 1.4036325249 1.3434130823 1.3428922895 1.3636278748 1.4055395139 1.3165202689 
1.3338952364 1.3404521455 1.3418907957 1.5202834212 1.5377700808 1.5627734387 1.5570383265 1.5159880625 1.5029635215 
1.5030368826 1.5075485906 1.4885681333 1.4685643665 1.4387733055 1.5262048098 1.5413680243 1.6161383169 1.6369263992 
1.654161887 1.7106435456 1.7199690889 1.7398693985 1.6633576498 1.663297034 1.6880764643 1.6950744481 1.7183876744 
1.7213227219 1.7332175293 1.7054200906 1.7066232199 1.7212165548 1.7431496132 1.7469926181 1.7522731764 1.7618202836 
1.7675575923 1.7330973614 1.7335253034 1.7318953411 1.7317999415 1.736707644 1.785632702 1.7925864571 1.8513809053 
2.1236710474 2.2022139795 2.2308558272 2.2506741085 2.271608295 2.27369307 2.2785569869 2.275968556 2.1411152212 
2.1615619329 2.1538143078 2.1534524558 2.1290333743 2.1771937893 2.1961732573 2.2121660629 2.2123055843 2.2131099784 
2.2132004033 2.2357162028 2.2492739601 2.2737125168 2.28690567 2.220894057 2.066326118 2.065339426 2.0323999877 
2.0317021144 2.0141043952 2.0140596487 2.0127060663 2.0053275246 1.9756314049 1.9683404721 1.957703975 1.9574207235 
1.930810222 1.9298588194 1.9557777472 1.9515571325 1.9630342516 1.9527592292 1.9661171562 1.9660029361 1.9612836478 
1.8981148751 1.8988546528 1.8930699795 1.8981062821 1.8984773977 1.8715632404 1.8879552162 1.9014636413 1.9181999322 
1.9401186391 1.9458450814 1.9469877028 1.9590265665 1.9985500865 1.9158905661 1.9148029236 1.9269910361 1.9303990479 
1.974922872 1.9772997743 2.0228501696 2.0331313376 2.0388440271 2.0624668748 2.0208729022 1.9933812971 2.017290074 
2.073378008 2.0837860856 2.0845362779 2.0901463639 1.9914938822 2.0013458842 2.0035054323 2.0057684627 2.0056449719 
1.9560698954 1.9538720882 1.9532284189 1.9751274731 1.9751485057 1.9887975176 2.0322797604 2.028144067 2.0043462775 
1.9710700819 2.0052414642 1.9935875922 1.9332505107 1.958551881 1.9642296858 1.9657697112 1.9834494755 2.0065466197 
2.0161431619 2.0178225051 1.9909066115 1.9183483293 1.8646296782 1.8087077765 1.7789818477 1.7651108861 1.7913169736 
1.8686584282 1.9540971623 2.0630849174 2.113849515 2.1624176692 2.1779864161 2.2309017276 2.2309303291 2.3615225946 
2.3617392567 2.3630633872 2.3344042599 2.3302979452 2.3241927751 2.2957916499 2.2140664646 2.2113130347 2.1985122753 
2.1925588282 2.1219753615 2.1237660371 2.1182017972 2.1380390558 2.1377032705 2.1356491813 2.1376280256 2.1140697436 
2.1012872323 2.0763298606 2.0451207532 2.0415961044 2.1280284968 2.1400408433 2.1374886859 2.1526619758 2.1527542439 
2.1724501153 2.1735820841 2.2431981691 2.2580545771 2.2121666711 2.1250243528 2.1323384418 2.1506797778 2.1596673406 
2.1497166093 2.0654641147 2.073705945 2.0564109614 2.0510571938 2.0486928969 2.0390610179 2.0299868114 1.9894531879 
1.9737556287 1.9970766113 1.9980963765 1.9983268383 2.000449189 2.0507443545 2.0656406128 2.091926531 2.0733110414 
2.0719169134 2.0668817117 2.0237371193 2.0277119034 2.0332440609 2.0033756933 1.9597712908 1.9573524478 1.931244193 
1.9554103712 1.9411835118 1.9228067797 1.8645251546 1.8855525493 1.9008690407 1.9839995271 1.962792951 1.9572531081 
1.9486080882 1.8384888307 1.8400855006 1.8231403673 1.7503834632 1.7507580828 1.7335514667 1.6987039536 1.5797129474 
1.5675516073 1.5368942117 1.4782082278 1.4775863582 1.4633154738 1.4634980902 1.4984282043 1.4990585683 1.4746662743 
1.4671874284 1.4162798244 1.4164536376 1.4380064825 1.445322915 1.4687771445 1.4688728999 1.4411473846 1.3264653187 
1.3249386573 1.3364197114 1.4048163344 1.4258246178 1.4823917902 1.5139670634 1.5197260164 1.5192856326 1.5291328813 
1.5514595003 1.5697640083 1.5799189621 1.5881804291 1.5885823438 1.6133000964 1.650424589 1.6419515414 1.6614512749 
1.6708436583 1.6744664826 1.6744733223 1.6748084685 1.7189239665 1.7640106602 1.7817756333 1.835546647 1.874772336 
1.8821568126 1.8933746239 1.9528510072 1.9552889223 1.9554991011 1.9838525051 1.9867318917 2.0288912436 2.0565717155 
2.0604360638 2.0603048037 2.0462297902 2.0416041026 2.1310858334 2.1653458425 2.2252619815 2.2431565963 2.2544646329 
2.2670978009 2.2884410186 2.2973982216 2.312384086 2.3828355794 2.4290503362 2.4343104462 2.4142337393 2.4232112292 
2.4238895217 2.421211421 2.4353638497 2.4294503073 2.4096242333 2.3036198142 2.2591778734 2.250416736 2.0590126858 
2.0548874477 2.0493124549 2.03685429 1.9499503887 1.9321125252 1.9315850461 1.941694043 1.8889517914 1.8896916334 
1.8911639175 1.8948101567 1.8922947264 1.8931489423 1.8780483421 1.71254509 1.5116374915 1.5130930478 1.5125482631 
1.5115719941 1.5535953753 1.612591781 1.6532218105 1.6797077871 1.6990998791 1.7553739062 1.7652010934 1.8016385435 
1.8021787579 1.8209319136 1.8288009112 1.8291155569 1.8681316145 1.8691695534 1.905200861 1.9243188228 1.9374822207 
1.9543338483 1.9721004565 1.9720741605 1.9596355222 1.9569422078 1.9472578092 1.9607774464 1.9620265971 1.9870292501 
1.9882362557 1.992316869 1.9924206492 2.001780355 2.0025789006 2.000150379 2.011231366 2.0326119624 2.0314616455 
2.0466236317 2.0416750942 2.0473028611 2.0472495935 2.0428638964 2.088161618 2.0872496902 2.0366922229 2.0147503399 
2.0106648495 2.0132975368 1.9818753197 2.054872667 2.0911622854 2.0988893106 2.100599985 2.1003664124 2.1967414777 
2.1813983343 2.1772041683 1.8560641096 1.8564576016 1.8757387073 1.8738989942 1.8677846818 1.7221300605 1.9356715456 
1.9322272405 1.9359632466 1.9373383784 1.9482648467 1.9017537541 1.9206747863 1.8920468261 1.9218885466 1.9633530724 
1.9613442039 1.9191006704 1.8762624976 1.8934400723 1.9164299067 2.025527868 2.025765877 2.0850301106 2.1137642399 
2.1141770703 2.0926237022 1.9163464899 1.7832818606 1.7879674077 1.7845846218 1.7749202575 1.7976267278 1.8020368953 
1.7444675026 1.729386498 1.7907824023 1.7679028879 1.7617593409 1.8299872363 1.839380629 1.847622488 1.8575571024 
1.8654986572 1.8655676649 1.8827506009 1.8790747577 1.859738571 1.8616623805 1.869396263 1.8441871039 1.832772117 
1.7836892835 1.7648497475 1.7127571971 1.7176786189 1.7022431106 1.7023488726 1.7107249662 1.7138053293 1.7488438888 
1.7768959698 1.7895356791 1.8111891611 1.8118855335 1.8466924072 1.843794561 1.7836627901 1.7753603105 1.7735794834 
1.7465010219 1.7486604512 1.7807606728 1.7826469514 1.778750725 1.7821088832 1.7487117245 1.7605686997 1.7830180812 
1.8061462381 1.8085752691 1.8173783774 1.7645538648 1.7950489662 1.9588530573 2.0064744937 2.015244661 2.0510988884 
2.0578946801 2.1413628563 2.1428468312 2.3194439529 2.3427356439 2.3432236481 2.3501911483 2.3775566365 2.4043973567 
2.4328083591 2.4550092139 2.4568258147 2.4528852747 2.3552748908 2.3436669865 2.2868918194 2.3621664591 2.4222072344 
2.4610916404 2.4790334163 2.4752817734 2.4877051971 2.5876537107 2.7187042302 2.7733977632 2.8901719904 2.9093263887 
2.9259954584 2.9919778115 2.9922456342 3.025455647 3.2327387296 3.3070961848 3.3261827455 3.3403182952 3.3885570046 
3.4805615307 3.4809043193 3.4928039815 3.5286945369 3.5495381059 3.5659070507 3.6058231254 3.6743866546 3.8498342474 
3.8813718448 3.8769223129 3.768730109 3.728140319 3.7343744129 3.7192812649 3.6487832013 3.6586273517 3.6490820075 
3.621056702 3.6252770979 3.6155920739 3.6467046595 3.7690967852 3.8696428271 3.8715341477 4.1366534448 4.2325761971 
4.329518757 4.399408874 4.5957329127 4.4887973819 4.4294551846 4.4037118129 4.3976706401 4.2810804064 4.2267771718 
3.7455650634 3.7423782975 3.5940390115 3.5429298469 3.3629726676 3.4407677292 3.442165076 3.3974277878 3.3281968811 
3.3716888983 3.3353670583 3.2630519048 3.2550184417 3.2592783943 3.2569826052 3.2886348039 3.2873497436 3.3029092561 
3.3398812999 3.3490739 3.4275925003 3.4856924655 3.4908084297 3.4854109965 3.4645694535 3.4831036628 3.4839901721 
3.4852243129 3.5272114317 3.527323052 3.4333112334 3.4502708508 3.4506911545 3.4665228762 3.4946113157 3.5227537248 
3.5510445723 3.5590962053 3.5708738755 3.5780306398 3.5834696075 3.5837378479 3.5682746262 3.5793768376 3.6077022004 
3.606634511 3.5928001903 3.4524501376 3.4665209092 3.4457740225 3.4396236712 3.4326837787 3.4955873532 3.4977803212 
3.4950292796 3.416798947 3.3892905438 3.4133796469 3.4246452689 3.425439277 3.4232021797 3.4302284771 3.4845873281 
3.48258805 3.433908426 3.3755746294 3.3758416851 3.4177922953 3.4619081139 3.4738372181 3.4753998794 3.4679227339 
3.4599884742 3.4639083059 3.4697208376 3.5418330593 3.5435779791 3.5644438364 3.5404738213 3.4952401149 3.4170543475 
3.4087318524 3.3606752815 3.3719117518 3.382977772 3.3913645014 3.3220432729 3.3221238319 3.3253998959 3.3218009814 
3.3419113594 3.3396682943 3.303483506 3.2864712899 3.28608279 3.3016642041 3.3076627931 3.4184609998 3.4400947192 
3.4664759444 3.4674554916 3.4834208414 3.4906542462 3.5706301073 3.6370330703 3.6426000837 3.6238971287 3.6033888869 
3.5746060764 3.5761605651 3.6103797942 3.6323821324 3.5279375334 3.5571029961 3.5648541702 3.5509204587 3.6144463778 
3.5379935255 3.5382451059 3.544811282 3.5757733479 3.5735291165 3.5593216981 3.6252984565 3.6010350516 3.6907044438 
3.7133822034 3.719668349 3.7335683844 3.7989127594 3.8511056741 3.9027638441 3.8957007673 3.8863756504 3.8937628696 
3.7289289518 3.7859504647 3.8052613203 3.7436115179 3.7439469798 3.6868749942 3.6869963686 3.6991832568 3.7310584125 
3.7547018936 3.7898206184 3.7896349808 3.6835354786 3.6833220104 3.6912171576 3.6925667334 3.7817716492 3.8211591697 
3.807990556 3.8269775279 3.8556997091 3.8535756296 3.8522889283 3.9477198562 3.950584334 3.9358182429 3.8950159739 
3.8722287629 3.7872054399 3.871933092 3.8957587541 3.908793762 3.9317985661 3.9529915981 3.9481381463 3.9556505953 
3.9943598785 4.1117964859 4.1253893402 4.2922605214 4.3936775882 4.4406333793 4.550415891 4.5913048414 4.6459488556 
4.826049324 4.8269799112 5.0586961225 5.1366582092 5.3199887762 5.6274112544 5.7992720167 5.8806676478 5.9025482241 
0.36949105082 0.44117121994 0.51731022705 0.54784050074 0.61451876864 0.65745449023 0.74950823308 0.76056107353 0.7891478934 
0.83622552726 0.81063629342 0.78098826342 0.94444977266 1.1648827396 1.2330131542 1.2435757288 1.1519201247 1.1642982104 
1.1557644755 1.1650202362 1.1880739014 1.188384579 1.1837227884 1.1831233145 1.1942370202 1.2333966533 1.2380335547 
1.2468320664 1.2431632669 1.278418893 1.2784473887 1.321026733 1.3226418268 1.2984871249 1.2852369722 1.2852414755 
1.2692807536 1.278816753 1.2712524521 1.2216854127 1.2627644416 1.2725502047 1.2791029591 1.2653437882 1.2051554551 
1.2266506504 1.2375718529 1.1922902369 1.1421129989 1.1177294766 1.115904017 1.0720934548 1.0666257836 1.0825730945 
1.1199558148 1.1305215605 1.1380672421 1.1453017006 1.1453020314 1.1457818352 1.166304801 1.1713673356 1.1688344167 
1.1688620849 1.1705580321 1.1446860495 1.2035993632 1.2142985602 1.2404134992 1.2770741841 1.2924690435 1.3022469595 
1.3261487017 1.3350785368 1.3792069148 1.3914173301 1.4165372313 1.4089319496 1.4437952153 1.4573087921 1.4572286911 
1.5235697205 1.5550656186 1.6043036474 1.6052185584 1.7030505794 1.7807792861 1.791673055 1.790180638 1.7893684188 
1.7880453565 1.7779816229 1.7891998066 1.7938076354 1.8125246389 1.8168934669 1.8419305074 1.8491565524 1.852957194 
1.8718375796 0.27805316167 0.20637749319 0.1990338029 0.27422600489 0.77909552246 0.73349858295 0.73964037334 0.28154728251 
0.28259415029 0.32516677368 0.32632735902 0.47023994102 0.47133652428 0.5045081679 0.51893054259 0.5851707198 0.66740496421 
0.72245611981 0.7497837429 0.75638981295 0.78248465657 0.79266120479 0.82197020136 0.86558313546 0.87174331588 0.87791786564 
0.88596793768 0.95280806844 0.94321511496 0.89604063279 0.86204953176 0.81110239308 0.79992684227 0.65385946165 0.65877415754 
0.65922719311 0.68801324667 0.7185799213 0.72489834597 0.72637392262 0.72711855623 0.74432779483 0.78381564642 0.79568771103 
0.87068497024 0.87227950209 0.89413396797 0.94191764999 0.99176832417 1.1318009654 1.2916510908 1.3124714111 1.3419626292 
1.3724716075 1.2131633239 1.2665442393 1.5099293096 1.5203274683 1.4041110481 1.3989983781 0.86202555844 0.80345729876 
0.77965433305 0.78298711011 0.78892154247 0.78936022373 0.84375669943 0.85967315832 0.88770211053 1.0022848746 0.98418182461 
0.98424109172 0.98665128745 1.0981257885 1.132902871 1.0445903502 1.0159872356 0.98256390379 0.98009811046 0.96330413061 
0.96842446453 0.97155088867 0.95961181663 0.96826218082 0.96856668467 0.97777792593 0.9771769249 0.87484444538 0.85794999643 
0.87434695776 0.9213899884 0.91650832593 0.98041686624 1.1288728039 1.1279987344 1.1233629952 1.0348720874 1.0049554692 
1.0033609492 0.99742595458 1.0507641398 1.0409358242 0.98915130506 0.98978979591 1.0423588759 1.0351652625 0.93720524399 
0.93796586266 0.93259901669 0.94794810299 0.94556205569 0.94110304966 0.95198450453 0.99725472608 1.0265641898 1.0590544496 
1.0735843261 1.0830684299 1.1021207528 1.1466448034 1.1279574258 0.98749851193 0.95243855124 0.96560748111 0.98190161709 
0.9838464182 0.99767940939 1.0015569638 1.0140388634 1.0173742536 1.0209106904 1.0273924158 1.0113119781 0.96327374144 
0.94118018759 0.94826627357 0.93166906069 0.92944485855 0.92751175093 0.94391693058 0.95346488386 1.0048889668 1.0113604432 
1.0449010833 1.0404929981 1.0467517353 1.0856671528 1.0717842782 1.011365102 1.0109194609 1.0235845035 1.0607754572 
1.0615783677 1.0680767296 1.1402963909 1.0922714091 1.090104876 1.0711358454 1.107001257 1.0885821407 1.0948201424 
1.023219972 1.0105030992 1.0106632394 1.0155074809 0.98668635565 0.99144697198 0.99204122456 1.0657285448 1.1096169079 
1.0760939096 1.0105501038 1.0239525194 1.1090972773 1.1220689367 0.98778129277 1.0495190686 0.99970758717 1.023212911 
1.0441952554 1.1608475013 1.1774289712 1.1808577201 1.1639796575 1.0603435545 1.0606048454 1.0347541259 1.031460412 
1.0242054161 1.0262437453 1.0581775699 1.0660057956 1.0764676335 1.020627552 1.0042620124 1.0020233128 0.99073285655 
1.0061318523 1.0071672128 1.0285164077 1.0895553114 1.107588308 1.3025942823 1.2942950285 1.1887446273 1.1991119242 
1.3584475953 1.3472972611 1.2083771883 1.1754789882 1.1661990993 1.1639759949 1.1470305889 1.0745968041 1.0556044074 
1.0829676479 1.0656536544 1.0864133481 1.098253654 1.0738619559 1.0639764998 1.0471960729 1.0224053411 1.0945109334 
1.0757807005 1.0833888976 1.0732642359 1.0616536486 1.0611574889 1.0461486564 1.1035151592 1.0712879595 1.0755827817 
1.0908817255 1.0590421511 1.031123912 1.011653535 1.0361552671 1.0838865782 1.0859790531 1.0837055033 1.0830873193 
1.0692543479 1.0693473617 1.071393455 1.0723120812 1.0904498506 1.0913401572 1.0932123946 1.0699444447 1.0654173892 
1.0533123312 1.0446185389 1.0074227373 1.0160167768 0.99895603194 1.0271214473 1.0386281997 0.97792880492 1.0328941665 
1.0564349606 1.0602205323 1.0815001963 1.0590890598 1.0914127148 1.0894864681 1.101284253 1.1063788352 1.1081402633 
1.0971759168 1.0827187305 1.1078885964 1.1186874383 1.1298882335 1.1322713362 1.1345244913 1.1772132211 1.1967896878 
1.2154531749 1.2335918579 1.2338190115 1.2348681514 1.2813360249 1.2804438882 1.2747774152 1.2415875768 1.196245743 
1.1185496351 1.1196577747 1.145668676 1.1467984544 1.1615708103 1.1926583893 1.1933560219 1.1892566252 1.2232068528 
1.2472197922 1.2525467346 1.2459071752 1.2124608262 1.1881977558 1.1294749943 1.0942069278 1.1014364073 1.096392891 
1.126972213 1.1307204345 1.1501933872 1.1387980461 1.1551043067 1.1699445711 1.1631779312 1.1434362602 1.1275512091 
1.1120961941 1.1756251561 1.1938785955 1.1696650196 1.1765594321 1.2024815137 1.2779128645 1.2929961347 1.2933784543 
1.3437300817 1.4241287742 1.4892330844 1.4872722329 1.4957868506 1.4874183997 1.5074180531 1.5043061073 1.4935940535 
1.4881586473 1.5205019559 1.5573565714 1.5635322148 1.5674241396 1.5831750097 1.6136596016 1.6261319984 1.6381847842 
1.6425719423 1.6437746915 1.6473132752 1.7394756584 1.7420547269 1.8054615887 1.8153049528 1.8205915111 1.8086300111 
1.7755870588 1.7764718967 1.8198289536 1.8206308069 1.80981264 1.7966154657 1.8149559724 1.8159174809 1.8161533406 
1.8212779294 1.8219540905 1.8635379992 1.8644601883 1.9788116292 2.026952716 2.0775836257 2.1359368914 2.1435923727 
2.2033278064 2.2421442493 2.2390636568 2.2517331354 0.23645061633 0.53563560941 0.53777350876 0.55475812716 0.7612553298 
0.77441410696 0.81993154003 0.81693593989 0.81622479965 0.81215966145 0.80599289975 0.81678701829 0.81904112552 0.83479795999 
0.85917753819 1.0275073919 1.1711913572 1.2012661894 1.22091999 1.259916227 1.2610746217 1.568331999 1.5347377875 
1.6332139813 1.6500374872 1.6488692272 1.6090825698 1.5749396135 1.6498368085 1.6841288897 1.7080417211 1.7236617141 
1.7333195676 1.743017346 1.6989448722 1.711234503 1.6814634019 1.7100386053 1.7564354088 1.77861277 1.9379442831 
1.9710475762 2.0004951403 2.0006090375 2.0130641239 2.1268618035 2.1717660687 2.2236020731 2.5587356352 2.6255221886 
2.6358556637 2.679334491 2.7347953366 2.8215247804 2.8309255576 2.872176338 2.912039625 3.0046856439 3.0661847016 
3.0923122521 3.1277664277 3.1645568434 3.1651428748 3.3110647058 3.312693069 3.3924828674 3.4396807588 3.6141282438 
3.694496301 3.8174674519 3.829522866 3.98053348 3.9899981477 4.1776042179 4.3332307299 4.3537805823 4.3916490237 
4.4108844938 4.4307106059 4.4631210112 4.4640456727 4.4853893884 4.5026756757 3.9258900709 1.2904623511 1.3436826016 
1.3618296505 1.1455482855 1.1165833152 0.99887739429 0.98307241792 1.0367980976 1.0570008653 1.0620593681 1.0221717256 
1.0442988402 1.0882682686 1.0913637932 1.0877922331 1.0604808299 1.0620495378 1.158525075 1.1729907191 1.3164678382 
1.3177130037 1.3246818575 1.3404788123 1.3583601432 1.2208813793 1.0571720103 1.133781731 1.2064154611 1.2015032557 
1.1962609984 1.2406664901 1.2380022142 1.2048968334 1.2284968124 1.322636842 1.2082524422 1.203026321 1.1733884802 
1.0655657338 1.0508056517 1.0574172436 1.1188220942 1.2029597549 1.2105276362 1.2128592716 1.2055043053 1.180682548 
1.1612275646 1.1712040996 1.1222360247 1.1216054009 1.1065919004 1.0036333983 1.0050934457 1.0274121522 1.0287380249 
1.0192659549 0.96823389315 0.96960503517 1.0570213895 1.0620012155 1.0647621917 1.0474951771 1.0476128029 1.0469945595 
1.0438729292 1.0343831308 0.96781825163 0.97352220365 0.93300972021 0.9467047183 0.92489393246 0.93369123252 0.90966940409 
0.9160572777 0.91248602501 0.91797134687 0.92725082442 0.92942284738 0.93339131502 0.94827845462 0.94791800405 1.0732864425 
1.0827481472 1.0996984312 1.0999133697 1.1003763036 1.1035723094 1.1235574391 1.1315661232 1.1190130085 1.0926889643 
1.1124872801 1.1103977631 1.0500740316 0.97207624385 0.96281192342 0.96334491132 0.9681418024 0.99857980321 0.96708398527 
0.99356591351 1.0509367982 1.1011516899 1.1226582839 1.1439617054 1.1443616524 1.1638160711 1.1727277738 1.2456613614 
1.2397319078 0.75179541553 0.73895806921 0.72750383462 0.67489714555 0.66462446237 0.7534538363 0.76026791193 0.77853076 
0.79062683866 0.79692861381 0.79701118693 0.79607068152 0.78855396972 0.82844580021 0.91762537662 0.9227641439 0.92790995061 
0.91873230819 0.8770365517 0.87127234406 0.87556717683 0.88306706267 0.88768560695 0.90446853648 0.94081411486 0.94104950101 
0.94922076305 0.96414951559 0.95161297675 0.90507915363 0.90612129985 0.90022015073 0.89595681596 0.89139319717 0.83837541325 
0.82285789994 0.78551758488 0.72043360396 0.72192596719 0.60134935528 0.60264895554 0.64388002158 0.65608095064 0.71588044057 
0.71855595581 0.7197054796 0.71560977526 0.70482995819 0.56801156119 0.56758519946 0.52667331766 0.51796239251 0.51248252236 
0.60135512507 0.61275299774 0.6122628225 0.65732052414 0.77178662598 0.77505643206 0.78047294555 0.82119250054 0.82504294293 
0.82558156107 0.82408392821 0.8520861927 0.85618047836 0.84292166878 0.80355465688 0.80320228113 0.84095485085 0.88520274858 
0.90357950982 0.88255899751 0.92026732787 0.85045177957 0.90652383925 0.96449614752 0.96451077121 0.92322603193 0.92571753431 
0.92584709058 0.94191206888 0.94881346756 0.9891831642 0.99126202541 0.97718536531 0.91444377668 0.91415518016 0.89640649459 
0.87890117463 0.88135379615 0.85474167564 0.79962253695 0.78142237513 0.78227324022 0.85961646577 0.86941046025 0.89446915426 
0.87950085081 0.83505498687 0.8471155464 0.84933030726 0.87607103852 0.86925170548 0.84966601756 0.82287005005 0.74337922241 
0.71299506926 0.60044305758 0.57920946775 0.57201621169 0.66541630435 0.67784824445 0.71030668982 0.71474214878 0.73026438851 
0.73766746616 0.69780215997 0.65887901986 0.6530147842 0.65867040609 0.6664012525 0.71017620251 0.74403823358 0.74426525017 
0.71346700086 0.70693697769 0.59763743608 0.57368501291 0.51235509282 0.49707184833 0.49716422777 0.49963794391 0.51466703079 
0.56569694913 0.57469252431 0.57652216894 0.65839265034 0.65881188163 0.67935421504 0.70256567196 0.70645197418 0.72901368134 
0.7292201629 0.75482387655 0.76877111393 0.76533196113 0.74683472709 0.75030349374 0.66453171795 0.64284881754 0.67025452037 
0.66109741567 0.61377352002 0.61405540303 0.64900889728 0.65040146062 0.63632604697 0.63351268028 0.44699227019 0.44354435488 
0.4827346093 0.48384521968 0.46776109037 0.46179725114 0.48383039371 0.60265529331 0.5987529662 0.68558659768 0.75942062465 
0.89609872969 0.90708846873 0.9668992756 0.96666660176 0.93781504622 0.93780606548 0.93706665121 0.9414982143 0.9345241344 
0.84174004576 0.7763181964 0.89555026147 1.1317728345 1.2631618782 1.2868238909 1.3441448183 1.364489377 1.3019550481 
1.328527151 1.3281512319 1.2645260552 1.2963031361 1.2190252655 1.1999517656 1.1996588109 1.1251060161 1.0942559625 
1.1179306038 1.1236495757 1.1509856339 1.1535388494 1.1672783168 1.1718974954 1.1834299912 1.1934817123 1.1770302639 
1.1729473931 1.1405861161 1.1506825231 1.1487211838 1.1434086974 1.1094055357 1.0079004479 1.0343059684 1.0304394448 
1.036161148 1.1103173403 1.1165128552 1.1390936227 1.1413044498 1.2346734282 1.2591262759 1.2699078163 1.3005350095 
1.3567930062 1.4183223184 1.405266395 1.3784961072 1.3717200153 1.3613124428 1.3371467128 1.3130278421 1.1780709924 
1.0948192595 1.1062791772 1.1026032995 1.0799446695 1.0280849713 1.0227565828 1.0282563574 1.0307130273 1.0338948122 
1.0228338018 1.0937301653 1.1210749521 1.2100726546 1.2304283942 1.1693964632 1.1367026642 1.0312849107 1.0337058371 
1.0687807618 1.1227442535 1.132830668 1.1766007571 1.1786225395 1.1227996481 1.0972585469 1.0280028231 1.0282548646 
1.0994563863 1.1296633379 1.1400125992 1.141753855 1.1971495715 1.2152476259 1.3322745312 1.33191952 0.87077065561 
0.78000292555 0.76753615638 0.71741160525 0.70140951592 0.72708522409 0.75917777034 0.82224984114 0.79421430046 0.7464988266 
0.67776518797 0.67995534211 0.68626184385 0.69301518836 0.69114651698 0.62949667533 0.60999412753 0.6346262478 0.70491474977 
0.72327779592 0.73738902136 0.77923966074 0.787764807 0.78787514287 0.7867461441 0.74150562033 0.72340358315 0.72331892206 
0.71282094672 0.70693558585 0.67339761105 0.68406844952 0.69392971809 0.68605944167 0.65625590972 0.66015352092 0.66950705431 
0.65928680306 0.65912228048 0.65892154096 0.73260717613 0.77811205358 0.78843158101 0.81318489383 0.83188737962 0.86688606452 
0.87052450392 0.87246893497 0.87501888602 0.8477477699 0.80449527122 0.78328606641 0.78716129225 0.80250330456 0.81185634672 
0.8188353009 0.82873566573 0.83076649511 0.86369345436 0.88767699658 0.91318876897 0.91366652968 0.9029679701 0.87389175594 
0.86734648793 0.86603698161 0.78328409966 0.80141015668 0.81076764667 0.8536278216 0.87040581377 0.86658436126 0.89838621126 
0.90821245901 0.91914435759 0.88674679126 0.83003553336 0.81849967531 0.81408505682 0.89730574804 0.96092157354 0.96252903572 
0.95167164407 0.9019872948 0.90245558044 0.8625398176 0.81650166454 0.83256058449 0.81620256098 0.81611728421 0.80554296445 
0.7970546711 0.76193444672 0.75875739818 0.75774543722 0.76878262289 0.76683453991 0.76669674503 0.76479672641 0.75257079289 
0.74826349836 0.74237101903 0.72615940215 0.72204689588 0.72134501669 0.63571231159 0.6158376538 0.61564299426 0.61722133763 
0.60081513761 0.60118580073 0.62398158282 0.65518237484 0.69747735469 0.73767726429 0.74734577286 0.81081847184 0.82329777983 
0.88739957507 0.89177706433 0.89687380324 0.89474181272 0.87917611642 0.84127451796 0.83075834679 0.69916932248 0.63990238594 
0.56019246549 0.56246327315 0.56038041063 0.56834173644 0.57477310765 0.59672705728 0.59799295432 0.60003770444 0.68205540828 
0.69514607184 0.72610949524 0.73521221675 0.75587005913 0.77576824455 0.79289915254 0.79310616424 0.79815369408 0.764185139 
0.70830125175 0.70686870538 0.69017079549 0.57115030195 0.46448967498 0.45322904192 0.42553070246 0.43250254168 0.43335408766 
0.43320505519 0.40634271172 0.38696248109 0.36592957955 0.35029287558 0.34933027463 0.29431200578 0.30065129267 0.34220919974 
0.33213536127 0.33644264723 0.33687093867 0.38997907679 0.44636483453 0.48984298741 0.54640257751 0.56645081588 0.59530445527 
0.72267272836 0.72644551728 0.73597068638 0.771750617 0.79596081898 0.7695142382 0.72705078498 0.71445452632 0.7292545706 
0.69152029668 0.68854495102 0.65717258348 0.67000092202 0.71496155444 0.79363444422 0.82349191595 0.82393347863 0.93388258563 
0.93725840446 0.94396621065 0.949366057 0.9543921587 0.97184865941 0.91371012398 0.807389178 0.87467938981 0.85325945317 
0.81540082942 0.81540877453 0.81639396787 0.83372537758 0.91524136604 0.87914744103 0.87963207818 0.87676081267 0.85763779148 
0.85541942757 0.8862421917 0.86087754706 0.85806939895 0.86874840866 0.85935806311 0.87445602269 0.9283007593 0.95876088696 
0.9443324325 0.92580358017 0.89138401045 0.84069950944 0.78554768435 0.71099154755 0.64461580805 0.64218413653 0.46680567682 
0.46615873512 0.46831268932 0.4735677521 0.52836252649 0.57346094502 0.5935370529 0.60258847656 0.61812092505 0.62133230218 
0.67603427661 0.70434175939 0.71288363873 0.73154536056 0.73251326105 0.73741737305 0.77133618836 0.77453700674 0.78175804643 
0.81167904601 0.81533421122 0.81575689888 0.82854320066 0.82936141097 0.83869325783 0.84606045261 0.86380587658 0.86445548779 
0.88194833343 0.88577435242 0.88800344902 0.91482343019 0.91662540266 0.91792606407 0.95253549469 0.956753778 0.94921766871 
0.93297163966 0.92617971186 1.0047093066 1.0220968273 1.0210610198 1.043232962 1.0389160334 1.0323430906 0.99949608204 
0.99962933674 1.0086454816 1.0088590876 1.0353462307 1.0367754798 1.038947032 1.0328809047 0.96886476648 0.99935611625 
1.0139619613 1.0124586658 1.0102278898 1.0254673517 1.089005842 1.1951508052 1.2117303109 1.2412198015 1.2562352726 
1.4224208213 1.3286657501 13.615687888 12.574923914 
EdgeArray 2 3685 double
12565 12565 12960 12455 12946 3893 11527 11914 11914 
587 6180 13087 13349 13087 13561 13349 13353 13353 
13922 13922 13918 13918 13915 13558 13558 13454 13939 
13806 13937 14063 14063 14063 13306 13306 13803 13803 
13926 13684 14341 10065 10065 14343 14251 14075 14076 
14249 14466 14249 14773 12319 12319 14776 12327 11570 
11570 12030 12964 12964 15248 15248 15269 15269 15436 
15436 15438 15593 15548 15548 15750 15750 14101 14101 
15210 15929 15923 15210 15923 15923 15922 15920 15422 
15920 15422 14424 15415 15415 12365 15915 15913 15911 
13828 15911 15576 15576 15578 15578 14508 14508 15768 
15770 15767 15768 15767 15767 15909 15909 15771 15981 
15905 15905 14713 14713 14798 15481 15776 15481 15776 
16173 16173 16322 16322 16322 16178 16178 15581 15972 
15125 15125 15276 15632 14790 15276 14791 15623 15614 
15614 15620 15618 15897 15619 11919 14379 14379 15617 
15617 15617 16287 16286 15204 16287 16460 15204 16502 
16502 15726 14435 15726 16714 16115 16714 16491 17133 
16490 16102 16713 16539 17247 17269 17128 17375 17268 
17375 17274 17274 16677 17130 16268 17367 17367 17367 
17368 17368 17478 17478 17481 17481 16485 16485 16935 
16935 17357 17357 15100 17500 17492 15718 15734 17353 
15734 16939 16939 17040 15732 15732 15880 17361 17466 
17466 17467 17467 17468 15413 15535 15535 14375 14375 
16728 16728 16726 16292 16726 14990 13564 13564 14660 
13564 14660 14660 15940 14825 14825 14825 14826 14826 
14725 14725 14721 14090 14090 13964 13712 12460 13712 
13712 14121 14700 14142 13968 14142 14140 14141 14140 
12621 13829 13230 14130 13206 13206 13207 13207 12838 
12827 12838 12838 12835 12835 11472 11472 11462 11468 
15 11576 11257 11258 11261 11261 10948 10948 9974 
9974 7357 10460 10467 10467 7218 9810 9810 9810 
9759 9116 8610 8610 7981 7981 9077 9077 9076 
9080 9075 9080 8849 8847 8847 8846 8845 8845 
8560 8560 8487 8541 8563 8564 8563 8565 8565 
8240 8240 8240 8519 8284 8535 8535 8536 8536 
8537 8533 8286 8533 8505 8505 8504 8504 8190 
8506 8117 6981 8181 8117 8173 8173 8194 8194 
7958 7958 7683 7683 7684 1933 7691 7685 7578 
6714 7578 7580 5969 7572 6996 5712 6996 6305 
7229 7223 7003 7003 4861 7416 6919 6406 7005 
6917 6923 6998 7082 5861 4847 4847 5270 2575 
5274 5274 3979 5187 5188 4842 2649 5188 2649 
2401 4763 6043 2650 6042 4601 4601 3939 3939 
1705 1705 4242 4242 4457 4457 3470 4459 3470 
3470 3764 3764 4153 4153 24984 24984 22167 24592 
24756 24756 24680 24680 19759 24510 24510 24429 24429 
24429 24523 24523 24513 24513 24419 24419 24356 24356 
24229 24229 24125 24125 23873 24051 24050 24049 24042 
24049 24042 24046 24048 24046 23953 23953 23911 23911 
23894 23894 23764 23764 22762 23620 23831 23831 23832 
23832 23706 23706 23702 23702 23704 23705 23506 22469 
23505 22469 23615 23505 23521 23527 23530 23530 23106 
23106 23244 23244 23327 23327 23329 23328 23245 23246 
23246 23246 23175 23175 23012 23012 23009 23014 23009 
21607 21607 21607 22731 22731 22799 22799 22797 22797 
22266 22266 22818 22818 22620 22818 22620 22620 22812 
22812 22604 22817 22723 22817 22723 22723 22306 22724 
22306 22306 22378 22378 22397 22394 22393 22395 22383 
22348 22329 22326 22325 22164 22163 22164 22030 22030 
22106 22098 22098 21629 21629 21629 21906 22116 21978 
22116 20935 21978 22034 22034 22032 22033 21982 21982 
21979 21979 21980 21980 21926 21926 21318 21712 21878 
21712 21706 21875 20316 21603 20316 21441 21805 21805 
21722 21722 21720 21720 21663 21664 21662 21664 21662 
20799 21596 21596 21572 20036 21500 21574 21497 21497 
21415 21415 21366 21366 21246 20987 21246 21195 21195 
21329 21206 21206 21306 21306 21259 21305 21259 21259 
21258 20600 20632 20561 21038 21038 21086 21086 21110 
21110 21108 21088 21088 21124 20945 21123 19545 20945 
19545 19545 20865 21043 20708 20708 20313 19653 19474 
19531 20386 20386 20709 20871 20709 18453 18453 20601 
20125 20646 20596 20596 20472 18832 20470 20470 20552 
20552 14506 14506 20542 20542 19785 20540 19785 20394 
20486 20486 20488 20488 20427 20488 20427 20427 20432 
20432 20328 20380 20376 20377 20376 19388 20329 20329 
20149 18693 20253 20253 20295 20295 20143 20296 20261 
20261 20269 20269 20033 20033 19973 19973 19912 19912 
19600 19600 19302 19302 19737 19737 19612 19044 19690 
19689 19701 19701 19605 19696 19333 19333 19244 19551 
19488 19488 19490 19490 19191 19191 19275 17574 19273 
19273 18625 18723 19197 19197 19311 19311 18670 18670 
18879 18879 18965 19136 19131 19136 19140 19132 19132 
18963 18694 18694 18901 18671 18672 18672 18658 15916 
18732 18658 17979 17979 17994 18333 18583 18583 18575 
18575 18472 18472 18471 18417 18305 18343 18337 18337 
15708 18367 18546 18546 17341 17341 18402 18402 18344 
18344 18142 18142 18038 18038 18123 18123 18190 18190 
18256 18256 18086 18086 18122 18122 15893 15893 14316 
17869 17966 17969 10320 17337 17138 17933 17861 17933 
16347 16347 15000 15000 17834 17834 17835 17835 17347 
17347 17666 17666 17659 17656 17658 17658 17020 17020 
17198 16133 17211 17211 16466 16466 16657 16657 17006 
17006 17008 16655 16655 13162 13162 13162 16074 16074 
15854 15058 15377 16664 14365 14365 14835 14835 14923 
14920 14923 14923 14921 14921 14919 14057 14047 14047 
14046 13797 13663 13797 14225 14221 14220 14221 13772 
13772 13771 13771 13785 13786 13787 13786 13777 13777 
13778 13316 13648 13648 13050 13050 12679 12679 12685 
12505 12012 12012 12528 12423 12157 12157 11995 11995 
11595 11595 11855 8949 11522 11522 11237 11523 11237 
11142 11142 11142 10631 9959 9959 10986 11134 10937 
10830 11133 10677 10106 656 10536 656 10663 10740 
10419 10245 10740 10940 10940 10921 10921 10728 10920 
10729 10729 10848 10757 10609 10609 9998 9998 9989 
10555 10555 10555 10525 10629 10625 10629 10624 10624 
10542 10624 10542 10542 10253 10253 10352 10253 10352 
10352 10565 10565 10566 10560 10087 10087 10084 10084 
10059 10549 10550 10549 10551 10551 10452 10551 10452 
10452 10453 10332 10332 10332 10347 10347 10345 10345 
10066 10264 10169 10066 10271 10266 10268 10268 10024 
10024 9632 9916 10022 9916 10022 10025 10026 10025 
9629 9629 9849 9849 9853 9851 9655 9655 9660 
9661 9666 9666 9415 9418 9421 9416 9199 9199 
8967 5191 9170 9170 8970 9166 8683 8683 9039 
9039 8746 9037 9037 8839 8747 8839 8761 8774 
6603 8774 7371 23 23 8090 8090 7977 7586 
7977 8097 8098 8231 8231 8228 8228 7374 7374 
7043 7590 7096 7096 7302 7302 5141 7147 5141 
5901 7036 7036 6167 6167 6284 6284 6763 6761 
5923 5923 6607 6607 6684 6684 6294 6294 5815 
6355 6355 6355 5682 5956 5956 5956 6031 6031 
6029 6344 6344 5784 5784 6249 6243 6249 6243 
6151 6151 6151 6010 6242 6010 6010 5818 5818 
6059 6059 6057 6056 6056 6060 6116 6138 6138 
6138 6117 6136 6073 6117 6071 6073 6072 6071 
6068 6076 6206 6076 6230 6228 6231 6227 4437 
4437 6208 6208 6360 6360 6509 5242 6563 5242 
6563 6563 6560 6560 6696 6696 8181 8181 16985 
16985 14545 16030 15325 14445 16956 16955 16992 15656 
16861 16996 15151 15151 15026 16041 15026 15654 14552 
15654 14552 14552 14553 14553 14018 14018 14203 14203 
14201 14201 13546 13524 13524 13892 13893 13893 12344 
13864 13645 13645 13749 13749 13763 13763 13745 13745 
13274 13274 11066 11066 11343 11343 11188 11188 11633 
11753 12112 11639 11802 11802 11800 11189 11415 11189 
11415 11415 11414 11416 11416 11416 11001 11001 10802 
10802 11024 11024 10778 10778 9348 9348 10862 10862 
10689 10689 9569 9718 9718 9718 9420 9420 9930 
9934 9930 9930 9931 8602 9932 9931 9932 9515 
9466 9466 9375 7457 7457 9362 6035 6035 9008 
7132 8818 8818 7949 8818 7949 7949 6466 8147 
8555 8147 8914 8555 8915 8808 8809 8808 8551 
8551 7372 7372 8260 8260 6912 6912 6868 6868 
6879 6879 7273 7273 7279 7279 7055 6914 7056 
7056 6445 6784 6460 6460 6450 6458 6782 6782 
6905 6905 6164 6164 6163 6163 6158 6162 4037 
6158 5668 5676 5667 5668 5666 5667 5664 5665 
5168 5168 5299 5299 5062 5062 4591 4591 4790 
3851 4790 4790 4792 4584 4584 4584 4475 4475 
4190 3921 3921 4417 4417 4417 4418 4418 4278 
4313 4278 4278 4375 4375 3629 4279 4279 4279 
4322 4322 4302 4283 4284 4284 4289 4289 4288 
4288 4265 4265 4285 4285 4381 4411 4517 4067 
4104 4515 4515 4515 4531 4531 4530 4502 4502 
4502 4917 4917 4005 4005 4040 4040 5020 4257 
5319 5319 5321 5321 3477 3477 6226 6226 7773 
7773 8862 862 7044 7769 7769 499 7844 8650 
8976 8650 8993 9001 8978 8991 5978 8990 9130 
9190 9264 8666 9270 9267 9276 9266 7848 9081 
9081 7867 7867 9198 9233 9233 8936 8936 9234 
9234 9765 9678 9679 9679 9593 9593 9363 9593 
9363 9363 9781 9237 9781 8514 9947 9947 10200 
10200 10205 9096 10212 10206 10211 10145 10146 10226 
10214 10226 10214 10197 10217 10131 9712 9464 10296 
9464 10286 10296 10225 8986 10888 10382 10403 10403 
11174 11182 11181 11182 11179 11179 11175 10290 11353 
11353 11355 11355 11352 11352 11167 11945 11161 11943 
11943 11946 11946 12077 11097 11097 12363 11736 12361 
12361 12360 12286 12288 12288 12607 12607 12608 12604 
12389 12389 12291 9711 12874 12291 12859 10039 12859 
12864 12996 12864 12998 12998 12638 12638 12508 12638 
12508 12508 13011 13011 12739 13869 14176 14176 14755 
14755 14753 14751 14749 14749 14750 14895 14895 14895 
14899 14899 15366 15367 15370 15371 15370 15369 15369 
15369 15046 15046 14433 14433 14878 14169 14741 14878 
14741 14741 14859 14863 14871 14871 14870 14872 15830 
14868 15831 15831 15828 16876 16878 15833 15833 15835 
15832 15832 15836 15836 15846 15843 15846 15847 15847 
15847 16891 15842 12683 12683 13525 14880 13883 14019 
13884 14016 14203 14016 14591 14203 44406 44406 44367 
44365 44365 43276 45433 45434 45433 45433 44381 44381 
40071 40071 45419 45419 46516 45937 45964 45964 46511 
46482 46482 46513 47098 47097 46495 46495 47089 47089 
45490 45490 47093 47093 45953 45898 46447 45898 47067 
47057 47057 48158 47587 47587 48518 48518 48502 48502 
48501 48501 48496 48496 48151 41726 48140 47073 46442 
48144 48144 44954 48142 48142 48146 48139 48137 48137 
48128 48137 48128 48128 48125 48125 47571 45391 48486 
48484 45413 48484 48106 48106 48097 48097 48110 48110 
48094 48094 48069 48069 48021 48078 48078 48473 48472 
48472 48470 48469 48467 48466 48051 48466 48051 48051 
48087 48449 47034 48083 46423 47034 46423 46423 48410 
48410 48446 48446 48445 48084 46382 47017 48442 47011 
48075 48075 48072 48072 47014 47014 47012 47012 48415 
48415 48402 48402 48398 48397 48010 48010 45392 45392 
48029 48029 46969 48376 48375 48375 47525 47976 47982 
47982 46389 47963 46389 46961 45861 46961 47533 47533 
47510 47511 47522 47514 47519 47519 46949 47519 46949 
46949 45845 45845 41041 41041 43253 44326 45360 45360 
45369 45369 45347 45347 44843 44843 44322 44320 39773 
39773 43741 43741 42700 42700 43248 43248 43249 43248 
43249 43249 43224 43224 42814 43227 34746 42788 42810 
42788 42782 42782 42393 42782 42393 42393 42395 42372 
42781 42781 42753 42753 42343 42343 42773 42772 42336 
42336 42339 42337 39726 41970 41972 41970 41968 41971 
41977 41971 41977 41981 41978 41975 38890 38890 40675 
40675 41620 41620 35004 41619 41603 41603 37916 37916 
40065 40065 41070 41071 41067 41067 39788 40685 41133 
41133 41129 41129 41081 41081 41080 41082 39783 41056 
41055 41054 40647 41054 40647 40647 41060 41060 40691 
40691 41063 41063 41553 41553 41557 41557 41580 41580 
41581 41581 41585 41585 41584 41564 41564 41564 40005 
40632 41597 40005 41024 41024 41933 41597 41933 41933 
41935 41934 41934 41934 40293 40293 41567 40293 41567 
41567 39180 41570 41542 41542 41543 41543 40988 39296 
40988 40225 41898 40184 41909 41898 41909 40665 42230 
42230 42229 42231 44095 41893 44092 44095 44093 44093 
44074 44075 44058 44058 44065 42956 43432 43433 43431 
43437 43435 43435 42096 42096 41808 41796 40396 40396 
40329 40329 41302 41302 37223 37223 36708 36708 40125 
40125 39882 39882 38028 38028 39036 39036 38223 38223 
38502 38502 37784 37784 38256 38926 38096 38096 38119 
38119 38085 38085 38090 38090 37527 37527 38189 38189 
38081 37227 37520 37227 37507 37507 37478 37478 37521 
37954 37846 37521 37691 37844 37690 37690 37535 37535 
35840 35840 37479 37479 35465 36011 36639 36639 37276 
37274 37271 37271 37246 37246 37354 37354 37567 36517 
37357 36854 36857 36830 36857 37373 37386 37386 37384 
37382 36477 36477 37387 37387 36873 36828 36873 37394 
37143 37144 37892 37583 37584 37584 37589 35582 36669 
37580 36539 36669 36874 36539 37181 36874 37186 36672 
37187 36473 36441 36162 35029 36424 32400 32400 35524 
35978 35978 35979 35725 35907 35812 35906 35794 35794 
35717 35717 35753 35753 35716 35716 34573 34573 35587 
35562 35094 35094 35467 35467 35317 35317 35542 35542 
35548 35548 35089 35089 35411 35411 34923 35411 34923 
34923 35321 35320 35329 35329 35206 35206 33802 33802 
34915 34915 35203 34915 35203 35203 34912 34912 35237 
35216 34919 35216 34917 34917 34955 33810 34964 34965 
34966 34966 34959 34959 33855 34335 33855 33855 34337 
34337 34578 33864 34579 33864 34558 34558 34559 34564 
34365 34365 33191 33191 34120 33841 34123 34123 33622 
34124 33826 33826 33845 33845 34099 34099 34137 34100 
34139 34133 34140 34139 33907 33907 33909 33660 33422 
33422 34585 34585 34982 34982 34587 34587 34389 34389 
33649 34388 34991 34991 34985 34989 33650 33650 34591 
34591 34373 34373 34994 34600 34998 34998 35256 35256 
35255 34995 35026 35026 35032 35032 34597 35031 35042 
35042 35276 35276 35273 35273 35283 35284 35283 35190 
35192 35192 35169 35169 34393 34393 34683 34683 34679 
34684 34258 34258 34260 34261 34225 34225 34487 34487 
34488 34488 34490 34490 34245 34245 34006 34006 33947 
33947 33725 33725 33730 33730 33727 33727 33508 33508 
33516 33516 33521 33521 33519 33517 33518 33518 33538 
33518 33538 33538 33537 33537 33539 33539 33133 33133 
32459 32459 32404 32404 32948 31885 31785 31785 32477 
32425 32432 32432 31713 31713 30083 31590 30083 32188 
31359 32188 31742 31742 32224 32222 31973 31932 32184 
31973 32184 32184 32192 32192 32135 32135 32136 32132 
31454 31977 31998 31891 31836 31563 31563 32003 31710 
32003 30459 30459 31723 31366 31512 31512 31815 31815 
31809 31814 31797 31809 31797 31589 31552 31552 31672 
31672 31653 31653 27256 27256 31554 31554 31601 31496 
31604 31604 31560 31603 31562 31562 31468 31468 31297 
31378 31362 31362 31309 31357 31309 31275 31134 31134 
31274 31134 31274 31274 31193 31193 31215 31219 31191 
31191 31232 28187 28187 28187 30724 30724 31098 31098 
31106 30021 31105 31104 31103 31103 30074 30074 31054 
31054 30967 30995 30970 30970 30876 30878 30872 30872 
30023 30023 29721 29721 29654 29615 29527 29527 30173 
30173 28412 30174 29760 26369 30059 30059 29995 29998 
29994 29994 29759 29185 29517 29517 29706 29706 29433 
29433 28649 28649 29187 29187 28969 28969 28330 28330 
29199 29199 28556 29193 26534 28170 29119 29119 28723 
29056 29057 29057 29021 29021 26983 29020 28959 28959 
28958 28548 28879 28879 28963 28963 28875 28875 28874 
28964 28965 28824 26976 28813 26976 28297 28591 28811 
28637 28633 28494 28337 28427 28419 28429 28429 28309 
28309 28323 28322 28321 28323 28321 27643 27775 27775 
27910 27910 27920 27920 27956 27956 27967 27957 27972 
27972 27971 27943 27944 27944 27937 27937 27593 27593 
27455 27446 27440 27450 27346 27450 27342 27342 25954 
25616 26363 26450 26658 26450 27014 26658 27015 27014 
26552 26552 26913 26913 26581 26912 26642 26642 26654 
26654 26646 26645 26644 26640 26644 26643 26643 26643 
26589 26589 25993 25993 26509 26509 26015 26015 24237 
26015 24237 24237 26422 26423 26104 26104 26107 26108 
26101 26101 26229 26229 26232 25551 26004 26004 25922 
25909 25923 25921 25924 25923 25924 25924 25915 25915 
25618 25569 25902 25618 25902 25110 25608 25608 25613 
25610 25593 25463 22610 25463 22610 22610 25465 24960 
25465 25465 23960 23960 24701 24921 25175 25062 25061 
25061 25233 25057 25233 25233 25232 25233 25232 25232 
25228 25228 25059 25059 25029 25217 25217 25217 25216 
24129 22111 22111 23563 11037 24619 24619 24337 24337 
24541 24782 24732 24541 24542 24542 24730 24730 24484 
24730 24484 24484 24411 24411 24248 24449 24450 24816 
24406 24406 24292 24292 24398 24728 24401 24725 24376 
24401 24020 24376 24478 24478 24477 24477 24475 24479 
24475 24161 24161 24161 24091 22763 23724 24198 23724 
23856 24195 24166 24195 24092 24017 24017 23728 22560 
21010 21010 23715 22677 22639 22643 23272 23272 23273 
23180 22931 22931 22938 23184 22940 22940 22618 22322 
22322 22322 22715 22715 22603 22603 21392 21392 20812 
20812 22347 22347 22041 22041 22000 22000 21676 21676 
21906 21906 21978 22116 50179 50179 41365 50186 44526 
41365 52123 52123 52121 52123 52121 52121 50756 51544 
51544 53868 53865 53868 53866 53511 53462 53462 53874 
53874 53878 53875 51313 51313 53437 53457 53436 53437 
53433 53433 51202 53433 51202 51202 52886 52886 52884 
52883 52884 51201 51198 51201 51200 51186 49888 49888 
49891 49891 47836 47115 49501 47115 49004 47371 49003 
49003 47578 47578 48752 47809 47810 46426 47810 47350 
47392 47392 45013 43868 47382 47382 47770 47770 47375 
47770 47375 47375 47376 47375 47376 47376 47378 47378 
47379 46817 46818 46824 46818 46816 46816 42153 42153 
42153 44669 44670 44669 44669 44752 44668 44752 44752 
45176 45176 44665 44665 42614 43069 43069 43069 39794 
43084 39794 39794 46177 46176 46175 46174 42616 42584 
42582 42619 42582 43536 43536 43536 43537 43537 44097 
44095 44094 44097 44075 44075 54561 54561 54562 54798 
54788 54788 54785 53044 53080 54222 54777 54540 54771 
54544 54770 54769 54770 53690 53690 54552 54550 54527 
54242 54548 54432 54432 54502 54502 54522 54522 54521 
54480 53696 54479 54518 54518 54500 54498 54488 54488 
53688 53688 53672 53688 53672 53672 53076 53076 54187 
54187 54157 53668 53665 53665 54151 54151 53661 53661 
54144 54144 53611 53611 54142 54143 54143 54143 54138 
53634 54139 54139 54077 54469 54120 54120 54123 54123 
54093 54093 54106 54106 54110 54109 54109 54111 54097 
54108 54076 54074 54046 54043 54046 54047 54019 54019 
54017 54017 54016 54016 54030 54030 54003 54056 54055 
54055 54062 54062 54061 54063 54061 54009 54009 54009 
54423 54423 54422 54422 53536 52312 53527 53528 53528 
53528 52991 52991 51716 50124 50124 49127 43327 49127 
51279 49956 51261 51279 51261 51261 51265 51265 51271 
51271 50772 50772 50778 50778 50779 50307 50305 50305 
49952 49952 49958 49958 46412 46412 49576 48178 48540 
48178 48540 45299 45299 45299 44950 48536 48841 48099 
48493 48493 45676 45676 48522 48522 45945 47595 47595 
48166 48166 48499 59434 59434 59208 59208 59216 59438 
59190 58826 59408 59408 59185 59185 59428 59431 41216 
59429 59159 59133 59155 58713 58379 58379 59144 59144 
59145 59099 56745 56745 57026 57026 58087 58087 56731 
58666 57522 57923 48650 48650 57270 57270 52351 52351 
57825 57825 56385 57825 56385 56385 54470 54470 56928 
56928 57173 57174 56627 56627 56404 56404 56860 56403 
57145 56629 54405 55476 54405 55445 55445 56738 56612 
56613 56613 55733 55758 55733 56182 56182 53849 56386 
47619 53849 43326 47619 55269 51253 51253 55013 55013 
55013 54942 54643 51209 54643 42851 55943 42851 55718 
55718 53566 52334 52334 55305 55472 55300 54941 53935 
53935 53573 53573 53000 53000 54938 54936 54936 54936 
54920 54925 54920 54920 54752 54757 54752 54752 54749 
54748 54749 54749 54454 54454 54455 54455 51289 51289 
52324 52324 52325 52325 45461 45461 44975 51257 51257 
51263 39235 39235 38995 39227 38788 39226 38990 38990 
38790 38999 39000 39000 38593 38593 39220 39220 39221 
39225 39179 39225 39173 39181 39181 39181 39150 39150 
38958 39274 38918 38226 39266 38226 39421 39425 39422 
37415 39212 39162 39439 39439 39591 39404 39360 39360 
39605 39605 32141 32141 39629 39629 39864 39864 39854 
39853 39851 39851 39099 39849 39818 39849 39819 39819 
38957 38957 39597 39597 39604 39604 40090 40091 40111 
40111 39811 40112 40109 40109 40139 40139 40141 40141 
38464 38464 40352 40352 40769 40767 40774 40774 41247 
41247 41245 41245 39599 39599 41293 41293 41291 41291 
39804 41238 41238 41238 40838 40838 41287 41287 41763 
41763 41768 41768 41373 41373 39400 39400 41761 41761 
39626 42085 42085 42085 42091 42089 42934 42934 42937 
42938 42932 42106 43953 42933 43380 43407 43894 43380 
43894 43460 44585 44585 35507 44589 44588 44007 44005 
44005 42939 42994 42939 44035 41009 44035 43378 43378 
44012 44012 41755 38842 40839 41755 43016 43484 41850 
43484 42542 42542 42541 42541 39052 39052 40946 40946 
41851 41851 42508 42508 42175 42178 40944 42178 40942 
40942 41878 41883 41819 41819 36546 36546 41484 41484 
41470 41491 41468 41468 41467 41467 39210 39210 40952 
40957 40951 40952 39690 39690 40574 40574 40488 40490 
40542 40542 40543 40543 40547 40543 40547 40547 39736 
39736 39746 39746 39994 39747 39249 39994 39750 39750 
38064 39750 38064 38064 39059 39059 40590 40588 40576 
40576 40615 40615 40614 40614 32263 39278 39674 39278 
39674 39674 39519 39519 41529 41529 39208 39208 41120 
41120 39304 39304 41599 41599 41477 38475 38475 38475 
40233 40233 41011 41011 42717 42717 42718 42715 40864 
42315 40925 42313 42697 42693 43197 43193 42761 43193 
44822 44822 44790 44248 44790 44277 45261 44277 45261 
45261 45262 43726 44273 43198 45276 45276 45271 43218 
43183 43183 46256 43733 43683 43733 43738 43683 45326 
45323 45326 45326 45290 45290 45288 45293 45301 45301 
45297 45297 45282 45282 44800 44803 43207 43207 45220 
45220 43677 43677 44811 44811 42321 43160 42322 42322 
42738 42322 42738 42738 43651 43651 42570 42570 44779 
44779 44780 45214 44758 44758 45170 45164 45168 45168 
45201 45202 45203 45203 44709 45203 44709 44709 44724 
44724 44722 41512 43233 43233 44148 44148 44149 41513 
43574 43574 43584 43584 43581 43581 42575 42575 32394 
32394 40367 40367 42189 39809 39809 38829 41437 41437 
41436 41436 38959 38457 40423 40422 38668 40421 39926 
39926 36233 36233 32140 32140 39302 39460 38644 38644 
38270 38270 38851 38851 38667 38667 38659 38661 38216 
38216 37678 37815 37127 37224 36594 37541 37539 37541 
36706 35962 36600 36706 36977 36975 34313 37002 37002 
37003 37032 37032 37007 37007 37011 37011 35602 35995 
37017 35602 37017 37017 37046 37013 37045 37045 36190 
36190 37079 37079 37080 37075 37075 37076 37075 36785 
36785 36598 36798 37086 37087 36820 35899 37053 37121 
37312 37317 37317 36528 36528 37342 37340 37341 37341 
36658 36658 37154 37154 36869 36869 37365 37363 37365 
37364 37364 37364 37402 37120 37728 37199 37867 37866 
37865 37866 37865 37865 37874 37874 36287 36287 37758 
37758 37769 37769 37440 37421 38036 37783 37783 36545 
37782 37764 37620 37460 37472 37641 37425 37191 36118 
36118 35922 36438 36439 36443 36436 36439 36302 36302 
36046 36303 36089 36089 34950 34950 35345 34841 34841 
34841 35821 35821 35443 35443 35550 35550 35668 35688 
35688 35687 35686 35686 35690 35690 34273 35552 35346 
35346 34317 35610 35512 35512 33686 35486 35445 35445 
31980 31980 35491 35491 35480 35484 34086 35373 34856 
34856 34620 35150 35364 35368 35365 35365 35366 35140 
35139 35139 35144 35139 35144 35144 34817 34628 35007 
35007 35008 35011 35009 35012 35009 35010 35010 34191 
34613 34613 34611 34611 34616 34612 34155 34618 34604 
34696 34697 34696 34697 34697 34655 34655 34651 34651 
33705 33705 33704 34687 33704 33049 33049 33993 33993 
34474 34407 34407 33462 34467 33457 33457 33674 32907 
33674 33670 33111 33111 33678 34721 34724 34724 34719 
34719 34782 33536 34518 33476 34518 34481 34236 34481 
34839 34839 34840 33244 32938 33244 32758 32758 33348 
34809 34524 34808 34812 34812 34810 33501 34811 33499 
33499 33245 33498 33498 34035 33318 34037 34035 34015 
34015 33781 34292 34028 34028 34025 34025 33580 33157 
33584 33580 33584 33761 33554 33555 33554 32812 33774 
33775 33773 33775 33360 33362 33360 33565 33564 33564 
33156 33156 32489 32489 32982 32489 32982 32982 32547 
32980 32652 32547 32652 32807 33178 32555 32204 32204 
32823 32823 32545 32822 32564 32313 32559 32564 32506 
32559 32556 32506 32375 32375 32517 32583 32583 32581 
32581 32581 32580 31775 32516 31775 31775 31775 30383 
31775 30383 30383 32387 32387 32004 32004 25311 30982 
25311 25311 32249 32249 32251 32249 32251 32251 31789 
31789 32237 32239 32238 32239 32174 32104 32214 32104 
32214 32062 32062 32062 31965 31965 32053 32054 31967 
32054 32022 31967 31875 32022 32038 31875 32043 32043 
32040 32042 32041 32041 31523 31523 31953 31953 31643 
31643 31925 31923 31924 31921 31921 31921 31503 31503 
31851 31579 31599 31599 31598 31597 31667 31593 31699 
31699 31701 31701 31702 31702 31576 31576 31449 31577 
31514 31212 31097 31514 31298 31450 31534 31292 31532 
31532 31344 31344 31340 31342 31259 31340 31087 31260 
31137 31137 31203 31203 31125 31125 31008 31008 31040 
30954 1762 31037 31036 31036 31006 31033 30985 30879 
30987 30987 30045 30534 30534 30909 30909 30904 30796 
30796 30666 30666 30539 30539 30449 30449 30450 30439 
30437 30437 30080 30080 30089 30024 30091 30091 29892 
30090 29892 29892 29179 29889 29871 29871 29875 29875 
29874 29875 29874 29874 29773 29773 29772 29773 29772 
29772 29748 29772 29748 29748 29749 29749 29746 29746 
29743 29743 29560 29600 29559 29560 29559 29559 29563 
29563 29255 27464 28338 27464 28338 28338 28540 29404 
29443 28540 29443 29441 29442 29444 29442 29337 29162 
29162 29256 26801 25856 25856 28629 28436 29063 28670 
29081 29038 29081 27980 29034 29034 29025 29034 29025 
29025 28529 28529 26877 28411 27623 28029 28274 28274 
28347 28347 28424 28424 23250 23250 27752 27622 27752 
27977 28199 27977 28199 28200 28145 28145 27929 27929 
28105 28105 27935 27935 28074 28074 28104 28074 28104 
28104 28103 28102 27762 27762 28091 28091 28090 28090 
28175 28083 28088 28088 28087 28172 28065 28086 28294 
28181 28290 28290 28552 28552 28782 28847 28848 28445 
28931 28941 28996 28996 29051 29051 29052 29052 28943 
29010 28525 28525 29227 28525 29227 29227 29327 29327 
29306 29306 29304 29304 29365 29369 29503 29503 29507 
29506 29508 29508 29658 29658 29403 29403 29849 29849 
29293 29293 29991 29947 29226 29226 29795 29879 30148 
30150 30477 30477 30474 30474 30475 30475 30581 30579 
30551 30551 30063 30551 30063 30063 30644 30644 30693 
30100 30100 30762 30762 30834 30821 30821 30819 30819 
30657 30657 30768 30768 30844 30838 30840 30840 30722 
30718 30720 30717 30731 30731 30729 30497 30726 30533 
30532 30912 30857 30532 30252 30252 30785 30423 30678 
30678 30679 30679 30546 30546 28796 30362 29399 29399 
30263 30263 30260 30260 30032 30032 29815 29954 26296 
26296 29788 29901 26373 26373 29394 29297 29804 29804 
29802 29802 27691 27691 29694 29694 28579 28579 29447 
29446 29446 29450 29344 29450 29415 28768 28768 29324 
29347 29347 28990 28990 29142 29142 28991 28991 28985 
28902 28985 28985 28983 28981 28755 28755 28750 28750 
28752 28663 28668 28668 28666 28666 28351 28664 28359 
28359 28354 28354 27646 28222 27470 27470 27631 27631 
27803 27803 27637 27626 27633 27637 27634 27606 27153 
27024 26922 27168 26751 27169 22031 25820 22031 26838 
26838 26841 26841 26841 26834 26841 26834 26834 26568 
26568 26327 26464 26463 26464 26052 26463 26052 26052 
25931 25931 25932 25931 25932 25932 26252 26018 26252 
25946 25254 25254 25765 25769 25766 25766 15313 15313 
23949 23949 22228 23951 23950 23950 11067 11067 23809 
23809 24028 24028 20711 20711 23803 23803 23804 23804 
23651 23651 23646 23647 23573 23573 21605 21605 23569 
23569 23474 23474 23471 22673 23463 22656 22893 22656 
22776 22783 23061 23061 22780 22780 20712 22070 21013 
21013 21546 22213 21546 21832 21832 19991 19991 21725 
22053 22053 22054 22054 19685 19685 22018 22018 21934 
21934 21576 21576 21272 21888 21444 21530 21239 21612 
21678 21678 21498 21498 21276 21276 21512 21514 20813 
20813 21533 21533 21484 21484 21483 21433 20912 20926 
21204 21129 20164 20164 20874 20874 21217 21217 20957 
21079 19860 20976 20137 20137 21182 21182 21183 21181 
21183 21183 21008 21008 21007 21006 20855 20855 20908 
20587 20363 20587 20878 20878 20888 20888 20890 20890 
20895 20896 20853 20857 20689 20858 20623 20858 20625 
20707 20706 20704 20519 20704 20582 20700 20421 20421 
20530 20530 20272 20272 20409 20409 20407 20407 20216 
20216 19120 20222 19120 20213 18502 18907 12481 18502 
18169 12481 19680 20170 11486 11486 11904 20044 19467 
20044 19467 19467 18351 18351 20011 20011 20009 20009 
19944 20007 19945 19945 19556 19819 19556 19627 19506 
19332 19542 19542 19883 19883 19882 19882 19104 19104 
19677 19677 19710 19710 19713 19638 19635 19635 19511 
19671 19512 19512 19463 19463 19466 19466 18105 18105 
19369 19369 19405 19405 19254 19254 19366 19366 19165 
19165 19167 19167 19169 19167 19169 19169 18894 18894 
18593 18593 19084 18892 19038 19038 19032 14264 19036 
18893 19036 19035 18176 18176 18885 18885 18091 18091 
18741 18741 18740 18735 18735 18540 18602 18602 18813 
18813 18812 18814 18815 18815 18699 18811 18703 18703 
18751 18752 18751 18750 18748 18750 18761 18761 18760 
18760 18634 18634 18357 18357 18362 18356 18275 18275 
18355 18355 18353 18353 17747 18251 18182 18182 18126 
18212 18126 18126 17735 17735 18140 18140 18069 18069 
18029 18065 18065 17736 17954 17736 16291 17383 16620 
16620 18006 18006 18000 18000 14996 14996 17915 17915 
16803 17420 17297 17424 17713 17713 17719 17719 17091 
17718 17093 17428 17428 17511 17509 17085 17508 17086 
17177 17176 17174 17174 14500 14500 15803 15803 13043 
13043 15334 16649 15316 15508 13716 15140 15176 15176 
15819 15819 15824 15820 15358 15167 15167 15684 15684 
15684 13478 13478 13733 13733 13728 13728 13233 13233 
13234 13234 13229 13229 12241 12587 12980 12587 12633 
12980 12633 12633 12629 12631 12629 12636 12624 12214 
11779 12624 11780 12379 12366 12379 12366 12366 11936 
11776 11777 11936 11773 11777 11773 11773 11645 11040 
11040 11040 11745 11040 11745 11745 11171 11746 11155 
10883 11002 11170 10512 10512 10863 10862 10863 10689 
48212 48212 47703 47703 47708 47706 47253 47253 47705 
47707 47222 47219 47216 47215 47209 47209 46598 46598 
46601 46601 44523 46613 45651 45651 45080 45080 42209 
41461 44494 44494 44493 44493 43370 43370 41202 42902 
42439 42439 40784 42425 40784 41839 42047 41839 42061 
42064 42039 42074 42062 42074 40172 40338 42052 40338 
42052 42051 41340 42054 42041 42054 42042 42042 41360 
41402 41322 41313 41337 41337 41327 41325 40322 41325 
41369 41369 41368 41366 41366 41366 34800 34800 40344 
40344 41387 40855 36010 40831 40163 40167 40856 40163 
41405 41405 41412 41412 41399 40342 41801 41845 42152 
41845 42152 42146 42149 42149 39670 39670 42154 42154 
42158 42158 42127 41861 41861 41861 43024 43025 43026 
43025 43026 42537 41376 41376 41156 40913 41156 41888 
44099 43562 44104 43561 38594 38594 44115 44115 43922 
44199 43922 44128 42426 44111 44521 44078 43760 44078 
43591 43591 44689 45143 45143 45143 45144 45144 44729 
44355 46172 46172 45103 45103 45739 45739 47349 47349 
41836 41836 47599 47722 48271 48722 48722 48722 48731 
48731 47157 48730 47157 49435 49435 49817 49823 49817 
49823 49456 49455 49455 47168 47168 47775 48997 50221 
47775 46402 50221 50713 50713 50712 50706 50706 50706 
41365 41365 46696 46696 41458 41458 46712 46712 66483 
66483 60140 60140 56000 56000 61273 61273 67792 67792 
68605 67792 68605 68605 68609 68605 68609 68609 68608 
68609 68608 68608 68261 68261 67818 68352 68595 67818 
68596 68595 68579 68579 68586 68583 68566 68566 68304 
67159 68563 68563 68531 68531 68500 68429 68222 68222 
68351 68351 67410 67410 68461 68462 68356 68413 68294 
68413 68370 68370 67415 68388 68301 68301 68026 68346 
68273 68346 68289 68289 68320 68291 68321 67966 67966 
68274 68274 68276 68276 68277 68140 68140 67992 67598 
67065 67065 68183 67065 68183 68183 68081 68000 68108 
68108 67699 67699 67964 67964 67963 67961 67961 67961 
67959 67778 67788 67788 67566 66170 66628 66803 66628 
67507 67675 67676 67677 67676 67658 67658 67648 67648 
67649 67646 67649 67453 67453 67453 67463 67453 67463 
67463 67473 67473 67472 67639 67643 67643 67606 67606 
67608 67606 67608 67608 67281 67444 67448 67448 67106 
67106 67264 67264 66758 66758 67267 67267 67269 67269 
67253 67253 67256 67256 66781 66781 66589 66589 67212 
66589 67212 67212 67211 67211 65913 65913 66756 66756 
67005 67005 66314 66314 65234 65234 66998 67002 66991 
66998 66956 66991 66956 61812 66986 66986 66987 66990 
66990 66990 66988 66988 66940 66940 66065 66979 66745 
66745 66528 66745 66528 66528 66954 66747 66050 66741 
66050 66944 66944 66944 66513 66515 66513 65724 66522 
66522 66504 66504 65135 65135 66257 66257 66019 65200 
65145 65847 65145 65346 65825 65825 65828 65828 65574 
65574 65672 65672 65571 65571 61639 61639 65438 65444 
65444 65444 65198 65198 65156 65348 64744 64546 64713 
64769 65212 64769 65212 65212 65059 65059 64745 64745 
60467 60467 64567 64567 64740 64733 64734 64732 64029 
64029 64565 64565 64562 64564 64562 64364 64364 64364 
64372 64372 64060 64060 64040 64040 63781 63781 63224 
63224 63486 63486 63228 63228 63235 63235 63226 62841 
62839 62841 62649 62649 62837 62837 61907 62480 62478 
61907 62478 62470 62469 62469 59045 60928 61536 61536 
61933 61933 61633 61633 61759 61633 61759 61759 61564 
61564 61765 61765 61763 61765 61763 61763 61573 61573 
61580 61580 61595 61595 61577 61595 61577 61577 61381 
61381 61363 61363 61605 61605 61600 61600 61380 61380 
61120 61120 61420 61420 61417 61418 61112 61417 61426 
61426 61133 61421 61133 61146 61144 61168 61161 61169 
61161 61161 61166 61161 61166 61166 61164 61162 60889 
60889 61178 61178 61179 61179 61184 61184 61189 61185 
61188 61122 61188 60931 60931 60471 60471 60471 60489 
57843 60563 57843 60562 60316 60573 60573 60571 60559 
60576 60576 55371 60575 55371 60020 60046 60046 60045 
60043 60043 59787 59791 59795 59792 59794 58918 58918 
54269 54269 59534 59534 59333 59536 51626 59557 59557 
58588 58588 58588 59568 59319 59568 59568 59332 59332 
58857 59327 58953 58953 58945 58945 58966 58966 55768 
58966 55768 55768 58084 58084 58089 58090 58093 58094 
58091 58091 57281 57281 57677 57677 56920 56920 56913 
57284 57290 57290 54059 57293 56991 56968 56991 56909 
56255 56255 55989 56964 56980 56978 56979 56978 56487 
56487 56497 56500 56496 56499 56495 56493 56494 56493 
56494 56491 56475 55995 56506 56506 55786 55786 56474 
56474 54196 54196 56035 56035 56009 56009 55343 55343 
55301 55341 55341 55341 55329 55329 52239 52239 53885 
53885 53846 53846 55185 55185 50950 55183 54862 54810 
53852 53852 54869 52587 53545 53545 53225 52615 52687 
52687 52614 53845 53857 52614 52162 53857 53222 52162 
50512 52007 50801 53220 52633 52633 52634 52634 52034 
52034 52590 52588 51443 52590 51443 52603 52581 52581 
52617 52617 52598 52025 52599 52600 52597 52599 52597 
52597 52577 52577 52023 52021 52592 52592 52018 52018 
52666 52662 52660 52055 51447 52009 52636 52636 52656 
52656 52684 52684 51771 53235 52740 51467 53262 52740 
53267 53277 53267 53248 53246 53248 53247 53259 52788 
53265 52741 53240 53309 53312 53312 53312 53315 53315 
53301 53301 53371 53373 53370 52869 53303 53369 53289 
53369 53289 53289 53287 53364 53424 53286 53425 53356 
53356 53416 53417 53417 52936 52936 48761 50633 53448 
53448 53470 53470 52921 52921 52919 52920 52925 52920 
48492 52904 52227 52227 52270 52276 52268 52271 47446 
52268 49907 51225 48668 51227 49055 51227 50716 50715 
50716 50716 50718 50717 50718 49498 44995 44995 49868 
48316 50262 50262 50265 45229 45872 45872 45783 45783 
42795 42795 43261 42795 43261 43261 43296 46297 46302 
46302 46303 46303 46868 45240 45240 45240 46846 45240 
46846 46846 45782 46846 45782 45782 45382 45782 45382 
45382 45241 45319 45319 45319 45821 45823 45821 44306 
44306 45493 42804 45493 45292 45294 45288 45293 68225 
68225 68228 68224 68224 68224 68104 68224 68104 68104 
67974 67974 67110 68084 67284 68094 65776 65997 68129 
65997 68129 68129 68127 68127 68050 66883 68050 68050 
68086 68051 68087 68060 68055 68059 66590 68049 68049 
68049 66404 66404 67722 56470 24927 24927 24928 25159 
24439 24933 24700 24697 23888 24700 24383 23888 23251 
23251 24665 24666 24665 24664 24670 24664 24670 24670 
24671 24467 24667 24467 24465 24085 24403 24403 23938 
23938 24285 24284 24289 24284 24008 23984 23984 24189 
24189 24189 23784 23784 23798 23788 23546 23546 23782 
23782 23735 23736 23736 23736 23027 23027 23280 22895 
23035 22895 23035 23634 23634 23634 23029 23047 23046 
23047 23046 23046 23400 23403 23403 23403 22648 23401 
22873 23422 22994 22873 22994 22994 22997 22994 22997 
22997 22996 22997 22996 22996 22992 22991 22991 22991 
22972 22890 22890 22890 22989 22989 22985 22984 22985 
22433 22433 22433 22654 22654 22273 22652 22570 22374 
22375 22373 22373 22370 21458 21891 21891 21106 21106 
21106 22208 22208 21312 21312 43985 43985 42994 42994 
44035 44035 52982 52982 60764 57880 60851 59363 61191 
60869 60597 60596 60001 59093 59286 59286 53966 53966 
60099 60372 60099 47358 47358 47358 59727 60057 60016 
60016 56644 60016 56644 56644 60359 59961 60360 60360 
60362 60362 59748 60078 59802 60078 59802 59802 59483 
59483 57920 57920 59589 59603 59354 59580 59573 59573 
59350 59350 58507 58507 58541 58511 54958 54958 58538 
58538 58980 58980 54730 54730 57713 57716 57703 57703 
43845 43845 57694 57694 55725 57007 56982 56982 56241 
56241 56449 56949 56949 56448 56203 56448 55974 56203 
54640 54640 55979 55979 55976 55976 54586 54586 55754 
55754 55561 55561 55536 55536 55000 55000 55021 55021 
55167 55167 55164 55164 55163 55163 54997 54997 54996 
54995 54844 54844 52308 52308 51808 52564 50557 49840 
43871 43871 53820 53820 52557 52557 51960 51956 51959 
51959 47984 47984 51431 51431 48959 48959 50885 50885 
50886 50886 43356 43356 46660 42960 49648 50047 47150 
49648 47591 47150 48651 48651 48743 49656 49307 49307 
49306 49302 48923 46098 48919 48923 48919 48920 48652 
48920 48652 48652 48241 47759 48211 47764 47646 46786 
47230 47667 47691 47230 47226 44544 47256 47256 44519 
44519 45669 44519 45669 45669 46568 46568 46620 46620 
46619 46621 46621 45611 45613 45613 45090 45090 45662 
45663 45663 45663 44503 44503 44506 44506 43911 43911 
44493 43089 63664 63664 63665 63661 63393 63648 63648 
63142 63385 63422 63620 63620 63629 63629 63616 63616 
63610 63617 61026 63610 63590 61026 63588 63157 63588 
62790 63586 63586 63293 63585 62085 63293 62085 62085 
63318 63318 63278 63303 63304 62396 63112 63109 63107 
63110 62729 62324 62823 62823 62590 62590 62789 62590 
62789 62789 62593 62593 62613 62606 62435 62435 61505 
62610 62050 61505 62075 62075 61288 61046 62060 62060 
61876 62059 61875 61875 60092 60092 61877 61877 61047 
61047 60814 60386 60814 61048 61298 61048 61286 61297 
61297 60631 60631 60631 60820 61032 60402 61020 56662 
60410 60410 58293 60416 60416 59660 59660 60162 60162 
60168 60168 59666 60169 59666 59876 59325 59325 58550 
59065 56239 59488 56239 59061 48527 48527 56002 59667 
59668 59667 58652 58652 59392 59392 58411 59393 51286 
51286 59082 59082 59081 59080 58635 58635 58647 58647 
58263 58263 57093 57093 58303 58303 57966 57966 58302 
58302 58300 58299 57510 58299 58291 58290 57937 57937 
58287 57937 58287 58287 56729 56729 57756 57756 58788 
58784 58782 58782 58367 58367 58341 58367 58341 58341 
57998 57998 57997 57997 58780 58780 58805 58805 58749 
58749 58772 58772 58702 58702 58703 58699 58686 58688 
58677 58677 58728 58235 58728 58727 58725 58727 56834 
56834 58628 58623 58629 58629 58618 58621 58617 58617 
58233 58233 58199 58199 57814 57494 58181 58180 57789 
57789 57780 57798 57798 57798 57810 57810 57808 57808 
57806 57806 57449 57132 57783 57782 57784 57784 57047 
57102 57102 56843 57128 57119 57434 57443 57443 57443 
56842 56146 57123 56132 57416 57416 57112 57115 57407 
57408 57410 57410 57100 57410 57100 57100 54564 54564 
47500 47500 56594 56594 54893 54893 55715 55715 56391 
55715 56391 56391 53924 53924 56529 56529 56582 56582 
56523 56582 56523 56523 50767 56586 56586 55035 56566 
56566 55370 55370 56575 56575 56329 56329 56555 56555 
56338 56338 56339 56339 56112 56339 56112 56112 56114 
56114 55916 55916 53066 55905 55914 55914 55913 55915 
55906 55906 55120 55120 46931 46931 55879 55879 55881 
55881 55884 55884 55431 53089 55889 55889 55886 55888 
55871 55878 55878 55876 55650 55650 55623 55650 55623 
55623 55641 55623 55641 55641 55429 55429 55437 55437 
55111 55111 54883 54889 54710 54710 54714 54712 53898 
50704 50704 46168 46168 46168 51697 53747 41960 49886 
51714 51709 51709 40380 50283 50283 48365 48365 50287 
50287 49914 49914 43630 44738 45988 49562 49538 49540 
49060 49060 41991 48339 49096 49096 49097 49097 46888 
46888 48357 48358 46921 46921 45336 45336 47941 47941 
47472 47472 47929 47929 47931 47931 47928 47928 47887 
47887 47892 47892 46899 41813 46910 46323 45831 42860 
45831 44292 45793 44292 45793 46275 46275 46275 46274 
46274 46265 46265 44242 24261 24261 42999 42999 42640 
42640 42640 46226 46226 46225 46225 46224 44257 37510 
37510 41953 39922 41953 43123 43123 43123 43154 43154 
43669 43669 44179 44179 45154 45146 44182 44182 43600 
43531 43600 44172 43096 44173 44695 44696 44703 44696 
44697 44693 44698 42088 44120 43054 44089 44124 44017 
44017 43530 43530 39504 39504 44644 44644 44643 42601 
43444 44646 44646 44646 44647 43418 43418 43980 40143 
40143 43974 43974 43466 43466 43972 43972 43997 43987 
43970 43970 42995 42995 42440 42936 42440 35507 43453 
44006 42976 44006 42939 42939 41009 44035 57933 57933 
57743 57743 64194 64184 64194 64201 64197 64200 64196 
64198 64196 63846 64137 64137 64138 64138 64145 64144 
64142 64160 64177 64143 64176 64116 63859 63829 64146 
64117 64146 64129 64133 64129 63834 63566 64429 64429 
64631 64631 63918 64633 63918 64642 64445 64642 64641 
64448 64639 64639 64416 64416 64832 64832 64833 64832 
64833 64833 64830 63444 64936 64936 64958 64958 64961 
64961 64967 64967 64849 64849 65128 65128 65130 65130 
60425 60425 64610 62887 62887 64498 64253 64253 64977 
57511 57511 63368 63368 65478 64600 65478 65496 65496 
65621 64257 65763 65763 64989 64989 65311 65404 66144 
66144 65398 65398 65966 65288 66441 66435 66441 66440 
66164 66164 66645 66645 66364 66364 66875 66875 66160 
66160 65641 65641 67327 67327 67330 67330 67146 67146 
67354 67354 67355 67355 67497 67497 67491 67491 66784 
65805 66784 66784 67590 67590 66889 66889 67914 67825 
67825 67916 67902 67917 67865 67865 67862 67427 67912 
67912 67911 67906 67943 67934 67909 67831 67831 67860 
67910 67860 67910 67840 67837 67837 67725 67725 67692 
67692 67728 67729 67731 67731 67176 67731 67176 67176 
67726 66863 66159 66898 65250 66898 65250 65250 67718 
67717 66902 67519 66902 67525 67524 67524 67380 67526 
67522 67390 67389 67390 66887 66887 67143 66477 67143 
67143 66704 66704 67139 67139 67138 67138 66633 66633 
66692 66692 66690 66692 66690 66690 66681 66680 66670 
65963 66453 66448 66448 66448 66429 66180 66131 66131 
65359 66428 65790 65841 66140 65841 65749 65749 65937 
65937 65942 65942 65490 65490 63079 63079 61037 61037 
63171 63171 65256 65256 64799 64799 64926 65070 65070 
65096 65096 65096 62508 62508 65242 65243 64508 64508 
64078 64078 62794 62794 64271 64271 61865 61865 62637 
62637 64595 65078 64920 65078 64919 64919 64760 64764 
64361 62753 62753 64408 64408 64408 64394 64394 63551 
63551 63341 63329 62927 62927 63265 63559 64077 63559 
64077 64084 57623 57623 63802 63802 63806 63804 62711 
62711 62071 62940 63542 63542 63254 63254 62223 62223 
63268 62869 63540 63540 63538 63540 63538 63538 61115 
61115 61708 62981 62981 62981 63084 63089 62424 62449 
62939 62939 62916 62916 57908 57908 62920 62920 62545 
62545 62397 62397 62398 62398 62562 62685 62552 62552 
61857 61857 62246 62246 62364 62364 62026 62026 58409 
58409 62038 62040 62038 62038 62372 62038 62372 62372 
62370 62370 62371 62242 62066 62242 61818 62239 62235 
62232 62325 62325 62217 62217 62355 62355 62199 62199 
61995 61995 61653 61995 61653 61653 62168 62168 62170 
62170 61957 56520 61947 61957 61947 61947 61949 61949 
58884 58884 61799 61799 61787 61787 60990 60990 60640 
60640 60930 60930 60977 60977 57075 57075 60794 60794 
59630 60974 60973 60644 57650 57650 60968 60968 60617 
60617 60106 60106 59481 59481 59050 59050 59644 59644 
59843 59843 59842 59840 51305 59046 59376 59376 59633 
59633 59638 57740 57740 57740 57728 59370 59629 57728 
57887 57887 59037 57645 59027 59027 59028 59022 59022 
59023 59023 59023 59013 58551 58552 58551 58153 57757 
58565 58565 58578 58578 58583 58578 58583 58583 50851 
58584 58572 50851 58572 58572 58571 58573 58573 58573 
56803 56803 58145 57203 58146 58145 58147 58147 57336 
57363 57339 57336 57340 32049 56315 56315 56524 56524 
56308 56308 55432 55432 56300 56300 56298 56296 52291 
56296 56066 56066 56063 56065 55601 52754 54882 54882 
32230 32230 55405 55405 55406 55405 55406 55406 55403 
55403 55389 55389 55093 55387 53483 53483 55234 55234 
55237 55235 55236 55235 54555 55219 48338 51696 53197 
54383 53197 50676 54676 54687 54676 52364 52364 52364 
53941 53941 51709 51709 4397 4397 4104 4104 
EdgePCoordArray 1 3685 double
0 0.804 0.756 0.684 0.352 0.888 0.864 0.992 0 
0 0 0.316 0.52 0.44 0.616 0 0 0 
0.02 0.924 0.092 0.388 0.724 0.808 0.652 0.584 0.996 
0.008 0 0 0 0 0.04 0 0 0 
0.324 0.808 0 0.06 0.82 0.72 0 0.548 0.98 
0.988 0 0 0 0.252 0.688 0 0 0.008 
0 0 0.124 0.78 0.94 0.168 0 0 0.744 
0 0.012 0.988 0.384 0 0.804 0.916 0.208 0.92 
0 0.968 0.048 0.948 0 0.008 0.02 0.712 0.816 
0.632 0.708 0.244 0.824 0.492 0 0.172 0.792 0 
0 0 0 0 0 0 0.664 0.66 0.244 
0.364 0.032 0 0.284 0 0 0.048 0 0 
0 0.944 0.232 0 0.996 0 0.068 0 0 
0 0.768 0.028 0.872 0 0.732 0.484 0.596 0.76 
0.468 0.144 0 0 0.896 0 0 0 0.304 
0.236 0.276 0 0 0 0.932 0 0.484 0 
0.956 0 0 0 0.164 0.648 0.244 0.332 0 
0 0.12 0.252 0.288 0.632 0 0.108 0 0 
0.672 0.972 0 0 0.976 0.048 0.944 0 0 
0 0 0.288 0.16 0.108 0.232 0.156 0.584 0.232 
0.244 0 0.016 0.388 0.908 0.172 0.56 0 0.18 
0 0.892 0.004 0.992 0.168 0.16 0.148 0 0 
0 0 0 0.592 0 0 0 0 0.38 
0 0 0.98 0.088 0 0 0 0 0 
0 0 0.04 0.676 0.992 0.268 0.444 0 0 
0 0 0.052 0 0 0 0 0.012 0.852 
0.948 0.256 0.788 0 0 0 0 0.208 0.428 
0 0 0 0.032 0.084 0 0 0 0 
0 0 0.996 0 0 0.908 0.644 0 0.424 
0 0 0.832 0.248 0.504 0.564 0.804 0.848 0 
0.54 0.708 0 0.644 0.652 0.44 0 0.896 0 
0 0 0 0.096 0.588 0.924 0.028 0.008 0 
0 0 0.364 0.46 0.18 0 0.752 0.236 0 
0 0 0.068 0.24 0.404 0 0 0.428 0 
0.18 0.228 0 0 0 0.2 0.1 0.32 0.52 
0 0.34 0 0.912 0.916 0 0.16 0.24 0.532 
0.88 0 0.984 0 0 0 0 0.208 0.024 
0 0 0.98 0 0 0.108 0.104 0.616 0 
0.748 0 0 0.108 0 0 0 0 0 
0 0 0 0.924 0.2 0 0.328 0 0.828 
0 0 0 0.676 0 0.98 0 0 0 
0 0.004 0.72 0.428 0.508 0 0.972 0 0.94 
0.86 0 0.576 0 0 0 0.176 0.34 0 
0.048 0 0 0 0 0 0 0 0 
0 0 0 0 0.988 0.576 0.896 0.936 0.856 
0 0 0 0 0 0 0.996 0 0 
0.168 0 0 0 0 0.832 0.2 0 0 
0.592 0.764 0 0 0.864 0 0 0.936 0 
0.056 0.992 0.932 0.944 0 0 0.292 0.14 0 
0.296 0 0 0 0.184 0 0.096 0 0 
0 0.112 0 0.056 0.204 0 0.576 0.592 0.392 
0.464 0.428 0.216 0.048 0.8 0.344 0 0 0.004 
0 0.084 0 0 0.02 0 0.916 0.548 0 
0.988 0 0 0.992 0 0 0.104 0 0 
0.528 0.972 0 0.976 0 0.108 0 0 0 
0.936 0.62 0.68 0 0 0.988 0.956 0.152 0.192 
0 0 0.084 0 0.448 0 0.444 0.388 0 
0.02 0 0.148 0 0 0.36 0.644 0.86 0.14 
0.536 0.936 0.34 0.032 0.488 0.236 0 0 0 
0.036 0 0 0.04 0.072 0 0 0 0.712 
0 0 0 0 0.072 0 0.264 0 0 
0.968 0.012 0.772 0.516 0.072 0 0.92 0 0 
0 0.452 0.148 0.404 0 0.136 0.98 0.404 0.636 
0.988 0.98 0.12 0.204 0 0 0 0.744 0.464 
0 0 0 0 0 0.252 0.084 0.12 0.152 
0.824 0 0.384 0.964 0.272 0 0 0 0 
0 0.924 0.024 0 0.152 0 0 0 0 
0 0 0 0 0.672 0.688 0 0.332 0.92 
0 0.16 0 0 0 0 0 0 0 
0 0.712 0 0 0.984 0 0.676 0.536 0.22 
0 0.872 0.184 0 0.096 0 0.96 0 0.992 
0.992 0.576 0.98 0.9 0 0 0 0 0 
0 0 0 0.064 0 0.968 0 0.996 0 
0 0 0 0.42 0.932 0.148 0.676 0.52 0.624 
0 0 0 0 0.168 0 0.068 0 0 
0.136 0.044 0 0 0.968 0 0 0.752 0 
0 0.088 0 0 0 0 0 0.96 0.38 
0.812 0 0 0.924 0 0 0 0 0.996 
0 0 0 0 0 0.916 0.776 0.176 0.864 
0.316 0.688 0.14 0.256 0.976 0.412 0.636 0.548 0.796 
0.58 0.216 0 0 0 0.96 0 0 0.98 
0 0.92 0.172 0 0 0.224 0.472 0.116 0.668 
0.072 0.004 0.212 0.516 0.048 0.936 0.588 0.624 0 
0.988 0.968 0 0.152 0 0 0 0.368 0.992 
0.008 0.132 0 0.668 0 0.208 0 0 0.932 
0 0.484 0.844 0.336 0.672 0.912 0 0 0.996 
0 0 0.676 0 0 0.468 0 0.196 0 
0 0.76 0.464 0.896 0 0 0 0.208 0.672 
0 0.9 0 0.924 0.856 0 0.092 0.872 0.004 
0 0 0.008 0.016 0 0.972 0 0.904 0.832 
0.964 0.888 0.04 0 0.6 0.844 0.624 0 0 
0 0 0.224 0 0.812 0.22 0.464 0 0 
0 0 0.692 0.824 0.268 0.38 0 0 0 
0 0 0.984 0.416 0.156 0.16 0 0.448 0 
0.976 0 0 0.972 0.388 0.196 0 0 0 
0 0 0.752 0.484 0 0.272 0.768 0.704 0 
0.772 0.604 0.056 0 0 0 0.148 0.24 0.952 
0 0 0 0 0 0 0.888 0 0 
0 0.004 0 0.548 0 0.228 0.508 0.92 0 
0.832 0.968 0 0.964 0 0 0 0.036 0 
0 0 0 0.852 0 0 0 0 0.98 
0 0 0.464 0.712 0.92 0 0.98 0 0.396 
0 0 0 0.7 0 0.98 0.632 0.148 0.556 
0.412 0.652 0.06 0 0 0 0.928 0 0 
0 0.028 0 0.04 0 0 0 0.988 0.188 
0.492 0.688 0 0 0 0 0 0 0 
0 0 0.048 0 0.872 0.964 0 0.676 0 
0.24 0 0 0.956 0 0.024 0 0 0.752 
0.488 0.04 0.58 0.048 0 0.928 0.044 0.9 0 
0.064 0 0.964 0.084 0.832 0 0 0.02 0 
0 0 0 0 0 0 0 0 0 
0 0 0.036 0 0 0 0 0 0 
0.46 0.816 0 0 0.084 0.944 0.332 0 0 
0 0 0.012 0 0.896 0 0 0 0.9 
0.648 0.428 0.428 0 0.008 0 0 0.852 0.772 
0.82 0.696 0 0.304 0.44 0.68 0.392 0.896 0.144 
0.216 0.712 0.708 0 0.008 0.224 0.908 0.648 0 
0 0 0 0 0.296 0 0 0 0 
0 0 0 0.988 0 0.188 0 0 0 
0 0.992 0 0 0.924 0.888 0 0.272 0.544 
0 0 0.124 0 0 0.868 0.768 0 0.328 
0 0 0.112 0 0.912 0 0 0 0.952 
0.552 0.428 0 0.084 0 0 0 0 0 
0.996 0 0.936 0 0 0 0.836 0 0 
0.14 0 0 0.048 0 0 0 0.44 0.62 
0 0 0 0 0.948 0 0.96 0 0 
0 0 0 0 0 0 0 0 0 
0 0 0.592 0 0.996 0 0 0 0 
0 0 0.368 0 0.112 0 0 0.192 0.628 
0.932 0 0.948 0.076 0.884 0 0 0 0.032 
0.948 0.488 0.8 0.368 0.764 0 0.464 0 0 
0.836 0.344 0.692 0 0 0 0 0 0.004 
0 0.844 0 0 0.944 0 0.224 0.348 0 
0.992 0 0 0.996 0 0.02 0 0 0 
0.384 0.1 0 0 0 0.988 0 0.92 0 
0 0 0.168 0 0 0.688 0.236 0 0.78 
0 0.984 0 0 0 0 0 0 0 
0 0.044 0.272 0 0.064 0 0 0.972 0 
0.084 0 0 0 0.036 0.672 0.04 0.02 0.228 
0.324 0.56 0.424 0 0 0.16 0.736 0.032 0 
0 0 0 0.892 0 0.052 0 0 0 
0.796 0.632 0.16 0 0.628 0.816 0.056 0.92 0.956 
0 0 0.948 0 0 0.008 0.076 0.132 0 
0 0 0 0 0.928 0 0.988 0 0.964 
0 0 0.276 0 0.628 0.096 0.252 0 0 
0.472 0.524 0.416 0 0.732 0.98 0.984 0 0.06 
0 0 0.996 0.384 0 0.148 0 0.992 0 
0 0 0.984 0 0.024 0 0.364 0 0 
0.088 0.816 0 0 0.996 0 0 0.008 0.068 
0 0 0.236 0.012 0.868 0.652 0 0 0.44 
0.084 0 0.908 0.1 0.116 0.424 0.352 0 0.972 
0 0.988 0.216 0 0.248 0 0.744 0 0.18 
0 0 0 0 0 0 0 0 0 
0 0.024 0 0.692 0.932 0 0.992 0 0.992 
0.02 0.524 0.344 0 0 0.676 0 0.972 0.388 
0 0.98 0 0 0.148 0.852 0.988 0.376 0 
0 0.624 0.564 0.736 0 0 0.112 0.016 0.028 
0 0.032 0 0 0.98 0 0.992 0 0 
0.024 0.188 0.332 0.028 0 0.044 0 0.784 0 
0 0 0.216 0 0.776 0 0.94 0.484 0.92 
0.116 0.264 0 0 0.34 0.6 0 0 0.568 
0 0.34 0.844 0.248 0.04 0.096 0.168 0.156 0.796 
0.584 0 0 0 0.064 0.708 0 0.1 0 
0 0.932 0 0 0 0.272 0 0 0 
0 0 0.592 0 0.716 0 0.66 0 0 
0 0 0.208 0.512 0.956 0.62 0.272 0.568 0 
0 0 0 0.184 0 0 0.232 0.04 0 
0 0 0.924 0.38 0 0 0.34 0.724 0.984 
0.124 0.876 0 0 0 0 0 0.02 0 
0 0 0 0.536 0.06 0.056 0 0.388 0.328 
0 0 0 0.06 0.748 0.204 0 0 0.324 
0.852 0 0 0.62 0.184 0.192 0.46 0 0 
0.016 0 0 0 0.948 0.812 0 0 0 
0 0.976 0 0 0 0.404 0 0 0.06 
0.312 0.944 0.924 0.236 0.928 0.116 0.408 0 0.32 
0.588 0.632 0.376 0.148 0 0.048 0.308 0.124 0.228 
0.18 0 0.036 0.06 0 0 0 0.52 0 
0.876 0 0.984 0 0.916 0 0 0 0 
0 0 0 0.876 0.148 0 0.836 0.736 0 
0.04 0 0 0 0.796 0.004 0.96 0 0 
0.332 0.436 0.512 0.6 0.452 0.412 0 0.972 0 
0 0 0 0 0.992 0 0.9 0.968 0 
0 0 0 0.048 0 0.944 0 0 0 
0 0 0.288 0 0 0 0 0 0 
0.088 0 0 0 0 0 0 0 0 
0.164 0 0.364 0 0.12 0.464 0.872 0.164 0.668 
0.028 0 0.02 0.936 0 0.108 0.268 0.824 0 
0 0.992 0.08 0.54 0.94 0 0 0 0 
0 0 0.08 0.352 0 0.04 0 0 0 
0.516 0 0 0 0.048 0.988 0 0 0.688 
0 0 0.992 0 0 0 0.828 0.376 0 
0.984 0 0 0.004 0 0 0 0.308 0.704 
0 0 0 0 0 0 0 0.168 0 
0 0 0 0.224 0.504 0.376 0.52 0.712 0.504 
0 0.828 0.844 0.304 0 0.032 0.844 0 0.044 
0 0.668 0.608 0.868 0.344 0 0 0.008 0 
0 0 0.028 0 0 0 0 0.98 0 
0.996 0 0 0 0 0.324 0 0.98 0 
0.992 0 0.968 0 0 0.876 0 0 0.004 
0 0 0 0 0 0 0.888 0.064 0 
0 0.092 0.752 0.384 0 0 0 0.848 0 
0 0 0 0.932 0 0.464 0.58 0.948 0.924 
0.344 0.62 0.56 0.92 0.036 0 0 0 0.956 
0.664 0 0.308 0 0 0 0.196 0.024 0.028 
0.212 0.972 0.024 0.916 0.952 0 0 0.056 0 
0 0 0 0.236 0.648 0 0.016 0.456 0.336 
0.204 0 0 0 0 0 0.148 0.576 0.396 
0.528 0.604 0.404 0.176 0 0.948 0.056 0.996 0 
0.988 0 0 0.512 0 0 0 0 0.82 
0.104 0 0 0.804 0 0.132 0 0.06 0 
0 0 0.516 0.4 0 0.084 0.304 0 0.028 
0 0.984 0 0.972 0 0.804 0.212 0.472 0.096 
0 0 0.828 0.304 0.936 0.808 0 0 0 
0 0.06 0.856 0.248 0.06 0 0.256 0 0.028 
0.104 0 0.548 0 0 0.44 0.028 0.124 0.884 
0 0.572 0.724 0 0.096 0.248 0 0.664 0.808 
0.024 0 0.86 0.536 0 0.656 0 0 0.016 
0.664 0.14 0.2 0.628 0.956 0.952 0.172 0.184 0 
0 0 0.992 0 0.932 0.476 0.476 0.044 0 
0 0.88 0.2 0.796 0.916 0.832 0 0.904 0.208 
0 0.272 0.516 0 0.984 0 0 0 0.604 
0 0 0.98 0 0 0.628 0.404 0.612 0.18 
0.152 0 0 0.988 0.956 0.14 0.984 0.504 0 
0.316 0 0 0 0 0.204 0.772 0 0 
0.768 0 0.8 0.86 0 0 0 0 0.744 
0.272 0.948 0.32 0.028 0 0 0.076 0.916 0.4 
0 0 0 0 0.384 0.248 0 0.144 0.072 
0 0.72 0.792 0.144 0 0 0 0 0.096 
0 0 0.612 0 0.556 0 0.96 0 0 
0.972 0 0 0.992 0 0.972 0 0 0 
0 0.18 0.984 0 0 0.848 0.096 0 0.356 
0.416 0.284 0.52 0.38 0 0.556 0 0.108 0.988 
0.588 0.556 0 0.988 0 0 0.984 0.244 0 
0 0 0 0.628 0.408 0.248 0.2 0 0 
0 0 0 0.98 0 0.456 0 0 0 
0.012 0 0.436 0.92 0.9 0 0 0.164 0.88 
0.208 0 0 0 0.016 0 0.996 0 0 
0 0 0.236 0 0.96 0 0 0 0 
0 0.576 0 0.592 0.308 0 0 0 0.844 
0 0.996 0 0 0.964 0.06 0.96 0 0 
0 0 0.032 0 0.528 0.48 0 0.016 0.648 
0.416 0.44 0 0.384 0 0 0 0.624 0 
0 0 0 0.696 0 0.936 0 0.956 0 
0 0 0 0 0.388 0.452 0.584 0.688 0.436 
0 0 0 0 0.024 0 0.044 0 0 
0.544 0 0 0.372 0 0 0.48 0 0 
0 0.208 0.904 0.176 0.212 0.244 0.34 0.288 0.48 
0.132 0 0.992 0 0 0.724 0.928 0.948 0 
0 0.972 0 0.412 0.524 0 0.64 0 0 
0 0.076 0 0 0 0 0 0 0 
0 0.316 0 0 0 0 0.004 0.704 0.004 
0.164 0 0 0.06 0 0.14 0.124 0.696 0.32 
0 0 0 0 0 0 0.004 0.368 0.624 
0 0 0 0.996 0 0 0 0.008 0.264 
0.188 0 0 0 0.976 0.716 0 0 0.66 
0 0 0.116 0 0.988 0.98 0 0 0 
0.404 0.156 0.24 0.408 0.856 0.548 0.852 0.684 0 
0 0 0 0 0 0.408 0.032 0.076 0.564 
0.772 0.032 0 0.428 0.032 0 0 0 0 
0.976 0 0.02 0.028 0.54 0 0 0 0 
0 0 0.012 0 0.912 0 0 0 0 
0 0 0 0 0 0 0.976 0 0 
0 0.964 0 0.876 0.304 0.696 0 0 0 
0 0.012 0.18 0 0 0.832 0 0.364 0 
0.712 0.744 0.436 0 0 0 0 0.704 0 
0 0 0.056 0 0.704 0 0 0 0 
0.804 0.172 0.796 0.592 0 0 0 0 0 
0.928 0.888 0 0 0.988 0.988 0.012 0.632 0.576 
0.512 0 0 0 0 0.108 0.316 0.756 0 
0 0.888 0.54 0.764 0 0 0 0 0 
0 0 0.668 0.336 0.9 0 0.144 0.04 0.552 
0.356 0.984 0.928 0 0.54 0.588 0.292 0 0.096 
0 0.996 0 0.86 0.692 0.804 0 0.484 0.992 
0 0 0.276 0 0.864 0.488 0.744 0 0 
0 0.02 0 0 0.38 0 0 0 0.92 
0 0.292 0.868 0.256 0.836 0.2 0.452 0.928 0.636 
0.084 0.692 0.128 0 0.38 0.496 0 0.98 0.968 
0 0.304 0 0 0 0.892 0.98 0.856 0.56 
0 0 0.152 0.088 0.032 0.028 0 0 0 
0 0.212 0 0.96 0.928 0.008 0 0.572 0.316 
0.612 0.54 0 0 0.812 0.04 0.252 0.68 0.92 
0 0.04 0 0 0.196 0 0 0 0 
0 0.644 0.972 0 0 0.136 0.652 0.836 0.612 
0.016 0 0 0.764 0.376 0.952 0 0.088 0 
0 0 0 0 0 0 0 0 0 
0.976 0 0.992 0 0.968 0 0 0.772 0.868 
0.164 0 0.564 0 0.016 0 0 0.792 0 
0 0 0.716 0.58 0.484 0 0.024 0 0.832 
0.848 0 0.92 0.792 0.388 0.068 0.84 0 0.112 
0 0.932 0 0.468 0 0 0 0.284 0 
0.996 0 0.872 0.052 0.08 0.956 0.808 0 0 
0.084 0.468 0 0.992 0 0 0.976 0 0 
0.976 0 0.648 0 0 0 0 0 0 
0 0 0 0 0.968 0 0 0 0 
0 0 0 0.576 0.108 0.468 0.388 0 0.96 
0 0 0 0.356 0 0.988 0 0.232 0.304 
0.472 0 0.628 0.692 0 0 0 0 0.896 
0.72 0.82 0 0 0 0 0 0 0.412 
0 0 0.244 0.384 0.792 0.712 0 0 0 
0 0 0.116 0.58 0 0 0.928 0.856 0 
0 0 0 0 0 0 0 0 0.948 
0.94 0 0 0.032 0.752 0.02 0 0.672 0 
0 0 0.968 0 0 0 0.992 0 0 
0 0 0.864 0 0 0 0 0 0 
0 0 0.108 0.9 0 0.04 0.08 0.904 0.62 
0 0.94 0 0.064 0 0 0 0 0.684 
0.068 0.116 0.084 0 0.024 0.096 0.168 0 0.004 
0 0.92 0.14 0 0.096 0.748 0.16 0.572 0 
0 0 0.504 0.748 0.7 0 0.596 0 0 
0.864 0 0 0 0.968 0 0 0.168 0.056 
0 0 0 0 0.924 0 0.94 0.08 0.084 
0 0.256 0.648 0.564 0 0.832 0.62 0.72 0.58 
0.1 0.98 0 0 0 0 0 0 0 
0.54 0 0 0 0 0 0 0.912 0.744 
0 0.864 0 0.508 0 0.076 0.916 0.224 0.008 
0.304 0.256 0 0 0 0.128 0.672 0.36 0 
0 0.028 0.028 0.972 0 0 0.068 0 0 
0.908 0.52 0.088 0 0 0 0.292 0.168 0.748 
0.132 0.224 0.792 0.8 0.892 0.972 0.34 0 0 
0 0.56 0.328 0.968 0.784 0 0.176 0.304 0.188 
0.492 0 0 0.656 0 0 0 0.104 0.184 
0.148 0 0.312 0.12 0.848 0.26 0.596 0.508 0.552 
0 0.884 0.024 0 0.016 0 0.46 0 0 
0 0.98 0 0.984 0 0 0.896 0 0.956 
0 0.984 0 0.992 0 0.18 0 0.2 0.04 
0.448 0.132 0.212 0.176 0 0.992 0 0.924 0 
0 0.376 0.448 0.904 0.552 0 0 0.916 0 
0.756 0.644 0.236 0.388 0 0 0.104 0 0.332 
0.592 0.08 0.856 0.368 0 0.332 0.436 0.776 0 
0.132 0.472 0.736 0 0 0.26 0.936 0.22 0.792 
0 0 0.996 0 0 0.404 0 0 0.88 
0.952 0.252 0 0.596 0.996 0 0.076 0 0.976 
0.676 0.98 0 0.996 0 0.98 0 0.012 0 
0.116 0 0 0.376 0.008 0 0 0.208 0.668 
0.84 0.508 0.992 0.012 0 0 0 0 0 
0 0 0.484 0.22 0.428 0.164 0.512 0 0 
0.66 0.748 0 0.108 0 0.984 0 0.968 0 
0 0.864 0.464 0 0 0 0.744 0.456 0 
0 0 0.028 0 0 0 0 0.988 0 
0 0 0.756 0 0 0.332 0.532 0.728 0.552 
0 0 0 0 0 0 0 0 0 
0 0 0 0 0.264 0 0 0.004 0.684 
0 0 0 0.968 0 0 0 0 0 
0 0 0.588 0.208 0.496 0.9 0 0.268 0 
0.136 0.012 0.936 0.112 0.904 0 0.28 0.98 0.812 
0.068 0.852 0.064 0 0 0.9 0 0 0 
0.276 0.16 0 0 0.936 0 0 0 0 
0.032 0 0.132 0.296 0.78 0.244 0 0 0 
0.128 0.676 0.476 0.388 0.064 0 0.1 0.52 0 
0 0.332 0.556 0.384 0.376 0.6 0 0 0.972 
0 0 0.976 0 0.216 0.444 0 0.944 0 
0.86 0 0 0 0 0.992 0.864 0.9 0.568 
0.824 0 0.244 0.672 0.808 0.108 0 0 0 
0 0.044 0.06 0 0.452 0.332 0.056 0 0.768 
0.712 0 0 0.936 0 0 0.892 0 0 
0 0 0 0 0 0.904 0.956 0.448 0 
0.992 0 0 0 0.008 0 0 0.984 0 
0 0 0 0 0 0 0 0.576 0.652 
0 0.34 0.768 0.936 0 0.352 0 0.944 0 
0 0 0.128 0.576 0 0.2 0 0 0 
0 0.628 0.356 0 0.764 0.108 0.316 0.964 0 
0.652 0.588 0 0.436 0.372 0 0.964 0 0 
0 0 0 0 0.98 0 0 0 0 
0.992 0 0.88 0.244 0 0 0 0 0 
0 0 0.992 0 0 0 0.992 0 0.264 
0 0 0 0 0 0 0.092 0 0.1 
0.936 0.148 0 0.992 0 0.988 0 0 0 
0 0.104 0 0.328 0.892 0.108 0 0.924 0.824 
0.964 0.028 0 0 0 0 0.932 0.152 0.72 
0 0.116 0 0 0 0.088 0 0 0 
0 0 0 0 0 0 0.44 0.472 0.08 
0.088 0.068 0.184 0 0 0 0.532 0.16 0.328 
0 0 0 0.072 0 0.304 0.532 0 0 
0 0 0.94 0 0.176 0.08 0.772 0.344 0.648 
0.58 0.412 0.784 0.512 0 0 0 0 0.028 
0.388 0 0.16 0.556 0 0 0 0 0.16 
0 0 0.096 0.024 0.764 0.82 0 0.76 0 
0 0.824 0.388 0.444 0.316 0.612 0 0 0.296 
0.164 0.252 0.072 0.896 0.88 0.748 0.908 0.224 0 
0 0.956 0.04 0.832 0.712 0 0 0 0.992 
0 0.972 0 0 0 0 0 0 0 
0 0.516 0.096 0 0.628 0.104 0.436 0.732 0 
0.888 0 0 0.88 0 0 0.176 0.392 0.592 
0 0 0 0 0 0 0 0 0 
0 0 0 0 0.856 0 0 0 0.636 
0.552 0.984 0 0.34 0 0.048 0.628 0.644 0.408 
0.668 0.244 0 0 0 0.68 0 0.992 0 
0.176 0.804 0.292 0 0.708 0.44 0.228 0 0.628 
0.608 0.636 0 0.132 0 0 0 0 0 
0 0.984 0 0.056 0.72 0.816 0 0.816 0 
0.312 0.2 0.184 0 0 0 0 0 0 
0 0 0 0.4 0.216 0 0 0.028 0 
0 0 0 0 0 0.512 0.572 0 0.168 
0.98 0.064 0 0 0 0.108 0 0.916 0.152 
0.012 0 0 0.884 0 0.052 0 0 0 
0.088 0 0.992 0 0 0.16 0 0.944 0.136 
0 0 0 0 0 0 0 0.016 0 
0 0 0 0 0 0.712 0 0.996 0 
0 0.452 0.816 0.884 0.42 0 0 0 0 
0 0.992 0 0 0 0.104 0.808 0 0 
0 0 0 0 0 0 0 0 0 
0.732 0.44 0 0 0 0 0 0 0 
0 0.072 0.628 0 0 0.544 0 0.372 0.94 
0 0.632 0 0.628 0.088 0 0.836 0.96 0.552 
0 0 0.968 0 0.952 0.74 0 0.952 0 
0 0.424 0.848 0 0.336 0.984 0.264 0 0 
0 0 0 0.88 0.988 0 0.744 0.284 0 
0 0 0.992 0 0 0 0.068 0 0 
0.312 0.216 0.456 0.552 0.792 0.588 0.2 0.568 0 
0 0 0 0 
