# vtk DataFile Version 4.2
vtk output
ASCII
DATASET POLYDATA
POINTS 4302 float
-21.3715 160.603 125.383 -21.274 160.701 125.437 -21.286 160.53 125.434 
-21.4717 160.658 125.412 -21.4837 160.487 125.408 -20.3125 161.237 125.708 
-22.0649 160.994 125.622 -19.9323 161.89 125.945 -22.3468 161.606 125.917 
-19.9241 161.38 125.791 -19.9831 161.184 125.778 -21.4053 160.979 125.543 
-22.5322 161.415 125.888 -22.8056 161.29 126.05 -20.4431 160.018 126.211 
-20.8822 160.682 125.61 -21.8487 160.47 125.483 -23.0003 160.91 125.937 
-20.9725 160.052 125.752 -20.7189 159.938 125.975 -21.4658 160.155 125.529 
-21.9041 159.584 125.601 -22.3957 160.007 125.544 -22.2989 159.62 125.561 
-22.7677 159.529 125.659 -23.5037 159.319 126.027 -23.6348 160.194 126.132 
-21.5295 159.212 125.928 -21.8727 159.191 125.795 -22.2393 158.865 125.962 
-22.8623 159.119 125.772 -19.3655 161.641 126.14 -21.4047 162.15 126.199 
-19.9274 163.011 127.146 -22.3018 161.75 126.092 -22.5427 161.571 126.02 
-22.6044 161.607 126.245 -19.4591 161.35 126.077 -19.6066 160.918 126.172 
-19.9726 160.604 126.062 -19.8034 160.59 126.215 -23.4842 160.515 126.147 
-21.4277 159.116 126.189 -23.8427 159.623 126.322 -23.4792 158.948 126.14 
-23.6057 158.819 126.356 -19.1489 162.641 126.79 -18.832 162.174 126.547 
-19.2069 162.206 126.425 -20.6182 162.813 126.778 -18.6111 162.034 126.623 
-18.5541 161.842 126.636 -21.4452 162.335 126.473 -21.8295 162.129 126.535 
-22.624 161.64 126.588 -18.5572 161.215 126.93 -23.2132 160.989 127.51 
-19.2503 160.838 126.645 -19.6837 160.555 126.443 -19.5717 160.431 127.207 
-23.695 160.386 126.323 -24.1561 160.274 127.32 -24.0216 159.999 126.692 
-21.3841 159.098 126.929 -24.2326 159.366 126.925 -24.2072 159.075 126.98 
-22.4801 158.384 126.581 -22.7508 158.326 126.54 -22.9724 158.245 126.691 
-19.372 162.924 127.119 -20.6547 162.903 127.007 -18.7043 162.336 126.735 
-21.6421 162.316 127.397 -17.757 161.746 127.318 -18.3627 161.952 126.837 
-23.8978 160.562 127.504 -24.1698 160.124 127.03 -24.2889 159.998 127.18 
-21.028 159.534 127.248 -22.6178 158.208 127.092 -23.3121 158.302 126.76 
-18.6129 163.216 127.935 -19.339 163.092 127.493 -20.268 163.042 127.324 
-20.6939 162.941 127.326 -21.0334 162.813 127.388 -22.2531 161.675 127.455 
-17.0276 161.564 127.896 -17.7877 160.993 127.915 -22.807 160.949 127.925 
-18.7031 160.798 127.557 -19.6489 160.717 128.144 -24.3076 159.999 127.453 
-21.5945 159.109 127.586 -22.1894 158.514 129.109 -23.7777 157.941 127.689 
-24.1998 158.34 127.564 -23.0179 157.792 128.122 -17.2626 162.559 127.784 
-18.0243 163.233 128.121 -19.1864 163.249 128.231 -20.7862 162.606 128.004 
-16.4787 162.839 128.479 -16.8843 162.117 127.838 -21.2425 162.459 127.77 
-16.8768 161.876 127.851 -22.2156 161.29 127.84 -18.341 160.738 128.328 
-19.2521 160.633 127.824 -20.6151 160.303 127.856 -21.153 159.794 127.726 
-24.5497 159.43 128.349 -21.5034 159.565 127.931 -21.7438 159.081 127.999 
-23.79 157.651 128.388 -18.514 163.418 128.39 -18.7427 163.357 128.217 
-18.8491 163.357 128.69 -16.6569 162.347 128.029 -16.3303 162.493 128.283 
-20.1962 162.923 128.139 -20.3013 162.578 128.599 -20.7905 162.133 128.328 
-21.5072 161.394 128.099 -16.9508 161.209 128.178 -21.7261 160.503 128.197 
-20.7842 161.235 128.353 -21.9086 161.046 128.072 -17.2907 160.741 128.774 
-17.8478 160.823 128.265 -18.6226 160.765 128.568 -20.125 160.904 128.315 
-22.3469 160.72 128.194 -23.1583 160.428 128.629 -21.3158 160.149 128.032 
-21.7269 159.928 128.239 -22.1707 160.205 128.446 -22.6201 160.167 128.772 
-24.2562 159.963 129.046 -21.7725 159.397 128.296 -24.7354 158.924 128.437 
-24.6854 158.827 128.266 -22.4723 158.076 128.984 -24.0256 157.905 127.95 
-18.192 163.382 128.343 -18.604 163.424 128.597 -16.0854 163.075 129.181 
-17.6478 163.388 128.715 -20.199 162.79 128.475 -14.726 162.435 129.11 
-15.5388 162.638 128.862 -14.6301 161.865 129.036 -20.4957 161.808 128.564 
-16.1883 161.055 128.74 -19.9354 161.458 128.777 -17.4687 160.761 129.332 
-19.668 161.022 128.539 -21.9476 159.724 128.499 -22.2069 159.843 128.733 
-23.6558 160.268 128.906 -21.8925 159.404 128.56 -22.0146 158.881 128.981 
-24.5503 158.185 129.287 -22.8438 157.815 129.55 -24.3558 157.975 128.536 
-24.0557 157.722 128.639 -17.813 163.271 129.569 -14.2671 163.098 129.877 
-17.296 163.387 129.338 -18.9145 163.215 128.96 -19.2832 162.653 129.353 
-14.6181 162.1 129.04 -19.7029 162.001 129.194 -19.5315 161.306 128.946 
-18.9969 161.248 129.329 -19.2401 161.462 129.407 -19.3765 161.619 129.394 
-17.1524 160.713 129.062 -17.9596 160.911 129.432 -22.8048 160.059 129.262 
-22.2696 159.523 129.358 -22.1282 159.05 129.319 -24.7207 158.541 129.164 
-23.4295 157.636 129.396 -23.0826 157.755 129.731 -14.367 162.278 129.21 
-13.8861 162.643 129.624 -16.0095 163.142 129.489 -18.2896 162.902 129.85 
-18.7512 162.54 129.842 -18.8842 162.15 129.802 -13.8308 161.849 129.516 
-14.5355 161.103 129.606 -14.4287 160.673 130.673 -15.66 160.841 129.456 
-16.1595 160.746 129.499 -23.056 160.154 129.388 -23.5317 160.227 129.46 
-24.4915 159.719 129.57 -22.3122 158.478 130.062 -24.6988 158.576 130.033 
-24.4587 158.501 130.599 -15.4451 163.439 130.356 -16.4919 163.179 129.797 
-17.0434 163.202 129.731 -18.5074 162.694 129.917 -13.4497 162.097 129.703 
-13.2757 162.692 129.962 -18.4918 161.543 129.875 -19.1191 161.701 129.571 
-13.8706 161.416 129.691 -15.2647 160.769 130.613 -16.4089 160.761 129.735 
-16.8821 160.875 129.828 -18.0026 161.22 129.839 -23.1714 160.38 130.087 
-22.9297 160.176 129.801 -23.5845 160.43 130.182 -23.952 160.185 129.757 
-22.2566 159.49 129.729 -24.5094 159.6 131.207 -22.1589 158.927 129.859 
-24.7528 158.872 130.515 -23.6821 157.914 130.279 -12.2906 162.851 130.746 
-12.547 162.441 130.281 -13.3575 163.397 130.853 -13.8257 163.504 131.118 
-15.9275 163.276 130.189 -15.7528 163.388 130.5 -17.0302 162.947 130.152 
-17.7505 162.622 130.165 -17.422 162.475 130.369 -12.4769 162.018 130.245 
-17.5825 162.131 130.421 -18.526 161.963 129.979 -12.7112 161.446 130.227 
-17.525 161.85 130.427 -13.5449 161.302 129.987 -16.5872 161.159 130.427 
-16.8725 161.983 130.699 -12.9043 161.181 130.342 -13.3983 160.975 130.387 
-23.0944 160.824 130.684 -22.7269 160.182 130.039 -24.3505 159.992 130.282 
-22.3486 159.935 130.148 -22.1059 159.339 130.162 -22.1476 158.794 130.338 
-24.7273 159.178 130.498 -22.3804 158.414 130.395 -24.6826 158.726 130.586 
-22.661 158.252 130.635 -23.018 157.986 130.203 -15.1657 163.38 131.077 
-15.9881 163.303 130.419 -16.3517 163.024 130.533 -12.357 162.608 130.493 
-16.7567 162.48 130.692 -12.2343 161.756 130.47 -11.6754 162.264 130.887 
-12.2198 161.347 130.631 -12.9757 160.912 130.664 -13.4986 160.733 130.757 
-22.3105 160.572 130.652 -23.8689 160.837 131.171 -22.0159 160.391 130.717 
-24.0969 160.318 130.532 -21.9553 159.232 130.532 -21.8475 159.191 130.833 
-22.0775 158.839 130.775 -23.1299 158.239 131.233 -23.342 158.305 131.417 
-11.9587 162.971 131.113 -15.9445 162.637 131.291 -16.2329 162.48 131.11 
-11.4208 161.898 131.025 -16.5184 161.726 130.861 -16.0887 161.499 131.102 
-12.6483 160.723 131.44 -15.8464 161.291 131.082 -15.3023 160.948 131.05 
-22.3273 161.256 131.049 -21.779 160.867 131.082 -24.2297 160.654 131.757 
-24.6224 158.915 130.754 -24.2952 158.993 131.541 -21.9297 158.978 130.935 
-22.4831 158.511 131.066 -22.8447 158.289 131.113 -23.9527 158.631 131.591 
-11.684 163.548 132.318 -13.836 163.479 131.373 -11.1892 162.735 131.379 
-10.8756 162.859 131.604 -10.5492 162.615 131.64 -11.1993 163.417 132.045 
-15.5656 162.903 131.383 -22.42 162.35 131.601 -21.2767 163.132 131.729 
-21.6645 162.076 131.373 -10.8764 162.129 131.382 -15.5066 161.524 131.625 
-15.9816 161.734 131.299 -21.5679 161.65 131.303 -21.1781 161.263 131.438 
-23.0187 161.296 131.108 -23.3133 161.669 131.541 -10.9754 161.096 131.727 
-21.9494 161.349 131.164 -23.75 161.248 131.555 -11.7135 160.877 131.494 
-12.2085 160.738 131.507 -15.2791 161.207 131.512 -21.4471 160.489 131.34 
-21.4642 159.997 131.72 -24.3431 160.293 131.764 -24.4404 159.46 131.501 
-21.9426 159.312 132.039 -12.0281 163.442 132.829 -20.7875 163.449 131.883 
-21.1989 164.421 132.301 -14.1745 162.634 132.356 -10.624 161.814 131.59 
-9.93715 162.256 132.019 -10.2716 161.446 132.218 -22.8498 162.368 131.889 
-23.0938 162.258 132.035 -15.0011 161.162 131.686 -23.6552 161.561 131.864 
-23.9558 161.201 132.366 -10.5718 161.134 132.205 -11.2739 160.863 131.873 
-11.6777 160.76 131.888 -12.0636 160.751 131.807 -13.1352 161.139 132.247 
-13.6278 160.852 131.777 -24.2448 159.691 132.095 -24.1037 159.222 132.074 
-24.144 158.967 131.809 -22.831 158.981 132.433 -23.4735 158.52 131.696 
-19.9563 163.148 132.194 -20.0336 165.032 132.201 -19.7081 165.004 132.209 
-20.3652 165.133 132.304 -20.7538 163.887 132.009 -21.4205 164.315 132.4 
-9.55117 163.058 132.517 -9.6469 162.479 132.33 -10.2601 163.425 132.459 
-22.2699 162.988 132.036 -9.78253 162.066 132.286 -14.4533 162.462 132.294 
-14.7872 162.37 132.11 -14.5402 162.121 132.285 -22.9011 162.488 132.131 
-23.7581 161.564 132.231 -9.92267 161.731 132.43 -14.4933 161.747 132.243 
-13.7602 161.394 132.306 -10.7876 160.959 132.418 -11.1276 160.85 132.304 
-11.5461 160.807 132.221 -12.4913 160.933 132.172 -13.5191 161.075 132.105 
-24.2781 160.198 132.059 -21.1488 160.569 132.807 -22.4797 159.094 132.383 
-22.6153 158.907 132.188 -23.2025 158.974 132.453 -23.8068 159.125 132.298 
-19.045 166.324 132.556 -18.7275 166.769 132.892 -18.6731 166.294 132.638 
-18.7519 165.502 132.495 -18.4266 165.946 132.69 -18.0782 165.362 133.003 
-20.0445 166.511 132.699 -20.2123 166.358 132.675 -20.705 165.838 132.809 
-18.74 164.57 132.622 -18.6082 164.432 132.811 -19.1313 164.518 132.41 
-21.4008 164.726 132.741 -18.4311 164.336 133.464 -22.0003 163.913 132.8 
-10.6026 163.531 132.715 -11.2501 163.573 132.718 -11.7342 163.551 132.573 
-22.6619 163.102 133.194 -9.47463 162.813 132.483 -9.34141 162.938 132.711 
-13.3297 162.878 132.587 -19.9752 162.22 132.646 -9.90277 161.674 132.746 
-20.4233 161.606 132.568 -12.9717 161.611 132.671 -10.8229 161.05 132.792 
-11.0489 160.907 132.627 -11.1897 161.046 132.93 -12.4974 161.262 132.606 
-23.7562 160.325 132.977 -21.4547 160.511 133.29 -22.698 159.166 132.614 
-23.5283 159.082 132.47 -20.2417 166.482 132.795 -20.3662 166.506 133.03 
-18.1014 165.755 132.911 -21.5369 164.694 133.042 -21.8079 164.276 133.167 
-21.9854 164.008 132.967 -9.59523 163.306 133.479 -9.25858 163.167 133.192 
-10.5106 163.498 133.164 -11.6111 163.516 132.908 -11.8756 163.405 133.027 
-8.95004 162.863 133.577 -8.98839 162.81 133.361 -12.1758 163.151 133.091 
-9.3114 162.305 133.019 -9.1197 162.567 133.211 -9.25944 162.303 133.256 
-23.3911 162.05 133.169 -9.35793 162.232 133.361 -12.5744 162.381 133.139 
-19.9009 162.216 133.345 -19.976 162.126 132.967 -23.6076 161.813 132.867 
-23.5853 161.631 133.162 -10.5509 161.363 133.059 -10.1166 161.531 132.947 
-10.9845 161.196 133.096 -11.8142 161.341 133.127 -12.0384 161.471 133.109 
-11.569 161.201 133.055 -21.4729 160.922 133.763 -23.7923 160.86 132.99 
-21.2773 160.582 133.158 -23.1584 159.454 132.903 -18.78 167.297 133.414 
-18.1877 167.033 133.473 -20.0713 166.838 133.238 -20.5146 166.983 134.526 
-17.8584 165.457 133.587 -21.382 165.008 133.679 -21.8729 163.939 133.981 
-18.0028 165.024 133.608 -9.28268 163.2 133.441 -10.224 163.326 133.549 
-19.2163 163.152 133.668 -22.2475 163.659 133.469 -22.4272 163.368 133.699 
-9.12521 163.014 133.641 -11.5772 162.764 133.599 -22.607 163.024 133.841 
-22.8713 162.706 133.604 -8.99874 162.675 133.522 -9.23388 162.431 133.48 
-23.1064 162.256 133.652 -23.2747 162.044 133.502 -10.1993 161.617 133.217 
-11.4091 161.621 133.449 -20.3566 161.961 133.867 -20.1921 161.897 133.346 
-23.3812 161.594 133.466 -10.4592 161.566 133.325 -11.3385 161.321 133.232 
-10.7211 161.654 133.442 -23.0651 160.822 133.621 -23.2197 160.62 133.466 
-22.1627 160.582 133.634 -19.2141 167.762 133.964 -18.1564 167.898 134.31 
-17.5738 167.847 134.935 -17.788 165.522 133.944 -17.9642 165.106 133.986 
-20.9648 165.707 134.151 -9.42577 163.171 133.619 -9.87859 163.205 133.63 
-22.229 163.189 134.203 -9.12262 162.888 133.777 -8.97612 162.868 133.725 
-9.45761 162.971 133.759 -10.5034 162.56 133.74 -11.03 162.312 133.711 
-8.95411 162.766 133.689 -9.12014 162.647 133.693 -10.0685 162.216 133.634 
-19.0985 163.76 134.227 -22.6409 162.015 134.198 -11.1682 161.889 133.587 
-20.8796 161.605 134.031 -23.0626 161.273 133.751 -22.6947 161.213 133.982 
-22.3347 160.922 133.917 -22.6828 160.782 133.727 -18.6037 168.168 134.462 
-18.7059 168.006 134.227 -19.1031 168.291 134.77 -19.5637 167.788 134.159 
-17.5779 166.364 134.202 -18.1944 164.865 134.547 -18.2662 164.726 134.294 
-9.03467 162.786 133.773 -22.5957 162.501 134.173 -21.6734 161.085 133.997 
-22.4177 161.217 134.117 -22.078 161.11 134.079 -19.3656 168.142 134.644 
-19.6713 167.899 134.492 -17.9945 165.245 134.684 -20.5166 166.982 134.821 
-20.5235 166.354 134.97 -20.6006 165.51 134.722 -18.163 164.991 134.695 
-20.9087 165.039 134.468 -20.235 164.611 134.812 -18.9587 164.372 134.6 
-20.9127 164.402 134.556 -19.9587 162.778 134.294 -19.9352 163.987 134.718 
-20.979 162.674 134.509 -22.2694 162.842 134.306 -22.3122 161.877 134.341 
-18.6154 168.574 135.486 -19.3863 168.249 134.898 -19.541 168.232 135.518 
-20.1657 167.497 135.109 -20.417 167.153 135.001 -17.0411 166.846 135.362 
-16.9826 166.583 135.734 -17.5052 166.101 135.113 -17.7459 165.854 135.405 
-19.9542 164.955 134.971 -19.8094 165.751 135.512 -18.5848 164.963 135.062 
-18.7048 164.803 134.933 -19.4533 164.491 134.812 -19.3386 165.173 135.276 
-17.0673 168.597 136.264 -16.9622 167.537 135.489 -20.3555 167.07 135.206 
-20.1697 167.06 135.501 -16.8881 167.188 135.565 -16.9115 166.796 135.65 
-18.0848 165.775 135.761 -18.4333 165.347 135.395 -18.9107 165.007 135.187 
-18.4758 169.333 136.63 -17.4013 169.191 136.714 -19.1312 168.542 135.737 
-19.5898 168.163 135.922 -19.8443 167.721 135.924 -16.9081 166.71 135.857 
-20.1546 166.414 135.487 -19.7891 166.334 135.882 -19.0281 165.817 135.95 
-19.5226 168.262 136.268 -16.7099 168.121 136.548 -16.6588 167.599 136.66 
-19.6996 167.762 136.256 -16.772 167.135 136.366 -19.4564 166.622 136.453 
-17.6329 166.191 136.194 -18.1836 165.879 136.077 -18.9872 166.433 136.804 
-18.5698 165.834 136.076 -17.7186 169.519 137.232 -18.7749 169.209 136.679 
-18.8513 169.21 137.021 -16.9098 168.581 136.504 -19.5893 167.574 136.674 
-16.8927 167.059 137.172 -19.2722 166.583 136.706 -17.5463 166.54 137.025 
-17.6765 166.322 136.593 -18.1452 166.171 136.539 -16.6247 167.548 137.161 
-19.3476 168.015 137.678 -19.0854 167.791 138.169 -19.2019 166.87 137.165 
-17.6961 166.416 136.876 -18.3543 166.526 137.21 -17.7939 169.649 138.013 
-16.5336 168.756 137.998 -16.523 168.174 137.382 -16.4638 167.776 137.433 
-16.4037 168.007 137.575 -16.4169 167.727 137.66 -16.5568 167.388 137.775 
-18.7716 167.272 138.223 -17.1925 166.898 137.845 -18.0691 169.636 138.192 
-18.5237 169.459 137.678 -16.4331 168.295 137.654 -18.5317 168.309 140.385 
-16.9803 169.48 139.209 -16.8409 169.136 138.086 -18.7253 169.138 138.659 
-16.8052 167.016 138.794 -17.192 166.9 138.238 -18.0061 167.025 139.296 
-16.793 169.242 138.523 -17.606 169.535 139.363 -18.1424 169.553 138.54 
-18.3358 169.337 139.102 -16.3872 169.071 138.88 -18.8887 167.62 138.665 
-16.4912 167.154 138.964 -18.6574 167.225 138.536 -18.7044 167.413 139.215 
-16.1539 168.731 138.859 -18.7907 167.611 139.38 -18.4241 167.185 139.191 
-17.178 166.913 139.06 -16.3866 169.192 139.15 -15.9384 169.048 139.46 
-15.624 168.225 139.87 -15.9976 167.44 139.852 -18.2739 167.226 139.606 
-16.1976 169.391 139.957 -17.4476 169.541 140.516 -15.6818 168.666 139.759 
-16.3474 167.176 140.097 -17.7442 167.075 140.029 -18.168 168.934 140.88 
-16.9174 167.046 140.583 -18.5154 167.908 140.29 -18.0461 167.465 140.753 
-16.5167 169.632 140.724 -18.1794 167.778 141.348 -15.7369 167.786 142.366 
-16.5107 167.179 140.55 -15.5825 168.698 140.918 -18.1284 168.211 141.883 
-16.5419 167.244 141 -17.1248 167.161 140.937 -17.0414 169.644 143.464 
-17.7786 169.272 141.926 -18.1803 168.735 141.538 -15.9847 167.453 142.558 
-18.0608 168.816 141.884 -15.5727 168.189 143.83 -17.9036 167.754 141.882 
-17.0283 167.225 142.6 -16.5431 169.683 144.73 -17.8211 169.181 142.244 
-16.4854 167.18 142.661 -15.7989 169.149 144.466 -17.4761 167.437 142.617 
-17.487 169.452 142.882 -17.8112 167.781 143.058 -16.4623 167.041 142.974 
-16.9669 166.953 143.173 -17.0833 167.113 143.016 -16.7055 166.928 143.198 
-16.1447 169.291 145.922 -17.9774 168.239 143.484 -17.2159 167.033 143.327 
-17.5318 167.309 143.454 -18.04 168.72 144.7 -18.124 168.129 144.649 
-15.6892 167.656 143.996 -18.0314 167.549 144.646 -17.5017 167.099 143.932 
-17.4873 169.566 145.688 -17.8453 169.219 145.045 -15.5918 168.702 144.52 
-15.525 168.227 144.598 -15.5924 167.824 144.366 -17.457 166.868 144.556 
-16.8897 166.589 144.965 -15.8289 167.289 145.262 -17.0024 166.253 146.935 
-15.5911 168.57 145.217 -18.1144 168.853 145.046 -18.3409 166.703 145.579 
-18.4555 167.701 145.283 -15.9085 169.121 145.683 -17.0125 169.679 145.417 
-17.9187 169.373 145.916 -15.9303 168.562 146.449 -18.5563 168.25 145.529 
-16.0405 167.049 146.132 -18.0337 166.549 145.477 -15.9353 167.288 146.273 
-17.563 166.024 146.212 -17.6275 166.172 145.925 -16.8446 169.32 146.814 
-16.5835 169.326 146.59 -17.8828 169.268 147.113 -18.1419 169.308 146.384 
-19.6747 168.026 146.747 -15.9663 167.442 146.508 -20.3919 166.743 147.292 
-18.0876 165.924 146.422 -17.8082 165.916 146.437 -19.5673 168.277 146.849 
-16.0134 167.648 146.725 -17.3669 166.008 146.789 -18.3727 165.93 146.554 
-19.2187 166.071 146.968 -18.2103 169.205 146.981 -17.1596 169.183 147.199 
-16.1594 168.3 146.923 -15.9853 168.012 146.73 -20.2995 168.16 147.601 
-18.8944 165.918 146.934 -18.7291 165.817 147.083 -17.082 168.773 147.769 
-17.7088 169.124 147.469 -16.8607 168.006 148.048 -16.3329 168.114 147.236 
-19.7095 168.582 147.875 -19.7376 168.401 147.315 -17.0495 166.725 148.264 
-17.4396 166.001 147.848 -19.9507 165.947 147.545 -17.6671 165.911 148.057 
-18.1469 165.737 147.794 -19.3197 165.816 147.457 -18.6327 151.321 147.43 
-18.3836 151.09 147.363 -18.7376 150.661 147.303 -19.1593 151.107 147.353 
-19.4597 150.979 147.377 -19.4067 151.285 147.427 -17.8649 150.744 147.342 
-17.8829 150.433 147.337 -18.5539 150.344 147.341 -19.6829 150.41 147.497 
-18.835 150.03 147.482 -19.2683 149.878 147.661 -17.7701 168.806 148.278 
-22.2578 167.151 148.206 -21.0609 166.84 147.545 -22.3658 166.357 147.783 
-21.3138 165.965 147.683 -21.8265 166.039 147.669 -22.2905 166.067 147.737 
-22.5463 166.507 147.929 -19.5424 165.492 148.929 -19.6585 165.617 148.076 
-21.3054 165.45 147.99 -17.8356 151.869 147.829 -19.061 152.225 148.165 
-19.4693 151.636 147.602 -20.3068 152.016 147.794 -21.8541 152.125 147.814 
-19.5899 152.512 148.558 -14.9315 151.38 147.818 -15.1554 151.119 147.704 
-17.2739 151.975 148.018 -17.1965 151.43 147.614 -23.4071 152.672 148.202 
-20.8181 150.963 147.605 -14.8975 150.5 147.758 -15.8189 150.298 147.643 
-21.6794 150.505 147.843 -21.9526 150.544 147.878 -15.2915 149.747 148.013 
-15.9037 149.894 147.734 -16.1185 149.672 147.803 -18.5246 149.712 147.637 
-18.2863 149.412 147.904 -20.4559 150.057 147.89 -20.7824 149.649 148.377 
-17.7232 168.705 148.442 -17.1013 168.257 148.257 -17.1999 166.435 148.203 
-17.7903 165.974 148.381 -20.5441 165.308 148.571 -23.5649 166.07 148.32 
-24.0012 165.451 148.316 -21.6108 164.965 148.293 -23.7716 164.176 148.175 
-23.9839 164.734 148.152 -22.3707 164.081 148.653 -24.1534 164.244 148.215 
-21.6528 152.968 148.501 -23.1738 153.038 148.37 -15.5918 151.817 148.008 
-15.4237 152.021 148.275 -17.1767 152.105 148.316 -19.3667 152.556 149.185 
-23.7493 152.521 148.238 -13.1469 150.221 148.76 -12.5749 151.003 148.757 
-19.9721 149.55 148.303 -20.5428 149.76 148.164 -16.1124 149.426 148.011 
-16.8186 149.033 148.37 -18.3077 149.196 148.186 -18.4614 149.118 148.459 
-21.9043 167.849 149.02 -20.9979 168.201 149.103 -17.535 166.689 148.823 
-17.5277 167.418 148.983 -24.6166 165.878 149.129 -19.6995 165.442 149.301 
-24.6848 165.524 148.827 -25.2811 164.277 148.727 -23.5463 163.865 148.308 
-25.2163 162.732 148.444 -25.6219 163.461 148.619 -24.0193 162.911 148.549 
-25.7014 163.085 148.552 -25.6693 162.752 148.507 -23.8077 162.833 148.672 
-23.8374 162.447 148.879 -24.5528 162.331 148.553 -26.0711 162.487 148.6 
-24.8676 161.398 148.643 -25.6955 161.657 148.517 -25.3136 161.122 148.559 
-26.5807 161.19 148.659 -27.077 161.596 148.938 -26.1508 160.709 148.556 
-25.7383 160.085 148.645 -22.8721 153.701 148.975 -24.7311 153.565 148.632 
-13.3041 151.862 148.463 -13.7211 152.956 148.926 -20.5732 153.051 149.904 
-24.5385 151.29 148.759 -24.1721 150.796 148.809 -13.4765 149.683 149.127 
-20.9323 149.532 148.682 -22.5457 149.733 148.982 -17.6761 168.062 149.018 
-17.7951 168.289 148.965 -19.3068 168.133 149.561 -21.5519 167.97 149.517 
-22.5151 167.481 148.984 -22.4198 167.645 149.248 -22.9396 167.243 149.034 
-23.4731 167.059 149.33 -20.4517 165.182 149.01 -20.7651 164.926 149.526 
-21.1598 164.799 148.965 -22.2973 163.837 149.174 -25.9207 164.353 149.452 
-26.2656 163.843 149.256 -23.4631 162.653 149.139 -24.1328 162.219 148.763 
-24.4109 160.42 149.177 -27.3143 160.898 148.979 -27.4246 161.167 149.128 
-24.6751 159.484 149.162 -24.9465 159.261 149.024 -27.3477 158.901 148.89 
-27.9302 159.757 149.344 -27.9908 159.992 149.519 -25.3849 157.129 148.976 
-24.771 158.505 149.267 -27.7159 158.456 149.095 -24.7026 157.011 149.318 
-27.4665 157.485 149.057 -24.6406 155.343 149.007 -26.7879 156.347 148.975 
-27.0214 155.496 149.109 -23.5755 154.61 149.27 -24.1558 153.973 148.723 
-26.1982 153.046 148.975 -27.1586 154.452 149.293 -12.8728 154.053 149.242 
-11.4997 153.756 149.154 -14.5317 152.937 149.446 -25.2933 151.351 149.177 
-10.9533 152.224 149.487 -16.226 152.134 148.981 -15.7809 152.18 149.246 
-17.6148 152.08 149.084 -18.1968 152.213 149.027 -24.0013 150.294 149.176 
-11.7774 151.005 149.295 -12.7785 149.944 149.462 -13.1648 149.945 149.027 
-23.1859 149.75 149.496 -18.6451 149.079 149.056 -19.1954 149.284 149.565 
-21.3942 149.449 149.798 -16.6771 148.902 149.14 -18.3314 167.729 149.474 
-20.4727 167.884 149.95 -18.6131 167.813 149.559 -21.835 167.907 149.363 
-22.5496 167.58 149.457 -19.6705 165.768 149.913 -19.7217 165.499 149.58 
-19.9708 165.441 149.783 -21.9495 164.121 149.789 -26.904 163.261 149.567 
-27.3058 162.528 149.459 -27.2727 162.875 149.975 -23.4774 162.357 149.476 
-27.3183 162.174 149.306 -27.462 162.308 149.546 -27.6115 161.313 149.442 
-24.1556 160.531 149.451 -23.9939 160.825 149.653 -24.4527 159.561 149.424 
-27.9982 158.359 149.334 -28.1969 159.045 149.874 -28.1391 158.585 149.605 
-28.0846 158.117 149.505 -27.5712 155.86 149.472 -27.4176 156.052 149.268 
-27.1166 156.062 149.102 -11.6794 154.119 149.192 -12.2484 154.092 149.175 
-12.0562 155.311 149.719 -10.6585 155.195 149.741 -13.1978 154.153 149.413 
-27.3515 153.919 149.667 -10.8294 153.937 149.432 -13.5149 154.052 149.555 
-22.7561 153.999 149.754 -27.0362 153.505 149.353 -22.2418 153.534 149.302 
-10.8155 152.716 149.507 -26.8764 152.685 149.636 -10.9879 151.85 149.601 
-16.6178 151.242 149.966 -17.7702 151.229 149.837 -18.3907 151.835 149.663 
-26.3013 151.929 149.619 -11.2385 151.579 149.48 -11.4326 151.183 149.566 
-25.285 151.117 149.462 -11.5449 150.849 149.872 -13.0777 149.713 149.628 
-22.0167 149.493 149.466 -23.2608 149.739 149.791 -13.3597 149.575 149.831 
-14.3496 149.183 149.549 -18.9816 149.194 149.428 -19.6526 149.333 149.539 
-20.692 149.517 150.131 -14.5157 149.15 149.684 -16.4284 148.936 149.353 
-16.8959 148.972 149.445 -17.2722 149.109 149.657 -18.5758 149.125 149.325 
-20.8703 167.974 149.812 -21.5494 167.549 150.294 -22.6559 167.464 149.892 
-18.6912 166.935 149.748 -23.4992 167.126 149.739 -26.0248 164.411 150.109 
-21.696 164.417 150.006 -26.7129 163.574 150.216 -23.2091 162.695 150.251 
-27.4092 162.585 149.725 -27.9181 160.718 149.795 -28.0042 160.471 149.903 
-24.3342 159.46 149.803 -28.144 159.536 149.833 -27.9429 156.573 150.014 
-24.282 157.357 151.143 -23.8053 155.695 150.155 -11.6569 155.95 149.982 
-27.5216 154.234 150.632 -10.3302 153.479 149.906 -13.586 154.218 149.922 
-21.8146 153.371 150.23 -27.394 153.842 149.96 -10.5675 152.687 149.749 
-10.5318 152.282 150.073 -14.8786 152.683 149.709 -15.2206 152.318 149.936 
-19.4658 152.351 149.888 -25.5787 151.185 149.823 -12.0531 150.306 150.301 
-24.3531 150.263 150.088 -13.2813 149.624 150.092 -22.8988 149.699 150.14 
-14.6425 149.208 149.864 -18.7241 149.835 149.99 -19.1645 149.489 149.814 
-17.0965 149.255 149.842 -20.2931 167.493 150.266 -20.4775 167.684 150.168 
-22.0851 167.439 150.278 -23.2992 167.11 150.184 -19.6244 166.369 150.222 
-23.6044 166.875 150.186 -23.6139 166.672 150.47 -21.3822 165.455 150.71 
-21.1697 164.972 150.307 -22.0003 164.428 150.494 -22.3229 163.878 150.285 
-23.1363 163.21 150.819 -26.7994 163.357 150.557 -27.3189 162.761 150.298 
-27.7144 161.516 150.629 -28.0207 160.388 150.562 -28.0235 156.87 150.665 
-10.4926 156.449 150.217 -11.8819 156.257 150.214 -12.1574 156.26 150.365 
-23.0478 154.304 150.813 -22.7524 154.03 150.134 -23.4366 155.041 150.488 
-13.7046 154.246 150.369 -27.2566 153.434 150.075 -20.7977 152.958 150.369 
-27.0332 153.092 150.606 -10.4937 152.519 149.934 -10.373 152.595 150.231 
-14.3097 153.098 150.837 -15.0623 152.254 150.333 -20.4632 152.605 150.51 
-19.2595 151.594 150.244 -19.6735 152.202 150.203 -26.2834 152.063 150.902 
-12.0213 150.411 150.574 -18.2704 151.196 149.925 -25.8479 151.386 150.079 
-25.5999 151.264 150.613 -18.2716 150.249 150.027 -19.0615 150.972 150.268 
-16.3207 149.896 150.285 -25.5864 151.454 150.935 -13.4398 149.678 150.339 
-15.029 149.236 149.955 -14.4356 149.669 150.441 -16.1584 149.356 150.005 
-16.187 149.663 150.222 -19.8344 149.713 150.21 -20.2061 149.57 150.161 
-21.1411 167.016 150.644 -21.9577 167.188 150.572 -22.1527 166.928 150.722 
-20.7439 166.642 150.618 -23.0072 166.555 150.789 -24.2109 166.198 150.522 
-25.2078 164.686 151.009 -26.2043 163.88 150.771 -23.307 163.25 151.018 
-26.5117 163.295 151.038 -24.5296 159.439 151.337 -10.4574 157.563 150.621 
-11.2882 157.193 150.562 -11.4749 157.367 150.74 -9.53268 158.235 151.029 
-9.74549 156.671 150.583 -11.6746 157.342 150.846 -12.1786 156.633 150.695 
-9.4638 156.434 150.816 -27.8138 156.717 151.408 -12.8373 155.602 150.608 
-13.0815 155.275 150.747 -23.5281 155.088 151.249 -9.81527 154.05 151.058 
-22.7686 153.975 150.608 -13.9459 153.903 150.553 -13.8269 153.734 151.252 
-22.224 153.455 150.606 -10.0514 153.277 150.859 -10.0342 153.711 150.463 
-22.1736 153.066 151.037 -10.341 152.555 150.674 -15.3736 151.442 150.563 
-12.3584 150.267 150.786 -24.311 150.292 150.377 -12.5383 150.329 151.047 
-20.4493 150.189 150.656 -20.7202 149.909 150.561 -22.5562 149.955 150.59 
-21.819 166.662 150.839 -22.5795 166.123 151.072 -21.9054 166.15 150.952 
-23.6025 165.41 151.182 -21.8034 165.603 150.914 -24.0148 164.934 151.278 
-23.2524 163.695 151.153 -26.0009 163.893 150.982 -23.8741 162.975 151.349 
-23.982 162.422 151.286 -24.4314 161.174 151.432 -27.593 160.459 151.453 
-28.0042 159.605 151.118 -24.4854 158.364 151.355 -10.5833 158.275 150.963 
-10.4689 158.466 151.081 -10.9371 158.495 151.324 -8.85209 156.826 151.549 
-23.9837 156.213 151.234 -12.5926 156.37 151.143 -23.8944 155.749 151.481 
-27.5032 155.247 151.769 -8.76094 156.39 152.284 -12.2626 157.114 152.107 
-27.448 154.334 151.193 -22.7295 153.282 151.321 -9.90063 153.684 151.533 
-13.9013 153.857 150.94 -26.5419 153.353 151.796 -22.4749 153.16 151.209 
-26.7422 152.776 150.923 -10.3651 152.589 151.161 -20.7053 151.762 150.948 
-26.2789 152.33 151.211 22.5981 150.749 150.987 21.5861 150.529 150.977 
22.0632 150.94 150.962 22.3279 150.947 150.969 21.743 150.824 150.971 
-20.4471 150.6 150.773 -21.1268 150.903 151.101 -23.0895 150.801 151.241 
22.8043 150.289 150.907 -11.4497 151.399 151.419 -14.6351 150.331 150.935 
-21.317 150.651 151.05 -21.4282 150.294 150.864 -21.4524 150.894 151.165 
23.012 150.6 151.111 22.7961 149.736 150.83 22.3799 149.571 150.771 
21.4411 149.139 151.274 21.2924 150.281 151.148 23.1019 148.817 150.935 
23.3557 149.144 151.043 22.1412 149.18 150.832 23.2672 148.762 151.031 
22.3186 148.753 150.9 21.9713 148.847 150.98 23.0279 148.446 151.119 
22.4732 148.346 151.112 22.0853 148.544 151.096 -23.4761 164.957 151.297 
-23.8984 163.531 151.454 -24.3131 164.051 151.518 -23.565 163.973 151.349 
-24.6839 164.028 151.515 -25.0361 164.072 151.404 -25.6386 162.79 151.709 
-25.9147 163.476 151.323 -27.1365 161.58 151.476 -24.8786 158.662 151.85 
-24.6229 158.303 151.647 -9.21972 158.712 151.372 -9.06566 158.489 151.34 
-9.10298 159.013 151.665 -8.64689 158.303 151.688 -11.7695 157.843 151.603 
-23.5649 154.937 151.479 -27.3951 154.504 151.498 -10.0206 153.402 151.59 
-10.6069 152.498 151.702 -22.2431 152.583 151.326 22.1389 151.959 151.391 
20.9728 151.667 151.351 21.3474 152.31 151.464 -22.2711 152.085 151.448 
22.7042 151.92 151.771 22.342 151.365 151.186 -23.0339 151.417 151.536 
23.1761 150.84 151.382 20.1851 151.458 151.881 -13.8971 151.431 151.6 
-13.7681 151.014 151.569 -13.6057 150.618 151.435 23.5638 149.669 151.31 
20.6712 150.481 151.747 23.7515 149.418 151.421 23.4554 148.795 151.232 
23.7217 149.094 151.449 23.5959 148.734 151.57 23.0099 148.109 151.378 
22.7173 148.051 151.299 22.4099 148.042 151.362 22.063 148.301 151.417 
23.1061 148.087 151.649 22.8162 147.916 151.546 22.5595 147.898 151.496 
-24.6541 161.619 151.694 -25.0591 162.323 151.855 -26.2846 161.194 151.973 
-24.9882 161.896 151.872 -26.9491 161.124 151.758 -26.2663 160.653 152.038 
-27.2605 160.753 151.66 -27.067 160.45 151.853 -27.5624 159.427 151.733 
-10.9835 159.084 152.222 -27.6202 158.236 151.859 -24.6979 157.741 151.858 
-8.54301 157.691 151.772 -12.0697 157.49 151.987 -23.9029 155.352 151.736 
-24.6092 156.18 152.103 -23.762 154.865 151.749 -24.0267 153.858 152.072 
-26.8083 154.07 151.968 -10.1255 153.396 151.879 -10.5677 152.97 152.106 
-12.3368 153.469 152.521 -26.0714 152.989 151.868 20.8831 152.267 151.532 
21.6833 152.866 151.789 -22.7126 152.292 151.565 -25.3877 152.388 151.819 
19.8212 151.881 152.118 -23.2128 152.205 151.751 -23.5321 152.134 151.862 
-23.773 151.996 151.877 -12.0634 151.567 151.824 -12.8761 152.443 152.13 
-12.8045 150.805 151.533 -23.9563 151.825 151.811 23.2054 151.196 151.995 
23.3392 150.784 151.688 22.9781 151.589 151.885 20.2685 151.121 151.882 
-13.3233 150.892 151.601 23.5647 150.168 151.77 23.7448 149.69 151.577 
23.7399 149.722 151.82 21.2066 149.382 151.461 20.9798 149.598 152.126 
23.6494 148.778 151.83 21.6325 148.624 151.753 21.31 148.966 151.879 
21.1321 149.283 151.806 23.3907 148.459 151.864 23.1014 148.114 151.935 
21.9918 148.237 151.846 22.9211 148.038 152.074 22.5839 147.888 151.754 
-9.06707 159.355 151.994 -9.20436 160.632 153.073 -8.65394 159.397 152.132 
-10.3706 159.601 152.333 -8.34734 159.224 152.199 -10.5482 159.574 152.435 
-25.6668 158.508 152.215 -26.7465 157.582 152.365 -8.18302 158.803 152.201 
-11.2073 158.936 152.371 -25.2272 158.462 152.064 -27.2452 158.6 152.078 
-8.18708 157.738 152.234 -8.09641 158.202 152.261 -27.3704 158.018 152.089 
-11.6908 158.187 152.517 -27.4155 155.494 151.953 -9.44508 155.03 152.421 
-27.1154 155.579 152.174 -26.8393 154.539 152.146 19.7157 154.734 152.172 
18.8182 154.599 152.378 19.4479 154.763 152.209 19.8298 153.594 151.981 
-10.0352 154.146 152.511 -25.4754 153.389 152.249 -26.5622 154.553 152.302 
20.7536 154.055 152.102 18.7418 153.333 152.592 -24.7272 152.952 152.145 
-24.8484 153.518 152.309 19.2103 153.134 152.288 22.0545 152.906 152.241 
22.1621 152.767 152.593 21.721 153.165 152.079 19.1159 152.559 152.594 
-10.9735 153.235 152.46 -12.4695 152.434 152.258 -23.7498 152.278 151.935 
-12.0997 153.716 152.677 -12.3271 152.038 152.093 22.5614 151.985 152.678 
23.5596 149.866 152.181 20.2528 150.786 152.238 20.8092 150.032 152.598 
23.731 149.404 151.947 23.6586 149.008 152.014 21.1816 149.183 152.083 
21.2391 149.281 152.374 23.5738 148.737 151.997 23.3905 148.801 152.267 
22.022 148.259 152.105 23.1592 148.849 152.556 22.7899 148.133 152.252 
22.6657 147.974 152.048 -8.47659 160.188 152.644 -8.17355 160.042 152.63 
-7.90976 159.837 152.627 -9.80453 160.116 152.682 -10.7316 159.516 152.656 
-7.00094 159.891 153.291 -8.00755 159.183 152.419 -11.2904 158.907 152.671 
-11.5016 158.38 153.192 -26.0336 158.256 152.313 -7.82634 157.697 152.891 
-26.3764 157.88 152.376 -12.3711 156.179 152.638 -26.3069 156.817 152.438 
-26.709 155.952 152.372 18.5248 155.434 152.578 18.5257 155.894 152.716 
18.8346 156.086 152.823 18.2832 155.728 152.673 -26.1377 155.327 152.451 
19.4662 155.555 152.673 20.4245 154.946 152.507 18.1275 155.758 152.721 
17.9258 155.044 152.813 -9.31169 155.703 153.092 -12.3553 153.941 152.629 
21.0619 154.531 152.993 21.2192 154.209 152.735 18.1484 153.933 152.863 
-9.99054 154.78 152.975 -9.82133 154.681 152.732 21.768 153.414 152.784 
21.9861 153.068 152.769 19.9806 151.235 152.472 23.291 150.231 152.546 
21.6652 148.999 152.543 22.7195 148.393 152.473 22.5285 148.816 152.732 
22.9507 148.652 152.569 -8.40089 160.378 152.836 -8.98441 161.147 153.687 
-7.62166 160.273 152.967 -10.0886 160.076 152.816 -10.4417 159.844 152.87 
-7.218 158.545 153.177 -7.77815 157.929 152.728 18.7062 156.701 153.424 
19.081 156.16 152.913 19.236 156.087 152.907 20.7834 154.832 152.861 
19.8753 155.626 153.059 -9.53937 155.395 153.024 -11.7872 154.646 153.025 
-11.717 155.284 153.195 21.1022 154.427 153.375 17.5721 154.608 153.248 
17.5651 154.897 153.135 17.9645 154.158 152.987 -11.1304 153.612 152.673 
21.7017 153.511 153.087 18.1258 153.455 153.293 18.0752 153.779 153.027 
-11.6913 153.756 152.75 22.0106 152.678 153.142 21.7423 153.042 153.401 
21.9983 152.399 153.253 18.3642 153.207 153.211 19.1579 152.249 153.359 
22.9795 150.087 152.861 22.718 150.921 152.947 21.4382 149.663 152.895 
19.9956 151.778 153.587 22.5107 149.681 153.097 21.5986 150.006 153.177 
-9.50931 160.616 153.201 -9.67248 160.682 153.5 -9.89184 160.414 153.255 
-10.6329 159.719 154.12 -11.1349 159.163 153.292 -6.76321 158.789 153.789 
-11.3203 158.728 153.448 -11.3209 158.339 153.704 -7.28433 158.283 153.323 
-11.6339 156.398 153.401 18.0931 156.655 153.236 17.6926 156.665 153.286 
17.8321 156.964 153.393 19.2248 156.61 153.89 17.3813 156.452 153.351 
-11.1462 155.846 153.559 20.2699 155.281 153.892 20.6098 155.009 153.406 
16.88 155.32 153.832 -10.1915 155.683 153.561 17.5243 154.432 153.517 
21.4788 153.42 153.629 21.6529 153.374 153.383 21.8359 152.204 153.43 
18.6068 152.85 153.289 22.0922 151.554 153.275 21.7377 151.016 153.463 
21.6021 150.81 153.449 21.5781 150.457 153.327 -7.79542 161.778 154.327 
-8.40971 161.568 154.16 -8.84804 161.29 153.829 -9.16898 161.201 153.943 
-9.58352 160.929 154.53 -6.49788 161.453 154.163 -6.01011 159.473 154.645 
-6.02737 159.968 154.231 -7.26536 158.17 153.656 -7.55113 157.846 153.898 
18.3083 157.48 153.933 18.5791 157.371 153.958 17.454 157.973 154.059 
16.0966 157.798 154.079 16.8828 158.002 153.99 -8.28429 157.34 154.252 
18.6587 157.238 153.848 16.6354 156.183 153.767 16.2989 156.815 153.937 
19.5527 156.274 154.596 -11.1403 156.258 153.669 -10.7392 155.822 153.634 
20.7209 154.653 153.775 20.8901 154.298 153.848 21.1062 154.152 153.685 
17.3132 154.576 154.141 18.6432 152.886 153.603 17.8728 153.896 154.065 
21.1713 152.85 153.894 19.2267 152.487 153.895 18.412 153.458 154.172 
21.2276 152.417 153.836 21.0694 151.324 153.581 19.4996 152.356 153.919 
20.6888 152.022 153.884 20.0343 151.988 153.826 -8.18746 161.739 154.311 
-9.24788 161.238 154.307 -5.95126 160.438 154.277 -6.25636 161.332 154.194 
-6.06432 161.058 154.247 -10.0733 159.794 154.976 16.4048 158.169 154.062 
16.436 158.465 154.169 16.7106 158.433 154.192 17.6879 158.129 154.371 
18.0117 157.937 154.431 17.5649 158.362 154.661 15.872 158.737 154.467 
-7.16269 158.364 155.109 18.5875 157.426 154.211 15.857 156.932 154.257 
18.901 157.147 154.503 16.3495 155.789 154.192 16.2222 156.208 154.135 
15.3974 156.775 154.84 -9.84195 157.876 154.992 20.1084 155.241 154.264 
20.454 154.71 154.072 16.7941 155.096 154.547 20.5944 154.227 154.097 
17.7489 154.222 154.364 20.2104 153.436 154.344 18.0991 153.671 154.143 
20.3799 152.909 154.246 19.7916 153.196 154.365 18.8746 153.343 154.303 
20.8045 152.415 153.981 -7.7742 161.946 154.619 -6.95446 162.187 154.832 
-8.47764 161.711 154.434 -8.58599 161.731 154.716 -6.23961 161.521 154.355 
-5.90903 161.547 154.528 -5.71257 161.4 154.598 -8.8615 161.509 154.475 
-5.68899 160.341 154.542 -5.49746 161.059 154.732 -5.82809 159.908 154.571 
-10.1024 160.26 154.543 -9.84104 160.476 154.778 16.5809 159.057 154.693 
16.7889 158.905 154.595 16.1496 159.13 154.686 15.5411 158.722 154.54 
15.3093 158.49 154.609 18.1514 157.882 154.894 17.0876 158.835 154.718 
14.7714 158.098 155.036 -8.14185 157.893 155.087 19.2701 156.335 155.046 
15.8743 155.996 155.074 19.9194 155.539 154.459 19.941 155.284 154.534 
19.3461 155.249 155.06 19.9006 155.054 154.576 19.8445 154.426 154.577 
17.6097 154.577 154.849 17.2358 154.793 154.79 17.7198 154.77 155.109 
18.6302 155.056 155.308 -6.23881 163.308 156.1 -6.35186 162.102 154.806 
-5.32756 161.733 154.962 -5.72624 161.71 154.763 -7.17774 162.326 155.045 
-7.78491 162.105 154.971 -5.07541 161.527 155.083 -8.58881 161.75 155.33 
-4.97235 161.108 155.179 -5.04421 160.74 155.182 -9.55636 160.345 155.356 
-9.68863 160.396 155.132 -10.0432 160.096 154.84 -5.64016 159.885 154.91 
-5.87956 159.536 155.01 16.6182 159.292 155.056 17.0183 159.079 155.111 
15.6775 160.04 155.27 14.2382 160.019 155.446 13.848 159.435 155.692 
-6.83098 158.604 155.018 -9.91551 159.014 155.211 -10.0015 158.152 155.056 
17.2955 158.744 155.716 -7.39884 158.302 155.28 18.3908 157.359 155.296 
18.2512 157.68 155.112 18.828 156.896 155.206 19.0298 156.783 154.982 
15.4041 156.505 155.335 16.8892 155.071 154.935 16.6204 155.37 155.149 
17.3105 155.122 155.352 -5.37134 163.307 155.998 -5.07223 162.732 155.51 
-5.02653 162.458 155.369 -7.18639 162.447 155.29 -7.87039 162.175 155.31 
-4.72943 160.686 155.628 -8.51791 161.289 156.125 15.0746 160.377 155.47 
-5.2163 159.988 155.848 -9.45687 160.082 155.526 -6.64844 159.011 155.838 
17.0232 159.113 155.427 -9.61816 158.896 155.416 -6.81699 158.742 155.437 
-9.39779 158.647 155.492 -9.96273 158.49 155.14 17.9088 157.41 155.725 
-8.81135 158.244 155.433 -9.21777 158.375 155.442 13.9859 158.442 156.475 
18.7496 156.624 155.352 18.7412 155.401 155.425 18.4419 155.24 155.456 
17.0142 155.12 155.211 18.0825 155.292 155.508 -4.29505 162.118 155.786 
-4.69898 162.404 155.548 -4.79611 162.785 155.649 -7.33321 162.607 156.102 
-8.33688 161.694 155.951 -3.34944 162.813 156.692 14.7566 160.891 155.723 
14.2393 160.444 155.568 14.4514 160.891 155.719 13.8616 160.395 155.695 
16.2835 159.965 155.873 13.9109 159.939 155.634 -9.12258 159.438 155.809 
17.0903 158.625 156.279 16.5489 159.717 156.071 13.7636 158.899 155.997 
13.7323 159.192 155.864 -9.06198 159.028 155.732 -8.96271 159.219 155.873 
-9.39886 159.004 155.556 -7.96644 158.962 156.046 18.0746 155.69 155.633 
15.508 156.52 155.586 16.0032 156.281 155.839 15.2765 157.16 156.116 
16.344 156.722 156.198 -5.87164 163.343 156.022 -6.09902 163.433 156.235 
-6.41751 163.342 156.359 -4.02399 162.981 156.158 13.7111 161.877 156.141 
12.8294 161.466 156.158 12.9627 161.843 156.178 -6.81401 162.991 157.309 
14.5547 161.538 156.289 -3.94581 161.248 156.393 14.9263 161.422 156.689 
12.5047 161.202 156.349 -4.64325 160.6 155.902 -4.50657 160.616 156.264 
-4.83693 160.256 156.217 -5.06564 160.054 156.07 -5.09476 159.992 156.329 
16.5557 159.63 156.33 13.6039 159.164 156.09 12.8287 160.056 156.547 
-5.2803 159.893 156.521 -7.21882 159.167 156.231 -8.43966 159.138 156.049 
13.7428 158.725 156.485 16.3843 157.944 156.698 15.0449 157.554 156.369 
15.651 157.053 156.247 -3.33124 163.713 157.277 -6.11812 163.508 156.489 
-6.49788 163.366 156.713 13.107 162.306 156.35 13.2366 163.138 156.918 
12.9265 162.759 156.571 12.6506 162.797 156.578 12.324 162.151 156.462 
12.452 162.734 156.597 12.0438 162.216 156.653 15.8524 160.242 156.606 
12.5881 160.236 156.669 12.4354 160.622 156.599 -5.35207 159.936 156.797 
-7.8553 160.225 156.731 16.1327 159.824 156.601 -6.48726 159.409 156.379 
16.6212 159.402 156.474 16.4975 159.244 156.633 13.5477 159.071 156.418 
13.443 159.242 156.757 16.1735 157.659 156.634 15.4382 158.048 156.875 
15.0951 157.819 156.679 12.6176 163.05 156.805 11.7535 163.069 157.015 
11.7973 163.465 157.245 11.6619 163.204 157.127 -6.52507 163.356 157.112 
12.1206 162.684 156.74 11.2772 162.292 157.384 -3.16999 162.678 157.002 
14.1323 162.372 156.986 14.7361 161.601 157.414 -7.2456 162.23 157.149 
14.9795 161.352 157.154 15.1128 160.996 157.372 -6.73995 161.271 157.82 
15.6878 160.137 156.971 12.5027 160.227 156.969 15.8007 159.687 156.952 
12.7014 160.068 157.661 -5.47818 160.012 157.058 16.3853 158.82 156.75 
13.8573 158.735 156.739 13.9534 158.984 157.112 16.3902 158.295 156.739 
14.7361 158.294 157.015 15.116 158.267 157.043 -4.75587 164.409 157.619 
11.1497 163.182 157.608 11.2619 162.688 157.399 -6.84145 162.487 157.723 
-6.93301 162.019 157.668 14.2649 162.104 157.81 14.9629 161.009 157.627 
15.1774 160.177 157.478 -4.52865 160.89 158.059 -5.05196 160.35 157.377 
-5.50691 160.196 157.316 -6.10355 160.695 157.829 15.0843 159.654 157.463 
14.9015 158.544 157.165 14.475 158.75 157.202 -2.97094 164.683 158.159 
-4.3625 164.973 158.301 -5.1492 164.358 157.705 -4.99755 164.493 157.837 
11.184 165.008 158.487 11.1792 163.67 157.714 11.1969 164.292 157.991 
-3.02153 164.297 157.871 -5.53471 164.163 157.716 -5.97417 163.882 157.92 
11.0427 162.673 157.681 -2.16195 163.847 158.684 -2.31373 162.849 158.756 
11.1666 162.185 157.683 -6.62356 162.769 157.92 -3.27427 161.761 158.294 
12.461 160.309 157.641 12.2977 160.655 157.915 10.4448 163.085 158.75 
-6.28145 161.127 158.046 12.6923 160.152 157.791 -5.1309 160.486 157.698 
-5.56915 160.473 157.69 13.2341 160.217 158.042 14.3839 159.883 157.808 
-5.01948 164.593 158.089 -5.40751 164.42 158.307 10.4709 163.658 158.407 
-6.46087 162.687 158.241 -6.50187 162.137 158.165 14.4617 160.952 158.026 
-3.66299 161.605 159.257 13.0949 160.451 158.188 12.7342 160.637 158.21 
12.3655 160.832 158.229 11.7942 161.322 158.339 12.1156 165.282 158.875 
11.1613 165.508 158.947 -2.8984 164.812 158.357 -2.51543 164.932 158.722 
12.8114 164.818 159.055 10.5339 164.805 158.696 -2.40451 164.722 158.624 
-4.65041 164.932 158.424 -5.37705 164.296 159.806 -5.8912 163.621 158.913 
10.3132 163.517 158.698 13.0865 164.429 159.416 13.6873 162.468 158.621 
-2.05456 163.185 159.035 13.1296 162.261 159.183 -2.72292 162.252 159.075 
-3.33281 161.711 158.781 -5.6862 161.914 159.004 13.2476 161.185 158.542 
12.2767 161.906 159.243 12.2593 161.247 158.599 11.8772 161.459 158.695 
11.4797 161.656 158.528 -4.97529 161.484 158.948 10.2564 164.753 158.933 
-2.5214 166.663 162.021 -4.85458 165.006 159.108 9.80729 164.547 159.507 
-5.19192 164.719 159.326 13.3683 163.046 159.223 -2.42445 162.582 158.943 
12.1249 161.658 159.046 11.922 161.581 158.915 11.7548 161.799 159.057 
-3.43299 161.683 159.111 -5.46489 161.755 159.012 11.735 166.031 160.249 
10.6882 166.225 160.263 -4.10121 165.473 159.308 12.1545 165.695 160.636 
9.90143 164.893 159.446 -2.40504 165.353 159.493 -1.84005 164.703 159.432 
12.907 164.77 159.328 -1.86236 164.442 159.254 -1.71428 164.349 159.493 
-1.67899 163.866 159.593 13.4017 163.508 159.152 9.66434 164.311 160.136 
9.99394 163.87 160.857 -2.14962 162.781 159.851 13.2617 162.597 159.223 
-2.77825 162.189 159.56 -5.62456 162.239 159.178 -3.11573 162.034 159.809 
-3.50205 161.761 159.399 -3.83414 161.634 159.421 -1.97997 165.06 159.574 
12.6155 165.068 160.177 9.94115 165.404 159.823 -4.66433 165.385 159.968 
-4.44687 165.5 159.814 -1.61358 164.362 159.817 -5.18955 164.658 160.098 
12.213 164.482 161.259 -1.87104 163.151 159.739 -5.18957 164.032 160.712 
11.1078 162.728 159.96 12.0148 162.711 160.105 11.5305 162.766 160.2 
-2.94064 162.264 160.204 -3.44059 162.032 160.049 -4.10407 161.627 159.455 
11.1005 166.28 160.356 -1.72616 165.313 160.46 -3.89961 166.149 160.946 
9.56255 164.867 160.269 -1.83465 163.219 160.856 -5.13566 163.012 160.293 
12.1359 163.021 160.311 -2.26052 162.743 160.689 -3.11904 162.099 160.059 
11.2733 166.406 160.722 11.5989 166.31 161.057 -3.48416 166.277 161.046 
-4.41738 165.641 160.423 -4.97183 165.101 161.204 12.5025 165.077 160.558 
9.30043 165.068 160.829 9.41415 164.795 160.593 9.60889 164.365 160.498 
-5.18164 164.568 160.451 12.1741 163.873 161.011 11.5833 162.984 160.412 
10.9913 163.257 160.668 -1.95794 163.048 160.636 -2.49122 162.661 160.884 
-2.87308 162.571 160.952 11.3491 166.64 161.357 10.4921 166.577 160.826 
10.7049 167.077 161.459 9.39109 166.197 161.247 10.2203 166.673 161.034 
9.31307 165.897 161.12 -3.38642 166.602 161.582 9.33904 165.664 160.904 
9.31149 165.363 160.793 -4.28777 166.015 161.094 9.7047 164.219 160.907 
-5.00683 164.415 161.456 11.9027 163.801 161.167 11.6019 163.503 160.996 
10.4341 164.416 162.23 -4.64135 163.026 161.036 -2.63922 162.721 161.155 
-3.51768 162.934 161.712 10.262 167.167 161.594 10.567 167.226 161.682 
10.0849 167.15 161.632 11.6954 166.259 161.457 11.8872 165.854 161.556 
-1.94846 166.098 161.503 9.19841 165.535 161.465 -1.80977 165.766 161.065 
-4.62383 166.354 162.371 9.3376 165.025 161.824 -1.67765 165.863 163.239 
12.2515 164.78 161.217 -1.7996 164.009 162.67 11.0815 164.601 162.264 
-2.57385 163.208 162.009 -2.98048 162.677 161.26 -3.2144 162.778 161.482 
10.8885 167.108 161.611 11.527 166.693 162.191 9.6916 167.448 162.405 
9.19256 165.516 161.846 -3.87076 166.615 161.842 -5.26034 165.725 163.573 
9.90786 164.528 162.066 -4.88619 164.393 162.219 -4.58658 164.116 163.138 
11.0947 167.285 162.222 9.06123 167.058 162.997 11.8093 165.739 161.918 
11.4452 167.545 163.721 -2.18269 166.587 162.49 11.5479 166.078 162.661 
11.4312 165.057 162.332 9.5375 164.847 162.05 9.50442 165.238 162.628 
10.1124 164.822 162.581 -1.74441 164.976 163.744 10.7328 164.396 162.21 
11.3629 167.106 162.458 10.494 168.497 163.306 -4.08153 167.615 163.73 
9.15538 166.004 162.641 11.0677 165.365 162.904 11.0977 164.875 162.49 
-2.05373 163.795 162.808 -4.09462 163.853 163.587 11.1583 168.059 163.389 
8.96014 167.473 163.4 8.98484 166.933 163.306 11.0789 166.827 164.318 
10.5821 165.095 162.864 10.1708 165.173 162.95 -2.51703 163.688 163.356 
-2.86534 163.509 162.937 9.52802 168.781 163.559 -3.42096 167.634 163.792 
11.3275 167.098 164.194 -2.37883 166.9 163.499 -2.1007 166.599 163.309 
-5.00763 166.585 163.445 8.97419 167.055 163.69 9.46624 166.3 163.819 
-5.25047 166.135 163.605 10.6293 166.245 164.073 9.69932 166.136 163.787 
10.8602 168.632 163.845 10.3937 169.314 164.338 9.0162 170.072 164.765 
9.26295 168.755 163.671 11.1326 168.361 163.944 11.2873 168.003 163.667 
8.48314 168.648 164.57 8.94998 168.684 163.845 8.81734 167.58 163.76 
-3.69289 167.758 163.997 -3.98065 167.74 163.919 -5.26705 166.499 163.866 
-5.18549 166.439 163.623 -5.07249 167.374 164.434 9.18205 166.916 164.119 
-1.81725 165.734 163.939 -4.94236 164.733 164.47 -4.25755 164.359 164.857 
-4.42364 164.318 164.619 -3.04251 163.981 164.212 8.75044 168.811 164.166 
11.1829 168.3 164.248 8.52212 168.227 164.886 -3.32106 167.668 164.103 
-4.0966 167.821 164.238 -2.95501 167.451 164.29 10.2329 166.27 164.128 
9.65788 166.864 164.606 -2.4074 166.7 164.683 10.8419 166.493 164.225 
9.97885 166.171 163.95 -5.55679 166.587 164.658 -2.41755 164.984 164.903 
9.57774 169.972 164.767 10.8855 168.824 164.618 8.65437 169.716 164.669 
11.0683 168.391 164.601 -3.2559 167.692 164.91 9.11538 167.367 164.795 
-2.96228 167.413 165.109 11.1852 167.148 164.434 -2.09466 165.933 164.499 
-3.27802 164.407 165.071 10.1983 169.716 165.044 9.52135 170.3 165.083 
8.89239 170.486 164.963 10.6387 169.13 165.206 7.95267 170.053 165.362 
8.04586 169.174 165.293 8.15234 168.833 165.42 10.9384 168.283 165.005 
10.4298 167.621 165.322 -4.49128 168.086 165.459 -5.48093 167.505 165.256 
10.1085 167.46 165.313 9.47258 167.65 165.503 8.98795 167.735 165.287 
-5.76011 167.003 165.181 -5.82958 166.714 165.201 -5.88425 166.234 165.521 
8.85169 170.69 165.176 8.05227 170.791 165.393 8.64257 171.097 165.49 
9.10413 171.01 165.502 8.23608 171.024 165.439 8.35777 170.325 165.118 
9.46337 170.794 165.414 10.2 169.853 165.353 7.61947 171.007 165.734 
10.4276 169.424 165.455 7.98479 169.542 165.311 10.7831 168.711 165.211 
10.5674 168.249 165.567 8.38747 168.458 165.537 10.2097 167.681 165.484 
-5.11969 168.096 165.721 -5.69583 167.251 165.271 -2.88866 166.914 165.95 
-5.93278 166.672 165.488 -2.46905 165.38 165.159 -5.43238 165.472 165.692 
-4.04654 164.423 165.082 -4.97419 165.249 166.102 8.67592 171.388 165.748 
8.28779 171.325 165.645 7.74174 171.449 165.817 9.38632 170.932 165.522 
9.40833 171.022 165.783 9.61923 170.806 165.653 9.04279 171.256 165.825 
9.89492 170.515 165.796 9.99496 170.416 166.223 7.67687 169.951 165.761 
7.46702 170.45 165.853 10.5991 168.56 165.566 10.3415 168.93 165.892 
10.2877 168.296 165.762 8.90323 168.268 166.007 8.43484 168.443 165.756 
9.55328 167.887 165.725 -4.47907 168.229 165.821 -5.69071 167.44 165.459 
-2.85886 166.198 166.064 -6.02964 166.071 166.5 -2.90766 165.633 165.841 
-4.25512 164.841 165.61 7.40206 171.375 165.92 7.48322 172.227 166.266 
8.46184 171.843 166.238 9.092 171.406 166.167 6.54443 171.518 166.282 
5.78282 172.66 166.35 9.42157 171.111 166.227 6.92542 170.811 166.225 
6.95059 170.451 166.478 10.1764 170.02 166.353 10.2562 169.343 166.289 
7.70013 169.52 166.163 10.1532 169.424 166.559 9.87189 168.495 166.123 
9.39561 168.622 166.536 8.44852 168.956 166.678 8.35438 168.75 166.214 
8.01148 169.124 166.39 -4.70623 168.367 166.367 -5.83443 168.83 167.211 
-3.45308 167.549 166.515 -4.5717 168.304 167.119 -2.93776 166.754 166.148 
-2.92042 165.892 166.033 -3.63531 165.507 166.554 -3.915 165.338 166.502 
4.55508 173.583 166.597 6.18815 173.602 166.812 6.41575 173.327 166.708 
5.35451 174.065 166.92 5.59727 172.962 166.366 4.90062 173.283 166.458 
7.29437 172.798 166.729 4.58549 173.1 166.571 4.98416 172.348 166.754 
8.50321 172.054 166.765 9.18039 171.359 166.592 5.28223 171.927 166.924 
9.50751 171.006 166.659 6.25139 171.319 166.645 9.97921 170.211 166.605 
10.1032 169.869 166.623 10.2268 169.669 166.462 7.98701 169.209 166.692 
9.53602 168.888 166.67 -6.35033 167.279 166.424 -6.73379 168.84 167.519 
-3.13849 166.686 166.466 -3.54988 166.026 166.923 -6.39809 166.179 167.283 
-5.28951 165.453 166.36 -5.24771 165.565 166.989 2.67335 175.449 167.011 
2.61616 175.089 166.895 2.34473 175.002 166.957 3.81158 175.008 166.913 
2.90591 173.83 167.061 4.76988 174.487 167.07 6.11543 173.772 167.129 
3.20082 173.532 167.074 3.48104 173.254 167.03 7.05541 173.052 166.941 
7.35783 172.828 167.096 3.98687 172.801 167.166 5.3688 171.781 167.267 
8.91162 171.368 167.324 8.5457 171.927 167.04 6.35157 171.118 167.11 
9.61938 170.746 166.858 9.74028 170.379 166.883 7.2211 170.057 166.937 
10.0787 169.61 166.679 9.27771 169.302 167.063 7.77973 169.53 167.017 
8.37928 169.468 167.26 -5.32729 168.825 167.625 -6.10152 168.569 166.939 
-3.51317 167.224 166.985 -7.78293 167.614 168.304 -3.51881 166.643 167.126 
-6.16357 165.982 167.137 -4.37377 165.944 167.557 -5.62496 165.721 167.363 
1.89388 175.524 167.291 1.66202 175.655 167.451 2.73081 175.793 167.237 
3.96768 175.423 167.477 3.08038 175.844 167.346 1.05827 175.304 167.85 
5.47702 174.168 167.266 6.30386 173.649 167.656 6.45364 173.558 167.434 
5.83362 173.969 167.419 2.96708 173.596 167.199 2.43204 174.019 167.442 
2.09376 174.308 167.394 6.79952 173.185 167.596 7.00515 173.041 167.395 
3.63434 173 167.166 3.13865 173.372 167.475 7.86844 172.232 167.331 
3.76102 172.864 167.491 4.20888 172.618 167.576 8.69836 171.447 167.422 
8.74553 170.79 167.554 8.62749 169.677 167.436 7.53218 170.419 167.501 
7.17465 170.601 167.409 8.80582 169.922 167.509 8.96565 169.712 167.389 
-5.71936 168.964 167.524 -6.13586 168.845 167.228 -7.51752 168.209 167.896 
-4.03346 166.243 167.493 -7.38243 166.918 168.33 -5.09382 165.641 167.358 
-6.07442 165.908 167.364 2.88218 176.116 167.875 3.20928 175.938 167.635 
2.53031 176.18 167.737 2.08161 176.201 167.782 4.03269 175.477 167.903 
4.29178 175.274 168.047 1.37475 175.529 167.6 5.46866 174.121 167.776 
1.52711 174.79 167.613 1.24975 174.922 167.78 1.74509 174.38 167.903 
5.86741 173.806 167.787 2.5856 173.836 167.937 6.29871 173.449 167.777 
3.73071 172.928 167.781 6.72923 172.966 167.738 7.4481 172.308 167.576 
4.62942 172.618 167.912 4.11682 172.809 167.887 6.81387 171.902 167.872 
7.24572 171.861 167.756 6.84264 171.463 167.717 7.85065 171.26 167.679 
7.46237 171.454 167.713 8.0098 170.423 167.622 -5.29689 168.851 167.978 
-5.04148 168.618 168.168 -6.65774 169.118 167.795 -4.68081 165.874 167.686 
-6.76856 166.386 168.234 -5.01877 165.769 167.666 2.92139 176.035 168.261 
2.45511 176.238 168.137 1.36031 176.653 168.562 0.810511 176.186 168.082 
-0.369434 175.967 168.703 4.0704 175.38 168.186 3.52556 175.459 168.495 
0.42614 175.374 168.417 4.29946 174.607 168.572 1.38467 174.65 167.891 
4.9723 174.367 168.167 5.24556 174.245 168.022 1.92551 174.264 168.37 
5.87782 173.416 167.985 5.16499 174.014 168.164 2.66477 174.086 168.565 
6.21831 172.958 167.939 5.74856 172.475 167.984 3.94683 173.194 168.185 
6.18499 172.534 167.996 4.87978 173.174 168.266 4.54977 172.932 168.149 
-6.08449 169.324 168.184 -6.43086 169.365 168.084 -6.70939 169.374 168.071 
-7.68953 169.596 168.819 -5.69578 168.303 169.83 -7.77417 168.067 168.186 
-5.13284 166.809 168.749 -5.51218 166.517 168.818 -6.18158 166.234 168.573 
1.90429 176.336 168.891 2.10287 176.3 168.611 -0.013499 176.983 168.658 
-0.465956 176.347 168.73 2.93899 175.835 168.563 0.102793 175.423 168.617 
-0.167066 175.684 168.695 4.0835 174.908 168.546 0.755732 174.9 168.725 
4.27076 174.285 168.606 3.89687 174.166 168.67 -7.03578 169.928 169.557 
-7.94586 168.38 168.395 -7.90113 167.358 168.72 -7.72868 167.116 168.815 
-0.265597 177.287 168.873 -0.221641 177.565 169.137 0.0200358 177.442 168.989 
-0.543467 177.479 169.031 0.753055 177.044 169.325 0.354878 177.215 168.939 
-0.650031 177.295 168.951 -1.23912 176.857 169.408 -0.3704 175.748 168.811 
1.99973 175.621 169.211 1.9726 176.081 169.032 3.4887 175.021 168.704 
2.80694 175.135 168.902 0.0371769 175.277 168.885 -0.26587 175.537 169.031 
2.35253 175.052 169.07 2.37774 174.652 168.896 1.45789 175.039 169.339 
1.24148 174.791 169.075 0.758574 174.866 169.13 0.384238 174.998 169.02 
-8.40301 169.106 168.949 -8.20792 169.487 168.977 -8.84526 169.273 169.332 
-5.81075 166.462 168.928 -6.76349 166.54 169.032 -7.58198 166.962 169.082 
-6.11111 166.371 168.876 0.159177 177.475 169.152 0.0756859 177.582 169.458 
-1.45646 177.094 169.619 1.02938 176.785 169.309 1.00467 176.453 169.642 
1.04706 175.979 169.682 -0.877692 176.09 169.491 2.1604 175.28 169.178 
-0.120409 175.428 169.49 0.990185 174.958 169.365 0.537898 174.998 169.338 
-7.77087 170.154 169.744 -8.36469 169.942 169.433 -8.38803 169.696 169.197 
-8.66862 169.661 169.371 -6.65207 169.623 169.864 -9.05878 169.178 169.511 
-9.01348 168.413 169.507 -7.94402 167.237 169.471 -0.214673 177.759 169.653 
0.0777642 177.539 170.283 -1.28142 177.633 169.721 -1.97102 177.23 170.145 
0.908901 176.779 169.583 0.676313 176.957 169.739 -1.46748 176.725 169.651 
-1.51304 176.51 169.823 -0.89768 175.979 169.975 1.24572 175.583 169.562 
0.783577 175.21 169.582 0.355891 175.419 169.764 0.317978 175.18 169.513 
-0.358128 175.714 169.997 -6.92499 169.843 169.802 -7.38957 169.999 170.304 
-8.31566 170.219 169.849 -8.74818 169.937 169.675 -9.5068 168.603 170.155 
-9.41093 168.13 170.387 -6.39805 167.723 170.198 -6.529 166.95 169.582 
-7.07675 166.945 169.595 -0.360326 177.873 170.012 -0.948844 177.965 169.916 
-0.799064 178.143 170.211 -0.176124 177.833 170.298 -1.28746 177.955 169.93 
0.331225 177.162 170.299 -2.07959 177.074 170.337 0.54022 176.545 170.14 
0.66751 176.128 169.966 -1.24129 176.098 170.585 -1.61323 176.465 170.071 
0.205382 176.093 170.289 0.156888 175.733 170.043 -0.384252 175.892 170.31 
-7.82744 170.235 170.118 -8.25297 170.409 170.194 -8.81616 170.71 170.709 
-8.95971 170.528 170.395 -9.56676 169.704 170.267 -6.62747 169.414 170.184 
-9.92462 168.654 170.938 -9.54163 168.394 170.322 -6.60342 167.461 170.11 
-7.20189 167.391 170.227 -0.840223 178.447 170.843 -0.481452 178.112 171.092 
-0.712437 178.255 170.5 0.0481337 177.467 170.575 0.13516 177.109 170.597 
-1.9979 176.786 170.449 -2.17277 177.113 170.633 -2.3977 177.953 171.075 
-0.0144902 176.541 170.73 0.225246 176.384 170.464 -1.68327 176.424 170.435 
-0.448872 176.208 170.876 -0.727763 176.009 170.68 -8.34107 170.709 171.082 
-9.20257 170.445 170.464 -6.84063 169.366 170.5 -7.79324 170.248 170.799 
-7.79524 169.077 171.666 -7.38535 167.938 170.89 -9.37021 168.001 170.649 
-8.93578 167.729 170.726 -7.66655 167.655 170.774 -7.6919 167.463 170.509 
-8.47386 167.543 170.668 -0.820119 178.632 171.148 -0.664044 178.453 171.089 
-1.87455 178.913 171.22 -1.24045 179.006 171.413 -2.3249 177.393 170.922 
-0.362256 176.512 171.035 -0.81139 176.09 170.944 -1.33291 176.252 171.027 
-1.70922 176.557 171.072 -1.04086 176.172 171.061 -1.12453 176.089 170.872 
-8.0129 170.466 171.38 -7.8557 170.209 171.58 -10.192 169.726 171.124 
-10.1336 168.894 171.161 -10.2322 169.312 171.226 -9.75589 168.355 171.23 
-8.00637 168.054 171.307 -8.5358 167.714 170.995 -8.84802 167.927 171.307 
-9.36348 167.985 170.983 -1.80423 179.091 171.432 -1.50267 179.153 171.576 
-2.63352 178.43 171.549 -2.57009 177.881 171.361 -2.65692 178.134 171.574 
-0.527563 177.611 171.438 -2.36816 177.438 171.261 -2.50392 177.719 171.762 
-1.18621 176.462 171.245 -1.83094 176.947 171.531 -8.80423 171.268 171.545 
-9.89988 171.342 171.583 -8.26247 170.771 171.441 -10.1385 171.016 171.545 
-10.4843 170.873 171.847 -10.2868 169.395 171.509 -10.0366 168.651 171.222 
-10.0103 168.608 171.359 -7.85818 168.428 171.453 -8.37795 167.923 171.296 
-9.30147 168.057 171.294 -1.42089 179.245 171.937 -1.89576 179.195 171.743 
-2.32845 178.944 171.661 -0.791335 178.747 171.813 -0.629507 178.407 171.916 
-2.55824 178.693 171.642 -0.589927 178.053 171.768 -0.858044 177.646 171.905 
-0.962599 177.146 171.638 -1.38168 177.108 171.784 -1.76223 177.127 171.76 
-10.3269 171.827 172.122 -9.01639 171.7 171.863 -8.55445 171.481 172.273 
-8.08159 170.453 171.768 -7.8922 170.07 171.777 -7.8676 169.853 171.825 
-9.90871 169.153 172.048 -8.38732 168.39 171.67 -9.3418 168.491 171.785 
-1.02317 178.993 172.119 -1.76999 179.458 172.252 -2.50037 178.891 171.848 
-2.59152 178.542 172.969 -0.652311 178.146 172.031 -0.70097 177.948 172.001 
-1.89635 177.588 172.27 -2.42413 178.355 173.173 -1.37009 177.604 172.232 
-2.0534 177.454 171.997 -8.82234 171.792 172.124 -9.9294 173.265 172.983 
-10.7703 171.414 172.274 -8.40966 170.703 172.388 -10.6944 170.836 172.136 
-10.8114 171.131 172.342 -10.5154 170.341 172.067 -8.12572 169.943 172.034 
-10.2169 169.693 172.147 -8.56042 169.312 172.22 -9.6048 168.804 171.955 
-1.52075 179.691 172.742 -1.14385 179.471 173.284 -1.67917 179.683 172.568 
-1.93869 179.663 172.563 -2.25925 179.39 172.443 -2.55697 178.998 172.54 
-0.934223 178.572 172.505 -1.17468 178.094 172.768 -1.43011 178.064 173.142 
-9.01449 172.379 172.545 -10.6603 171.783 172.343 -8.51777 171.148 172.648 
-8.64145 172.92 174.084 -10.8261 171.105 172.632 -8.74384 171.026 173.084 
-8.55047 170.167 172.438 -10.7549 171.02 172.86 -8.98596 169.716 172.51 
-10.0781 169.817 172.481 -9.62786 170.383 173.104 -9.86421 170.246 172.971 
-1.54527 179.743 173.032 -1.76715 179.877 173.315 -2.31638 179.673 173.037 
-2.44565 179.427 172.821 -1.04852 178.977 172.952 -1.12254 178.399 173.127 
-1.83104 178.137 173.415 -10.5531 172.978 172.954 -10.3672 173.271 173.055 
-10.6768 173.211 173.196 -9.10674 173.337 173.219 -8.96671 172.98 173.039 
-10.7944 172.699 173.059 -8.76905 172.533 172.933 -10.9028 172.988 173.789 
-10.6789 171.122 173.082 -8.99228 170.678 173.113 -1.43819 179.8 173.277 
-2.30384 179.7 173.394 -2.61336 179.299 173.388 -0.993169 178.789 173.467 
-2.63841 179.016 173.583 -1.16173 178.367 173.563 -2.23248 178.296 173.409 
-2.5176 178.838 173.751 -1.42138 178.189 173.486 -10.3869 173.679 173.397 
-9.99339 173.817 173.442 -9.09641 173.884 173.627 -10.4955 173.483 173.255 
-10.6596 173.507 173.447 -10.852 173.105 173.444 -8.6808 171.923 173.436 
-8.91641 171.046 173.311 -10.5874 172.087 174.093 -8.91399 170.889 173.228 
-9.11633 170.863 173.318 -9.48044 170.894 173.412 -1.37136 179.963 173.532 
-1.24074 180.274 173.755 -0.790505 179.918 173.821 -1.93256 179.988 173.655 
-1.60136 180.3 173.796 -2.00468 180.235 173.99 -2.43884 179.637 173.957 
-2.55185 179.523 173.612 -0.870059 178.825 173.834 -2.62671 179.344 173.682 
-1.33805 178.324 174.084 -1.4955 178.436 174.329 -8.94424 174.068 173.845 
-8.76661 174.117 174.131 -9.27679 174.253 173.815 -10.4353 173.838 173.665 
-9.97129 174.495 174.071 -10.7741 173.482 173.749 -8.64422 173.486 174.177 
-8.82249 172.313 174.012 -9.07387 171.627 173.684 -9.64672 172.382 174.514 
-10.7237 172.341 174.099 -1.03993 180.688 174.053 -1.33635 180.581 173.953 
-1.57237 181.267 174.561 -1.6991 180.538 174.004 -0.934512 180.317 173.914 
-2.30377 180.147 174.347 -0.535588 179.945 174.13 -0.568988 179.411 174.129 
-2.53247 179.772 174.307 -2.56821 179.607 174.263 -2.58768 179.626 174.402 
-0.669229 179.091 174.322 -2.39555 178.985 174.043 -2.50354 179.389 174.338 
-0.932817 178.733 174.193 -1.20475 178.461 174.215 -1.82283 178.542 174.344 
-9.01589 175.649 174.788 -9.06156 174.411 174.012 -8.92752 174.579 174.204 
-10.0668 175.137 174.707 -10.8151 173.392 174.103 -10.8117 172.843 174.161 
-8.73455 172.592 174.099 -10.5956 172.239 174.213 -0.978283 181.406 174.667 
0.177333 181.177 174.874 -2.08556 180.728 174.618 -0.118635 179.945 174.546 
-2.40577 180.107 174.796 -0.43498 179.481 174.427 -0.644004 179.148 174.677 
-2.18735 178.979 174.49 -2.45709 179.4 174.585 -2.5585 179.569 174.516 
-0.929303 178.972 174.845 -1.28847 178.644 174.53 -1.73598 178.698 174.601 
-9.4219 175.51 174.687 -9.96032 174.974 174.463 -9.07676 174.96 174.374 
-8.78971 175.15 174.662 -8.74374 174.585 174.461 -8.65667 174.034 174.617 
-8.72482 173.56 174.579 -8.91576 173.383 174.723 -10.4934 174.175 174.791 
-10.6964 172.941 174.445 -10.7583 173.274 174.415 -10.2534 172.557 174.544 
-10.5449 172.51 174.358 -9.94274 172.428 174.549 0.172292 181.598 175.196 
-1.32036 181.608 174.94 0.614149 180.177 174.987 0.497225 180.987 174.941 
-1.81768 181.155 174.654 -2.51476 180.542 175.161 0.236161 180.308 174.721 
-2.56153 180.225 175.185 0.28708 179.835 174.979 -0.271489 179.47 174.864 
-0.407714 179.334 175.228 -2.49395 179.666 174.663 -2.35124 179.49 174.828 
-2.4568 179.874 175.062 -0.778128 179.16 175.067 -1.99646 179.054 174.927 
-1.58754 178.823 174.864 -8.98229 175.982 174.999 -8.67603 175.763 174.936 
-9.29928 175.885 174.938 -8.39363 175.625 175.061 -8.52495 174.618 174.909 
-8.67082 174.166 175.156 -10.0756 175.338 175.588 -10.4209 174.281 175.172 
-8.89868 173.753 174.978 -9.23332 173.459 174.981 -10.5596 173.485 174.692 
-10.3131 173.8 175.058 -9.93356 173.442 175.041 0.846376 182.112 175.703 
1.02816 181.582 175.372 -0.351186 182.077 175.799 -1.66912 181.865 175.439 
-1.87333 181.839 175.564 2.05194 180.792 175.603 -2.31297 179.465 175.166 
-2.61252 179.85 175.318 -1.33136 179.101 175.361 -1.95382 179.154 175.328 
-2.4817 179.46 175.459 -8.36586 176.547 175.379 -8.87428 176.636 175.468 
-9.26632 176.379 175.391 -8.53769 175.991 175.134 -9.39425 176.085 175.203 
-9.82737 175.798 175.515 -8.12584 175.603 175.389 -8.14929 175.129 175.427 
-8.09419 175.201 175.816 -8.75837 174.233 175.59 -9.0061 173.996 175.426 
-9.33985 173.79 175.315 -9.84138 174.166 175.744 -10.2218 174.163 175.417 
1.70071 182.166 175.77 2.11439 182.897 176.684 2.06456 182.029 175.755 
1.75347 181.328 175.499 -3.08524 180.506 175.507 -3.49465 181.172 175.905 
-4.51107 180.671 175.887 2.6884 180.734 175.901 1.84677 180.087 175.854 
-2.80516 179.695 175.507 -3.71197 179.77 175.682 -4.71774 180.671 175.964 
-4.97189 180.119 175.86 0.859199 179.648 175.687 -0.104251 179.456 176.875 
-1.2796 179.328 176.921 -1.83712 179.138 175.721 -2.38634 179.225 175.718 
-2.854 179.43 175.683 -3.41999 179.063 176.066 -7.86397 177 175.525 
-8.34494 176.935 175.5 -7.81067 177.7 175.749 -7.0747 177.148 175.819 
-8.31397 177.549 175.751 -7.45921 176.489 175.735 -8.86847 177.191 175.844 
-8.78359 177.012 175.651 -9.15485 176.792 175.93 -7.58382 176.124 175.872 
-7.8699 176.512 175.532 -9.55836 176.203 175.516 -9.68056 176.077 175.842 
-9.92621 175.454 175.856 -7.90285 175.572 175.78 -10.0122 174.943 175.831 
-8.94428 174.302 175.871 -8.62505 174.525 175.854 -10.0587 174.225 175.662 
-9.30973 174.298 175.927 4.12481 182.919 176.581 4.87179 181.849 176.529 
3.47054 180.709 176.282 0.914197 182.62 176.865 -4.11274 181.229 176.397 
-3.75655 181.2 176.034 2.53939 180.01 176.458 -5.70974 180.079 176.168 
-6.05926 180.039 176.345 1.27327 179.607 176.554 0.892427 179.576 176.949 
-5.83772 179.394 175.931 -5.15817 179.343 175.86 -6.61801 179.575 176.244 
-6.41185 179.425 176.074 -1.7433 179.134 176.027 -2.91429 179.142 175.996 
-4.55752 179.041 175.96 -6.78277 179.371 176.194 -6.89278 179.019 176.082 
-6.82239 179.51 176.354 -4.18121 178.622 176.481 -3.70245 178.844 176.308 
-5.56574 178.138 176.179 -6.53595 178.207 175.877 -6.74719 178.577 175.908 
-7.41383 178.872 176.28 -7.97576 178.339 176.273 -5.3025 178.069 176.468 
-6.93464 176.813 176.073 -6.61715 177.683 175.932 -8.34673 177.78 176.01 
-8.24736 178.056 176.192 -8.77858 177.489 176.327 -9.18469 176.83 176.328 
-9.47468 176.376 176.006 -9.32517 176.336 176.367 -7.16279 176.435 176.634 
-9.71336 175.654 176.103 -9.73597 175.133 176.111 -9.59691 174.645 176.072 
-9.32324 174.708 176.235 -9.46602 174.901 176.258 -9.94314 174.542 175.892 
-9.08344 174.543 176.105 4.38245 182.683 176.488 3.46261 183.275 176.897 
-2.60467 181.585 177.109 5.33614 181.148 177.182 -4.96266 180.892 176.811 
2.66489 179.966 176.694 -6.09336 180.186 176.612 2.22046 179.806 177.109 
-6.26705 180.121 176.801 -6.91102 179.542 176.62 -1.92547 179.179 176.925 
-3.31408 178.805 176.606 -7.50118 179.05 176.856 -3.65548 178.686 176.989 
-7.9203 178.514 176.409 -5.50034 177.809 176.704 -6.08856 177.296 176.764 
-8.6517 177.65 176.657 -8.86859 177.202 176.72 -6.39942 177.041 177.019 
-9.04723 177.056 176.504 -9.14543 176.628 176.617 -9.12908 176.239 176.683 
-7.77986 176.003 176.624 -9.14797 175.869 176.6 -8.80168 175.589 176.638 
4.62407 183.511 177.158 3.9949 183.201 176.807 4.05898 183.642 177.383 
6.55354 182.46 177.327 5.85585 181.765 177.083 -3.341 181.478 176.886 
-3.85279 181.265 177.22 5.09369 180.901 177.34 -4.51828 181.067 177.036 
3.28378 180.2 176.879 -6.0085 180.264 177.257 1.06233 179.971 177.697 
-6.96578 179.494 177.293 -1.03351 179.646 177.451 -7.3261 179.22 177.013 
-7.46266 178.897 177.432 -4.09458 178.55 176.897 -7.78341 178.591 177.208 
-5.08208 178.075 177.258 -8.67558 177.264 176.95 -8.99261 176.826 176.765 
-8.7476 176.787 176.955 -7.54959 176.485 176.983 -7.67839 176.222 176.824 
-8.90792 176.382 176.837 -8.5697 175.914 176.787 -8.93322 175.981 176.761 
6.10665 183.459 177.398 5.02777 183.906 177.707 4.04686 183.764 177.72 
6.372 183.227 177.396 3.07959 183.523 177.983 1.12812 182.384 178.024 
-3.72052 181.175 177.452 -4.64443 180.748 177.759 3.43514 180.206 177.341 
2.85576 180.02 177.607 0.465284 179.667 177.272 0.422843 179.955 177.656 
-2.20986 179.556 177.649 -4.72192 178.433 177.674 -7.64332 178.678 177.391 
-7.98329 177.844 177.383 -5.44148 178.092 177.766 -6.32446 177.204 177.324 
-8.11313 177.387 177.317 -6.68055 177.037 177.345 -6.91297 176.809 177.237 
-7.0569 176.962 177.407 -7.85418 177.1 177.397 6.14928 183.67 177.614 
6.92417 183.541 177.777 5.39364 184.214 178.423 7.00513 181.759 178.029 
-0.908148 181.37 177.827 7.85754 181.759 179.37 -3.17428 180.889 177.821 
-1.98326 180.567 177.893 -3.76156 180.91 177.741 -4.46549 180.687 177.896 
-5.51966 180.218 177.882 2.70687 180.093 177.81 -1.87213 180.193 177.86 
-6.68507 179.378 177.75 -6.85819 179.462 177.508 -7.27885 178.958 177.588 
-4.32413 179.007 178.076 -7.2404 178.464 177.838 -7.68561 177.855 177.632 
-7.40286 177.878 177.795 -7.42828 177.534 177.685 7.33244 184.283 178.603 
8.41615 184.12 178.969 5.76779 184.274 178.499 2.78219 183.345 178.11 
3.25766 183.418 178.53 2.05873 182.881 178.228 1.54294 180.438 178.198 
-3.90252 180.226 178.176 -4.02022 179.584 178.233 -4.38182 180.237 178.181 
-4.77316 180.154 178.184 -4.56789 179.956 178.274 -5.42949 179.736 178.187 
-5.74558 179.201 178.256 -5.5221 179.428 178.28 -4.58038 179.07 178.156 
-5.33338 178.423 177.973 -5.38026 178.829 178.199 -6.80996 178.56 177.973 
6.81633 184.354 178.613 8.8395 182.936 178.905 4.5603 184.006 178.635 
8.82138 182.195 179.477 2.03585 182.134 178.636 1.82911 181.583 178.608 
1.4274 181.658 178.467 2.22054 181.129 178.604 6.90724 181.561 179.669 
4.37633 180.627 178.304 4.43414 181.752 179.388 -5.15042 179.493 178.302 
-5.42243 179.18 178.298 6.72675 184.514 178.898 6.91174 184.579 179.036 
6.26652 184.416 178.929 9.88175 184.387 179.986 3.64615 183.21 179.002 
4.46728 183.823 178.936 3.28662 182.516 179.038 8.53464 184.892 180.206 
10.2667 184.873 180.566 6.90276 184.622 179.286 7.48116 184.745 180.005 
6.52471 184.553 179.486 4.74678 183.674 179.303 4.25157 183.06 179.408 
3.76078 182.317 179.25 7.2364 181.591 179.672 4.80119 181.613 179.41 
6.63404 184.501 180.048 5.8831 183.949 180.073 10.0529 184.02 179.95 
10.3015 183.283 180.158 5.06773 182.703 179.946 9.88052 182.662 180.037 
8.89567 181.987 180.31 8.37008 181.912 180.223 4.94663 181.894 179.657 
5.33255 181.845 179.765 5.07762 182.019 179.814 5.88001 181.593 179.641 
9.35869 184.985 180.385 10.3856 183.755 180.218 5.70313 182.909 180.416 
10.4597 182.793 181.019 5.19951 182.255 179.948 7.95821 181.978 180.556 
5.98667 182.363 180.473 11.1565 185.301 181.734 10.7871 183.502 180.694 
6.23959 183.964 180.428 10.5156 183.213 180.527 6.35407 183.225 180.859 
6.2499 183.595 180.668 5.94268 182.677 180.573 8.56142 182.029 180.89 
8.8214 181.974 180.672 10.27 185.465 181.322 7.36828 183.876 181.415 
6.92074 183.208 181.238 10.1006 182.478 181.474 7.22647 182.782 181.354 
9.34185 182.13 181.219 10.1363 185.697 181.789 10.251 185.597 181.553 
9.32879 185.367 182.006 8.27299 184.201 181.959 11.3304 183.904 181.578 
11.1564 183.431 181.478 10.5442 182.697 181.442 9.61328 182.447 181.787 
7.48565 182.646 181.406 11.804 184.799 182.257 7.76081 183.13 181.752 
11.2244 183.301 182.248 10.9777 183.034 181.723 10.6183 182.723 182.212 
10.4071 182.566 181.807 10.1337 182.563 182.124 9.87061 182.763 182.4 
11.1689 185.687 182.18 10.6948 185.942 182.335 9.02726 184.98 182.268 
11.7325 184.043 182.423 9.44976 183.704 183.02 10.9342 182.986 182.145 
10.4576 182.596 182.095 11.7525 185.364 182.456 11.5439 185.67 182.488 
11.0651 186.173 182.762 10.8748 186.13 182.602 10.6517 186.24 183.021 
10.0347 185.898 182.921 11.7034 185.144 182.239 9.3683 185.296 182.445 
9.1405 184.808 182.65 8.99936 184.361 182.675 11.9941 184.354 182.967 
11.5752 183.772 182.988 11.0288 183.231 182.744 10.5627 182.899 182.497 
12.4512 185.521 183.758 9.78004 185.552 183.439 9.29562 184.818 182.942 
9.22111 184.337 182.918 11.7411 183.976 183.385 11.2147 183.468 182.918 
10.4679 183.342 183.102 11.4665 186.397 183.788 12.4284 187.015 185.003 
9.99239 185.868 183.285 10.2957 186.109 183.47 9.74516 184.858 183.77 
9.5439 183.988 183.177 9.86455 183.98 183.494 11.5951 183.814 183.256 
11.2296 183.655 183.314 10.0279 183.985 183.703 9.98797 183.572 183.201 
10.6671 186.308 183.996 9.79975 185.379 183.726 12.6429 185.337 184.189 
12.3059 184.586 184.032 11.1273 183.759 183.629 10.0215 184.114 183.848 
10.7195 183.751 183.633 11.1511 186.507 184.086 11.7086 186.918 184.649 
10.296 185.981 184.257 12.4852 185.999 184.089 9.91277 184.696 184.045 
10.0827 184.291 184.007 11.6009 184.346 184.805 11.6116 184.172 184.143 
11.2159 184.044 184.047 11.1185 184.272 184.473 12.9647 186.521 185.188 
10.6994 186.415 184.416 12.788 185.8 184.409 13.0097 186.099 184.956 
12.8433 185.272 184.873 10.2115 185.61 184.614 12.5924 184.952 184.588 
10.2795 185.093 184.738 10.6286 184.932 185.222 12.1337 187.189 185.151 
11.6602 187.082 184.901 12.7234 186.832 185.067 11.4618 187.166 185.149 
13.0078 185.65 185.104 10.3055 185.53 185.021 10.4149 185.083 185.039 
12.8084 186.913 185.388 13.0749 186.096 185.346 10.5194 186.392 185.21 
12.412 184.919 185.938 10.4264 185.421 185.379 12.1306 184.749 185.798 
11.6898 184.585 185.336 12.6928 187.226 185.85 12.5729 187.202 185.59 
10.5115 186.366 185.612 10.4876 185.45 185.693 12.972 185.617 185.975 
12.7632 185.211 185.74 11.7211 184.832 186.324 11.8254 187.798 186.72 
10.6604 186.63 186.699 13.0978 186.586 186.058 10.5228 186.32 186.379 
10.5019 186.02 186.422 10.731 185.331 186.107 11.1713 185.087 186.412 
12.2675 184.917 186.233 12.0091 184.858 186.354 12.4267 188.26 188.13 
11.3071 187.446 186.452 11.5126 187.692 186.757 13.1071 186.638 188.236 
12.7956 185.637 187.436 12.1792 185.032 186.534 11.4063 184.956 186.446 
11.0716 187.601 187.41 12.9814 188.143 190.337 10.8378 186.06 187.446 
11.6996 185.1 186.81 11.6408 185.5 187.784 12.0238 188.284 187.839 
11.6938 188.152 187.748 13.0229 186.049 187.501 12.0915 188.367 188.055 
11.8377 188.337 187.967 10.7266 187.142 189.406 10.79 186.612 188.246 
12.7896 186.201 188.638 11.308 185.989 188.57 11.5976 188.268 188.027 
11.1114 187.994 188.364 12.1518 188.453 188.716 11.2561 188.312 188.911 
13.0725 187.173 188.986 11.3239 188.419 189.205 12.913 186.722 189.158 
11.2246 186.435 189.73 12.3256 188.859 190.203 11.865 188.764 189.737 
13.0697 187.692 190.497 12.6445 186.521 189.679 10.6656 187.066 190.416 
12.6073 186.438 189.392 10.9113 188.259 189.785 10.6321 187.638 189.854 
12.9928 187.133 189.827 11.9693 188.912 190.073 11.3124 188.859 190.15 
11.6252 188.984 190.268 10.6631 188.25 190.193 10.4687 188.122 190.366 
10.4876 187.609 190.17 10.4143 187.858 190.396 10.6421 187.172 190.043 
12.1726 186.402 190.583 12.8191 188.512 191.04 10.556 188.365 190.491 
10.5678 188.499 190.781 10.9876 186.685 191.466 11.8421 186.362 190.831 
12.4893 188.847 190.902 12.9949 187.579 191.67 12.7746 187.143 191.997 
11.2863 186.492 191.263 20.71 184.832 190.869 20.8658 184.742 190.882 
21.027 182.881 190.735 20.2814 184.945 190.907 21.8462 183.735 191.006 
21.4055 182.808 190.73 22.5405 182.545 191.017 21.8948 182.196 190.739 
20.6541 182.229 190.878 20.0671 182.919 191.088 22.7305 181.671 191.036 
22.4389 181.44 190.884 21.1516 181.752 190.798 21.675 181.344 190.806 
21.3551 181.453 190.823 10.7487 188.954 191.97 12.8191 188.374 191.806 
13.0087 188.088 191.187 10.5214 188.661 191.537 10.3405 187.782 191.938 
12.3973 186.648 191.558 20.3332 186.212 191.41 18.766 186.468 191.738 
20.2406 186.459 191.579 12.0358 186.495 191.794 20.5585 186.009 191.363 
20.8405 185.88 191.472 20.9889 185.506 191.347 19.0337 185.07 191.429 
21.8037 184.131 191.176 19.1924 184.056 191.408 22.3705 183.285 191.275 
22.5623 182.854 191.163 22.6455 182.979 191.449 22.9067 182.125 191.309 
19.563 183.111 191.42 22.9952 181.692 191.249 23.1149 181.856 191.499 
23.1202 181.521 191.367 20.9484 181.473 190.973 20.2205 181.858 191.417 
21.103 180.529 191.44 23.2026 180.869 191.488 20.6632 180.77 191.843 
22.9921 179.995 191.452 22.4958 180.072 191.276 11.596 189.114 191.855 
10.9027 186.422 194.252 19.3347 187.123 192.005 20.3523 187.388 193.106 
18.7935 185.547 191.601 18.5046 185.814 191.873 18.7068 184.977 191.688 
18.3529 185.149 192.255 22.6598 183.03 191.853 18.7005 184.358 192.017 
18.6014 184.704 191.894 19.1617 183.749 191.547 19.329 183.393 191.596 
23.0106 182.252 192.091 23.1695 181.924 191.856 20.4788 181.14 191.809 
20.2606 181.557 191.948 20.8944 180.479 191.749 23.3864 180.693 191.733 
23.4233 179.729 191.702 21.9322 178.913 191.962 21.0238 180.127 192.096 
22.6625 179.185 191.643 23.0682 179.19 191.643 23.2427 179.012 191.727 
22.5521 178.709 191.848 12.107 188.872 193.167 11.1352 189.094 192.111 
12.7583 187.905 192.49 10.29 188.289 192.234 19.7724 187.491 192.502 
21.0307 185.954 192.002 21.0504 185.86 192.348 18.2218 187.605 193.035 
18.3133 185.596 192.167 21.5029 184.69 192.235 18.935 183.948 191.973 
18.8537 184.172 192.349 19.117 183.585 192.031 19.5853 182.844 192.013 
19.9663 182.276 192.055 20.2748 181.888 192.381 20.2825 181.666 192.233 
23.685 180.825 192.592 20.5956 180.904 192.165 21.5735 179.049 192.898 
23.8768 179.555 192.118 23.7468 180.661 192.77 24.2662 178.955 192.477 
23.5816 178.131 192.058 21.9341 178.484 192.317 22.4394 178.014 192.242 
23.7479 177.968 192.16 23.4478 177.749 192.171 12.2847 188.782 192.829 
10.3967 188.665 192.512 18.8507 187.448 192.504 12.1525 187.056 193.244 
20.9205 185.785 192.706 20.6802 186.734 192.989 21.0988 185.043 192.556 
18.6348 184.528 192.559 19.217 183.666 192.304 19.8658 183.464 192.65 
19.3368 184.005 192.655 18.7499 184.511 192.772 19.5901 183.32 192.424 
22.4753 182.705 192.674 20.2013 182.192 192.398 22.7545 182.343 192.558 
22.9825 181.485 193.047 20.4082 182.046 192.588 20.8074 181.07 192.788 
20.7098 180.827 192.529 24.1287 179.558 192.408 24.1962 179.653 192.632 
24.2824 179.462 192.799 21.7892 178.265 192.911 24.0373 177.133 192.508 
24.039 178.065 192.321 21.9172 178.048 192.747 23.9089 176.849 192.555 
22.989 176.652 192.729 22.191 177.453 192.926 11.1126 189.101 193.782 
10.1373 188.831 193.643 9.87764 188.201 193.133 12.4537 188.465 192.882 
19.7499 187.66 192.769 19.5769 188.28 193.518 20.0734 187.635 193.009 
18.8217 187.754 192.76 19.3093 188.041 193.096 12.5734 187.853 192.832 
9.99162 187.264 193.205 9.84397 187.847 193.202 12.3687 187.35 193.065 
20.7525 186.268 192.959 20.6011 185.688 193.098 18.1984 185.996 192.787 
18.4622 185.325 192.866 20.1415 185.345 193.265 20.7823 184.765 192.789 
20.33 184.318 192.873 21.3527 183.776 192.691 20.7944 183.754 192.796 
19.7548 184.265 192.89 18.959 184.477 192.871 21.5442 182.923 193.011 
20.8657 183.35 192.836 21.1065 182.61 193.055 20.8517 182.454 192.957 
22.4763 182.515 192.788 22.3799 182.259 192.947 20.7154 182.038 192.842 
24.2858 179.358 193.106 24.8025 176.888 193.05 22.6916 176.71 192.914 
25.1363 176.015 193.314 23.6574 176.16 192.846 19.3934 188.26 193.35 
19.1048 188.289 193.345 18.8707 188.369 193.496 12.4124 187.728 193.357 
20.4041 187.374 193.444 17.7587 187.469 193.754 17.7622 187.041 193.688 
18.4108 185.875 193.24 18.1376 186.353 193.527 20.3207 186.117 193.635 
18.9075 185.696 193.485 21.4377 182.559 193.097 21.3682 182.135 193.145 
21.9043 181.26 193.389 22.2919 181.43 193.32 22.7548 181.34 193.25 
23.388 180.152 193.588 21.8047 178.83 193.367 24.2512 179.221 193.442 
21.815 178.127 193.314 25.4326 176.224 193.719 25.2984 176.874 193.813 
22.4117 176.575 193.4 22.1521 177.356 193.802 22.9532 175.104 193.615 
24.6722 175.118 193.384 24.9315 175.449 193.334 24.2468 174.25 193.649 
19.4183 188.805 194.929 20.0164 188.13 194.358 18.1762 188.297 193.876 
9.5195 187.524 194.187 20.4146 187.287 193.747 20.3932 186.686 193.89 
11.2854 186.542 194.396 10.0785 186.508 194.584 18.5272 186.042 193.627 
18.2491 186.358 193.894 17.895 186.7 193.784 19.0573 186.033 193.927 
22.1595 179.707 193.628 24.6796 178.038 193.812 21.9985 178.18 193.807 
24.7556 177.804 193.985 21.882 178.065 193.601 22.0324 177.838 193.769 
22.325 176.397 193.785 22.3349 177.183 194.217 25.2362 175.86 193.442 
25.308 175.215 193.853 25.109 175.447 193.497 24.8343 174.493 193.676 
23.4679 173.964 193.961 24.6015 174.284 193.666 18.8655 188.648 194.236 
12.2253 188.388 194.933 9.44355 187.927 194.49 17.5455 187.462 194.116 
12.3243 187.864 194.81 9.4338 187.641 194.385 20.2699 187.368 194.131 
20.4269 186.958 193.863 17.665 187.057 194.076 17.463 187.329 194.338 
20.1549 186.775 194.21 19.8005 186.319 194.138 19.5706 186.018 193.902 
19.2107 186.196 194.2 18.6632 186.109 193.87 18.387 186.513 195.167 
24.5869 177.352 194.514 22.2707 178.211 194.062 22.6455 178.539 194.241 
24.7329 177.486 194.329 24.9174 177.449 194.072 25.373 176.647 193.978 
25.3224 176.534 194.239 25.4514 176.192 194.025 22.409 175.829 194.094 
22.4397 176.02 194.425 22.5629 175.487 194.179 22.4334 175.824 194.296 
25.0984 174.606 193.849 25.499 174.247 194.681 25.1211 173.871 194.169 
24.9929 173.659 194.162 24.4133 173 194.371 24.7528 173.402 194.21 
11.5041 188.965 195.588 10.0514 188.935 194.983 9.78997 188.624 194.585 
19.1511 188.877 194.791 18.4179 188.839 194.702 17.5056 188.152 194.638 
12.3459 188.148 194.729 9.53744 188.266 194.635 20.0715 187.23 194.67 
17.4045 187.43 194.678 11.9317 187.172 195.512 9.42497 187.237 195.067 
19.723 186.915 195.072 19.0839 186.504 195.157 11.4623 186.456 195.683 
23.2554 177.79 194.634 22.9466 177.643 194.63 22.6238 177.613 194.458 
25.347 175.485 195.065 25.5114 175.149 194.831 22.5968 175.756 194.545 
22.707 175.235 194.563 22.9563 174.197 194.336 25.1196 173.646 194.316 
25.3492 173.667 194.677 24.8184 172.571 194.698 23.5506 172.795 194.926 
24.5781 172.744 194.51 24.2217 172.69 194.58 19.7578 188.517 194.942 
17.6904 188.423 194.756 17.5483 188.645 195.385 17.4265 188.167 194.919 
9.84154 188.784 194.9 9.61657 188.506 195.026 17.336 187.795 195.023 
20.0007 187.708 195.36 19.8394 187.158 195.293 17.3725 187.473 196.13 
9.50015 187.013 195.212 10.6773 186.166 195.742 23.6917 177.696 194.631 
23.6185 177.089 194.855 23.4224 176.74 194.983 24.7212 175.973 195.234 
23.2263 176.554 194.991 23.8203 175.81 195.389 22.8416 176.083 194.831 
25.068 175.897 195.054 22.8997 175.013 194.968 25.5562 174.597 194.849 
25.6072 172.901 196.029 23.2935 173.207 194.95 22.9366 174.166 195.218 
25.5756 171.599 196.28 24.0693 171.279 195.513 25.1518 171.476 195.489 
20.3654 164.777 194.85 20.5191 164.98 194.863 20.6144 164.684 194.792 
20.9228 163.505 194.86 21.0829 164.19 194.941 21.1252 163.766 194.989 
20.4576 163.912 194.8 20.0548 164.041 195.035 20.0104 165.572 195.803 
21.0467 163.374 195.075 20.6141 163.487 194.815 20.7866 163.243 194.917 
20.4272 163.105 194.965 19.5253 188.8 195.268 18.488 189.543 196.412 
11.8164 188.792 195.346 19.8528 188.39 195.703 19.9663 188.11 195.525 
12.0766 188.417 195.284 9.37332 188.225 195.553 17.3197 187.751 195.422 
12.1227 187.802 195.344 9.31078 187.872 195.476 19.8966 187.347 195.401 
19.2146 186.723 195.387 18.1184 186.726 195.463 11.0728 186.335 195.471 
10.1374 186.403 195.301 23.6644 175.545 195.441 23.3951 175.3 195.423 
23.1123 173.585 195.322 23.0364 173.957 195.384 23.2329 173.029 195.809 
24.9807 171.452 195.329 24.8264 171.238 195.444 20.615 165.292 195.051 
21.0643 165.132 195.157 21.2951 164.607 195.261 20.215 166.508 195.892 
19.782 163.893 195.306 19.818 163.542 195.183 19.9524 164.344 195.482 
19.6668 163.614 195.42 21.0991 163.266 195.451 19.943 163.003 195.154 
20.7688 162.945 195.154 20.1159 162.29 195.292 19.8419 162.213 195.323 
19.7096 162.323 195.391 18.2245 189.235 195.756 10.2565 189.048 196.408 
9.73658 188.729 195.805 19.5185 188.866 196.04 17.267 188.167 195.752 
12.0432 188.27 195.707 19.9529 187.816 195.655 19.5643 187.335 195.958 
12.4355 187.223 196.539 9.09161 187.161 196.198 17.7357 187.065 196.484 
11.933 186.718 196.016 11.1588 186.02 196.115 24.0954 175.749 195.437 
24.0625 175.372 195.613 23.7969 175.06 195.728 23.1859 174.626 195.512 
23.3079 173.934 195.785 23.2708 172.886 196.142 23.3313 171.737 196.178 
25.083 171.149 195.667 24.9635 170.872 195.804 24.5106 170.986 195.606 
24.5939 169.963 196.548 20.4623 166.613 195.827 21.1535 167.19 196.173 
21.1434 166.56 195.755 21.2039 166.202 195.632 21.5781 166.018 195.808 
20.8452 165.977 195.449 20.3446 166.402 195.73 21.7935 165.838 196.194 
21.4806 164.788 195.91 21.4987 164.773 195.638 21.3414 164.368 195.669 
20.1834 164.315 195.94 20.0149 163.753 195.881 20.8303 162.591 195.605 
19.6324 163.199 195.794 19.7008 163.034 195.997 20.9171 162.803 195.432 
19.6269 162.792 195.8 20.521 162.204 195.779 19.7619 162.125 195.464 
20.1468 161.891 195.665 18.1124 189.558 196.286 17.6646 189.422 196.285 
11.0974 189.064 196.235 11.9063 188.646 196.435 10.6267 189.096 196.529 
19.7191 188.433 196.045 9.16582 188.057 196.127 9.08137 187.593 196.114 
19.2277 187.487 197.208 18.9744 187.148 197.162 18.1819 186.902 196.537 
9.3389 186.829 196.037 11.6361 186.298 196.067 11.1861 185.387 197.053 
24.7589 174.139 196.38 24.2351 174.661 196.057 25.2889 173.481 196.439 
24.4039 174.398 196.291 23.9111 174.279 196.253 23.7577 174.382 196.049 
23.7306 173.99 196.258 25.6418 172.485 196.112 23.2473 172.153 196.269 
23.3972 170.983 196.586 25.3924 171.019 196.3 24.3886 170.223 196.355 
21.398 167.09 196.069 21.513 167.265 196.276 21.8998 167.101 196.31 
22.0256 166.728 196.307 20.3772 166.722 196.037 20.7227 167.01 196.207 
20.0905 166.425 196.11 19.985 165.956 196.142 20.0779 165.347 196.186 
21.6106 165.56 196.517 21.2216 164.782 196.143 20.5128 164.253 196.136 
20.7379 164.276 196.194 20.5209 164.555 196.247 20.8668 163.844 196.034 
20.4956 163.741 196.055 20.8355 163.227 195.961 20.4038 163.129 196.167 
20.3392 163.454 196.104 20.5784 162.723 196.077 19.9221 162.98 196.169 
20.3633 161.742 196.133 19.8303 161.985 196.376 20.2524 161.646 195.913 
20.0117 161.611 195.912 19.8132 161.831 196.064 20.2502 161.355 196.097 
20.128 160.797 196.45 20.1194 161.279 196.081 20.1712 161.076 196.211 
20.0373 160.657 196.521 17.8146 189.543 196.426 16.9958 188.759 196.656 
19.5382 188.09 196.797 16.8362 187.935 196.964 9.61372 188.885 196.749 
8.40263 187.244 196.849 12.7449 188.075 197.733 12.4312 186.469 196.616 
11.8391 185.811 196.518 9.41589 186.177 196.884 11.4095 185.465 196.848 
24.1347 174.203 196.389 25.0156 173.206 196.826 23.8903 173.681 196.608 
25.2478 173.299 196.63 25.5074 172.971 196.403 23.7403 173.392 196.623 
23.8473 172.977 196.949 25.6252 172.408 196.388 25.584 171.488 196.581 
23.3214 171.426 196.639 25.5456 171.047 196.676 25.1385 170.486 196.382 
23.5354 170.321 196.818 21.8421 167.371 196.508 22.1406 167.019 196.547 
21.3918 167.508 196.576 21.0221 167.289 196.43 20.5348 166.999 196.638 
22.2007 166.542 196.631 20.0617 166.269 196.424 20.0608 165.787 196.455 
22.0894 166.127 196.749 21.8607 165.858 196.65 20.2695 165.364 196.463 
20.4959 165.474 196.619 20.1999 165.666 196.604 21.0446 165.225 196.501 
20.738 164.955 196.376 20.4011 164.925 196.315 20.0127 162.487 196.344 
20.3205 162.214 196.296 19.9373 162.125 196.482 20.2258 161.498 196.534 
20.0611 160.519 196.653 19.9982 160.466 196.778 17.7729 189.554 196.759 
18.703 189.387 197.311 17.4173 189.388 197.363 19.3771 188.585 197.12 
17.1466 189.088 196.765 11.8872 188.746 196.855 16.6992 188.302 197.177 
17.722 186.999 196.854 7.94248 187.513 197.21 7.83126 187.39 197.424 
18.2001 186.795 197.362 12.735 186.473 196.901 8.74982 186.454 197.186 
12.1967 185.902 196.645 12.9678 186.107 197.429 12.2691 185.654 196.861 
12.4626 185.623 197.052 11.8407 185.571 196.776 11.5962 185.284 197.4 
24.1484 173.64 196.711 25.1836 172.84 196.891 23.4608 171.343 197.252 
25.4473 171.389 197.219 25.5762 171.36 196.862 25.5554 170.927 196.958 
25.4685 170.882 197.573 23.382 169.944 197.373 25.6551 169.725 197.56 
25.0318 168.905 197.32 24.5319 169.384 196.924 23.8729 169.718 196.906 
24.1738 169.397 196.952 21.9707 167.803 197.046 22.1789 167.397 196.816 
21.325 167.678 196.825 21.5186 167.8 196.976 21.1482 167.681 197.094 
22.3448 166.841 196.951 20.9302 167.43 196.82 20.5863 167.104 197.003 
22.176 166.35 197.001 20.2279 166.548 196.644 20.423 166.608 196.977 
21.9542 165.93 196.853 20.2746 166.019 196.73 20.6074 166.088 197.044 
21.4675 165.708 196.858 21.7132 165.874 196.985 21.0105 165.793 197.003 
20.7381 165.662 196.805 20.1046 161.938 196.544 20.1013 161.481 196.767 
19.9716 161.656 196.682 20.0331 161.209 196.987 20.072 160.545 197.402 
19.9897 160.91 197.186 20.0414 160.346 196.962 20.0072 160.162 197.283 
18.0237 189.468 197.735 17.761 189.498 197.551 17.0957 189.121 197.175 
16.7848 188.746 197.407 16.5681 188.385 197.441 16.5313 188.108 197.417 
9.06558 188.969 198.13 16.6591 187.708 197.378 16.4549 187.92 197.562 
7.82387 187.633 197.417 16.789 187.119 197.669 18.2898 186.796 197.682 
8.46885 186.502 197.535 10.6648 185.4 197.459 9.55785 185.815 197.768 
12.7959 185.645 197.885 12.4303 185.472 197.376 24.2188 172.516 197.217 
24.3562 172.172 197.421 25.2512 171.374 197.549 24.0062 172.189 197.361 
23.7241 172.208 197.175 23.7899 171.975 197.375 23.585 171.803 197.266 
23.4136 170.703 197.41 23.5331 169.529 197.275 23.9632 168.881 197.269 
22.4154 167.602 197.067 22.4642 167.88 197.271 22.7603 167.516 197.287 
21.9539 168.049 197.384 21.4942 167.87 197.264 21.0612 167.594 197.494 
22.5501 167.242 197.111 22.7813 167.163 197.393 22.5587 166.867 197.371 
22.2353 166.502 197.392 20.7789 167.197 197.498 20.9858 167.19 197.797 
21.9246 166.234 197.337 21.5889 166.074 197.289 20.889 166.082 197.229 
20.0519 160.858 197.244 20.0214 160.587 197.495 19.9707 160.642 197.346 
20.028 160.114 197.494 19.9966 160.085 197.507 18.0532 189.379 197.936 
18.7174 188.979 197.893 18.813 188.682 198.039 16.5966 188.518 198.511 
16.5634 188.507 197.684 12.02 188.873 198.449 8.04864 188.184 197.833 
16.3379 187.85 197.868 7.87292 187.871 197.58 18.7246 187.381 198.159 
7.76407 187.237 197.97 18.2096 186.8 198.084 17.8113 186.688 197.744 
13.1132 186.998 197.825 8.49053 186.443 198.225 7.97184 186.959 197.778 
8.8168 186.208 197.914 13.0019 186.003 197.775 10.2756 185.47 198.049 
12.572 185.451 198.018 11.7698 185.337 198.517 24.1185 171.158 197.926 
24.7255 171.418 197.835 25.0779 171.17 197.841 23.7089 171.12 197.66 
23.6271 170.128 198.505 23.3171 169.891 198.098 25.8387 169.822 197.806 
25.6805 170.258 197.771 25.9338 169.617 197.972 25.8897 169.337 197.919 
25.8203 169.084 197.972 23.4283 169.061 197.447 23.207 169.514 197.748 
25.625 168.844 197.894 23.6545 168.548 197.446 22.9235 169.058 197.785 
22.9443 168.682 197.596 22.0733 168.38 197.784 24.1787 167.862 197.794 
23.6821 168.084 197.556 22.495 168.273 197.536 23.478 167.364 197.842 
23.1149 167.815 197.506 21.4752 167.952 197.659 22.8011 166.917 197.76 
22.398 166.647 197.75 21.92 166.362 197.621 21.535 166.351 197.649 
21.1312 166.682 197.787 20.0464 160.394 197.662 20.0222 160.365 197.709 
19.9869 160.102 197.608 20.036 160.264 197.767 20.0403 160.138 197.647 
20.0125 160.076 197.663 8.67523 188.805 198.391 7.98578 188.128 198.323 
16.1832 188.122 198.65 16.1199 187.765 198.315 7.76712 187.731 198.234 
7.70601 187.512 197.968 18.5178 187.239 198.367 16.2802 186.811 198.308 
16.201 187.287 198.15 13.395 187.105 198.342 13.2453 187.713 198.391 
17.546 186.33 198.618 13.5629 186.789 198.53 13.1743 186.417 198.104 
7.87599 187.092 198.128 9.14614 185.998 198.462 9.13043 186.13 198.872 
10.3972 185.509 198.807 12.4429 185.416 198.24 25.3903 170.694 198.02 
24.4221 170.81 198.372 25.7927 170.057 198.299 23.0835 169.545 198.252 
22.581 168.947 198.073 22.2585 168.681 198.304 21.6196 167.997 198.301 
24.4805 167.551 198.268 23.6608 167.034 198.439 21.3694 167.613 198.297 
21.3931 167.236 198.333 22.9027 166.835 198.624 22.5003 166.74 198.15 
22.0785 166.627 198.073 21.6345 166.815 198.233 21.4245 166.626 197.966 
20.0089 160.233 197.746 20.0279 160.153 197.755 20.001 160.122 197.723 
17.8835 188.839 198.939 18.1169 188.734 198.868 17.2178 188.876 198.785 
8.74606 188.79 199.029 8.32698 188.525 198.607 18.5748 187.814 198.599 
15.8546 187.74 198.658 15.9162 187.226 198.392 15.3206 187.351 198.8 
13.3823 187.891 198.662 18.425 187.302 198.742 13.7885 187.279 198.669 
7.97607 187.179 198.501 18.2192 186.851 198.53 17.687 186.328 198.884 
8.34117 186.737 198.805 13.3821 186.43 198.505 13.0822 186.041 198.578 
12.7356 185.778 199.044 12.4001 185.488 198.512 12.1905 185.375 198.415 
10.958 185.519 199.142 25.2756 170.405 198.701 24.6213 170.263 199.156 
25.6485 170.102 198.675 25.9332 169.713 198.458 23.3843 169.757 198.879 
22.264 168.511 198.723 25.7398 168.468 198.875 25.4025 168.121 198.708 
21.9583 168.101 198.743 21.7432 167.94 198.601 24.9861 167.8 198.581 
24.7072 167.552 198.658 21.5968 167.552 198.548 24.5304 167.449 198.826 
21.6795 167.125 198.513 23.4177 166.971 198.876 23.3125 166.905 198.58 
22.1199 166.887 198.516 17.4893 188.485 199.384 12.7248 188.596 199.788 
11.5458 188.981 199.1 11.2071 188.944 199.327 18.1798 187.957 199.405 
16.9362 188.63 198.994 16.1553 188.299 199.351 8.28433 187.934 199.393 
8.14017 187.966 199.082 15.8892 188.166 199.317 15.4931 187.703 198.945 
15.1377 187.6 199.005 13.6708 187.901 198.897 18.0639 187.162 199.67 
14.8673 187.147 198.837 15.486 186.941 198.68 14.1989 187.285 198.82 
14.5303 187.526 198.974 18.2284 186.907 198.879 17.9517 186.675 199.46 
15.9538 186.663 198.578 14.804 186.424 198.984 15.1013 186.703 198.834 
13.9405 186.888 198.731 14.8773 185.61 199.753 14.2393 186.469 198.947 
13.7059 186.423 198.809 13.4893 186.064 199.085 9.62813 185.909 199.056 
9.98104 185.921 199.377 25.1966 170.297 198.973 25.6916 170.014 199.061 
22.5623 168.2 199.227 26.2494 169.249 199.607 25.4837 168.171 199.092 
22.2136 168.012 198.987 25.221 168.012 199.24 22.1973 167.127 198.855 
21.8902 167.284 198.74 23.0588 166.95 198.882 22.5759 166.959 198.822 
9.13351 188.742 199.461 17.9994 188.258 199.368 13.7575 188.124 199.189 
14.1984 188.44 200.268 8.71373 188.493 199.495 15.524 188 199.308 
14.6471 188.213 199.731 8.47252 187.418 199.433 8.98232 187.244 199.668 
17.6153 186.229 199.537 13.9639 186.134 199.162 13.6309 185.883 199.462 
14.8264 185.807 199.53 13.0863 185.838 199.377 10.3637 186.194 199.813 
25.8131 170.05 199.346 26.0664 169.612 199.212 25.2682 170.237 199.346 
23.174 169.155 199.346 25.7295 168.507 199.356 22.9156 167.621 199.344 
22.8499 168.016 199.395 24.4468 167.689 199.327 24.193 167.487 199.22 
23.7542 167.386 199.237 23.3303 167.136 199.103 11.8326 188.837 199.535 
11.5779 188.699 199.749 17.036 188.252 199.999 8.98538 188.266 199.823 
8.78862 188.328 199.722 8.77677 188.091 199.772 18.1854 187.57 199.507 
17.7757 187.543 200.055 16.3231 188.314 199.912 15.6761 188.191 199.704 
15.093 188.134 199.696 8.40481 187.744 199.498 17.9073 186.82 199.81 
17.3709 186.118 200.086 14.4333 185.617 199.905 13.9766 185.621 200.236 
13.3508 185.737 200.185 11.2143 185.845 199.731 11.7247 185.955 200.027 
26.1065 170.373 199.677 25.7017 170.34 199.588 25.8475 170.624 199.816 
25.1873 170.357 199.653 26.1755 169.933 199.564 24.6016 170.102 199.612 
25.368 170.642 200.075 24.282 169.673 199.86 26.5256 169.591 199.871 
26.3941 169.187 199.922 26.215 169.026 199.901 25.9663 168.893 199.789 
25.885 168.695 199.588 24.0071 168.97 199.862 25.3032 168.425 199.621 
24.8302 168.408 199.74 24.6208 168.724 199.919 23.6211 167.78 199.491 
23.204 167.878 199.485 14.9024 188.3 200.301 13.3242 188.461 200.383 
11.5591 188.436 199.996 10.444 188.18 199.976 15.2793 188.22 200.158 
9.05033 187.968 199.846 17.8749 187.174 199.99 9.16795 187.537 199.816 
17.6152 186.715 200.268 11.346 187.185 200.399 11.1435 186.284 200.166 
17.2213 186.101 200.333 17.0196 185.876 200.199 16.6487 185.82 200.554 
16.1676 185.714 200.544 14.8407 185.592 200.055 14.3757 185.51 200.074 
14.4386 185.53 200.138 14.3438 185.489 200.137 12.339 185.924 200.176 
11.2795 186.075 200.055 26.2995 170.738 199.928 26.431 171.051 200.199 
26.7159 170.769 200.014 25.8068 170.844 200.032 25.9954 170.997 200.153 
26.9322 170.599 200.04 26.9647 169.764 200.279 27.0796 170.27 200.205 
24.9463 170.239 200.26 24.4936 169.545 200.076 26.7205 169.508 200.208 
26.4697 169.242 200.158 25.0598 169.496 200.376 24.9627 169.893 200.475 
26.2329 169.063 200.13 25.4771 169.055 200.141 16.4386 187.914 200.676 
15.9618 188.041 200.612 15.5348 187.868 200.939 14.4666 188.275 200.631 
12.5498 187.365 200.981 16.8237 186.009 200.681 14.5676 185.865 200.865 
14.2774 185.525 200.216 13.4573 185.799 200.586 13.1745 186.184 201.023 
26.9478 170.824 200.192 27.2862 171.206 200.702 25.9069 171.127 200.441 
26.3198 171.319 200.545 25.4429 170.854 200.69 27.2874 170.623 200.398 
27.4064 170.866 200.588 27.482 170.482 200.702 25.0333 170.247 200.542 
27.3215 170.212 200.526 27.1047 169.8 200.591 26.7975 169.488 200.534 
26.4185 169.3 200.518 26.2311 169.138 200.359 26.0281 169.256 200.599 
16.339 187.708 200.924 12.8062 187.573 201.004 16.4079 186.078 200.95 
16.5873 185.95 200.801 13.3917 185.978 200.896 27.1563 171.47 200.872 
26.2689 171.483 200.834 26.4557 171.602 201.004 26.8667 171.637 201.102 
26.3884 171.635 201.307 25.8368 171.244 200.848 25.4905 170.899 201.038 
27.601 170.375 201.093 25.1728 170.438 200.7 25.3261 170.415 200.995 
27.3327 170.013 200.922 27.0432 169.683 200.969 25.201 169.929 200.718 
25.4888 169.865 201.02 26.7997 169.522 200.872 26.4949 169.41 200.816 
25.978 169.512 200.952 25.6261 169.484 200.721 15.4556 187.157 201.421 
15.1485 187.31 201.424 14.56 187.689 201.202 14.2679 187.37 201.397 
14.4603 187.162 201.507 15.8551 186.593 201.258 15.4894 186.845 201.444 
14.0347 186.8 201.473 15.4107 186.545 201.408 15.4553 186.202 201.195 
15.195 186.708 201.508 27.2864 171.505 201.086 27.2527 171.621 201.443 
27.6093 171.229 201.228 26.7362 171.724 201.43 27.8028 170.687 201.344 
26.3535 171.482 201.951 27.6827 170.293 201.451 25.4988 170.653 201.299 
25.4835 170.168 201.285 27.4112 170.054 201.378 26.999 169.819 201.337 
26.78 169.597 201.162 26.381 169.581 201.175 25.6379 169.836 201.236 
25.8806 169.819 201.338 25.6233 170.005 201.389 14.4195 186.843 201.521 
28.0148 171.633 202.298 27.5354 171.789 202.457 26.4162 171.625 201.671 
28.258 171.219 202.087 28.1722 170.837 201.89 28.0136 170.676 201.653 
28.0601 170.506 201.882 26.2558 170.636 201.995 25.7381 170.322 201.523 
27.5125 170.141 201.811 27.1148 169.998 201.695 26.5811 170.094 201.781 
26.5152 171.385 202.194 28.4536 170.764 202.243 26.4266 170.943 202.255 
28.1787 170.476 202.172 26.5862 170.477 202.204 27.0174 170.17 202.117 
27.4261 170.215 202.588 28.5202 171.352 202.356 28.0162 171.903 202.717 
26.9829 171.623 202.388 26.6685 171.22 202.469 28.6708 171.027 202.359 
28.8325 171.19 202.525 28.8772 170.948 202.518 26.6583 170.768 202.484 
28.7499 170.688 202.554 28.6053 170.389 202.732 27.1203 170.263 202.49 
27.1972 170.341 202.722 26.9287 170.582 202.688 26.8248 170.414 202.422 
27.8958 170.247 202.516 27.8334 172.084 202.961 28.0295 172.228 203.177 
28.3526 172.204 203.163 27.9114 172.212 203.39 28.6274 172.123 203.282 
27.3847 171.791 202.804 28.9987 170.928 202.723 29.1197 171.153 202.904 
29.1216 170.852 203.071 27.0324 170.911 202.935 26.8251 171.05 202.713 
28.8392 170.537 202.937 28.5232 170.311 202.956 27.507 170.35 202.852 
27.1588 170.55 202.885 28.3223 172.273 203.445 29.0744 171.897 203.666 
27.6346 171.938 203.483 27.8431 170.94 203.771 28.9964 170.637 203.741 
28.5236 170.407 203.295 28.2468 170.608 203.769 28.5841 172.228 204.875 
27.8424 171.92 204.135 29.2398 171.429 203.646 27.6153 171.488 203.714 
29.2425 170.964 203.892 28.6916 170.49 203.629 28.9144 172.124 203.867 
28.8348 172.184 204.237 28.0975 172.237 204.045 27.7821 171.404 204.184 
29.3218 171.042 205.129 28.2263 170.954 204.866 27.8719 171.397 205.059 
29.0034 170.825 205.007 28.5589 170.626 204.066 27.7926 171.679 204.98 
29.4597 171.402 205.345 27.7566 171.555 204.857 28.5943 170.856 205.337 
28.907 172.101 205.033 29.2788 171.839 205.572 28.1564 172.118 204.807 
28.9258 172.06 205.666 28.4225 172.092 205.192 27.9645 171.851 205.074 
28.0254 171.743 205.415 27.7414 171.492 205.364 27.7558 171.355 205.335 
27.6771 171.429 205.426 29.4129 170.99 205.426 28.0899 171.136 205.289 
27.7844 171.371 205.445 29.0601 170.782 205.433 28.7431 172.004 205.869 
28.5867 171.839 206.069 29.5523 171.497 205.642 29.4513 171.663 205.923 
29.658 171.309 205.82 27.77 171.508 205.474 28.022 171.464 205.608 
29.5834 171.138 205.617 29.6815 170.784 206.147 28.2885 171.108 205.691 
29.4808 170.419 206.319 29.0617 170.407 206.157 28.6206 170.792 205.743 
29.1084 171.958 205.848 29.536 171.564 206.607 29.6925 171.229 206.135 
29.0309 171.857 206.16 28.3242 171.502 206.04 28.3747 171.034 206.115 
29.6961 171.341 206.458 29.0647 171.699 206.984 28.3919 171.361 206.512 
29.6942 171.298 206.747 29.7311 170.854 206.526 28.2579 170.73 206.959 
29.1594 170.161 206.406 29.3286 170.154 206.557 28.8541 170.162 206.485 
28.5317 170.424 206.557 28.9986 170.059 206.661 28.6739 171.624 206.875 
29.5973 171.293 207.094 29.7628 170.978 206.92 29.5577 170.365 206.636 
29.6752 170.532 206.993 28.4314 170.211 207.063 28.342 170.362 206.924 
29.2794 170.146 206.91 28.7722 170.075 206.998 28.6937 171.542 207.443 
29.2398 171.559 207.208 28.5459 171.547 207.226 29.3825 171.23 207.487 
29.7123 170.891 207.267 28.4397 171.353 207.436 28.2323 170.869 207.726 
29.7163 170.502 207.444 29.5686 170.26 207.693 28.9943 171.522 207.446 
29.3605 170.749 208.189 29.661 170.789 207.642 28.8182 171.29 207.73 
29.723 170.484 207.739 28.2682 170.489 207.763 29.1428 170.107 207.702 
28.6097 170.183 207.754 29.6012 170.621 207.953 28.946 171 208.23 
28.4769 171.071 208.009 28.2426 170.801 208.141 29.6102 170.352 207.933 
29.4144 170.381 208.238 28.1788 170.377 208.281 29.3233 170.151 208.012 
28.7711 170.047 208.137 28.8197 170.911 208.664 29.1872 170.653 208.536 
28.4936 170.986 208.423 28.1599 170.8 208.59 29.2277 170.214 208.592 
27.9221 170.56 208.61 27.8822 170.388 208.549 27.7936 170.399 208.763 
29.0967 170.006 208.375 28.8654 169.784 208.582 28.0735 169.856 208.713 
27.9374 170.161 208.604 28.4796 169.698 208.692 29.0142 170.704 208.847 
28.4077 170.895 209.025 28.4557 170.952 208.793 28.2215 170.87 208.932 
28.9791 170.521 209.05 29.1449 170.398 208.847 27.9453 170.67 208.912 
27.7497 170.439 209.018 29.0705 169.908 208.642 29.082 170.009 208.852 
27.7651 170.027 208.98 28.8423 169.726 208.807 28.5028 169.481 209.023 
28.0865 169.594 208.948 28.7643 170.34 209.327 28.2735 170.645 209.283 
27.6937 170.327 209.289 28.8603 169.754 209.083 28.8439 169.896 209.331 
27.544 169.956 209.414 28.6074 169.414 209.372 28.3131 168.979 209.584 
28.1543 169.279 209.165 27.7198 169.476 209.265 27.9619 169.051 209.385 
28.5235 170.277 209.643 27.8445 170.342 209.793 27.6493 170.243 209.655 
28.5144 170.034 209.943 28.7044 169.809 209.707 27.4066 169.964 209.787 
27.3371 169.588 209.608 27.1628 169.74 209.891 28.6657 169.397 210.029 
27.0732 168.69 209.832 26.7367 169.061 210.046 27.7885 168.443 209.722 
27.879 168.272 209.939 27.5 168.323 209.794 28.6199 169.734 210.085 
28.2934 169.843 210.279 27.7149 170.094 210.112 27.2803 169.941 210.067 
27.0198 169.726 210.175 26.6514 169.252 210.299 28.28 168.652 210.252 
26.7196 168.759 210.022 26.5646 168.855 210.275 27.5783 168.097 209.93 
27.7503 168.054 210.026 27.2073 168.196 209.962 26.7727 168.45 210.1 
27.5144 167.955 210.146 27.946 169.911 210.454 27.6069 169.843 210.588 
27.2844 169.933 210.339 27.0537 169.823 210.406 28.5491 169.131 210.241 
28.3564 169.215 210.546 28.0562 169.645 210.655 26.8837 169.58 210.484 
26.6269 169.172 210.591 28.2944 168.757 210.599 26.4883 168.823 210.545 
27.9273 168.153 210.225 27.8923 168.069 210.777 26.9343 167.947 210.256 
26.4741 168.362 210.513 27.3394 167.708 210.404 27.5742 167.7 210.744 
26.9529 167.572 210.432 26.4803 167.663 210.551 27.209 167.467 210.575 
26.8654 167.334 210.605 27.19 169.815 210.555 28.0997 169.299 210.851 
27.2522 169.583 210.805 26.8815 169.423 210.777 27.0666 169.314 210.975 
27.8947 169.141 211.017 26.5828 168.785 210.85 27.7246 168.1 211.067 
26.3334 168.341 210.963 26.1828 167.977 210.788 26.1259 168.07 211.096 
27.5483 167.64 211.105 26.1422 167.682 210.74 26.0081 167.672 211.039 
27.2384 167.314 210.857 26.6297 166.726 211.082 27.0259 166.987 211.088 
26.4992 167.212 210.706 27.4731 169.188 211.074 27.3697 168.366 211.305 
27.5634 167.922 211.289 26.7291 168.426 211.265 26.3261 168.224 211.281 
26.1648 167.958 211.439 27.5049 167.659 211.347 25.7746 167.463 211.699 
27.3693 167.352 211.242 27.231 167.159 211.491 26.147 167.047 210.979 
25.7902 167.377 211.283 25.7309 167.027 211.225 25.5891 167.202 211.461 
26.9768 166.685 211.432 26.3023 166.579 211.109 24.8183 165.348 212.332 
25.5337 166.815 211.439 26.6094 166.441 211.259 26.2355 166.279 211.314 
27.4181 167.901 211.445 27.0833 167.973 211.566 26.1718 167.392 212.086 
27.3472 167.58 211.507 27.1588 167.501 211.742 26.8369 167.784 211.823 
27.1348 167.028 211.834 25.4694 167.139 211.777 27.0417 166.563 211.778 
25.3016 166.789 211.732 25.0134 166.482 212.082 26.7375 166.254 211.558 
26.3705 165.992 211.544 26.5811 165.956 211.788 25.7449 165.654 211.832 
26.9993 167.441 211.964 26.6301 167.577 212.021 26.8453 166.96 212.245 
26.6652 167.266 212.217 25.7135 167.297 212.003 27.0254 166.748 212.064 
25.2789 166.846 212.074 26.8834 166.305 211.928 26.6284 166.06 212.06 
24.8441 166.13 212.25 24.7239 165.731 212.361 26.2127 165.72 212.003 
25.5295 165.238 212.243 25.415 165.156 212.433 25.3471 165.365 212.089 
24.9393 165.082 212.351 25.1921 165.062 212.317 26.7078 166.511 212.224 
25.8114 166.02 212.486 25.0948 166.375 212.508 24.8473 166.206 212.469 
26.3055 166.036 212.275 24.6999 165.993 212.442 24.75 165.957 212.542 
25.573 165.512 212.509 24.6769 165.779 212.497 24.7327 165.473 212.473 
25.1697 164.937 212.457 25.1982 165.009 212.529 25.0017 164.949 212.44 
24.8424 165.137 212.451 25.0608 164.925 212.517 24.9398 165.013 212.52 
25.3626 165.753 212.595 25.013 165.984 212.589 25.2828 165.291 212.57 

POLYGONS 8600 34400
3 0 1 2 
3 1 0 3 
3 0 2 4 
3 3 0 4 
3 5 6 7 
3 7 6 8 
3 9 10 5 
3 9 5 7 
3 6 5 11 
3 12 8 6 
3 12 6 13 
3 10 14 15 
3 10 15 5 
3 1 15 2 
3 1 11 15 
3 11 5 15 
3 3 11 1 
3 3 16 11 
3 16 6 11 
3 17 6 16 
3 17 13 6 
3 18 15 14 
3 19 18 14 
3 2 20 4 
3 2 15 20 
3 15 18 20 
3 4 16 3 
3 4 20 16 
3 20 21 16 
3 17 16 22 
3 22 16 21 
3 18 19 20 
3 21 20 19 
3 22 21 23 
3 17 22 24 
3 24 22 23 
3 25 26 17 
3 24 25 17 
3 27 28 19 
3 19 28 21 
3 23 21 29 
3 29 21 28 
3 30 24 29 
3 29 24 23 
3 25 24 30 
3 28 27 29 
3 9 7 31 
3 32 33 7 
3 8 34 7 
3 7 34 32 
3 8 35 34 
3 34 35 36 
3 10 9 37 
3 37 9 31 
3 8 12 35 
3 35 12 13 
3 35 13 36 
3 10 37 38 
3 39 38 40 
3 10 38 39 
3 10 39 14 
3 13 41 36 
3 17 41 13 
3 41 17 26 
3 19 14 42 
3 25 43 26 
3 27 19 42 
3 30 44 25 
3 45 43 25 
3 44 45 25 
3 27 42 29 
3 45 44 30 
3 46 47 48 
3 46 48 7 
3 33 46 7 
3 33 32 49 
3 47 50 51 
3 47 51 48 
3 48 51 31 
3 48 31 7 
3 52 32 53 
3 32 34 53 
3 54 34 36 
3 51 55 31 
3 54 36 56 
3 31 55 57 
3 58 57 59 
3 38 57 58 
3 38 31 57 
3 38 37 31 
3 38 58 40 
3 41 60 61 
3 58 59 14 
3 39 58 14 
3 39 40 58 
3 41 26 60 
3 60 26 61 
3 61 26 62 
3 42 14 63 
3 26 43 62 
3 62 43 64 
3 43 45 64 
3 64 45 65 
3 29 42 66 
3 67 29 66 
3 67 68 29 
3 68 30 29 
3 30 68 45 
3 46 33 69 
3 49 70 33 
3 47 46 71 
3 49 32 70 
3 70 32 52 
3 72 70 52 
3 73 74 71 
3 50 74 51 
3 50 71 74 
3 47 71 50 
3 53 72 52 
3 34 54 53 
3 53 54 72 
3 74 73 55 
3 51 74 55 
3 55 59 57 
3 56 36 75 
3 36 41 75 
3 75 41 61 
3 76 62 64 
3 76 61 62 
3 76 64 77 
3 59 78 63 
3 14 59 63 
3 42 63 79 
3 66 42 79 
3 68 80 45 
3 67 66 79 
3 68 67 79 
3 80 68 79 
3 71 46 81 
3 69 82 46 
3 46 82 81 
3 33 83 69 
3 69 83 82 
3 70 84 33 
3 33 84 83 
3 84 70 85 
3 85 70 72 
3 86 72 54 
3 55 73 87 
3 88 55 87 
3 54 89 86 
3 54 56 89 
3 55 88 90 
3 59 55 90 
3 91 78 59 
3 61 76 77 
3 92 61 77 
3 77 64 92 
3 93 63 78 
3 63 93 94 
3 79 63 94 
3 65 95 96 
3 45 95 65 
3 80 79 97 
3 95 45 80 
3 97 95 80 
3 98 71 99 
3 71 81 99 
3 83 100 82 
3 85 101 83 
3 85 83 84 
3 98 102 103 
3 98 73 71 
3 85 104 101 
3 85 72 104 
3 105 98 103 
3 73 98 105 
3 72 86 106 
3 73 105 87 
3 86 89 106 
3 88 107 90 
3 90 107 108 
3 59 90 108 
3 108 91 59 
3 109 110 78 
3 75 61 92 
3 92 64 111 
3 110 93 78 
3 110 112 93 
3 112 113 93 
3 64 65 111 
3 93 113 94 
3 95 97 114 
3 115 116 117 
3 118 102 119 
3 102 98 99 
3 115 81 116 
3 115 99 81 
3 116 100 117 
3 116 81 100 
3 81 82 100 
3 83 120 100 
3 120 83 101 
3 121 120 101 
3 105 118 119 
3 102 118 103 
3 104 122 101 
3 122 121 101 
3 118 105 103 
3 104 123 122 
3 106 123 104 
3 106 104 72 
3 87 105 124 
3 124 88 87 
3 125 126 123 
3 106 127 123 
3 123 127 125 
3 88 124 128 
3 129 88 128 
3 88 129 107 
3 108 107 130 
3 108 130 91 
3 91 131 109 
3 131 126 109 
3 126 125 109 
3 106 89 132 
3 106 132 127 
3 127 132 125 
3 133 132 89 
3 133 89 56 
3 109 78 91 
3 110 109 134 
3 134 109 125 
3 135 125 136 
3 135 134 125 
3 132 136 125 
3 137 136 132 
3 133 137 132 
3 75 138 56 
3 138 75 92 
3 134 112 110 
3 134 135 112 
3 135 139 112 
3 92 111 138 
3 112 139 113 
3 140 65 141 
3 140 111 65 
3 65 96 141 
3 79 94 142 
3 97 79 142 
3 96 95 143 
3 96 143 141 
3 143 95 114 
3 144 115 145 
3 145 115 117 
3 119 102 146 
3 102 147 146 
3 147 102 99 
3 144 147 99 
3 115 144 99 
3 100 148 117 
3 120 148 100 
3 120 121 148 
3 149 119 150 
3 119 149 105 
3 151 105 149 
3 126 122 123 
3 126 152 122 
3 152 121 122 
3 105 151 153 
3 105 153 124 
3 152 126 154 
3 124 153 128 
3 129 128 155 
3 107 129 130 
3 129 155 130 
3 154 126 131 
3 154 131 156 
3 156 131 91 
3 136 157 135 
3 158 157 136 
3 158 136 137 
3 159 133 56 
3 56 138 159 
3 157 160 139 
3 135 157 139 
3 160 157 158 
3 160 113 139 
3 94 113 161 
3 162 140 141 
3 163 97 142 
3 141 143 164 
3 97 163 114 
3 143 114 165 
3 165 164 143 
3 166 147 144 
3 166 144 145 
3 167 149 150 
3 150 119 146 
3 147 168 146 
3 117 169 145 
3 117 170 169 
3 121 170 148 
3 148 170 117 
3 171 151 149 
3 121 152 172 
3 173 174 175 
3 176 173 175 
3 176 172 173 
3 172 154 173 
3 152 154 172 
3 128 153 177 
3 128 177 155 
3 130 155 178 
3 174 173 91 
3 174 91 130 
3 156 91 173 
3 154 156 173 
3 137 179 158 
3 179 137 133 
3 179 180 158 
3 158 180 160 
3 160 181 161 
3 113 160 161 
3 181 160 180 
3 182 140 162 
3 141 164 162 
3 114 163 183 
3 163 184 183 
3 114 183 165 
3 162 164 165 
3 168 147 166 
3 185 167 186 
3 185 149 167 
3 150 187 167 
3 146 187 150 
3 187 146 168 
3 145 188 166 
3 145 169 188 
3 170 189 169 
3 149 185 171 
3 170 190 189 
3 190 170 121 
3 190 121 172 
3 191 151 185 
3 185 151 171 
3 151 191 192 
3 192 153 151 
3 153 192 193 
3 194 153 193 
3 153 194 195 
3 153 195 177 
3 130 178 174 
3 196 179 133 
3 196 133 197 
3 197 133 159 
3 111 198 138 
3 198 111 140 
3 161 181 94 
3 181 199 94 
3 182 162 200 
3 200 140 182 
3 94 199 163 
3 142 94 163 
3 201 162 165 
3 183 201 165 
3 187 202 167 
3 187 203 202 
3 168 204 187 
3 204 203 187 
3 166 204 168 
3 188 204 166 
3 169 205 188 
3 205 169 189 
3 206 186 207 
3 191 186 206 
3 186 191 185 
3 208 190 209 
3 172 176 209 
3 190 172 209 
3 191 210 192 
3 209 174 208 
3 209 175 174 
3 176 175 209 
3 194 193 211 
3 195 194 212 
3 194 211 212 
3 177 195 213 
3 195 212 213 
3 177 213 155 
3 214 208 178 
3 214 178 155 
3 174 178 208 
3 196 215 216 
3 196 197 215 
3 215 197 217 
3 159 138 218 
3 159 218 197 
3 197 218 217 
3 179 216 219 
3 180 179 219 
3 216 179 196 
3 138 198 220 
3 180 219 181 
3 219 221 181 
3 222 198 140 
3 181 221 199 
3 162 201 200 
3 222 140 200 
3 223 201 183 
3 207 224 225 
3 207 186 226 
3 186 167 226 
3 227 167 202 
3 202 228 229 
3 202 203 228 
3 204 230 203 
3 231 232 230 
3 231 230 188 
3 188 230 204 
3 231 188 205 
3 233 207 225 
3 234 232 231 
3 205 235 231 
3 235 234 231 
3 189 235 205 
3 207 233 206 
3 206 233 236 
3 234 235 237 
3 190 208 235 
3 189 190 235 
3 191 238 210 
3 191 206 238 
3 206 236 238 
3 210 238 192 
3 214 239 240 
3 240 237 214 
3 237 208 214 
3 235 208 237 
3 236 241 242 
3 238 236 242 
3 192 238 242 
3 239 214 213 
3 239 213 212 
3 155 213 214 
3 215 243 244 
3 243 215 217 
3 215 244 216 
3 245 218 138 
3 216 244 246 
3 216 246 219 
3 219 246 247 
3 138 220 245 
3 219 247 221 
3 247 248 221 
3 198 249 220 
3 249 198 222 
3 221 248 199 
3 248 250 199 
3 251 222 200 
3 199 250 252 
3 163 199 253 
3 199 252 253 
3 253 184 163 
3 223 184 253 
3 183 184 223 
3 202 254 227 
3 202 229 254 
3 229 255 256 
3 257 225 224 
3 207 226 224 
3 227 226 167 
3 229 228 255 
3 255 228 256 
3 228 203 256 
3 258 256 230 
3 230 256 203 
3 230 232 258 
3 225 257 233 
3 240 258 232 
3 259 257 260 
3 261 259 260 
3 233 259 236 
3 257 259 233 
3 237 240 232 
3 234 237 232 
3 259 261 236 
3 236 261 262 
3 241 236 262 
3 241 262 242 
3 242 262 263 
3 192 242 263 
3 192 263 193 
3 212 211 239 
3 264 244 243 
3 265 243 217 
3 264 266 246 
3 264 246 244 
3 217 267 265 
3 218 267 217 
3 267 218 245 
3 246 266 247 
3 247 268 248 
3 266 268 247 
3 268 269 270 
3 270 248 268 
3 270 250 248 
3 200 201 251 
3 253 252 271 
3 253 271 223 
3 223 272 201 
3 254 229 256 
3 224 273 260 
3 257 224 260 
3 273 224 226 
3 274 254 256 
3 256 275 274 
3 256 258 275 
3 260 276 261 
3 277 275 258 
3 278 275 277 
3 258 240 277 
3 277 239 278 
3 277 240 239 
3 262 279 263 
3 193 263 211 
3 280 278 211 
3 280 211 281 
3 239 211 278 
3 282 283 266 
3 282 266 264 
3 282 264 243 
3 267 284 265 
3 284 267 245 
3 285 220 249 
3 285 286 220 
3 249 222 285 
3 269 287 270 
3 250 288 252 
3 270 288 250 
3 270 287 288 
3 288 289 252 
3 285 290 286 
3 285 201 290 
3 285 251 201 
3 222 251 285 
3 252 289 271 
3 201 272 290 
3 273 226 291 
3 291 226 292 
3 227 292 226 
3 254 292 227 
3 293 294 295 
3 294 293 296 
3 293 260 273 
3 293 273 296 
3 274 297 254 
3 298 299 300 
3 301 293 295 
3 260 293 276 
3 274 275 302 
3 276 293 301 
3 275 278 303 
3 302 275 303 
3 304 300 305 
3 298 300 304 
3 306 298 304 
3 298 306 307 
3 276 301 308 
3 276 308 261 
3 303 280 302 
3 303 278 280 
3 309 304 305 
3 282 306 309 
3 306 304 309 
3 310 307 306 
3 261 308 311 
3 261 311 262 
3 262 311 312 
3 262 312 279 
3 211 263 279 
3 313 302 281 
3 313 281 211 
3 280 281 302 
3 283 314 266 
3 283 305 314 
3 283 309 305 
3 282 309 283 
3 282 243 306 
3 310 306 243 
3 310 243 265 
3 310 265 284 
3 266 314 268 
3 314 315 268 
3 316 284 245 
3 268 315 269 
3 245 220 316 
3 316 220 317 
3 269 315 287 
3 220 286 317 
3 287 318 288 
3 289 288 271 
3 271 272 223 
3 273 291 296 
3 292 319 291 
3 292 254 319 
3 320 299 321 
3 295 294 296 
3 274 322 297 
3 297 322 254 
3 299 320 300 
3 320 305 300 
3 323 295 324 
3 325 323 324 
3 295 323 301 
3 326 298 327 
3 298 307 327 
3 323 325 308 
3 308 301 323 
3 313 328 302 
3 307 310 329 
3 329 310 330 
3 308 331 332 
3 308 332 311 
3 311 332 333 
3 312 311 334 
3 311 333 334 
3 279 312 334 
3 279 334 335 
3 279 335 336 
3 211 279 328 
3 279 336 328 
3 328 313 211 
3 305 315 314 
3 330 310 284 
3 316 317 337 
3 337 317 338 
3 287 315 318 
3 317 286 338 
3 338 286 339 
3 271 288 340 
3 272 271 341 
3 271 340 341 
3 272 341 290 
3 339 286 290 
3 342 343 344 
3 345 343 346 
3 346 343 342 
3 345 346 321 
3 347 321 299 
3 320 346 342 
3 321 346 320 
3 295 348 349 
3 350 348 296 
3 348 295 296 
3 322 319 254 
3 320 342 305 
3 298 351 299 
3 324 295 349 
3 352 324 349 
3 353 354 355 
3 353 322 354 
3 274 302 354 
3 322 274 354 
3 315 305 342 
3 326 327 356 
3 298 326 356 
3 298 356 351 
3 356 327 357 
3 325 324 352 
3 358 325 352 
3 359 355 354 
3 354 302 359 
3 327 307 357 
3 357 307 329 
3 308 325 331 
3 360 359 328 
3 359 302 328 
3 329 330 357 
3 331 361 362 
3 332 331 362 
3 333 332 363 
3 332 362 363 
3 333 363 334 
3 364 335 334 
3 336 335 365 
3 360 336 365 
3 328 336 360 
3 366 330 284 
3 337 330 366 
3 316 337 366 
3 284 316 366 
3 367 318 315 
3 318 368 369 
3 288 318 369 
3 288 369 340 
3 341 340 370 
3 371 338 290 
3 371 290 370 
3 370 290 341 
3 339 290 338 
3 372 373 374 
3 375 374 376 
3 377 375 376 
3 372 374 375 
3 378 372 344 
3 379 378 345 
3 345 378 344 
3 345 380 379 
3 381 375 377 
3 372 375 344 
3 344 375 381 
3 343 345 344 
3 381 382 383 
3 381 383 344 
3 344 383 342 
3 380 345 321 
3 321 384 380 
3 342 383 382 
3 385 342 382 
3 347 299 386 
3 350 296 387 
3 387 296 388 
3 291 389 296 
3 296 389 388 
3 319 389 291 
3 386 299 351 
3 390 386 351 
3 391 348 392 
3 391 349 348 
3 322 393 319 
3 390 351 356 
3 392 349 391 
3 392 352 349 
3 322 353 393 
3 315 342 394 
3 356 357 390 
3 352 395 358 
3 353 355 393 
3 394 396 315 
3 325 358 395 
3 331 325 361 
3 325 395 361 
3 397 365 335 
3 360 365 397 
3 393 360 397 
3 359 360 393 
3 355 359 393 
3 396 367 315 
3 361 398 399 
3 362 361 399 
3 363 362 400 
3 362 399 400 
3 363 400 334 
3 401 397 364 
3 401 364 334 
3 335 364 397 
3 330 337 402 
3 318 367 403 
3 404 318 403 
3 337 338 402 
3 402 338 405 
3 404 340 368 
3 404 368 318 
3 340 404 370 
3 404 405 370 
3 371 405 338 
3 368 340 369 
3 371 370 405 
3 378 406 407 
3 408 376 373 
3 376 374 373 
3 378 379 406 
3 406 379 407 
3 407 379 380 
3 376 408 377 
3 382 381 377 
3 384 321 347 
3 384 347 409 
3 409 347 410 
3 411 410 386 
3 410 347 386 
3 348 412 413 
3 412 348 350 
3 350 387 414 
3 388 415 387 
3 387 415 414 
3 389 415 388 
3 415 389 319 
3 416 415 319 
3 394 342 385 
3 413 417 418 
3 348 413 418 
3 348 418 392 
3 319 419 416 
3 319 393 419 
3 420 421 422 
3 392 421 420 
3 392 418 421 
3 392 420 352 
3 357 423 390 
3 420 422 424 
3 424 352 420 
3 424 395 352 
3 425 393 397 
3 394 426 427 
3 357 428 423 
3 428 357 330 
3 429 428 330 
3 361 395 430 
3 395 431 430 
3 430 398 361 
3 432 398 430 
3 433 434 435 
3 397 434 425 
3 397 401 434 
3 396 436 367 
3 429 330 437 
3 398 432 400 
3 399 398 400 
3 334 400 435 
3 434 334 435 
3 401 334 434 
3 438 367 436 
3 330 402 437 
3 367 438 403 
3 403 439 404 
3 405 404 439 
3 373 440 441 
3 372 440 373 
3 372 378 442 
3 442 378 407 
3 373 441 408 
3 407 380 443 
3 380 384 443 
3 408 444 377 
3 384 445 443 
3 445 384 409 
3 446 445 409 
3 377 447 382 
3 447 385 382 
3 409 410 446 
3 411 446 410 
3 413 412 448 
3 449 412 414 
3 414 412 350 
3 414 415 449 
3 449 415 416 
3 385 450 394 
3 411 451 446 
3 386 452 451 
3 386 451 411 
3 386 390 452 
3 448 417 413 
3 453 417 448 
3 416 454 449 
3 419 425 454 
3 419 454 416 
3 419 393 425 
3 455 452 390 
3 455 390 456 
3 456 390 423 
3 418 417 457 
3 421 418 457 
3 422 458 424 
3 422 421 458 
3 421 457 458 
3 450 426 394 
3 423 459 456 
3 460 459 423 
3 424 461 395 
3 433 462 454 
3 454 425 433 
3 426 463 464 
3 426 464 427 
3 427 464 394 
3 464 396 394 
3 463 396 464 
3 429 423 428 
3 429 465 423 
3 465 460 423 
3 395 461 431 
3 430 431 461 
3 466 430 461 
3 430 467 432 
3 430 468 467 
3 430 466 468 
3 433 467 462 
3 433 435 467 
3 425 434 433 
3 463 436 396 
3 469 465 429 
3 429 437 469 
3 432 467 400 
3 435 400 467 
3 436 403 438 
3 470 469 402 
3 469 437 402 
3 439 403 471 
3 470 439 471 
3 405 439 470 
3 402 405 470 
3 440 472 473 
3 473 474 441 
3 440 473 441 
3 472 440 442 
3 440 372 442 
3 443 442 407 
3 408 475 444 
3 447 377 444 
3 447 444 476 
3 476 444 475 
3 443 445 477 
3 477 445 446 
3 412 478 448 
3 478 412 479 
3 412 449 479 
3 451 480 446 
3 480 451 452 
3 453 481 482 
3 417 453 482 
3 478 453 448 
3 478 483 453 
3 483 481 453 
3 479 483 478 
3 484 483 479 
3 449 484 479 
3 449 454 485 
3 484 449 485 
3 452 455 480 
3 417 482 486 
3 457 417 486 
3 458 457 487 
3 457 486 487 
3 424 458 488 
3 458 487 488 
3 484 466 488 
3 485 466 484 
3 426 450 489 
3 489 463 426 
3 459 490 456 
3 490 455 456 
3 424 488 461 
3 466 461 488 
3 468 466 491 
3 491 466 485 
3 454 462 491 
3 454 491 485 
3 460 490 459 
3 468 491 467 
3 462 467 491 
3 436 463 492 
3 493 490 460 
3 494 490 493 
3 465 469 493 
3 460 465 493 
3 403 436 471 
3 471 495 496 
3 436 495 471 
3 494 496 495 
3 494 493 496 
3 493 469 496 
3 470 471 496 
3 469 470 496 
3 497 498 499 
3 498 497 473 
3 498 473 472 
3 498 472 499 
3 442 500 472 
3 408 441 474 
3 501 475 408 
3 475 502 476 
3 476 502 503 
3 447 476 503 
3 503 385 447 
3 489 385 503 
3 489 450 385 
3 481 504 482 
3 481 483 504 
3 504 483 484 
3 482 504 486 
3 487 486 504 
3 488 487 504 
3 484 488 504 
3 489 492 463 
3 455 490 505 
3 492 506 436 
3 506 507 508 
3 494 507 490 
3 508 436 506 
3 495 436 508 
3 507 495 508 
3 494 495 507 
3 472 509 499 
3 500 510 472 
3 472 510 509 
3 510 500 442 
3 443 510 442 
3 408 474 501 
3 511 475 501 
3 443 477 512 
3 512 477 513 
3 514 513 477 
3 515 502 511 
3 511 502 475 
3 516 514 477 
3 517 514 516 
3 503 518 489 
3 503 502 518 
3 519 517 516 
3 516 477 519 
3 477 446 519 
3 520 489 521 
3 517 520 521 
3 519 522 517 
3 446 480 519 
3 519 480 522 
3 522 520 517 
3 480 523 522 
3 480 455 523 
3 455 505 523 
3 492 489 520 
3 492 520 522 
3 507 492 522 
3 523 524 522 
3 524 507 522 
3 505 524 523 
3 490 507 524 
3 505 490 524 
3 492 507 506 
3 497 525 474 
3 497 499 525 
3 497 474 473 
3 499 509 526 
3 526 509 527 
3 509 510 527 
3 527 510 443 
3 528 527 443 
3 528 443 529 
3 474 530 501 
3 530 531 501 
3 529 443 512 
3 532 501 531 
3 501 532 511 
3 533 511 532 
3 534 535 514 
3 514 535 513 
3 515 511 536 
3 536 502 515 
3 534 514 517 
3 502 536 537 
3 518 502 537 
3 518 537 538 
3 539 538 537 
3 539 534 538 
3 534 521 538 
3 517 521 534 
3 518 538 489 
3 521 489 538 
3 474 540 541 
3 474 525 540 
3 527 499 526 
3 474 541 530 
3 542 528 529 
3 542 543 528 
3 529 512 542 
3 530 541 544 
3 545 530 544 
3 542 512 543 
3 530 545 531 
3 511 533 546 
3 511 546 536 
3 536 547 548 
3 536 546 547 
3 534 539 535 
3 536 548 537 
3 539 537 548 
3 549 550 525 
3 549 525 551 
3 525 499 551 
3 551 499 527 
3 552 551 527 
3 527 553 552 
3 553 527 528 
3 528 543 553 
3 554 531 545 
3 554 545 544 
3 555 543 512 
3 555 556 543 
3 512 513 555 
3 555 535 556 
3 555 513 535 
3 547 557 539 
3 535 557 556 
3 547 539 548 
3 535 539 557 
3 540 525 550 
3 558 551 552 
3 541 540 559 
3 541 559 560 
3 553 561 552 
3 561 558 552 
3 541 560 544 
3 560 562 544 
3 543 561 553 
3 544 562 554 
3 562 531 554 
3 563 543 556 
3 531 562 564 
3 532 531 564 
3 564 533 532 
3 565 533 564 
3 556 557 566 
3 563 556 566 
3 546 533 565 
3 547 546 567 
3 546 565 567 
3 567 557 547 
3 568 550 549 
3 549 551 569 
3 569 551 570 
3 540 550 571 
3 540 571 559 
3 551 558 570 
3 558 561 572 
3 560 573 562 
3 561 543 572 
3 543 563 574 
3 562 575 576 
3 564 562 576 
3 565 577 567 
3 565 564 577 
3 564 576 577 
3 577 557 567 
3 574 563 566 
3 570 549 569 
3 559 578 560 
3 558 572 579 
3 579 572 580 
3 560 578 573 
3 581 580 543 
3 543 580 572 
3 562 573 575 
3 543 574 581 
3 576 575 582 
3 577 576 583 
3 576 582 583 
3 557 577 583 
3 581 566 583 
3 583 566 557 
3 574 566 581 
3 568 584 550 
3 571 550 585 
3 571 585 559 
3 585 586 559 
3 587 588 589 
3 587 586 588 
3 587 578 586 
3 578 559 586 
3 587 589 590 
3 590 578 587 
3 590 573 578 
3 581 591 580 
3 575 573 592 
3 583 591 581 
3 575 583 582 
3 568 593 584 
3 549 594 568 
3 568 594 593 
3 594 549 570 
3 558 594 570 
3 595 586 585 
3 579 596 558 
3 588 595 589 
3 586 595 588 
3 550 597 598 
3 550 584 597 
3 599 594 558 
3 585 550 598 
3 579 580 596 
3 600 573 590 
3 573 600 601 
3 592 573 601 
3 575 592 602 
3 592 601 602 
3 575 602 583 
3 598 597 603 
3 584 604 597 
3 593 605 584 
3 584 605 604 
3 606 605 594 
3 594 605 593 
3 594 599 606 
3 585 607 595 
3 603 585 598 
3 607 585 603 
3 558 596 599 
3 596 580 608 
3 590 589 609 
3 609 600 590 
3 610 611 608 
3 610 608 591 
3 591 608 580 
3 601 600 602 
3 610 591 602 
3 602 591 583 
3 603 597 607 
3 604 605 606 
3 595 607 612 
3 589 595 612 
3 596 608 613 
3 610 602 614 
3 610 614 611 
3 613 608 611 
3 600 609 615 
3 602 600 615 
3 616 597 617 
3 616 607 597 
3 616 617 612 
3 616 612 607 
3 599 596 606 
3 612 617 589 
3 589 618 619 
3 589 619 609 
3 614 602 620 
3 611 614 613 
3 614 620 613 
3 617 597 621 
3 604 622 597 
3 589 617 623 
3 623 618 589 
3 609 619 624 
3 624 615 609 
3 602 625 620 
3 620 625 613 
3 602 615 625 
3 626 622 604 
3 606 626 604 
3 626 606 596 
3 627 615 624 
3 628 596 613 
3 628 613 629 
3 629 613 625 
3 627 625 615 
3 597 630 621 
3 596 628 631 
3 618 632 619 
3 624 619 633 
3 633 627 624 
3 631 628 629 
3 617 634 623 
3 635 626 596 
3 623 634 618 
3 619 632 636 
3 633 619 636 
3 627 633 637 
3 633 636 637 
3 627 637 625 
3 625 631 629 
3 597 638 630 
3 597 622 638 
3 639 622 626 
3 626 640 639 
3 640 626 635 
3 635 596 631 
3 636 632 641 
3 640 642 639 
3 634 643 618 
3 635 642 640 
3 618 643 632 
3 631 644 635 
3 637 636 645 
3 637 645 625 
3 644 631 625 
3 630 646 621 
3 630 638 646 
3 647 622 639 
3 639 642 647 
3 636 641 648 
3 636 648 645 
3 617 621 649 
3 617 649 634 
3 625 645 650 
3 650 644 625 
3 622 651 638 
3 651 622 647 
3 649 643 634 
3 635 644 652 
3 653 648 641 
3 654 648 653 
3 654 655 648 
3 655 645 648 
3 645 655 650 
3 652 644 650 
3 654 653 656 
3 621 657 649 
3 621 646 657 
3 642 635 658 
3 635 652 658 
3 659 655 654 
3 659 660 655 
3 660 650 655 
3 660 652 650 
3 653 641 656 
3 638 651 646 
3 647 642 661 
3 642 658 661 
3 661 658 662 
3 643 663 632 
3 658 652 662 
3 662 652 664 
3 632 663 641 
3 664 652 660 
3 654 656 665 
3 665 659 654 
3 651 666 646 
3 666 651 647 
3 667 666 647 
3 649 668 643 
3 647 661 667 
3 668 669 643 
3 643 669 663 
3 669 670 663 
3 660 659 665 
3 660 665 671 
3 660 671 664 
3 665 656 672 
3 670 673 663 
3 641 663 673 
3 656 641 674 
3 641 673 674 
3 656 674 672 
3 665 672 671 
3 649 675 668 
3 676 667 661 
3 668 675 669 
3 661 662 676 
3 662 664 677 
3 678 676 662 
3 677 678 662 
3 677 664 671 
3 649 657 679 
3 646 680 657 
3 646 666 680 
3 681 666 667 
3 649 679 675 
3 667 676 681 
3 669 682 670 
3 683 676 678 
3 670 682 673 
3 673 684 674 
3 672 685 671 
3 671 685 677 
3 675 682 669 
3 682 686 673 
3 673 686 684 
3 672 674 687 
3 685 672 688 
3 672 687 688 
3 657 689 690 
3 680 689 657 
3 666 691 680 
3 680 691 689 
3 691 666 681 
3 692 691 681 
3 675 679 682 
3 690 679 657 
3 682 679 690 
3 676 692 681 
3 692 676 683 
3 693 683 678 
3 694 686 682 
3 678 677 695 
3 696 688 687 
3 696 677 688 
3 677 685 688 
3 696 687 697 
3 692 683 698 
3 683 693 698 
3 682 699 694 
3 678 695 693 
3 694 684 686 
3 684 694 674 
3 700 687 674 
3 701 677 696 
3 695 677 702 
3 702 677 701 
3 687 700 697 
3 696 697 701 
3 703 691 692 
3 689 704 690 
3 689 691 704 
3 698 703 692 
3 682 705 706 
3 690 705 682 
3 682 706 699 
3 699 706 705 
3 693 695 707 
3 708 702 701 
3 697 700 701 
3 708 701 709 
3 690 704 710 
3 691 711 704 
3 711 710 704 
3 703 711 691 
3 690 712 713 
3 705 690 713 
3 712 690 710 
3 698 714 703 
3 698 715 714 
3 715 698 693 
3 707 715 693 
3 705 713 699 
3 713 694 699 
3 694 716 674 
3 717 700 674 
3 695 702 718 
3 700 717 719 
3 701 700 720 
3 700 719 720 
3 701 720 709 
3 702 708 709 
3 702 709 721 
3 718 702 721 
3 722 723 724 
3 725 722 724 
3 726 727 725 
3 728 729 723 
3 724 723 730 
3 730 723 729 
3 731 726 725 
3 724 731 725 
3 732 730 729 
3 724 730 732 
3 733 724 732 
3 731 724 733 
3 734 710 711 
3 703 734 711 
3 715 707 714 
3 694 713 712 
3 707 695 735 
3 735 695 736 
3 737 735 736 
3 736 695 738 
3 737 736 739 
3 739 736 738 
3 674 716 717 
3 695 718 738 
3 740 737 739 
3 740 741 737 
3 721 709 742 
3 718 721 743 
3 721 742 743 
3 744 738 718 
3 740 739 738 
3 745 722 746 
3 722 747 746 
3 746 747 748 
3 748 749 750 
3 751 752 753 
3 752 754 753 
3 754 745 753 
3 722 745 723 
3 747 722 725 
3 727 747 725 
3 727 726 747 
3 726 748 747 
3 749 748 726 
3 755 749 756 
3 757 752 751 
3 754 752 758 
3 745 754 728 
3 723 745 728 
3 749 726 756 
3 756 726 731 
3 759 760 755 
3 758 752 757 
3 754 758 729 
3 728 754 729 
3 755 756 759 
3 758 757 761 
3 762 758 761 
3 762 763 758 
3 729 764 732 
3 765 732 764 
3 765 733 732 
3 756 731 766 
3 767 756 766 
3 759 756 767 
3 764 758 763 
3 729 758 764 
3 710 734 768 
3 710 769 712 
3 769 710 768 
3 712 716 694 
3 735 714 707 
3 735 737 741 
3 717 716 770 
3 717 771 719 
3 719 771 720 
3 709 720 742 
3 744 718 772 
3 741 740 773 
3 774 773 740 
3 738 744 775 
3 738 776 740 
3 774 740 777 
3 777 740 776 
3 778 738 775 
3 776 738 778 
3 779 777 776 
3 749 755 780 
3 780 755 781 
3 751 782 783 
3 782 753 784 
3 783 782 784 
3 784 753 785 
3 753 745 785 
3 746 785 745 
3 748 750 746 
3 749 780 750 
3 786 755 760 
3 753 782 751 
3 787 757 788 
3 788 757 751 
3 757 787 761 
3 731 789 766 
3 733 789 731 
3 790 766 789 
3 790 767 766 
3 760 759 767 
3 791 761 792 
3 762 761 791 
3 763 762 791 
3 763 791 792 
3 764 763 792 
3 764 792 765 
3 793 765 792 
3 793 794 765 
3 733 765 794 
3 769 716 712 
3 714 795 796 
3 714 735 795 
3 797 716 798 
3 716 797 770 
3 770 797 717 
3 797 771 717 
3 741 773 799 
3 772 743 800 
3 772 718 743 
3 774 801 799 
3 773 774 799 
3 775 744 772 
3 774 777 801 
3 801 777 802 
3 779 802 777 
3 776 778 803 
3 803 779 776 
3 802 779 804 
3 802 804 805 
3 778 806 803 
3 779 803 806 
3 804 779 806 
3 807 805 808 
3 808 805 804 
3 806 809 810 
3 810 811 806 
3 806 811 804 
3 808 804 812 
3 811 813 804 
3 812 804 814 
3 814 804 813 
3 814 813 815 
3 816 814 815 
3 816 817 814 
3 816 815 818 
3 815 819 818 
3 780 781 820 
3 781 786 821 
3 822 751 823 
3 750 780 824 
3 786 781 755 
3 825 821 786 
3 825 786 760 
3 751 822 788 
3 825 760 826 
3 761 787 827 
3 828 829 767 
3 760 767 829 
3 733 794 789 
3 790 789 828 
3 767 790 828 
3 793 792 794 
3 768 830 769 
3 831 830 768 
3 831 768 734 
3 703 832 734 
3 734 832 831 
3 769 830 716 
3 795 833 796 
3 830 798 716 
3 795 834 835 
3 795 735 834 
3 834 735 741 
3 836 834 741 
3 741 837 836 
3 741 799 837 
3 720 771 742 
3 742 800 743 
3 772 800 838 
3 772 838 839 
3 772 839 840 
3 772 840 775 
3 778 775 840 
3 778 840 841 
3 802 805 842 
3 842 805 843 
3 778 841 806 
3 843 805 807 
3 806 841 809 
3 808 812 807 
3 812 843 807 
3 809 844 810 
3 810 845 811 
3 811 845 846 
3 811 846 813 
3 814 817 812 
3 817 816 847 
3 847 848 817 
3 815 813 849 
3 813 846 849 
3 816 818 847 
3 815 849 819 
3 819 849 850 
3 847 818 851 
3 852 853 847 
3 851 852 847 
3 818 819 854 
3 851 818 854 
3 850 855 819 
3 854 819 855 
3 856 851 854 
3 856 852 851 
3 857 854 855 
3 856 854 858 
3 858 854 859 
3 860 858 859 
3 861 860 859 
3 859 862 863 
3 859 863 821 
3 864 859 821 
3 861 859 864 
3 864 865 861 
3 862 820 781 
3 863 862 781 
3 821 863 781 
3 864 821 825 
3 866 867 822 
3 823 866 822 
3 751 783 868 
3 823 751 868 
3 750 824 785 
3 825 869 864 
3 788 867 870 
3 822 867 788 
3 783 871 872 
3 784 871 783 
3 784 873 871 
3 785 874 784 
3 784 874 873 
3 785 746 750 
3 825 826 875 
3 787 876 877 
3 787 788 876 
3 826 760 829 
3 826 829 875 
3 787 877 878 
3 787 878 827 
3 875 829 879 
3 761 827 792 
3 794 880 881 
3 828 789 794 
3 828 794 882 
3 829 828 882 
3 792 883 794 
3 831 832 884 
3 830 831 884 
3 703 714 796 
3 885 703 796 
3 832 886 884 
3 795 887 833 
3 795 835 887 
3 884 798 830 
3 884 797 798 
3 834 836 888 
3 834 888 835 
3 797 889 771 
3 742 771 890 
3 771 889 890 
3 800 742 890 
3 800 890 891 
3 800 891 838 
3 838 891 839 
3 802 799 801 
3 842 799 802 
3 841 840 892 
3 809 841 844 
3 893 843 894 
3 894 895 893 
3 845 810 844 
3 845 844 896 
3 894 812 897 
3 843 812 894 
3 894 897 898 
3 845 896 846 
3 812 817 897 
3 817 898 897 
3 899 898 817 
3 848 899 817 
3 848 847 899 
3 900 846 901 
3 900 849 846 
3 847 853 899 
3 902 849 900 
3 850 849 902 
3 855 850 902 
3 903 904 852 
3 852 856 903 
3 905 904 903 
3 903 856 906 
3 856 858 906 
3 905 903 906 
3 907 906 858 
3 908 907 858 
3 862 854 857 
3 860 908 858 
3 860 909 908 
3 859 854 862 
3 909 860 861 
3 908 909 907 
3 907 909 861 
3 910 911 912 
3 913 910 912 
3 912 911 914 
3 915 907 861 
3 865 915 861 
3 910 913 916 
3 914 911 866 
3 866 917 914 
3 862 918 820 
3 919 915 865 
3 910 916 867 
3 911 910 867 
3 866 911 867 
3 820 918 920 
3 865 864 919 
3 921 867 916 
3 917 866 823 
3 823 868 917 
3 780 920 824 
3 820 920 780 
3 867 921 870 
3 864 869 919 
3 919 869 922 
3 870 923 788 
3 868 783 872 
3 924 872 871 
3 924 871 925 
3 871 873 925 
3 926 925 873 
3 926 873 874 
3 922 869 927 
3 928 929 788 
3 928 788 923 
3 788 929 876 
3 825 875 930 
3 825 930 869 
3 876 931 877 
3 878 877 932 
3 878 932 827 
3 829 933 879 
3 934 875 879 
3 792 935 936 
3 792 827 935 
3 880 937 881 
3 938 794 881 
3 794 938 939 
3 794 939 882 
3 829 882 933 
3 792 936 940 
3 883 792 941 
3 883 941 942 
3 883 942 943 
3 880 794 944 
3 944 794 883 
3 937 880 944 
3 703 885 832 
3 796 945 885 
3 833 946 796 
3 796 946 945 
3 947 833 835 
3 835 833 887 
3 835 888 947 
3 797 884 948 
3 948 884 886 
3 888 836 947 
3 836 949 947 
3 837 949 836 
3 889 797 948 
3 837 950 949 
3 799 950 837 
3 890 889 891 
3 891 889 839 
3 950 799 842 
3 951 840 839 
3 840 951 892 
3 842 843 950 
3 843 893 952 
3 844 953 896 
3 894 954 895 
3 954 894 898 
3 896 901 846 
3 898 899 954 
3 954 899 955 
3 955 899 956 
3 899 853 956 
3 900 901 902 
3 901 957 902 
3 853 852 958 
3 902 957 855 
3 852 904 958 
3 905 906 904 
3 906 907 959 
3 857 960 862 
3 862 960 961 
3 912 962 913 
3 907 915 963 
3 916 913 964 
3 965 914 917 
3 966 920 918 
3 915 919 967 
3 968 916 964 
3 968 921 916 
3 968 969 921 
3 969 870 921 
3 970 868 872 
3 971 970 872 
3 972 785 824 
3 870 969 923 
3 969 931 923 
3 924 971 872 
3 972 874 785 
3 972 926 874 
3 928 923 931 
3 931 929 928 
3 869 973 927 
3 931 876 929 
3 875 973 930 
3 973 869 930 
3 877 931 974 
3 975 973 875 
3 976 932 877 
3 875 934 975 
3 934 977 975 
3 932 976 935 
3 827 932 935 
3 936 978 940 
3 943 979 980 
3 981 979 943 
3 881 980 938 
3 938 980 939 
3 879 933 977 
3 977 934 879 
3 792 940 941 
3 943 942 941 
3 980 883 943 
3 944 883 980 
3 937 944 980 
3 881 937 980 
3 832 982 886 
3 832 885 982 
3 983 982 885 
3 983 885 945 
3 833 947 946 
3 886 982 948 
3 947 984 946 
3 949 985 947 
3 947 985 984 
3 982 986 948 
3 949 987 985 
3 950 988 987 
3 950 987 949 
3 948 986 889 
3 889 986 989 
3 889 990 839 
3 990 951 839 
3 991 951 990 
3 892 951 991 
3 992 892 991 
3 950 843 952 
3 993 892 992 
3 994 952 893 
3 892 993 953 
3 841 892 953 
3 953 844 841 
3 893 895 994 
3 994 895 995 
3 954 995 895 
3 896 953 901 
3 954 955 996 
3 956 853 997 
3 853 958 997 
3 855 957 857 
3 904 906 998 
3 906 959 998 
3 962 999 913 
3 1000 999 962 
3 962 912 1001 
3 962 1001 1000 
3 959 907 963 
3 912 914 965 
3 918 1002 1003 
3 1004 918 862 
3 1002 918 1004 
3 965 917 1005 
3 919 1006 967 
3 963 915 967 
3 868 970 917 
3 1007 824 920 
3 966 1007 920 
3 919 922 1006 
3 1006 922 1008 
3 1009 968 1010 
3 968 1009 969 
3 1011 970 971 
3 1012 1011 971 
3 824 1013 972 
3 1009 1010 969 
3 971 924 1012 
3 926 972 1014 
3 972 1015 1014 
3 1013 1015 972 
3 922 927 1016 
3 1017 931 969 
3 926 1018 925 
3 1018 926 1014 
3 927 1019 1020 
3 973 1019 927 
3 1020 1016 927 
3 925 1018 1021 
3 1014 1022 1018 
3 1022 1021 1018 
3 1020 1019 973 
3 925 1021 924 
3 1021 1023 924 
3 1022 979 1021 
3 1020 973 975 
3 1024 1020 975 
3 877 974 976 
3 1021 981 1023 
3 979 981 1021 
3 935 976 1025 
3 935 1025 936 
3 1026 1027 941 
3 978 1027 1026 
3 941 1027 1028 
3 1029 1028 1027 
3 1029 1023 1028 
3 1023 943 1028 
3 981 943 1023 
3 1030 980 979 
3 1030 1031 980 
3 980 1031 939 
3 933 882 939 
3 933 939 977 
3 978 1026 940 
3 941 940 1026 
3 943 941 1028 
3 945 946 983 
3 946 1032 983 
3 1033 1032 984 
3 984 1032 946 
3 1033 984 1034 
3 1034 984 985 
3 1035 986 982 
3 1035 983 1032 
3 1035 982 983 
3 1036 1034 985 
3 987 988 1036 
3 987 1036 985 
3 950 1037 988 
3 989 986 1035 
3 889 989 990 
3 950 1038 1037 
3 950 952 1039 
3 992 1040 993 
3 952 994 1041 
3 952 1041 1039 
3 1041 994 995 
3 996 995 954 
3 953 1042 901 
3 997 996 955 
3 955 956 997 
3 901 1042 957 
3 958 904 998 
3 1043 1044 1045 
3 857 957 960 
3 1043 1046 999 
3 999 1046 1047 
3 1044 1043 999 
3 1048 1045 1044 
3 1048 1044 1049 
3 1050 999 1047 
3 1000 1044 999 
3 1000 1001 1049 
3 1000 1049 1044 
3 1051 998 959 
3 999 1050 913 
3 1001 912 1052 
3 913 1050 964 
3 1052 912 1053 
3 961 1054 1004 
3 862 961 1004 
3 1050 1055 964 
3 965 1053 912 
3 965 1005 1053 
3 1003 1002 1056 
3 917 1057 1005 
3 1057 917 970 
3 1058 1057 970 
3 966 918 1059 
3 1056 918 1003 
3 1059 918 1056 
3 967 1006 963 
3 1060 964 1061 
3 970 1011 1058 
3 1007 966 1062 
3 968 964 1010 
3 964 1063 1010 
3 1011 1012 1064 
3 1013 824 1007 
3 1010 1063 969 
3 922 1016 1008 
3 1022 1014 1015 
3 924 1023 1064 
3 924 1064 1012 
3 974 931 1017 
3 974 1017 976 
3 1017 1065 976 
3 1066 1024 975 
3 976 1065 1067 
3 976 1067 1025 
3 979 1068 1030 
3 979 1022 1068 
3 1030 1069 939 
3 939 1070 977 
3 975 977 1066 
3 1027 936 1025 
3 978 936 1027 
3 1029 1027 1023 
3 1030 939 1031 
3 1035 1032 1071 
3 1033 1034 1071 
3 1033 1071 1032 
3 1071 989 1035 
3 1072 1073 1034 
3 1073 1071 1034 
3 1072 1034 1074 
3 1034 1036 1074 
3 1036 988 1074 
3 1073 1075 1071 
3 1075 989 1071 
3 1075 1073 1072 
3 1037 1074 988 
3 990 989 1075 
3 1038 1076 1037 
3 991 1075 1077 
3 991 990 1075 
3 991 1077 992 
3 950 1078 1038 
3 1039 1078 950 
3 1077 1040 992 
3 1040 1079 993 
3 993 1079 1080 
3 953 993 1080 
3 996 1041 995 
3 953 1080 1042 
3 1080 1081 1042 
3 996 997 1082 
3 997 1083 1082 
3 1083 997 958 
3 957 1042 1084 
3 958 998 1083 
3 1085 1086 1046 
3 1085 1046 1043 
3 1043 1045 1048 
3 1043 1048 1087 
3 1043 1087 1085 
3 957 1084 960 
3 1047 1046 1088 
3 1050 1047 1088 
3 1089 961 960 
3 1049 1001 1090 
3 1001 1052 1090 
3 961 1091 1054 
3 959 963 1051 
3 1051 963 1092 
3 1088 1093 1055 
3 1055 1050 1088 
3 1052 1053 1094 
3 1005 1094 1053 
3 1054 1002 1004 
3 1092 963 1095 
3 1056 1002 1096 
3 964 1055 1061 
3 1055 1097 1061 
3 1057 1098 1005 
3 1098 1057 1058 
3 1059 1056 1096 
3 1006 1099 963 
3 1061 1097 1060 
3 1059 1062 966 
3 1059 1100 1062 
3 1096 1100 1059 
3 1008 1101 1099 
3 1008 1099 1006 
3 964 1060 1063 
3 1060 1102 1063 
3 1007 1103 1013 
3 1062 1103 1007 
3 1008 1104 1101 
3 1063 1017 969 
3 1013 1103 1015 
3 1016 1104 1008 
3 1015 1103 1022 
3 1105 1106 1107 
3 1108 1105 1107 
3 1107 1106 1109 
3 1103 1110 1022 
3 1111 1110 1103 
3 1024 1070 1112 
3 1113 1106 1105 
3 1114 1065 1017 
3 1067 1065 1114 
3 1064 1023 1115 
3 1022 1110 1068 
3 1111 1069 1110 
3 1069 1068 1110 
3 1116 1117 1111 
3 1117 1069 1111 
3 1117 1118 1070 
3 1116 1118 1117 
3 1024 1066 1070 
3 1113 1119 1120 
3 1113 1120 1106 
3 1106 1120 1121 
3 1122 1106 1121 
3 1123 1106 1122 
3 1025 1067 1027 
3 1023 1027 1115 
3 1069 1030 1068 
3 1117 939 1069 
3 1070 939 1117 
3 1066 977 1070 
3 1124 1120 1119 
3 1125 1124 1119 
3 1121 1120 1126 
3 1126 1120 1124 
3 1122 1121 1126 
3 1127 1124 1125 
3 1128 1126 1124 
3 1129 1122 1126 
3 1128 1129 1126 
3 1124 1127 1130 
3 1131 1124 1130 
3 1128 1124 1131 
3 1132 1128 1131 
3 1129 1128 1132 
3 1072 1077 1075 
3 1074 1133 1072 
3 1133 1077 1072 
3 1037 1076 1074 
3 1076 1133 1074 
3 1076 1134 1133 
3 1135 1134 1076 
3 1076 1038 1135 
3 1136 1077 1133 
3 1136 1133 1134 
3 1137 1138 1139 
3 1137 1135 1138 
3 1135 1038 1138 
3 1038 1078 1138 
3 1040 1077 1136 
3 1040 1136 1134 
3 1140 1138 1078 
3 1039 1041 1140 
3 1039 1140 1078 
3 1079 1040 1134 
3 996 1141 1041 
3 1081 1142 1042 
3 1042 1143 1084 
3 1046 1144 1145 
3 1146 1144 1046 
3 1146 1046 1086 
3 1086 1085 1087 
3 1046 1145 1147 
3 1046 1147 1088 
3 1048 1148 1087 
3 1048 1090 1148 
3 1049 1090 1048 
3 1089 960 1084 
3 1090 1052 1094 
3 961 1089 1091 
3 1054 1149 1002 
3 1092 1095 1150 
3 1094 1005 1058 
3 1002 1149 1096 
3 1098 1058 1005 
3 963 1099 1095 
3 1060 1097 1151 
3 1058 1011 1064 
3 1060 1151 1102 
3 1151 1152 1102 
3 1062 1100 1153 
3 1154 1155 1156 
3 1063 1102 1152 
3 1152 1017 1063 
3 1114 1017 1152 
3 1062 1157 1103 
3 1157 1062 1153 
3 1104 1016 1024 
3 1154 1158 1159 
3 1154 1159 1109 
3 1155 1154 1109 
3 1157 1160 1103 
3 1160 1118 1103 
3 1016 1020 1024 
3 1159 1158 1161 
3 1159 1161 1105 
3 1159 1105 1108 
3 1107 1159 1108 
3 1109 1159 1107 
3 1162 1155 1109 
3 1115 1163 1064 
3 1164 1163 1115 
3 1111 1103 1118 
3 1105 1119 1113 
3 1161 1119 1105 
3 1123 1109 1106 
3 1123 1162 1109 
3 1027 1165 1164 
3 1111 1118 1116 
3 1160 1070 1118 
3 1112 1070 1160 
3 1119 1161 1166 
3 1123 1122 1167 
3 1115 1027 1164 
3 1168 1125 1166 
3 1125 1119 1166 
3 1169 1168 1170 
3 1171 1169 1170 
3 1125 1169 1127 
3 1168 1169 1125 
3 1169 1171 1172 
3 1130 1169 1172 
3 1130 1127 1169 
3 1130 1173 1131 
3 1172 1173 1130 
3 1174 1131 1173 
3 1174 1175 1131 
3 1175 1132 1131 
3 1175 1129 1132 
3 1172 1176 1177 
3 1173 1172 1177 
3 1178 1173 1177 
3 1174 1173 1178 
3 1135 1139 1134 
3 1135 1137 1139 
3 1139 1138 1140 
3 1079 1134 1080 
3 1080 1134 1179 
3 1180 1179 1134 
3 1139 1180 1134 
3 1181 1180 1139 
3 1139 1140 1181 
3 1140 1041 1181 
3 1080 1179 1081 
3 1182 1179 1180 
3 1141 1181 1041 
3 1081 1179 1182 
3 1183 1181 1141 
3 1142 1081 1182 
3 1184 1185 1186 
3 1184 1183 1185 
3 1183 1141 1185 
3 996 1082 1185 
3 1141 996 1185 
3 1082 1186 1185 
3 1187 1082 1083 
3 1143 1042 1142 
3 1147 1144 1146 
3 1086 1087 1188 
3 1083 998 1189 
3 1145 1144 1147 
3 1143 1190 1084 
3 1147 1191 1088 
3 1148 1094 1192 
3 1090 1094 1148 
3 998 1051 1189 
3 1089 1084 1193 
3 1189 1051 1092 
3 1089 1193 1091 
3 1194 1193 1084 
3 1091 1193 1054 
3 1149 1195 1196 
3 1149 1054 1195 
3 1054 1193 1195 
3 1149 1196 1096 
3 1095 1197 1150 
3 1097 1198 1151 
3 1099 1197 1095 
3 1198 1199 1151 
3 1200 1058 1064 
3 1099 1101 1201 
3 1202 1203 1156 
3 1199 1152 1151 
3 1100 1204 1153 
3 1100 1096 1204 
3 1201 1024 1205 
3 1201 1104 1024 
3 1101 1104 1201 
3 1203 1158 1154 
3 1203 1154 1156 
3 1202 1156 1155 
3 1155 1162 1202 
3 1162 1206 1202 
3 1200 1064 1163 
3 1204 1160 1157 
3 1153 1204 1157 
3 1207 1160 1204 
3 1208 1209 1207 
3 1209 1160 1207 
3 1210 1211 1212 
3 1212 1211 1163 
3 1209 1112 1160 
3 1213 1112 1209 
3 1205 1024 1213 
3 1161 1214 1215 
3 1216 1161 1158 
3 1214 1161 1216 
3 1162 1167 1217 
3 1114 1210 1212 
3 1163 1218 1212 
3 1164 1218 1163 
3 1024 1112 1213 
3 1215 1219 1161 
3 1162 1123 1167 
3 1114 1212 1067 
3 1027 1067 1212 
3 1218 1027 1212 
3 1165 1027 1218 
3 1164 1165 1218 
3 1220 1221 1168 
3 1220 1219 1221 
3 1220 1166 1219 
3 1166 1161 1219 
3 1167 1222 1223 
3 1122 1222 1167 
3 1170 1168 1224 
3 1166 1220 1168 
3 1170 1224 1171 
3 1122 1225 1226 
3 1129 1225 1122 
3 1227 1222 1122 
3 1226 1227 1122 
3 1171 1224 1228 
3 1172 1171 1228 
3 1228 1176 1172 
3 1229 1176 1228 
3 1175 1178 1230 
3 1174 1178 1175 
3 1225 1129 1175 
3 1230 1225 1175 
3 1176 1229 1231 
3 1177 1176 1231 
3 1178 1177 1232 
3 1177 1231 1232 
3 1180 1181 1182 
3 1181 1184 1182 
3 1183 1184 1181 
3 1184 1142 1182 
3 1233 1086 1234 
3 1235 1233 1234 
3 1234 1086 1236 
3 1186 1187 1184 
3 1082 1187 1186 
3 1233 1235 1237 
3 1233 1237 1146 
3 1086 1233 1146 
3 1236 1086 1238 
3 1238 1086 1188 
3 1239 1142 1184 
3 1184 1187 1240 
3 1146 1241 1147 
3 1237 1241 1146 
3 1087 1242 1188 
3 1242 1087 1148 
3 1243 1142 1239 
3 1240 1187 1244 
3 1083 1189 1244 
3 1187 1083 1244 
3 1245 1241 1246 
3 1147 1245 1191 
3 1241 1245 1147 
3 1243 1190 1143 
3 1142 1243 1143 
3 1190 1243 1239 
3 1247 1240 1244 
3 1244 1189 1247 
3 1148 1192 1248 
3 1194 1190 1239 
3 1093 1088 1191 
3 1190 1194 1084 
3 1189 1092 1249 
3 1247 1189 1249 
3 1093 1250 1055 
3 1194 1196 1193 
3 1249 1092 1251 
3 1092 1252 1251 
3 1253 1254 1255 
3 1193 1196 1195 
3 1150 1252 1092 
3 1254 1253 1256 
3 1055 1250 1097 
3 1250 1257 1097 
3 1197 1258 1259 
3 1259 1252 1197 
3 1252 1150 1197 
3 1253 1260 1256 
3 1261 1254 1256 
3 1257 1198 1097 
3 1199 1198 1257 
3 1262 1196 1263 
3 1099 1258 1197 
3 1260 1203 1202 
3 1256 1260 1202 
3 1261 1256 1264 
3 1196 1262 1204 
3 1096 1196 1204 
3 1258 1099 1201 
3 1158 1265 1266 
3 1267 1158 1203 
3 1265 1158 1267 
3 1256 1202 1206 
3 1206 1268 1256 
3 1199 1269 1152 
3 1200 1211 1270 
3 1262 1271 1207 
3 1204 1262 1207 
3 1263 1205 1262 
3 1258 1205 1263 
3 1201 1205 1258 
3 1152 1269 1114 
3 1114 1269 1210 
3 1210 1269 1272 
3 1273 1210 1272 
3 1270 1211 1273 
3 1200 1163 1211 
3 1207 1271 1208 
3 1209 1208 1271 
3 1209 1271 1213 
3 1213 1271 1262 
3 1205 1213 1262 
3 1158 1266 1216 
3 1211 1210 1273 
3 1214 1274 1275 
3 1215 1214 1275 
3 1274 1214 1216 
3 1217 1167 1276 
3 1217 1276 1162 
3 1162 1276 1206 
3 1215 1275 1219 
3 1276 1167 1277 
3 1221 1278 1168 
3 1221 1275 1278 
3 1221 1219 1275 
3 1277 1167 1223 
3 1278 1279 1224 
3 1168 1278 1224 
3 1280 1226 1281 
3 1280 1281 1223 
3 1280 1223 1227 
3 1227 1223 1222 
3 1279 1282 1224 
3 1283 1279 1278 
3 1282 1279 1283 
3 1225 1284 1226 
3 1227 1226 1280 
3 1224 1282 1228 
3 1229 1285 1231 
3 1228 1285 1229 
3 1228 1283 1285 
3 1228 1282 1283 
3 1285 1286 1231 
3 1178 1284 1230 
3 1284 1225 1230 
3 1231 1286 1287 
3 1231 1287 1232 
3 1284 1178 1232 
3 1287 1284 1232 
3 1288 1235 1234 
3 1289 1290 1288 
3 1288 1290 1235 
3 1234 1236 1291 
3 1236 1238 1292 
3 1293 1294 1290 
3 1237 1294 1241 
3 1237 1235 1294 
3 1235 1290 1294 
3 1238 1188 1292 
3 1188 1242 1295 
3 1246 1294 1293 
3 1294 1246 1241 
3 1295 1242 1296 
3 1184 1297 1239 
3 1184 1240 1297 
3 1298 1245 1246 
3 1242 1248 1296 
3 1148 1248 1242 
3 1297 1299 1239 
3 1240 1299 1297 
3 1245 1298 1191 
3 1298 1093 1191 
3 1248 1192 1300 
3 1239 1299 1194 
3 1240 1194 1299 
3 1192 1094 1300 
3 1240 1301 1194 
3 1247 1301 1240 
3 1247 1302 1301 
3 1247 1249 1302 
3 1303 1304 1305 
3 1304 1303 1306 
3 1301 1307 1194 
3 1302 1307 1301 
3 1249 1251 1302 
3 1253 1255 1308 
3 1309 1253 1308 
3 1305 1308 1255 
3 1305 1255 1303 
3 1303 1255 1254 
3 1310 1306 1303 
3 1310 1303 1311 
3 1311 1303 1254 
3 1312 1250 1093 
3 1194 1307 1196 
3 1251 1252 1307 
3 1302 1251 1307 
3 1313 1300 1058 
3 1300 1094 1058 
3 1252 1259 1307 
3 1309 1314 1315 
3 1316 1254 1261 
3 1317 1257 1318 
3 1318 1257 1250 
3 1307 1263 1196 
3 1259 1258 1307 
3 1309 1315 1260 
3 1253 1309 1260 
3 1313 1200 1272 
3 1313 1058 1200 
3 1307 1258 1263 
3 1315 1319 1320 
3 1315 1320 1267 
3 1315 1267 1203 
3 1260 1315 1203 
3 1264 1256 1268 
3 1264 1268 1261 
3 1265 1320 1266 
3 1267 1320 1265 
3 1272 1200 1273 
3 1270 1273 1200 
3 1266 1274 1216 
3 1321 1268 1206 
3 1276 1321 1206 
3 1274 1322 1275 
3 1275 1322 1278 
3 1322 1285 1278 
3 1226 1323 1281 
3 1277 1223 1281 
3 1285 1283 1278 
3 1284 1324 1325 
3 1284 1325 1323 
3 1284 1323 1226 
3 1286 1324 1287 
3 1285 1324 1286 
3 1285 1326 1324 
3 1284 1287 1324 
3 1327 1328 1329 
3 1328 1327 1234 
3 1290 1329 1293 
3 1327 1329 1290 
3 1327 1290 1289 
3 1327 1289 1288 
3 1234 1327 1288 
3 1330 1291 1331 
3 1291 1236 1331 
3 1331 1236 1292 
3 1332 1246 1293 
3 1333 1246 1332 
3 1246 1333 1298 
3 1312 1093 1298 
3 1305 1334 1335 
3 1305 1335 1336 
3 1304 1306 1310 
3 1304 1310 1305 
3 1337 1309 1338 
3 1336 1338 1308 
3 1338 1309 1308 
3 1305 1336 1308 
3 1250 1312 1339 
3 1317 1250 1339 
3 1340 1341 1300 
3 1337 1342 1314 
3 1311 1343 1344 
3 1311 1254 1343 
3 1317 1318 1250 
3 1300 1313 1340 
3 1315 1314 1342 
3 1309 1337 1314 
3 1316 1345 1254 
3 1254 1345 1343 
3 1257 1317 1346 
3 1346 1317 1340 
3 1342 1319 1315 
3 1347 1319 1342 
3 1316 1348 1349 
3 1316 1261 1348 
3 1345 1316 1349 
3 1257 1346 1199 
3 1350 1346 1340 
3 1272 1350 1313 
3 1313 1350 1340 
3 1320 1351 1266 
3 1320 1352 1351 
3 1320 1319 1352 
3 1319 1347 1352 
3 1199 1346 1269 
3 1272 1269 1346 
3 1350 1272 1346 
3 1351 1353 1266 
3 1266 1353 1274 
3 1261 1268 1354 
3 1355 1354 1268 
3 1355 1268 1321 
3 1274 1356 1322 
3 1356 1274 1357 
3 1277 1358 1359 
3 1277 1359 1321 
3 1277 1321 1276 
3 1356 1360 1322 
3 1322 1360 1285 
3 1358 1323 1361 
3 1358 1281 1323 
3 1277 1281 1358 
3 1326 1285 1325 
3 1325 1285 1360 
3 1361 1325 1360 
3 1323 1325 1361 
3 1326 1325 1324 
3 1234 1362 1363 
3 1362 1364 1363 
3 1362 1234 1364 
3 1234 1291 1364 
3 1364 1291 1330 
3 1365 1364 1330 
3 1331 1365 1330 
3 1365 1331 1292 
3 1366 1365 1292 
3 1293 1367 1332 
3 1188 1366 1292 
3 1366 1188 1295 
3 1368 1366 1295 
3 1295 1296 1368 
3 1368 1296 1369 
3 1370 1333 1332 
3 1248 1369 1296 
3 1333 1370 1298 
3 1300 1369 1248 
3 1371 1369 1300 
3 1372 1373 1374 
3 1336 1335 1334 
3 1336 1334 1375 
3 1305 1310 1372 
3 1305 1372 1334 
3 1373 1372 1376 
3 1376 1372 1310 
3 1377 1371 1341 
3 1371 1300 1341 
3 1337 1378 1379 
3 1378 1337 1338 
3 1336 1375 1338 
3 1310 1311 1380 
3 1339 1381 1317 
3 1381 1377 1341 
3 1379 1342 1337 
3 1311 1344 1380 
3 1341 1340 1381 
3 1340 1317 1381 
3 1343 1345 1382 
3 1344 1343 1382 
3 1347 1383 1384 
3 1383 1347 1342 
3 1349 1348 1345 
3 1347 1384 1352 
3 1348 1261 1354 
3 1353 1385 1274 
3 1351 1385 1353 
3 1386 1354 1355 
3 1274 1385 1387 
3 1359 1355 1321 
3 1387 1388 1357 
3 1274 1387 1357 
3 1388 1360 1356 
3 1357 1388 1356 
3 1389 1390 1388 
3 1359 1390 1389 
3 1359 1358 1390 
3 1361 1360 1390 
3 1390 1360 1388 
3 1358 1361 1390 
3 1329 1328 1391 
3 1391 1328 1392 
3 1392 1328 1393 
3 1393 1328 1394 
3 1328 1234 1394 
3 1394 1234 1363 
3 1395 1394 1363 
3 1396 1293 1329 
3 1363 1365 1395 
3 1364 1365 1363 
3 1397 1293 1398 
3 1367 1293 1397 
3 1369 1365 1366 
3 1369 1366 1368 
3 1332 1367 1399 
3 1370 1332 1399 
3 1400 1370 1399 
3 1372 1401 1402 
3 1372 1374 1403 
3 1401 1372 1403 
3 1374 1404 1405 
3 1403 1374 1405 
3 1298 1370 1400 
3 1400 1312 1298 
3 1406 1312 1400 
3 1372 1402 1407 
3 1373 1376 1374 
3 1376 1404 1374 
3 1407 1375 1334 
3 1372 1407 1334 
3 1408 1404 1376 
3 1409 1404 1408 
3 1338 1410 1378 
3 1410 1338 1375 
3 1408 1310 1380 
3 1376 1310 1408 
3 1381 1411 1412 
3 1411 1377 1412 
3 1411 1371 1377 
3 1377 1381 1412 
3 1342 1413 1414 
3 1342 1379 1413 
3 1379 1378 1413 
3 1380 1344 1382 
3 1414 1415 1342 
3 1382 1348 1416 
3 1345 1348 1382 
3 1342 1415 1383 
3 1348 1417 1418 
3 1383 1419 1384 
3 1384 1419 1352 
3 1417 1420 1421 
3 1348 1354 1417 
3 1422 1385 1351 
3 1422 1351 1419 
3 1419 1351 1352 
3 1417 1386 1420 
3 1354 1386 1417 
3 1423 1385 1422 
3 1420 1355 1424 
3 1386 1355 1420 
3 1423 1388 1387 
3 1385 1423 1387 
3 1425 1423 1422 
3 1423 1425 1359 
3 1426 1424 1359 
3 1426 1359 1425 
3 1355 1359 1424 
3 1389 1388 1423 
3 1359 1389 1423 
3 1396 1329 1391 
3 1391 1392 1427 
3 1428 1393 1394 
3 1429 1430 1431 
3 1396 1430 1293 
3 1394 1395 1428 
3 1398 1430 1429 
3 1430 1398 1293 
3 1365 1369 1432 
3 1433 1434 1435 
3 1403 1436 1437 
3 1403 1405 1438 
3 1436 1403 1438 
3 1435 1438 1405 
3 1435 1405 1433 
3 1433 1405 1404 
3 1439 1434 1433 
3 1439 1433 1404 
3 1367 1400 1399 
3 1440 1400 1367 
3 1402 1441 1407 
3 1402 1401 1441 
3 1441 1401 1437 
3 1437 1401 1403 
3 1400 1440 1406 
3 1404 1409 1442 
3 1312 1406 1339 
3 1375 1443 1410 
3 1443 1375 1407 
3 1408 1444 1445 
3 1409 1408 1445 
3 1409 1445 1446 
3 1409 1446 1442 
3 1447 1411 1381 
3 1371 1411 1447 
3 1408 1380 1444 
3 1378 1410 1448 
3 1378 1449 1413 
3 1448 1449 1378 
3 1382 1416 1450 
3 1444 1380 1382 
3 1450 1444 1382 
3 1414 1451 1415 
3 1414 1413 1451 
3 1413 1449 1451 
3 1416 1418 1452 
3 1348 1418 1416 
3 1415 1453 1383 
3 1453 1415 1451 
3 1418 1421 1454 
3 1417 1421 1418 
3 1383 1453 1419 
3 1419 1453 1455 
3 1420 1456 1421 
3 1456 1457 1421 
3 1422 1419 1458 
3 1458 1419 1455 
3 1420 1424 1456 
3 1458 1425 1422 
3 1455 1426 1458 
3 1426 1425 1458 
3 1456 1426 1455 
3 1424 1426 1456 
3 1391 1459 1396 
3 1396 1459 1460 
3 1391 1427 1459 
3 1427 1461 1462 
3 1463 1464 1465 
3 1463 1465 1431 
3 1463 1431 1430 
3 1396 1463 1430 
3 1427 1392 1461 
3 1461 1466 1462 
3 1461 1392 1466 
3 1392 1393 1466 
3 1466 1393 1428 
3 1395 1466 1428 
3 1467 1465 1468 
3 1431 1467 1429 
3 1465 1467 1431 
3 1467 1469 1429 
3 1469 1398 1429 
3 1395 1470 1471 
3 1470 1395 1365 
3 1432 1470 1365 
3 1398 1469 1397 
3 1434 1472 1473 
3 1434 1439 1474 
3 1472 1434 1474 
3 1434 1473 1435 
3 1475 1439 1476 
3 1432 1369 1371 
3 1437 1436 1477 
3 1477 1436 1438 
3 1478 1438 1473 
3 1435 1473 1438 
3 1404 1476 1439 
3 1404 1479 1476 
3 1407 1441 1443 
3 1477 1441 1437 
3 1442 1479 1404 
3 1406 1440 1480 
3 1339 1480 1381 
3 1406 1480 1339 
3 1480 1447 1381 
3 1443 1481 1410 
3 1445 1444 1482 
3 1446 1445 1482 
3 1483 1484 1448 
3 1410 1483 1448 
3 1484 1483 1485 
3 1449 1486 1487 
3 1448 1486 1449 
3 1448 1484 1486 
3 1485 1486 1484 
3 1450 1488 1489 
3 1416 1488 1450 
3 1487 1453 1451 
3 1449 1487 1451 
3 1454 1452 1418 
3 1488 1416 1452 
3 1490 1488 1452 
3 1457 1453 1487 
3 1457 1491 1452 
3 1487 1491 1457 
3 1454 1421 1452 
3 1456 1455 1453 
3 1457 1456 1453 
3 1421 1457 1452 
3 1492 1493 1460 
3 1494 1495 1493 
3 1463 1495 1464 
3 1463 1493 1495 
3 1396 1493 1463 
3 1460 1493 1396 
3 1496 1460 1497 
3 1460 1459 1497 
3 1427 1462 1459 
3 1459 1462 1497 
3 1495 1494 1498 
3 1495 1498 1468 
3 1495 1468 1465 
3 1464 1495 1465 
3 1466 1499 1462 
3 1499 1466 1395 
3 1498 1500 1501 
3 1501 1468 1498 
3 1501 1467 1468 
3 1502 1395 1471 
3 1503 1502 1471 
3 1504 1471 1470 
3 1504 1432 1471 
3 1432 1503 1471 
3 1470 1432 1504 
3 1505 1469 1467 
3 1505 1506 1469 
3 1506 1397 1469 
3 1472 1507 1508 
3 1473 1472 1508 
3 1509 1507 1474 
3 1507 1472 1474 
3 1439 1509 1474 
3 1439 1475 1509 
3 1475 1510 1509 
3 1511 1510 1475 
3 1508 1478 1473 
3 1476 1511 1475 
3 1476 1479 1511 
3 1367 1397 1512 
3 1512 1440 1367 
3 1371 1513 1432 
3 1514 1513 1371 
3 1515 1477 1438 
3 1508 1438 1478 
3 1515 1438 1508 
3 1440 1516 1480 
3 1441 1517 1443 
3 1477 1517 1441 
3 1477 1518 1517 
3 1371 1447 1514 
3 1443 1519 1520 
3 1517 1519 1443 
3 1520 1481 1443 
3 1410 1481 1483 
3 1521 1446 1482 
3 1483 1481 1485 
3 1450 1522 1523 
3 1482 1444 1450 
3 1523 1482 1450 
3 1491 1487 1485 
3 1487 1486 1485 
3 1488 1490 1489 
3 1490 1524 1489 
3 1522 1450 1489 
3 1524 1522 1489 
3 1493 1525 1526 
3 1525 1493 1492 
3 1493 1526 1527 
3 1496 1528 1460 
3 1460 1528 1492 
3 1498 1494 1527 
3 1527 1494 1493 
3 1497 1529 1496 
3 1462 1499 1497 
3 1497 1499 1529 
3 1500 1498 1530 
3 1531 1499 1395 
3 1501 1500 1530 
3 1502 1531 1395 
3 1509 1510 1532 
3 1533 1467 1501 
3 1502 1503 1534 
3 1534 1503 1432 
3 1467 1533 1505 
3 1535 1506 1505 
3 1508 1507 1536 
3 1536 1507 1509 
3 1506 1535 1512 
3 1397 1506 1512 
3 1537 1432 1513 
3 1512 1535 1538 
3 1440 1512 1516 
3 1512 1538 1516 
3 1537 1513 1539 
3 1513 1540 1539 
3 1513 1514 1540 
3 1515 1541 1518 
3 1477 1515 1518 
3 1480 1542 1543 
3 1539 1447 1543 
3 1514 1447 1540 
3 1540 1447 1539 
3 1479 1446 1544 
3 1442 1446 1479 
3 1447 1480 1543 
3 1520 1545 1481 
3 1520 1519 1545 
3 1482 1523 1521 
3 1546 1491 1485 
3 1546 1547 1491 
3 1548 1523 1522 
3 1548 1524 1523 
3 1549 1491 1547 
3 1549 1452 1491 
3 1452 1549 1490 
3 1522 1524 1548 
3 1550 1551 1552 
3 1527 1526 1551 
3 1526 1552 1551 
3 1492 1528 1553 
3 1553 1528 1496 
3 1527 1550 1498 
3 1551 1550 1527 
3 1496 1529 1553 
3 1499 1554 1529 
3 1530 1550 1555 
3 1550 1530 1498 
3 1499 1531 1554 
3 1556 1557 1558 
3 1558 1557 1559 
3 1560 1509 1532 
3 1510 1556 1532 
3 1557 1556 1510 
3 1510 1561 1557 
3 1561 1559 1557 
3 1561 1511 1559 
3 1534 1531 1502 
3 1510 1511 1561 
3 1505 1533 1535 
3 1534 1432 1562 
3 1536 1563 1515 
3 1508 1536 1515 
3 1564 1536 1560 
3 1564 1563 1536 
3 1509 1560 1536 
3 1511 1565 1566 
3 1562 1567 1568 
3 1562 1569 1567 
3 1432 1537 1569 
3 1562 1432 1569 
3 1511 1479 1565 
3 1480 1570 1542 
3 1516 1570 1480 
3 1568 1542 1570 
3 1568 1567 1542 
3 1567 1543 1542 
3 1539 1543 1569 
3 1569 1543 1567 
3 1537 1539 1569 
3 1517 1518 1541 
3 1446 1521 1544 
3 1517 1571 1519 
3 1571 1517 1541 
3 1572 1573 1574 
3 1572 1574 1521 
3 1545 1485 1481 
3 1545 1519 1571 
3 1545 1571 1485 
3 1572 1521 1573 
3 1571 1546 1485 
3 1571 1575 1524 
3 1573 1523 1524 
3 1573 1521 1523 
3 1547 1546 1549 
3 1549 1546 1571 
3 1524 1549 1571 
3 1524 1490 1549 
3 1576 1492 1577 
3 1577 1492 1578 
3 1526 1579 1552 
3 1525 1579 1526 
3 1492 1576 1525 
3 1578 1492 1553 
3 1552 1579 1550 
3 1580 1581 1582 
3 1579 1555 1550 
3 1553 1554 1583 
3 1529 1554 1553 
3 1556 1558 1584 
3 1580 1584 1558 
3 1580 1558 1581 
3 1585 1530 1555 
3 1584 1586 1560 
3 1581 1558 1559 
3 1587 1581 1559 
3 1588 1530 1589 
3 1589 1530 1585 
3 1560 1532 1584 
3 1556 1584 1532 
3 1511 1587 1559 
3 1588 1589 1590 
3 1591 1590 1592 
3 1501 1590 1591 
3 1501 1588 1590 
3 1501 1530 1588 
3 1501 1591 1533 
3 1531 1534 1562 
3 1593 1564 1560 
3 1511 1594 1595 
3 1591 1592 1596 
3 1533 1591 1596 
3 1533 1596 1535 
3 1564 1593 1563 
3 1566 1565 1594 
3 1566 1594 1511 
3 1535 1597 1538 
3 1562 1568 1598 
3 1515 1563 1541 
3 1565 1479 1599 
3 1594 1565 1599 
3 1516 1538 1597 
3 1570 1516 1597 
3 1568 1570 1598 
3 1599 1479 1544 
3 1571 1541 1600 
3 1521 1574 1601 
3 1575 1571 1600 
3 1573 1575 1574 
3 1575 1602 1574 
3 1573 1524 1575 
3 1579 1525 1603 
3 1576 1604 1525 
3 1577 1604 1576 
3 1604 1577 1578 
3 1605 1604 1578 
3 1579 1603 1555 
3 1578 1583 1605 
3 1583 1578 1553 
3 1580 1606 1607 
3 1608 1607 1606 
3 1608 1606 1609 
3 1609 1606 1610 
3 1611 1609 1610 
3 1611 1610 1612 
3 1582 1606 1580 
3 1610 1606 1582 
3 1581 1610 1582 
3 1581 1612 1610 
3 1583 1554 1531 
3 1580 1607 1584 
3 1587 1612 1581 
3 1560 1586 1613 
3 1587 1614 1615 
3 1614 1587 1595 
3 1587 1511 1595 
3 1590 1589 1592 
3 1592 1616 1596 
3 1562 1617 1531 
3 1560 1618 1593 
3 1613 1618 1560 
3 1596 1616 1619 
3 1596 1619 1535 
3 1562 1598 1617 
3 1593 1620 1563 
3 1593 1621 1620 
3 1595 1622 1623 
3 1595 1594 1622 
3 1597 1535 1619 
3 1617 1570 1597 
3 1598 1570 1617 
3 1622 1594 1599 
3 1563 1600 1541 
3 1521 1601 1544 
3 1624 1575 1600 
3 1624 1625 1602 
3 1602 1601 1574 
3 1602 1625 1601 
3 1625 1626 1601 
3 1602 1575 1624 
3 1627 1628 1629 
3 1607 1627 1629 
3 1629 1628 1630 
3 1631 1604 1605 
3 1627 1607 1608 
3 1627 1608 1609 
3 1611 1627 1609 
3 1611 1632 1627 
3 1632 1628 1627 
3 1605 1583 1631 
3 1612 1632 1611 
3 1612 1628 1632 
3 1612 1633 1628 
3 1555 1634 1585 
3 1635 1584 1607 
3 1636 1584 1635 
3 1633 1612 1615 
3 1583 1531 1637 
3 1586 1638 1639 
3 1638 1586 1584 
3 1612 1587 1615 
3 1639 1613 1586 
3 1592 1589 1585 
3 1640 1531 1617 
3 1639 1641 1613 
3 1614 1595 1642 
3 1614 1642 1615 
3 1618 1621 1593 
3 1618 1643 1621 
3 1618 1613 1643 
3 1613 1641 1643 
3 1642 1623 1644 
3 1642 1595 1623 
3 1616 1645 1619 
3 1617 1597 1640 
3 1621 1646 1620 
3 1646 1621 1643 
3 1647 1623 1622 
3 1647 1648 1623 
3 1646 1649 1563 
3 1620 1646 1563 
3 1648 1544 1650 
3 1647 1544 1648 
3 1647 1599 1544 
3 1622 1599 1647 
3 1563 1649 1600 
3 1624 1600 1649 
3 1625 1624 1649 
3 1625 1651 1650 
3 1649 1651 1625 
3 1544 1601 1650 
3 1650 1626 1625 
3 1601 1626 1650 
3 1604 1652 1525 
3 1629 1630 1653 
3 1555 1603 1634 
3 1630 1628 1653 
3 1653 1628 1654 
3 1628 1633 1654 
3 1583 1637 1655 
3 1655 1637 1656 
3 1657 1636 1635 
3 1638 1658 1639 
3 1636 1638 1584 
3 1658 1638 1636 
3 1531 1656 1637 
3 1640 1656 1531 
3 1659 1641 1639 
3 1592 1660 1661 
3 1592 1661 1616 
3 1645 1662 1619 
3 1645 1616 1662 
3 1616 1661 1662 
3 1662 1663 1619 
3 1641 1664 1643 
3 1664 1641 1659 
3 1623 1648 1644 
3 1597 1619 1663 
3 1664 1665 1646 
3 1643 1664 1646 
3 1646 1665 1649 
3 1650 1665 1666 
3 1666 1665 1664 
3 1648 1650 1666 
3 1665 1651 1649 
3 1650 1651 1665 
3 1667 1525 1668 
3 1668 1525 1652 
3 1652 1669 1670 
3 1607 1629 1671 
3 1629 1672 1673 
3 1671 1629 1673 
3 1525 1667 1674 
3 1525 1674 1603 
3 1669 1652 1675 
3 1652 1604 1675 
3 1675 1604 1631 
3 1676 1675 1631 
3 1653 1672 1629 
3 1603 1674 1634 
3 1676 1631 1583 
3 1653 1654 1677 
3 1677 1672 1653 
3 1634 1674 1678 
3 1679 1634 1678 
3 1677 1654 1680 
3 1654 1633 1680 
3 1679 1585 1634 
3 1583 1655 1681 
3 1633 1615 1680 
3 1679 1682 1585 
3 1636 1657 1658 
3 1592 1585 1682 
3 1642 1683 1684 
3 1685 1615 1642 
3 1684 1685 1642 
3 1640 1597 1686 
3 1664 1659 1658 
3 1658 1659 1639 
3 1644 1687 1683 
3 1644 1683 1642 
3 1661 1660 1688 
3 1662 1661 1689 
3 1661 1688 1689 
3 1689 1663 1662 
3 1597 1663 1686 
3 1687 1644 1690 
3 1690 1644 1648 
3 1691 1666 1664 
3 1648 1666 1691 
3 1671 1673 1672 
3 1670 1692 1652 
3 1652 1692 1668 
3 1692 1670 1669 
3 1693 1692 1669 
3 1669 1676 1693 
3 1675 1676 1669 
3 1672 1677 1694 
3 1694 1677 1685 
3 1583 1681 1695 
3 1677 1680 1685 
3 1655 1696 1681 
3 1696 1695 1681 
3 1680 1615 1685 
3 1640 1696 1655 
3 1686 1696 1640 
3 1655 1656 1640 
3 1657 1697 1658 
3 1592 1682 1698 
3 1698 1660 1592 
3 1658 1697 1664 
3 1664 1697 1691 
3 1687 1699 1700 
3 1687 1684 1683 
3 1687 1700 1684 
3 1700 1701 1684 
3 1702 1685 1684 
3 1701 1702 1684 
3 1660 1663 1688 
3 1699 1690 1691 
3 1687 1690 1699 
3 1663 1689 1688 
3 1690 1648 1691 
3 1703 1671 1704 
3 1705 1667 1668 
3 1705 1668 1706 
3 1703 1707 1635 
3 1672 1694 1708 
3 1671 1672 1708 
3 1705 1706 1709 
3 1705 1709 1674 
3 1705 1674 1667 
3 1668 1692 1710 
3 1710 1692 1693 
3 1703 1635 1607 
3 1703 1607 1671 
3 1709 1678 1674 
3 1676 1711 1693 
3 1711 1676 1583 
3 1712 1711 1583 
3 1685 1713 1694 
3 1635 1714 1657 
3 1714 1715 1657 
3 1678 1716 1679 
3 1695 1712 1583 
3 1715 1697 1657 
3 1697 1715 1717 
3 1718 1682 1679 
3 1719 1682 1718 
3 1696 1686 1720 
3 1695 1696 1720 
3 1717 1721 1697 
3 1721 1691 1697 
3 1721 1722 1701 
3 1717 1722 1721 
3 1722 1723 1701 
3 1701 1723 1702 
3 1723 1724 1702 
3 1725 1685 1702 
3 1724 1725 1702 
3 1682 1719 1698 
3 1726 1720 1686 
3 1721 1699 1691 
3 1700 1699 1701 
3 1701 1699 1721 
3 1663 1660 1726 
3 1686 1663 1726 
3 1671 1708 1704 
3 1704 1708 1727 
3 1706 1668 1728 
3 1729 1668 1710 
3 1635 1707 1714 
3 1727 1708 1730 
3 1710 1731 1729 
3 1731 1710 1693 
3 1708 1694 1730 
3 1730 1694 1713 
3 1732 1717 1715 
3 1733 1718 1679 
3 1722 1734 1723 
3 1735 1736 1724 
3 1735 1724 1734 
3 1734 1724 1723 
3 1725 1724 1736 
3 1719 1737 1698 
3 1660 1698 1726 
3 1738 1720 1726 
3 1703 1704 1739 
3 1704 1740 1739 
3 1728 1668 1741 
3 1703 1742 1707 
3 1727 1730 1743 
3 1704 1727 1743 
3 1706 1744 1745 
3 1709 1706 1745 
3 1744 1706 1728 
3 1741 1668 1729 
3 1707 1746 1714 
3 1747 1745 1748 
3 1747 1678 1745 
3 1678 1709 1745 
3 1711 1731 1693 
3 1749 1747 1748 
3 1678 1749 1716 
3 1747 1749 1678 
3 1750 1732 1715 
3 1714 1750 1715 
3 1732 1750 1714 
3 1730 1685 1751 
3 1730 1713 1685 
3 1685 1725 1752 
3 1716 1753 1679 
3 1732 1754 1717 
3 1717 1754 1732 
3 1733 1679 1753 
3 1753 1718 1733 
3 1755 1718 1753 
3 1695 1720 1756 
3 1734 1736 1735 
3 1734 1722 1736 
3 1718 1755 1757 
3 1719 1718 1757 
3 1737 1758 1698 
3 1737 1719 1758 
3 1719 1757 1758 
3 1758 1759 1698 
3 1726 1756 1738 
3 1756 1720 1738 
3 1759 1726 1698 
3 1703 1739 1742 
3 1744 1728 1760 
3 1746 1707 1761 
3 1743 1762 1704 
3 1744 1760 1745 
3 1741 1763 1764 
3 1763 1741 1729 
3 1746 1761 1714 
3 1743 1730 1751 
3 1748 1745 1765 
3 1729 1766 1763 
3 1731 1766 1729 
3 1766 1731 1711 
3 1748 1765 1749 
3 1714 1767 1732 
3 1685 1752 1751 
3 1716 1749 1768 
3 1768 1749 1765 
3 1711 1712 1769 
3 1725 1770 1752 
3 1768 1753 1716 
3 1732 1771 1717 
3 1722 1717 1771 
3 1771 1736 1722 
3 1736 1772 1725 
3 1772 1770 1725 
3 1755 1773 1757 
3 1758 1757 1774 
3 1759 1758 1775 
3 1758 1774 1775 
3 1726 1759 1775 
3 1739 1740 1776 
3 1760 1728 1777 
3 1741 1764 1778 
3 1707 1742 1761 
3 1762 1743 1779 
3 1760 1777 1765 
3 1745 1760 1765 
3 1761 1767 1714 
3 1743 1751 1779 
3 1769 1766 1711 
3 1765 1780 1768 
3 1769 1712 1781 
3 1732 1782 1771 
3 1783 1753 1768 
3 1756 1781 1695 
3 1695 1781 1712 
3 1771 1772 1736 
3 1753 1783 1773 
3 1755 1753 1773 
3 1773 1774 1784 
3 1773 1784 1757 
3 1784 1774 1757 
3 1775 1774 1781 
3 1781 1726 1775 
3 1756 1726 1781 
3 1776 1785 1739 
3 1739 1785 1786 
3 1776 1740 1785 
3 1741 1787 1728 
3 1787 1741 1778 
3 1764 1788 1778 
3 1788 1764 1763 
3 1789 1788 1763 
3 1742 1790 1761 
3 1791 1779 1792 
3 1791 1762 1779 
3 1761 1790 1767 
3 1792 1779 1793 
3 1779 1751 1793 
3 1763 1794 1789 
3 1766 1794 1763 
3 1794 1766 1769 
3 1793 1751 1752 
3 1795 1782 1732 
3 1795 1732 1767 
3 1771 1796 1772 
3 1782 1796 1771 
3 1772 1796 1770 
3 1796 1797 1770 
3 1797 1752 1770 
3 1768 1780 1798 
3 1798 1783 1768 
3 1773 1783 1799 
3 1773 1799 1800 
3 1773 1800 1774 
3 1801 1802 1803 
3 1802 1804 1805 
3 1803 1802 1805 
3 1739 1786 1742 
3 1801 1786 1785 
3 1740 1801 1785 
3 1802 1801 1740 
3 1804 1802 1740 
3 1804 1740 1704 
3 1804 1704 1806 
3 1787 1807 1728 
3 1808 1762 1809 
3 1808 1806 1762 
3 1806 1704 1762 
3 1778 1788 1810 
3 1762 1791 1809 
3 1809 1791 1808 
3 1793 1811 1792 
3 1794 1812 1789 
3 1767 1813 1795 
3 1752 1811 1793 
3 1769 1812 1794 
3 1782 1814 1797 
3 1795 1814 1782 
3 1795 1813 1814 
3 1797 1815 1752 
3 1769 1781 1812 
3 1781 1816 1812 
3 1782 1797 1796 
3 1798 1799 1783 
3 1798 1780 1799 
3 1799 1817 1800 
3 1781 1774 1818 
3 1816 1781 1818 
3 1819 1820 1803 
3 1819 1803 1821 
3 1803 1805 1821 
3 1821 1805 1804 
3 1786 1822 1823 
3 1742 1786 1823 
3 1822 1786 1801 
3 1777 1728 1824 
3 1778 1810 1787 
3 1787 1810 1807 
3 1742 1823 1790 
3 1806 1808 1825 
3 1824 1826 1777 
3 1788 1827 1810 
3 1827 1788 1789 
3 1808 1791 1825 
3 1825 1791 1828 
3 1777 1826 1765 
3 1826 1829 1765 
3 1790 1830 1767 
3 1792 1811 1828 
3 1828 1791 1792 
3 1829 1831 1765 
3 1813 1832 1814 
3 1767 1832 1813 
3 1765 1831 1780 
3 1797 1814 1815 
3 1833 1780 1831 
3 1780 1833 1817 
3 1799 1780 1817 
3 1800 1817 1834 
3 1774 1800 1835 
3 1800 1834 1835 
3 1835 1818 1774 
3 1836 1803 1820 
3 1819 1821 1820 
3 1801 1836 1837 
3 1803 1836 1801 
3 1821 1804 1838 
3 1837 1822 1801 
3 1804 1806 1839 
3 1807 1810 1840 
3 1810 1827 1840 
3 1823 1830 1790 
3 1806 1825 1839 
3 1825 1828 1839 
3 1827 1789 1841 
3 1811 1842 1828 
3 1789 1812 1843 
3 1842 1811 1752 
3 1815 1842 1752 
3 1812 1816 1843 
3 1843 1816 1844 
3 1818 1844 1816 
3 1817 1818 1835 
3 1817 1835 1834 
3 1836 1820 1845 
3 1821 1838 1820 
3 1838 1804 1846 
3 1807 1840 1728 
3 1822 1847 1823 
3 1822 1848 1847 
3 1822 1837 1848 
3 1804 1839 1846 
3 1824 1849 1826 
3 1849 1824 1728 
3 1847 1767 1830 
3 1823 1847 1830 
3 1850 1847 1848 
3 1767 1847 1850 
3 1851 1767 1850 
3 1852 1842 1853 
3 1852 1853 1839 
3 1852 1839 1828 
3 1767 1851 1832 
3 1842 1815 1854 
3 1852 1828 1842 
3 1829 1855 1831 
3 1832 1856 1814 
3 1814 1856 1815 
3 1817 1833 1818 
3 1836 1845 1857 
3 1858 1845 1820 
3 1838 1858 1820 
3 1836 1857 1837 
3 1857 1848 1837 
3 1859 1840 1827 
3 1846 1839 1860 
3 1826 1849 1829 
3 1860 1839 1853 
3 1861 1862 1851 
3 1841 1789 1843 
3 1851 1862 1832 
3 1832 1815 1856 
3 1832 1862 1815 
3 1831 1863 1833 
3 1818 1864 1844 
3 1833 1864 1818 
3 1858 1865 1857 
3 1845 1858 1857 
3 1838 1846 1866 
3 1846 1860 1867 
3 1867 1860 1853 
3 1861 1851 1868 
3 1868 1851 1850 
3 1862 1869 1854 
3 1861 1869 1862 
3 1869 1870 1854 
3 1853 1842 1870 
3 1862 1854 1815 
3 1842 1854 1870 
3 1871 1863 1831 
3 1833 1863 1872 
3 1863 1871 1872 
3 1833 1872 1864 
3 1858 1838 1873 
3 1873 1838 1866 
3 1857 1865 1848 
3 1866 1846 1867 
3 1840 1874 1728 
3 1840 1859 1874 
3 1848 1875 1850 
3 1728 1876 1877 
3 1849 1728 1877 
3 1859 1827 1878 
3 1850 1875 1868 
3 1867 1853 1879 
3 1879 1853 1880 
3 1877 1829 1849 
3 1881 1827 1841 
3 1881 1878 1827 
3 1861 1882 1870 
3 1861 1868 1882 
3 1870 1882 1853 
3 1882 1883 1853 
3 1883 1880 1853 
3 1861 1870 1869 
3 1872 1871 1864 
3 1884 1858 1885 
3 1858 1873 1886 
3 1858 1886 1885 
3 1886 1873 1887 
3 1884 1888 1889 
3 1866 1890 1891 
3 1873 1866 1891 
3 1873 1891 1887 
3 1865 1884 1889 
3 1865 1889 1848 
3 1858 1884 1865 
3 1890 1866 1892 
3 1893 1859 1894 
3 1892 1866 1879 
3 1866 1867 1879 
3 1728 1874 1876 
3 1859 1893 1874 
3 1877 1876 1829 
3 1895 1878 1896 
3 1895 1897 1878 
3 1897 1859 1878 
3 1880 1898 1879 
3 1878 1881 1896 
3 1896 1881 1895 
3 1899 1855 1829 
3 1881 1841 1895 
3 1843 1844 1900 
3 1901 1902 1864 
3 1900 1844 1864 
3 1902 1900 1864 
3 1864 1871 1903 
3 1887 1891 1904 
3 1889 1888 1905 
3 1905 1888 1884 
3 1891 1890 1904 
3 1889 1905 1848 
3 1905 1875 1848 
3 1890 1892 1906 
3 1874 1893 1907 
3 1894 1908 1893 
3 1908 1894 1859 
3 1892 1898 1906 
3 1879 1898 1892 
3 1876 1874 1909 
3 1909 1874 1907 
3 1880 1910 1911 
3 1880 1911 1898 
3 1876 1912 1829 
3 1912 1876 1909 
3 1868 1913 1882 
3 1882 1910 1914 
3 1880 1914 1910 
3 1880 1883 1914 
3 1897 1895 1915 
3 1883 1882 1914 
3 1895 1841 1915 
3 1915 1841 1843 
3 1916 1855 1899 
3 1831 1855 1916 
3 1831 1903 1871 
3 1917 1885 1886 
3 1884 1885 1918 
3 1886 1887 1919 
3 1919 1887 1904 
3 1905 1920 1875 
3 1905 1884 1920 
3 1884 1918 1920 
3 1893 1921 1907 
3 1893 1908 1921 
3 1906 1911 1922 
3 1898 1911 1906 
3 1909 1923 1912 
3 1923 1909 1907 
3 1875 1924 1868 
3 1868 1924 1913 
3 1913 1911 1910 
3 1913 1910 1882 
3 1912 1925 1829 
3 1829 1925 1899 
3 1925 1916 1899 
3 1926 1831 1916 
3 1831 1926 1903 
3 1864 1903 1901 
3 1927 1917 1928 
3 1929 1928 1886 
3 1928 1917 1886 
3 1886 1919 1929 
3 1885 1927 1930 
3 1927 1885 1917 
3 1931 1904 1890 
3 1919 1904 1931 
3 1890 1932 1931 
3 1885 1930 1918 
3 1933 1932 1890 
3 1918 1934 1920 
3 1933 1890 1906 
3 1920 1934 1875 
3 1934 1935 1875 
3 1908 1936 1921 
3 1908 1859 1936 
3 1859 1897 1937 
3 1935 1938 1924 
3 1935 1924 1875 
3 1938 1939 1911 
3 1939 1922 1911 
3 1939 1940 1922 
3 1940 1906 1922 
3 1921 1923 1907 
3 1937 1897 1941 
3 1924 1938 1913 
3 1911 1913 1938 
3 1942 1915 1943 
3 1942 1941 1915 
3 1941 1897 1915 
3 1943 1915 1843 
3 1901 1900 1902 
3 1903 1926 1901 
3 1944 1945 1946 
3 1947 1944 1946 
3 1946 1945 1948 
3 1944 1947 1929 
3 1929 1949 1944 
3 1949 1945 1944 
3 1950 1928 1947 
3 1950 1951 1928 
3 1951 1927 1928 
3 1929 1947 1928 
3 1929 1919 1949 
3 1931 1945 1949 
3 1919 1931 1949 
3 1952 1945 1931 
3 1927 1953 1930 
3 1927 1951 1953 
3 1931 1932 1954 
3 1930 1955 1918 
3 1918 1955 1934 
3 1955 1956 1934 
3 1933 1940 1957 
3 1906 1940 1933 
3 1956 1935 1934 
3 1956 1958 1935 
3 1859 1959 1936 
3 1959 1859 1937 
3 1935 1958 1938 
3 1960 1937 1941 
3 1923 1961 1912 
3 1941 1942 1960 
3 1960 1942 1962 
3 1912 1963 1925 
3 1942 1943 1962 
3 1925 1963 1916 
3 1843 1964 1943 
3 1963 1926 1916 
3 1964 1843 1900 
3 1965 1966 1901 
3 1966 1900 1901 
3 1901 1926 1965 
3 1967 1968 1969 
3 1970 1971 1972 
3 1970 1947 1971 
3 1971 1947 1973 
3 1967 1946 1968 
3 1967 1973 1946 
3 1973 1947 1946 
3 1948 1968 1946 
3 1948 1945 1968 
3 1945 1969 1968 
3 1945 1952 1969 
3 1950 1970 1972 
3 1950 1972 1974 
3 1947 1970 1950 
3 1974 1951 1950 
3 1975 1951 1974 
3 1931 1954 1976 
3 1931 1976 1952 
3 1952 1976 1977 
3 1951 1975 1953 
3 1954 1932 1933 
3 1930 1978 1955 
3 1930 1979 1978 
3 1930 1953 1979 
3 1955 1978 1956 
3 1980 1978 1979 
3 1956 1978 1980 
3 1957 1981 1982 
3 1940 1981 1957 
3 1982 1933 1957 
3 1956 1980 1958 
3 1958 1983 1939 
3 1939 1983 1940 
3 1936 1984 1921 
3 1937 1985 1959 
3 1939 1938 1958 
3 1937 1960 1985 
3 1985 1960 1962 
3 1961 1986 1912 
3 1962 1943 1987 
3 1988 1963 1986 
3 1986 1963 1912 
3 1987 1943 1964 
3 1963 1988 1926 
3 1989 1926 1988 
3 1966 1964 1900 
3 1965 1926 1989 
3 1966 1965 1989 
3 1969 1990 1991 
3 1992 1969 1991 
3 1993 1967 1992 
3 1992 1967 1969 
3 1990 1994 1995 
3 1971 1996 1972 
3 1993 1973 1967 
3 1993 1996 1973 
3 1996 1971 1973 
3 1990 1952 1997 
3 1969 1952 1990 
3 1994 1990 1997 
3 1972 1975 1974 
3 1997 1977 1998 
3 1952 1977 1997 
3 1998 1977 1976 
3 1975 1999 1953 
3 1999 2000 1953 
3 1954 1933 2001 
3 1954 2001 1976 
3 2002 2003 1979 
3 2002 1979 2000 
3 2000 1979 1953 
3 2002 2004 2003 
3 1982 2005 2006 
3 2001 2006 2007 
3 2001 1982 2006 
3 2001 1933 1982 
3 2003 1983 1980 
3 1979 2003 1980 
3 2004 1983 2003 
3 1983 2004 1981 
3 2005 1981 2004 
3 1982 1981 2005 
3 1936 2008 1984 
3 1936 2009 2008 
3 2009 1936 1959 
3 1980 1983 1958 
3 1981 1940 1983 
3 1923 1921 2010 
3 1984 2011 1921 
3 1921 2011 2010 
3 1923 2010 1961 
3 1961 2012 1986 
3 1986 2013 1988 
3 2013 2014 1988 
3 1989 1988 2014 
3 1989 2014 2015 
3 2016 2017 2018 
3 2017 2016 2019 
3 2016 2018 2020 
3 2020 2021 2016 
3 2018 2022 1991 
3 1995 2018 1991 
3 2020 2018 1995 
3 2023 2020 1995 
3 2023 2021 2020 
3 2022 1992 1991 
3 1995 1991 1990 
3 2024 2023 1994 
3 1994 2023 1995 
3 1993 2025 2026 
3 2025 1993 1992 
3 2024 1994 2027 
3 1972 1996 2028 
3 2026 1996 1993 
3 2028 1996 2026 
3 1994 1997 1998 
3 1994 1998 2029 
3 1972 2028 1975 
3 2028 2030 1975 
3 1999 2031 2032 
3 2030 1999 1975 
3 2031 1999 2030 
3 2002 2000 2032 
3 2032 2000 1999 
3 2033 1998 2001 
3 2001 1998 1976 
3 2002 2034 2004 
3 2033 2007 2005 
3 2005 2007 2006 
3 2001 2007 2033 
3 1984 2008 2011 
3 1985 2035 2036 
3 1959 1985 2036 
3 1985 1962 2035 
3 2012 2037 1986 
3 2012 1961 2037 
3 1961 2010 2037 
3 1986 2037 2013 
3 2037 2038 2013 
3 2039 1962 1987 
3 2038 2014 2013 
3 2038 2015 2014 
3 1964 2040 2041 
3 2041 1987 1964 
3 2040 1964 1966 
3 1989 2040 1966 
3 2042 2043 2044 
3 2042 2045 2016 
3 2046 2044 2043 
3 2046 2043 2016 
3 2016 2043 2042 
3 2019 2016 2047 
3 2045 2047 2016 
3 2048 2017 2019 
3 2049 2046 2050 
3 2050 2046 2016 
3 2048 2018 2017 
3 2048 2051 2018 
3 2016 2021 2023 
3 2023 2050 2016 
3 2051 2022 2018 
3 2052 2022 2051 
3 2050 2023 2053 
3 2025 1992 2022 
3 2025 2022 2052 
3 2024 2027 2054 
3 2053 2023 2024 
3 2053 2024 2054 
3 2026 2025 2055 
3 2056 2055 2025 
3 2027 2029 2057 
3 1994 2029 2027 
3 2028 2026 2058 
3 2026 2055 2058 
3 1998 2057 2029 
3 2058 2059 2028 
3 2028 2059 2030 
3 1998 2060 2057 
3 2031 2061 2032 
3 2031 2030 2061 
3 2030 2059 2061 
3 2032 2061 2002 
3 2061 2062 2002 
3 2060 1998 2033 
3 2063 2060 2033 
3 2034 2002 2062 
3 2004 2034 2064 
3 2034 2062 2064 
3 2004 2064 2005 
3 2064 2033 2005 
3 2008 2065 2011 
3 2008 2009 2065 
3 1959 2036 2066 
3 1959 2066 2009 
3 2067 2010 2011 
3 2035 1962 2068 
3 2010 2067 2037 
3 2067 2069 2037 
3 2069 2038 2037 
3 1987 2070 2039 
3 2068 1962 2039 
3 2015 2071 2041 
3 2038 2071 2015 
3 1989 2041 2040 
3 2070 1987 2041 
3 2072 2070 2041 
3 1989 2015 2041 
3 2042 2073 2074 
3 2075 2042 2074 
3 2076 2045 2077 
3 2077 2042 2075 
3 2077 2045 2042 
3 2044 2073 2042 
3 2078 2074 2073 
3 2044 2078 2073 
3 2045 2076 2047 
3 2046 2078 2044 
3 2079 2047 2076 
3 2079 2019 2047 
3 2048 2080 2081 
3 2019 2082 2048 
3 2048 2082 2080 
3 2082 2019 2079 
3 2046 2049 2083 
3 2046 2083 2084 
3 2046 2084 2085 
3 2051 2086 2087 
3 2081 2051 2048 
3 2086 2051 2081 
3 2049 2050 2088 
3 2049 2088 2089 
3 2049 2089 2083 
3 2087 2052 2051 
3 2090 2052 2087 
3 2088 2050 2053 
3 2088 2053 2091 
3 2091 2053 2092 
3 2025 2090 2056 
3 2090 2025 2052 
3 2053 2054 2092 
3 2054 2057 2092 
3 2093 2055 2056 
3 2054 2027 2057 
3 2055 2093 2058 
3 2058 2094 2059 
3 2058 2093 2094 
3 2060 2095 2096 
3 2097 2060 2096 
3 2057 2060 2097 
3 2094 2062 2061 
3 2059 2094 2061 
3 2062 2094 2098 
3 2060 2063 2095 
3 2099 2062 2098 
3 2099 2095 2064 
3 2063 2064 2095 
3 2063 2033 2064 
3 2099 2064 2062 
3 2065 2009 2100 
3 2100 2009 2101 
3 2101 2009 2066 
3 2066 2036 2101 
3 2036 2035 2102 
3 2102 2035 2068 
3 2038 2103 2071 
3 2069 2103 2038 
3 2068 2039 2104 
3 2041 2071 2105 
3 2041 2105 2072 
3 2070 2072 2106 
3 2039 2070 2106 
3 2077 2107 2108 
3 2075 2109 2077 
3 2077 2109 2107 
3 2074 2110 2075 
3 2075 2110 2109 
3 2076 2111 2112 
3 2077 2111 2076 
3 2111 2077 2108 
3 2074 2078 2113 
3 2079 2112 2114 
3 2112 2079 2076 
3 2078 2115 2116 
3 2078 2046 2115 
3 2115 2046 2085 
3 2117 2115 2085 
3 2118 2080 2082 
3 2114 2082 2079 
3 2118 2082 2114 
3 2083 2119 2084 
3 2119 2085 2084 
3 2081 2120 2086 
3 2081 2080 2120 
3 2121 2089 2088 
3 2121 2119 2089 
3 2119 2083 2089 
3 2090 2122 2123 
3 2087 2122 2090 
3 2087 2086 2122 
3 2124 2125 2092 
3 2121 2091 2125 
3 2125 2091 2092 
3 2088 2091 2121 
3 2090 2123 2056 
3 2126 2123 2122 
3 2127 2123 2126 
3 2128 2124 2057 
3 2124 2092 2057 
3 2093 2056 2123 
3 2093 2123 2129 
3 2127 2130 2123 
3 2130 2129 2123 
3 2126 2128 2127 
3 2128 2130 2127 
3 2094 2093 2129 
3 2130 2097 2129 
3 2128 2097 2130 
3 2057 2097 2128 
3 2129 2098 2094 
3 2096 2095 2131 
3 2096 2131 2097 
3 2097 2131 2129 
3 2095 2098 2131 
3 2131 2098 2129 
3 2095 2099 2098 
3 2065 2132 2133 
3 2065 2100 2132 
3 2101 2036 2134 
3 2101 2134 2100 
3 2133 2011 2065 
3 2103 2135 2071 
3 2104 2106 2136 
3 2039 2106 2104 
3 2135 2137 2071 
3 2071 2137 2105 
3 2105 2137 2072 
3 2108 2107 2138 
3 2109 2139 2107 
3 2107 2139 2138 
3 2140 2139 2110 
3 2139 2109 2110 
3 2141 2110 2074 
3 2113 2141 2074 
3 2113 2142 2141 
3 2143 2112 2111 
3 2143 2111 2144 
3 2138 2111 2108 
3 2144 2111 2138 
3 2113 2078 2145 
3 2145 2142 2113 
3 2143 2146 2112 
3 2116 2115 2147 
3 2078 2116 2147 
3 2078 2147 2145 
3 2114 2148 2149 
3 2114 2112 2148 
3 2085 2150 2117 
3 2147 2115 2117 
3 2118 2151 2080 
3 2118 2152 2151 
3 2114 2152 2118 
3 2114 2149 2152 
3 2148 2152 2149 
3 2153 2150 2119 
3 2150 2085 2119 
3 2120 2154 2086 
3 2120 2080 2151 
3 2120 2151 2154 
3 2154 2151 2155 
3 2155 2151 2152 
3 2153 2119 2156 
3 2156 2119 2121 
3 2122 2086 2154 
3 2122 2154 2157 
3 2155 2157 2154 
3 2158 2124 2155 
3 2158 2159 2124 
3 2156 2121 2125 
3 2156 2125 2159 
3 2159 2125 2124 
3 2122 2157 2126 
3 2128 2157 2155 
3 2124 2128 2155 
3 2157 2128 2126 
3 2160 2161 2162 
3 2100 2160 2132 
3 2132 2160 2133 
3 2160 2100 2161 
3 2134 2161 2100 
3 2162 2161 2134 
3 2134 2036 2163 
3 2134 2163 2162 
3 2011 2164 2067 
3 2011 2133 2164 
3 2036 2102 2165 
3 2102 2068 2165 
3 2069 2166 2103 
3 2135 2167 2137 
3 2135 2166 2167 
3 2135 2103 2166 
3 2137 2168 2072 
3 2167 2168 2137 
3 2168 2106 2072 
3 2140 2169 2170 
3 2140 2110 2171 
3 2141 2171 2110 
3 2141 2142 2172 
3 2139 2173 2138 
3 2170 2139 2140 
3 2173 2139 2170 
3 2173 2144 2138 
3 2142 2145 2174 
3 2175 2142 2174 
3 2176 2146 2143 
3 2145 2117 2177 
3 2147 2117 2145 
3 2146 2178 2148 
3 2112 2146 2148 
3 2117 2150 2177 
3 2150 2153 2177 
3 2152 2148 2178 
3 2179 2159 2178 
3 2178 2158 2155 
3 2152 2178 2155 
3 2159 2158 2178 
3 2156 2159 2179 
3 2162 2180 2160 
3 2162 2163 2180 
3 2181 2165 2182 
3 2036 2165 2181 
3 2067 2164 2069 
3 2165 2068 2182 
3 2182 2068 2183 
3 2183 2068 2104 
3 2106 2168 2136 
3 2184 2185 2186 
3 2185 2184 2187 
3 2140 2188 2169 
3 2171 2189 2140 
3 2140 2189 2188 
3 2171 2190 2184 
3 2171 2184 2189 
3 2189 2184 2186 
3 2190 2187 2184 
3 2171 2141 2190 
3 2191 2190 2172 
3 2191 2172 2192 
3 2141 2172 2190 
3 2144 2173 2193 
3 2173 2194 2193 
3 2170 2194 2173 
3 2170 2169 2194 
3 2142 2175 2192 
3 2142 2192 2172 
3 2144 2195 2143 
3 2195 2144 2196 
3 2196 2144 2193 
3 2174 2145 2197 
3 2175 2174 2197 
3 2175 2197 2198 
3 2175 2198 2192 
3 2176 2179 2146 
3 2176 2143 2195 
3 2176 2195 2179 
3 2196 2179 2195 
3 2199 2196 2193 
3 2199 2200 2196 
3 2200 2179 2196 
3 2200 2201 2153 
3 2199 2201 2200 
3 2153 2202 2177 
3 2201 2202 2153 
3 2202 2203 2177 
3 2197 2145 2177 
3 2197 2177 2204 
3 2204 2177 2203 
3 2146 2179 2178 
3 2200 2153 2179 
3 2153 2156 2179 
3 2160 2180 2133 
3 2163 2205 2206 
3 2206 2205 2207 
3 2163 2036 2205 
3 2181 2205 2036 
3 2166 2208 2167 
3 2136 2209 2104 
3 2183 2104 2210 
3 2210 2104 2209 
3 2182 2183 2210 
3 2208 2211 2167 
3 2167 2211 2168 
3 2136 2168 2209 
3 2168 2211 2209 
3 2212 2186 2185 
3 2212 2185 2213 
3 2187 2190 2214 
3 2169 2188 2215 
3 2212 2188 2189 
3 2186 2212 2189 
3 2214 2190 2191 
3 2169 2215 2216 
3 2194 2217 2193 
3 2169 2217 2194 
3 2216 2217 2169 
3 2191 2192 2218 
3 2219 2193 2217 
3 2198 2204 2220 
3 2197 2204 2198 
3 2218 2192 2198 
3 2220 2218 2198 
3 2193 2219 2199 
3 2201 2199 2219 
3 2203 2202 2221 
3 2202 2201 2221 
3 2204 2203 2222 
3 2203 2221 2222 
3 2180 2163 2223 
3 2224 2225 2226 
3 2133 2227 2164 
3 2227 2133 2180 
3 2206 2224 2163 
3 2225 2224 2206 
3 2225 2206 2207 
3 2225 2207 2226 
3 2228 2205 2229 
3 2228 2207 2205 
3 2205 2181 2229 
3 2181 2182 2229 
3 2069 2164 2166 
3 2182 2210 2230 
3 2208 2209 2211 
3 2230 2210 2209 
3 2213 2231 2232 
3 2212 2213 2232 
3 2185 2231 2213 
3 2187 2231 2185 
3 2214 2233 2187 
3 2187 2233 2231 
3 2233 2214 2234 
3 2188 2235 2215 
3 2188 2236 2235 
3 2188 2212 2236 
3 2212 2232 2236 
3 2214 2191 2237 
3 2237 2234 2214 
3 2235 2216 2215 
3 2236 2216 2235 
3 2237 2191 2238 
3 2218 2220 2239 
3 2238 2191 2218 
3 2239 2238 2218 
3 2240 2201 2219 
3 2217 2240 2219 
3 2241 2201 2240 
3 2241 2242 2243 
3 2240 2242 2241 
3 2243 2220 2204 
3 2243 2242 2220 
3 2242 2244 2220 
3 2241 2221 2201 
3 2222 2221 2241 
3 2243 2222 2241 
3 2204 2222 2243 
3 2245 2180 2246 
3 2246 2180 2223 
3 2224 2247 2163 
3 2163 2247 2223 
3 2226 2248 2224 
3 2224 2248 2247 
3 2245 2227 2180 
3 2248 2207 2228 
3 2226 2207 2248 
3 2228 2229 2249 
3 2229 2182 2250 
3 2166 2251 2252 
3 2164 2251 2166 
3 2250 2182 2230 
3 2166 2252 2208 
3 2209 2208 2252 
3 2253 2209 2252 
3 2230 2209 2253 
3 2254 2255 2256 
3 2257 2254 2256 
3 2256 2255 2258 
3 2254 2257 2232 
3 2254 2232 2231 
3 2255 2254 2231 
3 2233 2255 2231 
3 2258 2255 2233 
3 2233 2234 2258 
3 2232 2259 2236 
3 2234 2237 2260 
3 2216 2261 2262 
3 2216 2236 2261 
3 2236 2259 2261 
3 2238 2263 2264 
3 2238 2264 2237 
3 2237 2264 2260 
3 2262 2240 2217 
3 2216 2262 2217 
3 2265 2262 2261 
3 2265 2266 2262 
3 2266 2240 2262 
3 2266 2267 2244 
3 2265 2267 2266 
3 2244 2239 2220 
3 2244 2267 2239 
3 2267 2263 2239 
3 2263 2238 2239 
3 2266 2242 2240 
3 2244 2242 2266 
3 2223 2268 2246 
3 2269 2247 2270 
3 2269 2268 2247 
3 2268 2223 2247 
3 2270 2247 2271 
3 2247 2248 2271 
3 2272 2271 2248 
3 2273 2164 2227 
3 2273 2227 2245 
3 2272 2228 2249 
3 2272 2248 2228 
3 2274 2272 2249 
3 2249 2250 2275 
3 2249 2229 2250 
3 2274 2249 2275 
3 2251 2276 2252 
3 2253 2252 2277 
3 2252 2276 2277 
3 2257 2278 2279 
3 2256 2280 2257 
3 2257 2280 2278 
3 2256 2258 2280 
3 2257 2279 2232 
3 2279 2281 2232 
3 2259 2282 2261 
3 2259 2232 2282 
3 2232 2281 2282 
3 2260 2283 2284 
3 2260 2284 2234 
3 2234 2284 2285 
3 2286 2261 2282 
3 2287 2261 2286 
3 2283 2260 2288 
3 2260 2264 2288 
3 2261 2287 2265 
3 2287 2286 2289 
3 2287 2289 2265 
3 2265 2289 2267 
3 2263 2267 2290 
3 2267 2289 2290 
3 2288 2264 2263 
3 2270 2291 2269 
3 2270 2271 2292 
3 2245 2246 2293 
3 2268 2294 2246 
3 2246 2294 2293 
3 2294 2268 2269 
3 2271 2272 2292 
3 2273 2293 2164 
3 2273 2245 2293 
3 2293 2295 2164 
3 2295 2296 2164 
3 2296 2251 2164 
3 2297 2250 2298 
3 2275 2250 2297 
3 2277 2276 2251 
3 2296 2277 2251 
3 2296 2299 2300 
3 2296 2300 2277 
3 2277 2300 2253 
3 2230 2253 2301 
3 2253 2300 2301 
3 2298 2250 2230 
3 2301 2298 2230 
3 2278 2302 2303 
3 2278 2304 2305 
3 2302 2278 2305 
3 2278 2303 2279 
3 2258 2278 2280 
3 2304 2278 2258 
3 2234 2304 2258 
3 2304 2234 2285 
3 2281 2279 2282 
3 2279 2286 2282 
3 2285 2284 2306 
3 2306 2284 2283 
3 2307 2289 2286 
3 2307 2308 2289 
3 2283 2309 2310 
3 2288 2309 2283 
3 2308 2290 2289 
3 2308 2311 2312 
3 2308 2312 2290 
3 2290 2312 2263 
3 2309 2288 2263 
3 2312 2309 2263 
3 2294 2313 2314 
3 2294 2269 2291 
3 2294 2291 2313 
3 2294 2314 2293 
3 2292 2272 2315 
3 2315 2272 2316 
3 2315 2316 2317 
3 2316 2272 2274 
3 2274 2275 2318 
3 2299 2319 2300 
3 2296 2319 2299 
3 2300 2320 2301 
3 2319 2320 2300 
3 2301 2320 2298 
3 2320 2321 2298 
3 2297 2298 2322 
3 2298 2321 2322 
3 2318 2275 2297 
3 2322 2318 2297 
3 2323 2324 2305 
3 2304 2323 2305 
3 2325 2285 2326 
3 2325 2304 2285 
3 2325 2326 2327 
3 2279 2328 2286 
3 2326 2329 2330 
3 2326 2285 2329 
3 2285 2306 2329 
3 2327 2326 2330 
3 2307 2286 2328 
3 2306 2283 2329 
3 2329 2283 2310 
3 2307 2331 2308 
3 2311 2331 2309 
3 2311 2308 2331 
3 2309 2331 2310 
3 2331 2332 2310 
3 2311 2309 2312 
3 2291 2270 2333 
3 2270 2334 2333 
3 2335 2313 2291 
3 2270 2292 2334 
3 2292 2315 2334 
3 2315 2336 2334 
3 2315 2337 2336 
3 2315 2317 2338 
3 2316 2274 2339 
3 2316 2339 2340 
3 2316 2340 2317 
3 2317 2340 2338 
3 2296 2341 2319 
3 2295 2341 2296 
3 2341 2342 2319 
3 2339 2318 2340 
3 2339 2274 2318 
3 2319 2342 2320 
3 2320 2342 2321 
3 2322 2321 2343 
3 2343 2318 2322 
3 2324 2344 2305 
3 2323 2345 2324 
3 2324 2345 2344 
3 2345 2323 2304 
3 2346 2345 2304 
3 2302 2347 2348 
3 2303 2302 2348 
3 2347 2302 2305 
3 2349 2346 2325 
3 2346 2304 2325 
3 2303 2348 2279 
3 2348 2350 2279 
3 2325 2327 2349 
3 2351 2352 2328 
3 2351 2328 2350 
3 2350 2328 2279 
3 2351 2353 2352 
3 2352 2331 2307 
3 2328 2352 2307 
3 2353 2331 2352 
3 2353 2354 2332 
3 2332 2354 2330 
3 2332 2330 2310 
3 2310 2330 2329 
3 2332 2331 2353 
3 2333 2334 2355 
3 2356 2333 2355 
3 2291 2357 2335 
3 2356 2357 2333 
3 2357 2291 2333 
3 2334 2336 2337 
3 2313 2358 2314 
3 2313 2335 2358 
3 2314 2359 2360 
3 2314 2360 2293 
3 2358 2359 2314 
3 2337 2315 2338 
3 2360 2295 2293 
3 2340 2361 2338 
3 2342 2362 2321 
3 2341 2362 2342 
3 2341 2295 2362 
3 2321 2363 2343 
3 2362 2363 2321 
3 2343 2363 2361 
3 2340 2318 2361 
3 2318 2343 2361 
3 2305 2344 2364 
3 2345 2365 2344 
3 2345 2346 2365 
3 2364 2347 2305 
3 2348 2347 2364 
3 2346 2349 2366 
3 2366 2349 2367 
3 2368 2369 2350 
3 2368 2350 2348 
3 2330 2370 2371 
3 2330 2371 2367 
3 2330 2367 2327 
3 2327 2367 2349 
3 2350 2369 2351 
3 2351 2372 2353 
3 2351 2369 2372 
3 2353 2370 2373 
3 2372 2370 2353 
3 2330 2373 2370 
3 2373 2354 2353 
3 2330 2354 2373 
3 2374 2356 2375 
3 2356 2355 2375 
3 2356 2374 2357 
3 2355 2334 2376 
3 2335 2357 2377 
3 2376 2337 2378 
3 2376 2334 2337 
3 2376 2378 2379 
3 2335 2377 2358 
3 2378 2337 2380 
3 2359 2381 2360 
3 2359 2358 2381 
3 2358 2377 2381 
3 2337 2338 2380 
3 2380 2338 2382 
3 2360 2383 2295 
3 2360 2381 2383 
3 2361 2382 2338 
3 2383 2363 2362 
3 2295 2383 2362 
3 2384 2363 2383 
3 2361 2363 2384 
3 2344 2385 2386 
3 2364 2344 2386 
3 2387 2365 2388 
3 2387 2385 2365 
3 2385 2344 2365 
3 2388 2365 2389 
3 2365 2346 2389 
3 2389 2346 2366 
3 2390 2389 2366 
3 2348 2391 2368 
3 2348 2364 2391 
3 2364 2386 2391 
3 2366 2367 2390 
3 2368 2391 2369 
3 2391 2392 2369 
3 2369 2392 2393 
3 2372 2369 2393 
3 2372 2393 2370 
3 2374 2394 2357 
3 2394 2374 2375 
3 2355 2376 2395 
3 2377 2357 2396 
3 2357 2397 2396 
3 2376 2379 2398 
3 2399 2377 2396 
3 2400 2377 2399 
3 2378 2382 2401 
3 2380 2382 2378 
3 2398 2379 2378 
3 2401 2398 2378 
3 2400 2383 2381 
3 2377 2400 2381 
3 2402 2400 2399 
3 2402 2383 2400 
3 2403 2404 2405 
3 2403 2405 2382 
3 2384 2383 2402 
3 2404 2384 2402 
3 2404 2403 2361 
3 2404 2361 2384 
3 2382 2361 2403 
3 2385 2406 2386 
3 2385 2387 2406 
3 2406 2387 2407 
3 2407 2387 2388 
3 2408 2407 2388 
3 2388 2409 2408 
3 2389 2409 2388 
3 2409 2389 2390 
3 2386 2410 2391 
3 2410 2411 2391 
3 2393 2392 2411 
3 2411 2392 2391 
3 2370 2412 2371 
3 2393 2412 2370 
3 2375 2413 2414 
3 2414 2413 2415 
3 2375 2416 2417 
3 2418 2415 2413 
3 2394 2417 2419 
3 2394 2419 2357 
3 2357 2419 2397 
3 2375 2417 2394 
3 2375 2355 2413 
3 2413 2355 2395 
3 2413 2395 2418 
3 2418 2395 2420 
3 2395 2376 2420 
3 2420 2376 2398 
3 2401 2421 2398 
3 2401 2382 2421 
3 2382 2405 2421 
3 2399 2422 2402 
3 2402 2422 2404 
3 2406 2423 2386 
3 2406 2407 2423 
3 2408 2409 2424 
3 2408 2424 2407 
3 2424 2409 2425 
3 2386 2426 2410 
3 2409 2390 2425 
3 2425 2390 2427 
3 2410 2426 2411 
3 2426 2428 2411 
3 2371 2429 2430 
3 2371 2430 2427 
3 2371 2427 2367 
3 2367 2427 2390 
3 2411 2428 2431 
3 2393 2411 2431 
3 2393 2431 2412 
3 2371 2412 2429 
3 2375 2432 2433 
3 2434 2375 2433 
3 2432 2435 2436 
3 2375 2434 2416 
3 2414 2432 2375 
3 2435 2432 2414 
3 2435 2414 2415 
3 2435 2415 2436 
3 2436 2415 2437 
3 2417 2416 2419 
3 2415 2418 2437 
3 2437 2418 2420 
3 2397 2438 2396 
3 2438 2439 2396 
3 2421 2440 2398 
3 2398 2440 2420 
3 2439 2441 2399 
3 2439 2399 2396 
3 2439 2442 2441 
3 2399 2441 2422 
3 2422 2443 2404 
3 2422 2442 2443 
3 2422 2441 2442 
3 2443 2405 2404 
3 2444 2445 2446 
3 2444 2447 2448 
3 2445 2444 2448 
3 2448 2447 2449 
3 2444 2446 2386 
3 2444 2386 2423 
3 2407 2444 2423 
3 2447 2444 2407 
3 2447 2407 2424 
3 2447 2424 2450 
3 2447 2450 2449 
3 2450 2424 2451 
3 2424 2425 2451 
3 2386 2452 2426 
3 2446 2452 2386 
3 2451 2453 2450 
3 2453 2451 2425 
3 2453 2425 2427 
3 2452 2428 2426 
3 2431 2428 2454 
3 2412 2431 2455 
3 2431 2454 2455 
3 2455 2429 2412 
3 2434 2456 2457 
3 2458 2456 2434 
3 2433 2458 2434 
3 2433 2459 2460 
3 2433 2432 2459 
3 2459 2432 2436 
3 2461 2459 2436 
3 2416 2434 2457 
3 2416 2457 2419 
3 2419 2457 2462 
3 2436 2437 2461 
3 2461 2437 2420 
3 2419 2462 2397 
3 2463 2464 2438 
3 2463 2438 2397 
3 2463 2465 2464 
3 2420 2440 2466 
3 2438 2464 2439 
3 2443 2464 2465 
3 2443 2439 2464 
3 2405 2440 2421 
3 2442 2439 2443 
3 2467 2468 2469 
3 2469 2468 2470 
3 2445 2471 2446 
3 2445 2468 2471 
3 2468 2467 2471 
3 2448 2468 2445 
3 2470 2468 2448 
3 2470 2448 2449 
3 2470 2449 2472 
3 2446 2471 2473 
3 2446 2473 2452 
3 2452 2473 2474 
3 2475 2450 2476 
3 2475 2472 2450 
3 2472 2449 2450 
3 2475 2476 2477 
3 2474 2478 2452 
3 2453 2479 2450 
3 2476 2450 2480 
3 2480 2450 2479 
3 2476 2480 2477 
3 2452 2478 2481 
3 2481 2428 2452 
3 2482 2428 2481 
3 2430 2479 2453 
3 2430 2429 2479 
3 2429 2483 2479 
3 2427 2430 2453 
3 2428 2482 2454 
3 2483 2429 2455 
3 2484 2458 2460 
3 2485 2486 2457 
3 2458 2486 2485 
3 2458 2433 2460 
3 2456 2485 2457 
3 2458 2485 2456 
3 2460 2461 2487 
3 2459 2461 2460 
3 2461 2420 2488 
3 2488 2420 2489 
3 2490 2463 2397 
3 2420 2466 2489 
3 2463 2490 2465 
3 2440 2491 2466 
3 2405 2443 2465 
3 2465 2440 2405 
3 2492 2493 2471 
3 2492 2471 2467 
3 2469 2492 2467 
3 2494 2469 2470 
3 2471 2495 2473 
3 2470 2472 2494 
3 2494 2472 2496 
3 2495 2497 2473 
3 2497 2474 2473 
3 2472 2477 2496 
3 2475 2477 2472 
3 2474 2497 2478 
3 2497 2498 2478 
3 2480 2499 2500 
3 2479 2499 2480 
3 2501 2477 2480 
3 2500 2501 2480 
3 2478 2498 2502 
3 2481 2478 2502 
3 2482 2503 2455 
3 2482 2481 2503 
3 2481 2502 2503 
3 2455 2504 2483 
3 2503 2504 2455 
3 2483 2504 2499 
3 2483 2499 2479 
3 2482 2455 2454 
3 2505 2484 2506 
3 2507 2484 2508 
3 2509 2507 2508 
3 2484 2507 2458 
3 2484 2460 2506 
3 2486 2507 2509 
3 2486 2509 2457 
3 2457 2509 2510 
3 2458 2507 2486 
3 2506 2460 2487 
3 2511 2512 2462 
3 2511 2462 2510 
3 2510 2462 2457 
3 2487 2488 2513 
3 2461 2488 2487 
3 2512 2490 2397 
3 2462 2512 2397 
3 2514 2515 2489 
3 2489 2515 2488 
3 2512 2465 2490 
3 2516 2514 2517 
3 2489 2466 2517 
3 2514 2489 2517 
3 2517 2518 2516 
3 2517 2440 2518 
3 2517 2491 2440 
3 2466 2491 2517 
3 2440 2465 2518 
3 2492 2519 2493 
3 2492 2469 2520 
3 2521 2493 2522 
3 2471 2493 2495 
3 2523 2469 2494 
3 2523 2494 2524 
3 2525 2493 2521 
3 2493 2525 2495 
3 2526 2524 2496 
3 2524 2494 2496 
3 2525 2521 2527 
3 2528 2527 2529 
3 2495 2527 2528 
3 2495 2525 2527 
3 2495 2528 2497 
3 2530 2496 2477 
3 2530 2531 2496 
3 2526 2496 2532 
3 2532 2496 2531 
3 2477 2501 2530 
3 2528 2498 2497 
3 2528 2533 2498 
3 2528 2529 2533 
3 2502 2498 2533 
3 2500 2531 2530 
3 2500 2499 2531 
3 2499 2534 2531 
3 2501 2500 2530 
3 2504 2503 2535 
3 2503 2502 2535 
3 2534 2499 2504 
3 2535 2534 2504 
3 2484 2536 2537 
3 2536 2484 2538 
3 2484 2537 2539 
3 2484 2539 2508 
3 2538 2484 2505 
3 2505 2506 2487 
3 2505 2487 2538 
3 2540 2509 2508 
3 2509 2540 2510 
3 2540 2541 2510 
3 2487 2513 2542 
3 2542 2513 2543 
3 2510 2541 2544 
3 2511 2510 2544 
3 2544 2512 2511 
3 2545 2512 2544 
3 2546 2513 2488 
3 2546 2547 2513 
3 2547 2543 2513 
3 2488 2515 2546 
3 2546 2548 2547 
3 2546 2514 2548 
3 2515 2514 2546 
3 2545 2518 2465 
3 2512 2545 2465 
3 2548 2516 2545 
3 2516 2518 2545 
3 2548 2514 2516 
3 2549 2550 2519 
3 2519 2492 2551 
3 2551 2492 2552 
3 2520 2552 2492 
3 2493 2519 2522 
3 2519 2550 2522 
3 2552 2520 2553 
3 2520 2469 2553 
3 2553 2469 2523 
3 2550 2554 2522 
3 2522 2554 2521 
3 2553 2523 2524 
3 2532 2531 2555 
3 2532 2555 2556 
3 2532 2556 2526 
3 2502 2557 2535 
3 2502 2533 2557 
3 2557 2558 2535 
3 2555 2558 2559 
3 2555 2534 2558 
3 2555 2531 2534 
3 2534 2535 2558 
3 2556 2555 2559 
3 2560 2536 2561 
3 2561 2536 2562 
3 2536 2563 2537 
3 2536 2560 2563 
3 2536 2564 2562 
3 2536 2538 2564 
3 2564 2538 2487 
3 2565 2564 2487 
3 2539 2563 2566 
3 2539 2566 2508 
3 2508 2566 2567 
3 2537 2563 2539 
3 2567 2540 2508 
3 2568 2540 2567 
3 2540 2568 2541 
3 2568 2569 2541 
3 2541 2569 2570 
3 2544 2541 2570 
3 2545 2571 2548 
3 2545 2544 2571 
3 2544 2570 2571 
3 2571 2572 2548 
3 2572 2573 2547 
3 2547 2573 2543 
3 2547 2548 2572 
3 2574 2549 2551 
3 2575 2574 2551 
3 2549 2574 2550 
3 2549 2519 2551 
3 2574 2576 2577 
3 2577 2576 2554 
3 2550 2577 2554 
3 2550 2574 2577 
3 2524 2578 2553 
3 2578 2579 2553 
3 2579 2578 2580 
3 2581 2582 2521 
3 2581 2521 2554 
3 2578 2526 2583 
3 2524 2526 2578 
3 2580 2578 2584 
3 2584 2578 2583 
3 2585 2580 2586 
3 2586 2580 2584 
3 2521 2582 2587 
3 2527 2521 2587 
3 2527 2587 2529 
3 2526 2556 2583 
3 2533 2529 2588 
3 2557 2533 2589 
3 2533 2588 2589 
3 2558 2557 2590 
3 2557 2589 2590 
3 2559 2558 2591 
3 2558 2590 2591 
3 2583 2556 2559 
3 2583 2559 2592 
3 2592 2559 2591 
3 2593 2583 2592 
3 2584 2583 2593 
3 2594 2595 2596 
3 2597 2594 2596 
3 2596 2595 2598 
3 2599 2594 2597 
3 2600 2598 2601 
3 2601 2598 2595 
3 2600 2601 2602 
3 2599 2603 2604 
3 2599 2604 2594 
3 2560 2604 2563 
3 2560 2595 2604 
3 2595 2594 2604 
3 2561 2595 2560 
3 2601 2595 2561 
3 2561 2562 2605 
3 2561 2605 2602 
3 2561 2602 2601 
3 2563 2603 2566 
3 2604 2603 2563 
3 2562 2564 2605 
3 2605 2564 2565 
3 2605 2565 2606 
3 2606 2565 2607 
3 2608 2566 2603 
3 2608 2568 2566 
3 2568 2567 2566 
3 2542 2565 2487 
3 2542 2607 2565 
3 2542 2609 2607 
3 2609 2542 2543 
3 2610 2569 2611 
3 2611 2569 2568 
3 2612 2543 2573 
3 2569 2610 2570 
3 2610 2613 2570 
3 2570 2613 2571 
3 2613 2572 2571 
3 2573 2572 2612 
3 2614 2576 2575 
3 2575 2576 2574 
3 2615 2616 2554 
3 2576 2614 2554 
3 2552 2617 2551 
3 2552 2553 2617 
3 2579 2618 2553 
3 2553 2618 2617 
3 2554 2616 2581 
3 2619 2579 2585 
3 2579 2580 2585 
3 2620 2581 2616 
3 2581 2620 2582 
3 2585 2586 2621 
3 2586 2622 2621 
3 2587 2623 2624 
3 2587 2582 2623 
3 2622 2586 2625 
3 2625 2586 2626 
3 2627 2622 2628 
3 2628 2622 2625 
3 2590 2589 2629 
3 2592 2591 2630 
3 2591 2590 2630 
3 2593 2592 2630 
3 2593 2631 2584 
3 2584 2626 2586 
3 2584 2631 2626 
3 2628 2625 2626 
3 2632 2627 2628 
3 2632 2628 2633 
3 2632 2633 2634 
3 2635 2593 2636 
3 2631 2593 2635 
3 2626 2631 2637 
3 2628 2626 2638 
3 2638 2626 2637 
3 2633 2628 2639 
3 2639 2628 2638 
3 2640 2634 2633 
3 2640 2633 2641 
3 2641 2633 2639 
3 2631 2635 2642 
3 2637 2631 2642 
3 2643 2644 2637 
3 2637 2644 2638 
3 2597 2639 2644 
3 2639 2638 2644 
3 2596 2639 2597 
3 2641 2639 2596 
3 2641 2645 2646 
3 2641 2596 2645 
3 2596 2598 2645 
3 2645 2598 2600 
3 2647 2645 2600 
3 2643 2597 2644 
3 2643 2599 2597 
3 2648 2600 2602 
3 2603 2599 2643 
3 2649 2602 2605 
3 2649 2650 2602 
3 2650 2648 2602 
3 2605 2606 2649 
3 2651 2608 2603 
3 2650 2649 2606 
3 2650 2606 2652 
3 2652 2606 2607 
3 2611 2568 2608 
3 2652 2607 2653 
3 2654 2655 2656 
3 2609 2657 2654 
3 2609 2654 2653 
3 2609 2653 2607 
3 2656 2653 2654 
3 2609 2543 2657 
3 2610 2611 2658 
3 2613 2654 2572 
3 2613 2658 2654 
3 2613 2610 2658 
3 2658 2655 2654 
3 2612 2572 2657 
3 2657 2572 2654 
3 2543 2612 2657 
3 2614 2659 2554 
3 2575 2660 2614 
3 2575 2551 2617 
3 2554 2659 2615 
3 2617 2618 2661 
3 2619 2618 2579 
3 2616 2615 2662 
3 2619 2585 2618 
3 2585 2663 2618 
3 2620 2616 2664 
3 2585 2621 2663 
3 2663 2621 2665 
3 2665 2621 2622 
3 2620 2664 2666 
3 2582 2620 2666 
3 2582 2666 2623 
3 2622 2667 2665 
3 2627 2667 2622 
3 2627 2634 2668 
3 2587 2624 2529 
3 2669 2590 2629 
3 2590 2670 2630 
3 2669 2670 2590 
3 2630 2670 2593 
3 2627 2632 2634 
3 2668 2634 2671 
3 2593 2670 2636 
3 2636 2670 2672 
3 2636 2672 2635 
3 2640 2671 2634 
3 2641 2673 2640 
3 2640 2673 2671 
3 2637 2642 2674 
3 2641 2646 2673 
3 2643 2674 2675 
3 2643 2637 2674 
3 2646 2645 2647 
3 2646 2647 2676 
3 2676 2647 2677 
3 2603 2675 2678 
3 2643 2675 2603 
3 2647 2679 2677 
3 2600 2679 2647 
3 2679 2600 2648 
3 2680 2679 2648 
3 2603 2678 2651 
3 2648 2650 2680 
3 2680 2650 2681 
3 2651 2682 2608 
3 2683 2681 2650 
3 2650 2652 2683 
3 2611 2682 2658 
3 2608 2682 2611 
3 2682 2684 2658 
3 2683 2656 2684 
3 2652 2653 2656 
3 2683 2652 2656 
3 2655 2658 2684 
3 2656 2655 2684 
3 2685 2686 2687 
3 2687 2686 2660 
3 2614 2686 2659 
3 2686 2685 2659 
3 2660 2686 2614 
3 2659 2688 2615 
3 2615 2688 2689 
3 2662 2615 2689 
3 2618 2690 2661 
3 2618 2691 2690 
3 2662 2692 2616 
3 2618 2693 2691 
3 2618 2663 2693 
3 2664 2694 2666 
3 2664 2616 2694 
3 2665 2693 2663 
3 2665 2667 2695 
3 2665 2695 2693 
3 2623 2696 2624 
3 2667 2627 2668 
3 2697 2667 2668 
3 2588 2698 2589 
3 2629 2589 2669 
3 2699 2697 2671 
3 2697 2668 2671 
3 2699 2671 2700 
3 2670 2669 2672 
3 2635 2672 2701 
3 2671 2702 2700 
3 2671 2673 2702 
3 2635 2701 2642 
3 2703 2674 2642 
3 2676 2673 2646 
3 2676 2702 2673 
3 2678 2675 2674 
3 2676 2704 2702 
3 2704 2676 2677 
3 2705 2677 2679 
3 2705 2706 2677 
3 2706 2704 2677 
3 2679 2680 2705 
3 2651 2707 2708 
3 2709 2706 2705 
3 2710 2706 2709 
3 2680 2681 2709 
3 2705 2680 2709 
3 2651 2708 2682 
3 2682 2708 2710 
3 2709 2711 2710 
3 2681 2683 2711 
3 2709 2681 2711 
3 2684 2682 2710 
3 2711 2684 2710 
3 2683 2684 2711 
3 2712 2659 2713 
3 2659 2685 2713 
3 2660 2714 2687 
3 2660 2575 2714 
3 2688 2712 2715 
3 2659 2712 2688 
3 2575 2617 2716 
3 2617 2661 2717 
3 2662 2689 2692 
3 2691 2718 2690 
3 2693 2719 2691 
3 2616 2692 2720 
3 2694 2616 2720 
3 2720 2666 2694 
3 2721 2666 2720 
3 2623 2666 2696 
3 2529 2722 2588 
3 2529 2624 2722 
3 2588 2723 2698 
3 2722 2723 2588 
3 2667 2697 2695 
3 2669 2589 2724 
3 2589 2698 2724 
3 2701 2672 2725 
3 2672 2669 2725 
3 2702 2726 2700 
3 2642 2701 2703 
3 2701 2725 2703 
3 2726 2702 2727 
3 2674 2703 2728 
3 2728 2678 2674 
3 2729 2678 2728 
3 2704 2730 2702 
3 2730 2727 2702 
3 2678 2731 2732 
3 2678 2729 2731 
3 2731 2733 2732 
3 2730 2704 2734 
3 2704 2706 2734 
3 2678 2732 2651 
3 2734 2707 2732 
3 2732 2707 2651 
3 2708 2707 2734 
3 2708 2734 2710 
3 2710 2734 2706 
3 2735 2713 2736 
3 2735 2736 2715 
3 2735 2715 2712 
3 2713 2735 2712 
3 2713 2685 2737 
3 2687 2714 2685 
3 2685 2714 2737 
3 2715 2736 2688 
3 2689 2688 2738 
3 2739 2717 2661 
3 2692 2738 2740 
3 2689 2738 2692 
3 2661 2741 2739 
3 2661 2690 2718 
3 2741 2742 2739 
3 2718 2741 2661 
3 2743 2741 2718 
3 2718 2691 2743 
3 2691 2744 2743 
3 2719 2744 2691 
3 2745 2719 2693 
3 2693 2695 2745 
3 2721 2746 2666 
3 2666 2746 2696 
3 2722 2624 2723 
3 2624 2696 2723 
3 2698 2723 2747 
3 2695 2748 2745 
3 2749 2748 2697 
3 2697 2748 2695 
3 2724 2698 2747 
3 2749 2750 2748 
3 2699 2750 2749 
3 2699 2749 2697 
3 2699 2700 2750 
3 2725 2669 2751 
3 2752 2750 2726 
3 2750 2700 2726 
3 2725 2728 2703 
3 2753 2754 2752 
3 2726 2753 2752 
3 2726 2727 2753 
3 2733 2754 2755 
3 2754 2753 2755 
3 2753 2734 2755 
3 2727 2730 2734 
3 2753 2727 2734 
3 2733 2731 2729 
3 2734 2733 2755 
3 2733 2734 2732 
3 2736 2756 2757 
3 2713 2737 2758 
3 2575 2716 2714 
3 2716 2759 2760 
3 2716 2761 2759 
3 2617 2761 2716 
3 2617 2717 2761 
3 2692 2740 2720 
3 2739 2747 2762 
3 2739 2742 2747 
3 2741 2743 2763 
3 2763 2743 2744 
3 2721 2720 2746 
3 2747 2723 2762 
3 2724 2747 2742 
3 2741 2764 2742 
3 2764 2724 2742 
3 2764 2741 2763 
3 2765 2763 2744 
3 2766 2767 2765 
3 2719 2766 2765 
3 2719 2765 2744 
3 2766 2719 2745 
3 2723 2696 2762 
3 2751 2724 2764 
3 2745 2767 2766 
3 2768 2767 2745 
3 2769 2770 2768 
3 2745 2769 2768 
3 2769 2745 2748 
3 2724 2751 2669 
3 2725 2771 2772 
3 2751 2771 2725 
3 2771 2773 2772 
3 2769 2774 2773 
3 2748 2774 2769 
3 2750 2752 2774 
3 2748 2750 2774 
3 2725 2772 2728 
3 2728 2772 2773 
3 2774 2733 2773 
3 2733 2728 2773 
3 2754 2733 2774 
3 2752 2754 2774 
3 2733 2729 2728 
3 2736 2775 2756 
3 2736 2713 2775 
3 2776 2736 2757 
3 2714 2777 2737 
3 2716 2760 2714 
3 2714 2760 2777 
3 2736 2776 2688 
3 2688 2776 2778 
3 2779 2761 2717 
3 2688 2778 2738 
3 2780 2779 2781 
3 2779 2717 2781 
3 2717 2739 2781 
3 2780 2781 2782 
3 2739 2762 2781 
3 2720 2740 2783 
3 2720 2783 2784 
3 2784 2785 2746 
3 2781 2762 2782 
3 2746 2720 2784 
3 2696 2746 2782 
3 2762 2696 2782 
3 2763 2765 2764 
3 2765 2767 2764 
3 2767 2768 2786 
3 2768 2770 2786 
3 2767 2751 2764 
3 2771 2751 2767 
3 2771 2767 2786 
3 2770 2769 2787 
3 2770 2787 2786 
3 2773 2771 2786 
3 2787 2773 2786 
3 2769 2773 2787 
3 2756 2788 2789 
3 2788 2756 2775 
3 2788 2775 2790 
3 2775 2713 2790 
3 2713 2758 2790 
3 2737 2777 2758 
3 2757 2791 2776 
3 2777 2792 2793 
3 2760 2792 2777 
3 2761 2794 2792 
3 2759 2761 2792 
3 2759 2792 2760 
3 2761 2779 2794 
3 2740 2738 2778 
3 2779 2785 2794 
3 2779 2782 2785 
3 2780 2782 2779 
3 2782 2746 2785 
3 2757 2795 2796 
3 2757 2756 2795 
3 2789 2797 2756 
3 2756 2797 2798 
3 2797 2789 2788 
3 2799 2797 2788 
3 2790 2799 2788 
3 2758 2799 2790 
3 2800 2799 2777 
3 2777 2799 2758 
3 2757 2796 2791 
3 2777 2793 2800 
3 2793 2801 2800 
3 2792 2801 2793 
3 2802 2801 2792 
3 2794 2785 2802 
3 2792 2794 2802 
3 2740 2803 2783 
3 2784 2804 2785 
3 2805 2797 2799 
3 2806 2799 2800 
3 2776 2791 2807 
3 2808 2776 2807 
3 2801 2809 2800 
3 2809 2806 2800 
3 2810 2776 2808 
3 2801 2802 2809 
3 2778 2810 2811 
3 2776 2810 2778 
3 2740 2778 2812 
3 2813 2814 2815 
3 2815 2809 2813 
3 2809 2802 2813 
3 2814 2813 2784 
3 2814 2784 2816 
3 2816 2784 2783 
3 2804 2784 2813 
3 2802 2804 2813 
3 2785 2804 2802 
3 2796 2795 2817 
3 2756 2798 2795 
3 2797 2805 2798 
3 2818 2807 2791 
3 2806 2805 2799 
3 2808 2807 2818 
3 2819 2806 2809 
3 2808 2820 2810 
3 2809 2815 2821 
3 2778 2811 2812 
3 2740 2812 2822 
3 2740 2822 2803 
3 2803 2816 2783 
3 2816 2823 2814 
3 2821 2814 2823 
3 2821 2815 2814 
3 2796 2824 2791 
3 2795 2798 2817 
3 2825 2818 2824 
3 2824 2818 2791 
3 2805 2806 2826 
3 2825 2827 2818 
3 2827 2808 2818 
3 2806 2828 2829 
3 2806 2829 2826 
3 2806 2819 2828 
3 2808 2827 2820 
3 2830 2828 2819 
3 2810 2820 2811 
3 2823 2830 2819 
3 2809 2821 2823 
3 2819 2809 2823 
3 2812 2811 2831 
3 2811 2832 2831 
3 2812 2831 2822 
3 2803 2822 2816 
3 2796 2817 2833 
3 2826 2834 2805 
3 2826 2835 2834 
3 2829 2828 2835 
3 2829 2835 2826 
3 2825 2820 2827 
3 2811 2820 2836 
3 2828 2823 2837 
3 2828 2830 2823 
3 2811 2836 2838 
3 2811 2838 2832 
3 2837 2816 2822 
3 2823 2816 2837 
3 2839 2840 2833 
3 2796 2833 2824 
3 2833 2817 2839 
3 2817 2798 2839 
3 2798 2805 2841 
3 2805 2834 2842 
3 2825 2843 2844 
3 2835 2837 2834 
3 2845 2820 2825 
3 2835 2828 2837 
3 2820 2845 2836 
3 2838 2836 2846 
3 2822 2847 2837 
3 2832 2838 2831 
3 2824 2833 2840 
3 2798 2841 2839 
3 2825 2824 2848 
3 2805 2842 2841 
3 2825 2848 2843 
3 2834 2849 2842 
3 2844 2843 2850 
3 2834 2837 2849 
3 2844 2850 2851 
3 2845 2851 2852 
3 2825 2851 2845 
3 2825 2844 2851 
3 2849 2837 2847 
3 2845 2852 2853 
3 2845 2853 2836 
3 2836 2853 2854 
3 2836 2854 2846 
3 2838 2846 2855 
3 2855 2847 2822 
3 2831 2838 2855 
3 2822 2831 2855 
3 2824 2840 2856 
3 2856 2840 2857 
3 2840 2839 2857 
3 2841 2842 2858 
3 2859 2843 2848 
3 2843 2859 2850 
3 2847 2860 2849 
3 2851 2850 2861 
3 2861 2852 2851 
3 2853 2852 2862 
3 2853 2862 2854 
3 2846 2854 2855 
3 2860 2847 2855 
3 2863 2824 2856 
3 2863 2856 2864 
3 2864 2856 2865 
3 2866 2857 2867 
3 2866 2865 2857 
3 2865 2856 2857 
3 2857 2839 2867 
3 2867 2839 2841 
3 2868 2867 2841 
3 2848 2869 2863 
3 2824 2869 2848 
3 2863 2869 2824 
3 2841 2870 2868 
3 2870 2841 2858 
3 2871 2870 2858 
3 2858 2872 2871 
3 2842 2872 2858 
3 2859 2848 2873 
3 2842 2849 2872 
3 2874 2850 2859 
3 2872 2849 2860 
3 2861 2850 2875 
3 2852 2876 2862 
3 2852 2861 2876 
3 2861 2875 2876 
3 2876 2855 2862 
3 2855 2854 2862 
3 2865 2866 2867 
3 2863 2864 2877 
3 2863 2877 2848 
3 2877 2873 2848 
3 2868 2870 2878 
3 2879 2870 2871 
3 2872 2880 2871 
3 2880 2879 2871 
3 2873 2881 2859 
3 2860 2880 2872 
3 2859 2881 2874 
3 2850 2882 2875 
3 2850 2874 2882 
3 2882 2883 2875 
3 2875 2883 2876 
3 2855 2876 2883 
3 2883 2860 2855 
3 2864 2865 2884 
3 2884 2865 2867 
3 2864 2885 2877 
3 2867 2886 2887 
3 2868 2886 2867 
3 2886 2868 2878 
3 2870 2888 2878 
3 2879 2888 2870 
3 2889 2888 2879 
3 2890 2888 2889 
3 2880 2860 2889 
3 2879 2880 2889 
3 2881 2891 2874 
3 2891 2892 2874 
3 2874 2892 2882 
3 2882 2892 2883 
3 2883 2893 2894 
3 2890 2894 2893 
3 2889 2894 2890 
3 2889 2860 2894 
3 2860 2883 2894 
3 2895 2867 2887 
3 2896 2886 2878 
3 2877 2897 2873 
3 2878 2888 2896 
3 2898 2881 2873 
3 2899 2891 2881 
3 2893 2900 2890 
3 2890 2900 2888 
3 2892 2891 2899 
3 2883 2892 2901 
3 2892 2899 2901 
3 2901 2893 2883 
3 2884 2885 2864 
3 2884 2902 2903 
3 2884 2867 2902 
3 2867 2895 2902 
3 2904 2895 2887 
3 2885 2905 2877 
3 2877 2905 2897 
3 2887 2896 2904 
3 2886 2896 2887 
3 2896 2888 2906 
3 2873 2897 2898 
3 2907 2906 2900 
3 2900 2906 2888 
3 2898 2908 2909 
3 2881 2898 2909 
3 2899 2881 2910 
3 2881 2909 2910 
3 2910 2911 2893 
3 2907 2893 2911 
3 2907 2900 2893 
3 2901 2899 2910 
3 2893 2901 2910 
3 2885 2912 2905 
3 2903 2902 2913 
3 2902 2895 2913 
3 2913 2895 2904 
3 2914 2912 2915 
3 2916 2914 2915 
3 2905 2914 2897 
3 2912 2914 2905 
3 2917 2904 2896 
3 2916 2897 2914 
3 2916 2918 2897 
3 2918 2898 2897 
3 2919 2917 2906 
3 2917 2896 2906 
3 2919 2907 2920 
3 2906 2907 2919 
3 2910 2909 2911 
3 2909 2908 2911 
3 2921 2885 2922 
3 2885 2923 2912 
3 2903 2885 2884 
3 2922 2885 2903 
3 2922 2903 2924 
3 2924 2903 2913 
3 2913 2904 2924 
3 2915 2925 2916 
3 2904 2917 2926 
3 2917 2919 2926 
3 2926 2919 2927 
3 2898 2918 2908 
3 2927 2919 2920 
3 2908 2907 2911 
3 2921 2922 2924 
3 2923 2928 2912 
3 2928 2923 2885 
3 2912 2929 2915 
3 2904 2930 2924 
3 2926 2930 2904 
3 2915 2929 2925 
3 2931 2918 2916 
3 2920 2932 2927 
3 2927 2932 2926 
3 2918 2931 2933 
3 2908 2918 2933 
3 2908 2933 2934 
3 2920 2907 2934 
3 2907 2908 2934 
3 2921 2935 2936 
3 2885 2921 2936 
3 2936 2928 2885 
3 2912 2928 2929 
3 2937 2930 2926 
3 2938 2937 2926 
3 2929 2939 2925 
3 2932 2938 2926 
3 2925 2939 2940 
3 2916 2925 2940 
3 2940 2931 2916 
3 2934 2933 2941 
3 2921 2942 2935 
3 2921 2924 2942 
3 2936 2935 2928 
3 2924 2930 2943 
3 2928 2944 2929 
3 2930 2945 2943 
3 2937 2945 2930 
3 2945 2937 2938 
3 2946 2945 2938 
3 2929 2944 2939 
3 2938 2947 2946 
3 2932 2947 2938 
3 2940 2939 2931 
3 2932 2920 2947 
3 2947 2920 2948 
3 2931 2949 2950 
3 2933 2931 2950 
3 2933 2950 2941 
3 2948 2920 2934 
3 2941 2948 2934 
3 2935 2951 2928 
3 2942 2952 2953 
3 2942 2924 2952 
3 2943 2952 2924 
3 2928 2954 2944 
3 2944 2955 2939 
3 2939 2955 2931 
3 2949 2956 2950 
3 2949 2931 2956 
3 2957 2948 2941 
3 2958 2942 2953 
3 2928 2951 2959 
3 2953 2952 2958 
3 2928 2959 2954 
3 2946 2943 2945 
3 2946 2960 2943 
3 2946 2947 2960 
3 2931 2955 2956 
3 2950 2961 2957 
3 2950 2956 2961 
3 2957 2961 2948 
3 2961 2962 2948 
3 2962 2947 2948 
3 2950 2957 2941 
3 2951 2935 2963 
3 2942 2964 2935 
3 2935 2964 2963 
3 2964 2942 2958 
3 2958 2952 2943 
3 2954 2965 2944 
3 2965 2955 2944 
3 2961 2956 2962 
3 2966 2963 2967 
3 2963 2964 2967 
3 2958 2943 2968 
3 2968 2943 2969 
3 2954 2970 2965 
3 2943 2960 2969 
3 2969 2960 2971 
3 2965 2970 2955 
3 2971 2960 2947 
3 2963 2966 2951 
3 2967 2964 2972 
3 2972 2964 2973 
3 2964 2958 2973 
3 2955 2970 2956 
3 2962 2971 2947 
3 2966 2974 2951 
3 2966 2967 2974 
3 2975 2967 2972 
3 2972 2973 2975 
3 2959 2976 2954 
3 2976 2970 2954 
3 2970 2971 2956 
3 2962 2956 2971 
3 2967 2977 2974 
3 2977 2967 2975 
3 2976 2978 2970 
3 2979 2969 2971 
3 2951 2974 2980 
3 2977 2981 2974 
3 2974 2981 2980 
3 2975 2973 2977 
3 2959 2982 2976 
3 2976 2983 2978 
3 2968 2969 2984 
3 2978 2983 2985 
3 2970 2978 2985 
3 2970 2985 2971 
3 2984 2969 2979 
3 2951 2980 2959 
3 2986 2977 2973 
3 2973 2958 2986 
3 2986 2958 2987 
3 2982 2988 2976 
3 2958 2968 2987 
3 2988 2983 2976 
3 2983 2971 2985 
3 2989 2990 2991 
3 2980 2989 2991 
3 2981 2989 2980 
3 2990 2989 2981 
3 2977 2990 2981 
3 2990 2977 2986 
3 2990 2986 2992 
3 2993 2987 2994 
3 2993 2992 2987 
3 2992 2986 2987 
3 2993 2994 2995 
3 2994 2987 2996 
3 2987 2968 2996 
3 2988 2982 2983 
3 2968 2984 2996 
3 2971 2983 2997 
3 2980 2998 2959 
3 2999 2992 2993 
3 2999 3000 2992 
3 3000 2990 2992 
3 2994 2984 3001 
3 2996 2984 2994 
3 3001 2995 2994 
3 2971 2997 3002 
3 2971 3002 2979 
3 2980 2991 3003 
3 3003 2998 2980 
3 3000 2999 2993 
3 2959 3004 2982 
3 2982 3004 3005 
3 2983 2982 3005 
3 2979 3002 3006 
3 3006 2984 2979 
3 3007 3008 3009 
3 3007 3009 3010 
3 3008 3011 3009 
3 3009 3011 3012 
3 3012 3011 3013 
3 3012 3013 3014 
3 3009 3012 3015 
3 3015 3012 3014 
3 3016 3009 3015 
3 3017 3018 3013 
3 3014 3013 3018 
3 3019 3015 3014 
3 3020 3021 3019 
3 3020 3019 3018 
3 3018 3019 3014 
3 2990 3022 2991 
3 2998 3023 3024 
3 2959 2998 3024 
3 3023 2998 3003 
3 2990 3025 3022 
3 3000 3025 2990 
3 3025 3000 2993 
3 2959 3024 3004 
3 2993 2995 3025 
3 3025 2995 3026 
3 3026 2995 3001 
3 3027 2983 3005 
3 3006 3001 2984 
3 3028 3029 3030 
3 2983 3027 3031 
3 2997 2983 3031 
3 3002 2997 3006 
3 2997 3031 3006 
3 3032 3033 3034 
3 3028 3032 3010 
3 3029 3028 3010 
3 3007 3032 3034 
3 3010 3032 3007 
3 3035 3029 3010 
3 3007 3034 3036 
3 3007 3036 3008 
3 3035 3010 3009 
3 3009 3037 3035 
3 3008 3036 3011 
3 3011 3036 3038 
3 3037 3009 3016 
3 3039 3038 3040 
3 3039 3013 3038 
3 3013 3011 3038 
3 3013 3039 3041 
3 3016 3015 3042 
3 3043 3044 3045 
3 3043 3041 3044 
3 3043 3017 3041 
3 3017 3013 3041 
3 3019 3046 3015 
3 3046 3047 3015 
3 3018 3043 3045 
3 3043 3018 3017 
3 3021 3046 3019 
3 3021 3020 3046 
3 3020 3048 3046 
3 3048 3047 3046 
3 3049 3018 3045 
3 3047 3048 3050 
3 3051 3052 3049 
3 3049 3052 3018 
3 3052 3048 3020 
3 3052 3020 3018 
3 2991 3053 3003 
3 2991 3022 3053 
3 3024 3023 3004 
3 3031 3027 3005 
3 3001 3006 3054 
3 3029 3055 3030 
3 3033 3056 3034 
3 3028 3033 3032 
3 3056 3033 3028 
3 3057 3058 3029 
3 3057 3035 3059 
3 3029 3035 3057 
3 3060 3058 3057 
3 3059 3060 3057 
3 3061 3036 3034 
3 3059 3062 3063 
3 3059 3035 3062 
3 3035 3037 3062 
3 3060 3059 3063 
3 3037 3064 3062 
3 3036 3061 3038 
3 3064 3037 3065 
3 3037 3016 3065 
3 3040 3061 3066 
3 3039 3040 3066 
3 3061 3040 3038 
3 3016 3042 3065 
3 3065 3042 3047 
3 3039 3066 3041 
3 3015 3047 3042 
3 3044 3067 3045 
3 3066 3044 3041 
3 3067 3044 3066 
3 3047 3068 3069 
3 3048 3070 3050 
3 3068 3047 3050 
3 3051 3049 3071 
3 3051 3071 3072 
3 3051 3072 3052 
3 3073 3074 3048 
3 3073 3048 3052 
3 3052 3072 3075 
3 3075 3072 3076 
3 3075 3073 3052 
3 3075 3076 3077 
3 3078 3075 3077 
3 3073 3075 3078 
3 3053 3079 3003 
3 3022 3080 3053 
3 3053 3080 3079 
3 3023 3081 3004 
3 3025 3026 3082 
3 3055 3083 3030 
3 3030 3056 3028 
3 3031 3054 3006 
3 3056 3084 3034 
3 3034 3084 3085 
3 3029 3058 3086 
3 3086 3058 3087 
3 3034 3085 3061 
3 3085 3088 3061 
3 3058 3060 3087 
3 3062 3089 3090 
3 3062 3064 3089 
3 3063 3062 3090 
3 3089 3064 3065 
3 3091 3089 3065 
3 3065 3047 3091 
3 3091 3047 3092 
3 3047 3093 3092 
3 3047 3069 3093 
3 3093 3069 3094 
3 3045 3067 3049 
3 3068 3095 3069 
3 3095 3094 3069 
3 3071 3049 3096 
3 3050 3097 3068 
3 3068 3097 3095 
3 3050 3074 3098 
3 3050 3070 3074 
3 3070 3048 3074 
3 3097 3050 3098 
3 3072 3071 3099 
3 3099 3071 3100 
3 3077 3072 3099 
3 3101 3077 3099 
3 3072 3077 3076 
3 3102 3077 3101 
3 3073 3078 3103 
3 3104 3078 3102 
3 3102 3078 3077 
3 3103 3078 3104 
3 3102 3105 3106 
3 3104 3102 3106 
3 3003 3079 3107 
3 3108 3022 3025 
3 3003 3107 3023 
3 3107 3081 3023 
3 3025 3082 3108 
3 3055 3029 3109 
3 3055 3109 3083 
3 3109 3029 3086 
3 3005 3004 3081 
3 3083 3056 3030 
3 3005 3081 3110 
3 3031 3005 3110 
3 3110 3054 3031 
3 3084 3111 3085 
3 3112 3084 3056 
3 3111 3084 3112 
3 3086 3087 3060 
3 3085 3113 3088 
3 3060 3063 3114 
3 3115 3116 3117 
3 3115 3090 3089 
3 3115 3117 3090 
3 3117 3118 3090 
3 3114 3063 3090 
3 3118 3114 3090 
3 3115 3119 3116 
3 3115 3091 3119 
3 3089 3091 3115 
3 3061 3120 3066 
3 3092 3116 3119 
3 3121 3116 3092 
3 3119 3091 3092 
3 3120 3122 3066 
3 3092 3093 3121 
3 3066 3123 3096 
3 3067 3066 3096 
3 3123 3066 3122 
3 3094 3124 3121 
3 3094 3121 3093 
3 3067 3096 3049 
3 3095 3125 3094 
3 3095 3097 3125 
3 3125 3097 3126 
3 3071 3096 3100 
3 3126 3097 3098 
3 3127 3128 3129 
3 3127 3100 3128 
3 3127 3099 3100 
3 3101 3127 3129 
3 3127 3101 3099 
3 3073 3103 3130 
3 3073 3130 3074 
3 3131 3132 3101 
3 3102 3132 3105 
3 3101 3132 3102 
3 3103 3104 3133 
3 3105 3132 3106 
3 3132 3131 3106 
3 3131 3134 3106 
3 3135 3104 3134 
3 3134 3104 3106 
3 3136 3104 3135 
3 3080 3137 3079 
3 3022 3138 3080 
3 3080 3138 3137 
3 3138 3022 3108 
3 3139 3138 3108 
3 3107 3140 3081 
3 3139 3108 3082 
3 3141 3142 3143 
3 3141 3144 3145 
3 3142 3141 3145 
3 3081 3140 3146 
3 3139 3026 3147 
3 3082 3026 3139 
3 3147 3148 3139 
3 3141 3143 3056 
3 3141 3056 3083 
3 3144 3141 3083 
3 3109 3144 3083 
3 3109 3086 3144 
3 3146 3149 3081 
3 3026 3001 3147 
3 3081 3149 3110 
3 3147 3001 3054 
3 3111 3112 3150 
3 3085 3111 3113 
3 3151 3111 3150 
3 3113 3111 3151 
3 3086 3060 3152 
3 3152 3060 3153 
3 3154 3113 3151 
3 3155 3113 3154 
3 3060 3114 3153 
3 3153 3114 3118 
3 3156 3155 3154 
3 3088 3113 3155 
3 3088 3155 3157 
3 3157 3155 3158 
3 3156 3158 3155 
3 3159 3116 3156 
3 3116 3158 3156 
3 3116 3159 3117 
3 3159 3160 3117 
3 3160 3118 3117 
3 3088 3157 3161 
3 3158 3162 3157 
3 3162 3161 3157 
3 3116 3162 3158 
3 3088 3161 3120 
3 3061 3088 3120 
3 3161 3162 3163 
3 3116 3164 3162 
3 3164 3163 3162 
3 3116 3121 3164 
3 3120 3165 3122 
3 3120 3161 3165 
3 3122 3166 3123 
3 3122 3165 3166 
3 3124 3167 3164 
3 3124 3094 3167 
3 3094 3125 3167 
3 3121 3124 3164 
3 3096 3123 3100 
3 3098 3125 3126 
3 3129 3168 3101 
3 3128 3168 3129 
3 3074 3130 3098 
3 3103 3133 3130 
3 3133 3104 3136 
3 3169 3131 3101 
3 3136 3135 3170 
3 3171 3134 3169 
3 3169 3134 3131 
3 3135 3134 3172 
3 3173 3145 3174 
3 3173 3142 3145 
3 3174 3145 3175 
3 3145 3144 3175 
3 3144 3086 3175 
3 3140 3176 3146 
3 3056 3177 3112 
3 3177 3056 3143 
3 3110 3149 3176 
3 3176 3149 3146 
3 3178 3086 3179 
3 3112 3151 3150 
3 3152 3180 3181 
3 3179 3086 3152 
3 3181 3179 3152 
3 3182 3154 3151 
3 3183 3180 3153 
3 3153 3180 3152 
3 3153 3118 3160 
3 3183 3153 3160 
3 3160 3156 3154 
3 3160 3159 3156 
3 3163 3184 3161 
3 3161 3185 3165 
3 3161 3184 3185 
3 3163 3164 3184 
3 3184 3164 3185 
3 3166 3165 3185 
3 3166 3185 3186 
3 3125 3186 3185 
3 3164 3125 3185 
3 3164 3167 3125 
3 3123 3187 3188 
3 3123 3166 3187 
3 3186 3187 3166 
3 3123 3188 3189 
3 3123 3189 3100 
3 3190 3186 3125 
3 3125 3098 3190 
3 3100 3191 3128 
3 3191 3168 3128 
3 3190 3098 3192 
3 3098 3130 3192 
3 3136 3192 3133 
3 3192 3130 3133 
3 3193 3169 3194 
3 3169 3101 3194 
3 3136 3170 3195 
3 3136 3195 3196 
3 3136 3196 3192 
3 3169 3193 3171 
3 3135 3172 3170 
3 3197 3170 3172 
3 3134 3171 3198 
3 3198 3171 3199 
3 3172 3134 3200 
3 3200 3134 3198 
3 3200 3197 3172 
3 3142 3173 3174 
3 3142 3174 3201 
3 3174 3175 3201 
3 3142 3202 3143 
3 3143 3202 3177 
3 3175 3086 3203 
3 3203 3086 3178 
3 3139 3148 3204 
3 3112 3177 3205 
3 3148 3147 3204 
3 3205 3206 3112 
3 3207 3054 3110 
3 3147 3054 3208 
3 3208 3204 3147 
3 3206 3182 3151 
3 3206 3151 3112 
3 3181 3209 3210 
3 3180 3209 3181 
3 3211 3179 3181 
3 3210 3211 3181 
3 3154 3183 3160 
3 3209 3180 3183 
3 3212 3209 3183 
3 3187 3186 3188 
3 3188 3213 3189 
3 3188 3186 3213 
3 3100 3189 3191 
3 3186 3190 3213 
3 3191 3189 3214 
3 3191 3214 3168 
3 3168 3214 3101 
3 3213 3190 3215 
3 3215 3190 3192 
3 3101 3214 3216 
3 3194 3101 3216 
3 3217 3218 3215 
3 3217 3215 3192 
3 3192 3218 3217 
3 3192 3196 3218 
3 3170 3219 3195 
3 3220 3196 3195 
3 3219 3220 3195 
3 3221 3171 3193 
3 3171 3221 3199 
3 3170 3197 3219 
3 3222 3223 3221 
3 3221 3223 3199 
3 3223 3222 3224 
3 3198 3223 3224 
3 3198 3199 3223 
3 3224 3200 3198 
3 3197 3200 3225 
3 3226 3200 3224 
3 3225 3200 3226 
3 3142 3201 3202 
3 3175 3227 3201 
3 3175 3203 3227 
3 3107 3228 3140 
3 3228 3107 3079 
3 3138 3139 3229 
3 3203 3178 3230 
3 3140 3231 3176 
3 3232 3229 3204 
3 3229 3139 3204 
3 3205 3233 3234 
3 3205 3177 3233 
3 3177 3202 3233 
3 3230 3235 3236 
3 3230 3178 3235 
3 3178 3179 3235 
3 3110 3176 3231 
3 3205 3234 3206 
3 3237 3234 3233 
3 3206 3234 3237 
3 3179 3211 3235 
3 3182 3238 3239 
3 3206 3238 3182 
3 3206 3237 3238 
3 3239 3240 3212 
3 3238 3240 3239 
3 3240 3241 3212 
3 3241 3210 3209 
3 3241 3242 3210 
3 3242 3211 3210 
3 3182 3239 3154 
3 3183 3154 3239 
3 3212 3183 3239 
3 3209 3212 3241 
3 3213 3243 3189 
3 3215 3244 3245 
3 3213 3215 3245 
3 3214 3246 3216 
3 3214 3189 3246 
3 3215 3218 3244 
3 3216 3246 3247 
3 3216 3247 3194 
3 3218 3196 3244 
3 3244 3196 3220 
3 3194 3248 3193 
3 3194 3249 3248 
3 3194 3247 3249 
3 3248 3249 3250 
3 3248 3250 3193 
3 3219 3251 3220 
3 3193 3250 3221 
3 3252 3220 3251 
3 3221 3250 3222 
3 3251 3253 3254 
3 3251 3219 3253 
3 3219 3197 3253 
3 3252 3251 3254 
3 3255 3224 3222 
3 3255 3222 3250 
3 3256 3257 3255 
3 3224 3255 3226 
3 3255 3257 3226 
3 3257 3258 3226 
3 3225 3226 3259 
3 3226 3258 3260 
3 3259 3226 3260 
3 3137 3261 3079 
3 3138 3262 3137 
3 3263 3262 3138 
3 3264 3227 3265 
3 3264 3201 3227 
3 3227 3203 3265 
3 3266 3265 3203 
3 3140 3228 3267 
3 3138 3229 3263 
3 3263 3229 3268 
3 3230 3266 3203 
3 3140 3267 3231 
3 3202 3269 3233 
3 3236 3270 3230 
3 3230 3270 3266 
3 3271 3110 3231 
3 3204 3208 3272 
3 3272 3232 3204 
3 3273 3238 3237 
3 3273 3237 3269 
3 3269 3237 3233 
3 3273 3274 3238 
3 3236 3235 3211 
3 3270 3236 3211 
3 3110 3271 3207 
3 3238 3274 3240 
3 3241 3240 3242 
3 3207 3275 3054 
3 3189 3243 3246 
3 3245 3276 3213 
3 3277 3276 3278 
3 3276 3245 3278 
3 3244 3220 3278 
3 3245 3244 3278 
3 3246 3243 3247 
3 3247 3243 3249 
3 3249 3279 3250 
3 3278 3220 3252 
3 3279 3280 3250 
3 3254 3281 3252 
3 3254 3253 3281 
3 3253 3282 3281 
3 3250 3256 3255 
3 3197 3225 3283 
3 3197 3283 3253 
3 3253 3283 3282 
3 3284 3257 3256 
3 3284 3256 3285 
3 3257 3284 3258 
3 3260 3284 3286 
3 3260 3258 3284 
3 3286 3259 3260 
3 3259 3287 3225 
3 3259 3286 3288 
3 3289 3259 3288 
3 3287 3259 3289 
3 3137 3262 3261 
3 3290 3202 3201 
3 3265 3266 3291 
3 3265 3291 3292 
3 3291 3266 3293 
3 3294 3262 3263 
3 3294 3263 3295 
3 3295 3263 3268 
3 3293 3266 3296 
3 3268 3229 3295 
3 3272 3229 3232 
3 3202 3297 3269 
3 3297 3298 3269 
3 3266 3270 3296 
3 3296 3270 3299 
3 3208 3300 3272 
3 3269 3298 3273 
3 3211 3242 3299 
3 3299 3270 3211 
3 3271 3275 3207 
3 3240 3274 3242 
3 3208 3054 3301 
3 3213 3302 3243 
3 3213 3276 3302 
3 3243 3302 3303 
3 3276 3277 3302 
3 3302 3277 3303 
3 3304 3305 3303 
3 3305 3243 3303 
3 3304 3303 3306 
3 3303 3277 3306 
3 3277 3278 3306 
3 3243 3305 3249 
3 3307 3305 3304 
3 3306 3278 3308 
3 3249 3309 3279 
3 3249 3305 3309 
3 3252 3308 3278 
3 3252 3281 3308 
3 3281 3282 3308 
3 3308 3282 3310 
3 3250 3280 3256 
3 3280 3311 3256 
3 3256 3311 3285 
3 3311 3312 3285 
3 3283 3313 3314 
3 3225 3313 3283 
3 3314 3282 3283 
3 3284 3285 3315 
3 3315 3285 3312 
3 3286 3289 3288 
3 3287 3289 3316 
3 3313 3225 3287 
3 3286 3284 3317 
3 3316 3289 3286 
3 3318 3319 3320 
3 3321 3320 3322 
3 3323 3321 3322 
3 3318 3320 3324 
3 3324 3320 3321 
3 3325 3326 3318 
3 3324 3325 3318 
3 3327 3321 3323 
3 3324 3321 3328 
3 3321 3327 3329 
3 3328 3321 3329 
3 3330 3328 3329 
3 3324 3328 3330 
3 3201 3264 3331 
3 3265 3332 3264 
3 3264 3332 3331 
3 3079 3261 3333 
3 3290 3334 3335 
3 3202 3290 3335 
3 3331 3290 3201 
3 3334 3290 3331 
3 3292 3291 3293 
3 3228 3231 3267 
3 3228 3336 3231 
3 3228 3079 3336 
3 3079 3333 3336 
3 3294 3295 3337 
3 3202 3335 3297 
3 3293 3296 3338 
3 3339 3231 3336 
3 3229 3337 3295 
3 3337 3229 3272 
3 3340 3337 3272 
3 3341 3298 3297 
3 3296 3299 3338 
3 3231 3339 3271 
3 3273 3342 3274 
3 3273 3298 3342 
3 3242 3343 3299 
3 3054 3275 3344 
3 3054 3344 3301 
3 3208 3301 3345 
3 3345 3300 3208 
3 3307 3304 3306 
3 3309 3305 3279 
3 3346 3310 3347 
3 3346 3307 3310 
3 3307 3306 3310 
3 3306 3308 3310 
3 3279 3311 3280 
3 3347 3310 3314 
3 3314 3310 3282 
3 3314 3348 3349 
3 3313 3348 3314 
3 3348 3313 3350 
3 3317 3284 3315 
3 3317 3351 3286 
3 3351 3316 3286 
3 3316 3351 3352 
3 3320 3353 3354 
3 3320 3354 3355 
3 3319 3353 3320 
3 3319 3318 3353 
3 3318 3356 3353 
3 3318 3326 3356 
3 3320 3355 3322 
3 3355 3323 3322 
3 3357 3325 3358 
3 3357 3359 3325 
3 3359 3326 3325 
3 3357 3358 3360 
3 3323 3361 3327 
3 3358 3324 3362 
3 3325 3324 3358 
3 3362 3360 3358 
3 3327 3361 3363 
3 3329 3327 3363 
3 3364 3330 3363 
3 3330 3329 3363 
3 3330 3362 3324 
3 3330 3364 3362 
3 3364 3365 3362 
3 3366 3360 3362 
3 3365 3366 3362 
3 3265 3367 3332 
3 3265 3292 3367 
3 3262 3368 3261 
3 3368 3262 3294 
3 3369 3368 3294 
3 3370 3334 3331 
3 3292 3293 3371 
3 3333 3372 3336 
3 3369 3294 3337 
3 3335 3373 3297 
3 3293 3338 3371 
3 3371 3338 3299 
3 3336 3372 3339 
3 3297 3373 3341 
3 3374 3298 3341 
3 3339 3375 3271 
3 3340 3272 3376 
3 3298 3374 3342 
3 3274 3342 3242 
3 3242 3342 3343 
3 3299 3343 3377 
3 3378 3271 3375 
3 3376 3272 3300 
3 3271 3378 3275 
3 3344 3275 3379 
3 3344 3379 3301 
3 3307 3380 3305 
3 3380 3381 3305 
3 3347 3382 3381 
3 3346 3347 3381 
3 3346 3381 3380 
3 3346 3380 3307 
3 3347 3383 3382 
3 3347 3314 3383 
3 3311 3279 3312 
3 3384 3383 3314 
3 3349 3384 3314 
3 3349 3348 3384 
3 3348 3350 3384 
3 3350 3313 3385 
3 3287 3386 3313 
3 3313 3386 3385 
3 3317 3315 3387 
3 3352 3387 3388 
3 3352 3317 3387 
3 3352 3351 3317 
3 3316 3352 3389 
3 3352 3388 3390 
3 3389 3352 3390 
3 3391 3392 3393 
3 3394 3393 3395 
3 3393 3394 3391 
3 3391 3394 3396 
3 3397 3391 3396 
3 3353 3395 3354 
3 3353 3396 3395 
3 3396 3394 3395 
3 3397 3396 3353 
3 3397 3353 3356 
3 3354 3398 3355 
3 3395 3398 3354 
3 3398 3399 3400 
3 3400 3355 3398 
3 3400 3401 3355 
3 3401 3323 3355 
3 3326 3359 3402 
3 3403 3402 3359 
3 3357 3360 3359 
3 3323 3401 3361 
3 3401 3404 3361 
3 3405 3403 3359 
3 3406 3403 3405 
3 3359 3360 3405 
3 3407 3363 3361 
3 3407 3361 3404 
3 3363 3407 3364 
3 3405 3360 3408 
3 3408 3360 3366 
3 3404 3364 3407 
3 3404 3409 3364 
3 3366 3365 3410 
3 3366 3410 3408 
3 3364 3409 3411 
3 3365 3364 3411 
3 3410 3365 3411 
3 3412 3367 3413 
3 3367 3412 3332 
3 3367 3292 3413 
3 3371 3413 3292 
3 3261 3414 3415 
3 3333 3261 3415 
3 3261 3416 3414 
3 3261 3368 3416 
3 3334 3373 3335 
3 3334 3417 3373 
3 3334 3370 3417 
3 3333 3415 3372 
3 3415 3339 3372 
3 3337 3418 3369 
3 3374 3373 3417 
3 3337 3340 3418 
3 3418 3340 3419 
3 3373 3374 3341 
3 3340 3376 3419 
3 3374 3420 3421 
3 3342 3374 3421 
3 3342 3421 3422 
3 3343 3342 3422 
3 3422 3377 3343 
3 3300 3423 3376 
3 3275 3378 3424 
3 3379 3275 3424 
3 3301 3379 3425 
3 3345 3301 3425 
3 3305 3381 3382 
3 3279 3305 3426 
3 3382 3427 3305 
3 3427 3426 3305 
3 3279 3428 3312 
3 3428 3279 3426 
3 3427 3429 3426 
3 3430 3429 3427 
3 3430 3427 3431 
3 3427 3382 3431 
3 3383 3384 3431 
3 3382 3383 3431 
3 3431 3432 3430 
3 3432 3431 3384 
3 3432 3384 3385 
3 3385 3384 3350 
3 3312 3433 3315 
3 3385 3386 3434 
3 3287 3316 3435 
3 3287 3435 3386 
3 3387 3315 3436 
3 3387 3436 3388 
3 3316 3389 3390 
3 3316 3390 3437 
3 3438 3439 3440 
3 3439 3438 3392 
3 3441 3438 3440 
3 3392 3438 3393 
3 3391 3356 3442 
3 3392 3391 3442 
3 3392 3442 3443 
3 3442 3356 3444 
3 3393 3438 3441 
3 3393 3441 3395 
3 3395 3441 3398 
3 3391 3397 3356 
3 3444 3356 3445 
3 3356 3326 3445 
3 3445 3326 3446 
3 3447 3399 3398 
3 3446 3326 3402 
3 3399 3401 3400 
3 3399 3448 3401 
3 3449 3450 3451 
3 3449 3451 3402 
3 3448 3452 3401 
3 3450 3452 3448 
3 3450 3449 3452 
3 3449 3453 3452 
3 3402 3403 3453 
3 3449 3402 3453 
3 3452 3454 3404 
3 3401 3452 3404 
3 3455 3453 3456 
3 3455 3454 3453 
3 3454 3452 3453 
3 3456 3453 3403 
3 3456 3403 3406 
3 3457 3454 3455 
3 3404 3454 3457 
3 3458 3456 3406 
3 3405 3408 3406 
3 3404 3457 3409 
3 3457 3459 3409 
3 3406 3408 3460 
3 3460 3408 3410 
3 3461 3411 3409 
3 3461 3409 3459 
3 3411 3462 3410 
3 3461 3462 3411 
3 3410 3462 3463 
3 3410 3463 3460 
3 3464 3461 3459 
3 3465 3464 3459 
3 3462 3461 3466 
3 3466 3461 3464 
3 3466 3463 3462 
3 3464 3465 3467 
3 3466 3464 3467 
3 3468 3466 3467 
3 3463 3466 3468 
3 3413 3469 3412 
3 3370 3331 3332 
3 3413 3371 3470 
3 3370 3471 3417 
3 3470 3371 3472 
3 3418 3473 3369 
3 3417 3471 3374 
3 3371 3299 3472 
3 3418 3419 3474 
3 3471 3420 3374 
3 3375 3339 3475 
3 3419 3376 3474 
3 3476 3378 3375 
3 3376 3423 3474 
3 3378 3476 3477 
3 3424 3378 3477 
3 3424 3477 3379 
3 3300 3345 3478 
3 3478 3423 3300 
3 3379 3477 3479 
3 3379 3479 3425 
3 3429 3430 3480 
3 3426 3481 3428 
3 3426 3429 3481 
3 3482 3429 3480 
3 3432 3482 3480 
3 3432 3480 3430 
3 3432 3385 3482 
3 3428 3483 3484 
3 3428 3484 3312 
3 3481 3483 3428 
3 3485 3482 3385 
3 3485 3385 3486 
3 3312 3484 3433 
3 3484 3487 3433 
3 3433 3487 3315 
3 3487 3488 3315 
3 3434 3386 3489 
3 3315 3488 3436 
3 3488 3490 3436 
3 3489 3386 3435 
3 3491 3388 3436 
3 3491 3436 3490 
3 3491 3390 3388 
3 3437 3492 3316 
3 3316 3492 3435 
3 3440 3493 3494 
3 3440 3439 3493 
3 3493 3439 3495 
3 3392 3496 3439 
3 3439 3496 3495 
3 3496 3392 3443 
3 3497 3496 3443 
3 3441 3440 3494 
3 3498 3441 3494 
3 3443 3444 3497 
3 3442 3444 3443 
3 3441 3498 3398 
3 3444 3445 3499 
3 3499 3445 3500 
3 3498 3501 3502 
3 3502 3398 3498 
3 3502 3447 3398 
3 3503 3504 3505 
3 3503 3505 3500 
3 3503 3500 3446 
3 3446 3500 3445 
3 3448 3506 3507 
3 3448 3399 3506 
3 3399 3447 3506 
3 3504 3507 3506 
3 3504 3503 3507 
3 3503 3508 3507 
3 3446 3402 3508 
3 3503 3446 3508 
3 3507 3450 3448 
3 3451 3450 3508 
3 3508 3450 3507 
3 3402 3451 3508 
3 3456 3458 3455 
3 3455 3509 3510 
3 3455 3510 3457 
3 3457 3510 3459 
3 3458 3509 3455 
3 3458 3406 3509 
3 3406 3511 3509 
3 3511 3406 3460 
3 3510 3512 3459 
3 3459 3512 3465 
3 3460 3463 3468 
3 3468 3465 3513 
3 3468 3467 3465 
3 3468 3513 3514 
3 3412 3515 3332 
3 3332 3515 3516 
3 3469 3515 3412 
3 3515 3469 3413 
3 3517 3515 3413 
3 3516 3370 3332 
3 3518 3370 3516 
3 3413 3519 3517 
3 3470 3519 3413 
3 3415 3414 3520 
3 3414 3416 3520 
3 3368 3473 3416 
3 3369 3473 3368 
3 3370 3518 3471 
3 3470 3472 3521 
3 3520 3339 3415 
3 3472 3299 3522 
3 3418 3474 3523 
3 3474 3524 3523 
3 3422 3421 3525 
3 3377 3422 3522 
3 3422 3525 3522 
3 3522 3299 3377 
3 3375 3526 3476 
3 3423 3527 3474 
3 3528 3477 3476 
3 3528 3476 3529 
3 3529 3476 3526 
3 3527 3423 3478 
3 3530 3528 3529 
3 3531 3530 3529 
3 3477 3532 3479 
3 3477 3528 3532 
3 3528 3530 3532 
3 3345 3425 3478 
3 3530 3531 3533 
3 3532 3530 3533 
3 3479 3532 3533 
3 3429 3482 3534 
3 3481 3429 3534 
3 3486 3481 3534 
3 3485 3486 3534 
3 3485 3534 3482 
3 3483 3535 3487 
3 3483 3487 3484 
3 3481 3535 3483 
3 3385 3434 3536 
3 3487 3537 3488 
3 3537 3538 3488 
3 3434 3489 3536 
3 3488 3538 3490 
3 3538 3539 3490 
3 3435 3492 3489 
3 3490 3539 3491 
3 3539 3540 3491 
3 3541 3489 3492 
3 3542 3491 3540 
3 3491 3543 3390 
3 3390 3544 3437 
3 3543 3544 3390 
3 3437 3544 3545 
3 3492 3437 3545 
3 3491 3542 3543 
3 3545 3544 3546 
3 3493 3547 3548 
3 3493 3549 3550 
3 3547 3493 3550 
3 3550 3549 3551 
3 3493 3548 3494 
3 3494 3548 3552 
3 3549 3493 3495 
3 3549 3553 3551 
3 3549 3495 3553 
3 3495 3496 3553 
3 3553 3496 3497 
3 3554 3553 3497 
3 3494 3552 3498 
3 3552 3555 3498 
3 3556 3497 3444 
3 3556 3557 3497 
3 3557 3554 3497 
3 3444 3499 3556 
3 3558 3501 3555 
3 3555 3501 3498 
3 3559 3557 3556 
3 3560 3557 3559 
3 3499 3500 3559 
3 3556 3499 3559 
3 3501 3558 3502 
3 3502 3561 3447 
3 3502 3562 3561 
3 3502 3558 3562 
3 3561 3563 3564 
3 3560 3564 3563 
3 3559 3564 3560 
3 3559 3504 3564 
3 3559 3505 3504 
3 3500 3505 3559 
3 3506 3447 3561 
3 3564 3506 3561 
3 3504 3506 3564 
3 3509 3565 3510 
3 3565 3509 3511 
3 3565 3566 3512 
3 3510 3565 3512 
3 3511 3567 3565 
3 3567 3566 3565 
3 3511 3460 3567 
3 3566 3568 3569 
3 3566 3569 3512 
3 3512 3569 3465 
3 3567 3568 3566 
3 3570 3568 3567 
3 3570 3567 3460 
3 3570 3460 3468 
3 3571 3465 3569 
3 3465 3571 3513 
3 3570 3468 3514 
3 3513 3571 3514 
3 3514 3571 3572 
3 3573 3516 3515 
3 3515 3574 3573 
3 3574 3515 3517 
3 3519 3575 3517 
3 3575 3519 3470 
3 3576 3575 3470 
3 3577 3521 3578 
3 3577 3576 3521 
3 3576 3470 3521 
3 3475 3339 3520 
3 3473 3418 3579 
3 3578 3580 3581 
3 3578 3521 3580 
3 3521 3472 3580 
3 3418 3523 3582 
3 3522 3583 3472 
3 3524 3582 3523 
3 3421 3420 3584 
3 3421 3584 3525 
3 3375 3529 3526 
3 3475 3529 3375 
3 3585 3474 3527 
3 3524 3474 3585 
3 3586 3587 3425 
3 3587 3478 3425 
3 3529 3588 3589 
3 3531 3529 3589 
3 3531 3589 3533 
3 3425 3479 3533 
3 3481 3486 3590 
3 3535 3481 3590 
3 3590 3591 3535 
3 3535 3592 3537 
3 3487 3535 3537 
3 3592 3535 3591 
3 3593 3591 3590 
3 3593 3594 3595 
3 3593 3590 3594 
3 3590 3486 3594 
3 3385 3536 3594 
3 3486 3385 3594 
3 3594 3596 3595 
3 3596 3594 3536 
3 3538 3537 3539 
3 3536 3489 3597 
3 3489 3541 3597 
3 3492 3545 3598 
3 3492 3598 3541 
3 3545 3546 3598 
3 3544 3599 3546 
3 3600 3601 3602 
3 3600 3548 3547 
3 3600 3547 3601 
3 3601 3547 3603 
3 3550 3604 3547 
3 3547 3604 3603 
3 3604 3550 3551 
3 3605 3604 3551 
3 3606 3600 3602 
3 3607 3606 3602 
3 3548 3606 3552 
3 3600 3606 3548 
3 3551 3554 3605 
3 3553 3554 3551 
3 3606 3607 3608 
3 3608 3552 3606 
3 3608 3609 3552 
3 3609 3555 3552 
3 3554 3557 3610 
3 3610 3557 3611 
3 3555 3609 3612 
3 3558 3555 3612 
3 3562 3613 3563 
3 3562 3558 3613 
3 3558 3612 3613 
3 3613 3614 3563 
3 3614 3611 3560 
3 3560 3611 3557 
3 3562 3563 3561 
3 3560 3563 3614 
3 3568 3615 3569 
3 3615 3568 3570 
3 3615 3616 3569 
3 3570 3616 3615 
3 3617 3616 3570 
3 3617 3570 3514 
3 3618 3571 3569 
3 3618 3572 3571 
3 3514 3572 3617 
3 3619 3572 3618 
3 3516 3573 3620 
3 3516 3621 3622 
3 3518 3516 3622 
3 3621 3516 3620 
3 3517 3575 3576 
3 3623 3517 3576 
3 3473 3579 3416 
3 3576 3624 3623 
3 3577 3624 3576 
3 3624 3577 3578 
3 3625 3475 3520 
3 3418 3626 3579 
3 3581 3627 3578 
3 3578 3627 3624 
3 3418 3628 3626 
3 3582 3628 3418 
3 3471 3629 3420 
3 3580 3472 3583 
3 3580 3583 3627 
3 3580 3627 3581 
3 3582 3524 3630 
3 3420 3629 3631 
3 3584 3420 3631 
3 3522 3525 3632 
3 3525 3584 3632 
3 3475 3633 3529 
3 3634 3635 3585 
3 3635 3524 3585 
3 3635 3630 3524 
3 3527 3587 3636 
3 3478 3587 3527 
3 3585 3527 3634 
3 3634 3527 3636 
3 3529 3637 3588 
3 3586 3638 3587 
3 3589 3588 3639 
3 3589 3639 3533 
3 3425 3533 3640 
3 3425 3640 3586 
3 3591 3593 3595 
3 3591 3641 3642 
3 3591 3595 3641 
3 3596 3536 3595 
3 3592 3643 3540 
3 3592 3540 3537 
3 3537 3540 3539 
3 3591 3643 3592 
3 3641 3644 3645 
3 3641 3595 3644 
3 3536 3597 3644 
3 3595 3536 3644 
3 3645 3644 3597 
3 3645 3597 3646 
3 3646 3597 3541 
3 3647 3648 3649 
3 3647 3542 3648 
3 3542 3540 3648 
3 3647 3649 3650 
3 3650 3542 3647 
3 3650 3651 3542 
3 3651 3543 3542 
3 3598 3546 3652 
3 3598 3652 3653 
3 3598 3653 3541 
3 3541 3653 3646 
3 3654 3543 3651 
3 3652 3599 3655 
3 3546 3599 3652 
3 3656 3653 3652 
3 3656 3652 3657 
3 3657 3652 3655 
3 3656 3657 3658 
3 3543 3659 3544 
3 3654 3659 3543 
3 3544 3655 3599 
3 3544 3659 3655 
3 3659 3660 3655 
3 3657 3655 3660 
3 3658 3657 3661 
3 3660 3662 3663 
3 3660 3663 3657 
3 3601 3663 3602 
3 3601 3661 3663 
3 3661 3657 3663 
3 3603 3661 3601 
3 3658 3661 3603 
3 3658 3603 3664 
3 3603 3604 3664 
3 3664 3604 3605 
3 3607 3663 3662 
3 3665 3607 3662 
3 3663 3607 3602 
3 3610 3605 3554 
3 3610 3611 3605 
3 3607 3665 3608 
3 3608 3665 3666 
3 3666 3609 3608 
3 3667 3609 3666 
3 3612 3609 3667 
3 3613 3612 3668 
3 3612 3667 3668 
3 3669 3611 3614 
3 3669 3614 3668 
3 3668 3614 3613 
3 3616 3670 3569 
3 3671 3670 3616 
3 3671 3616 3617 
3 3672 3671 3617 
3 3670 3673 3569 
3 3569 3673 3618 
3 3671 3673 3670 
3 3617 3572 3672 
3 3618 3673 3674 
3 3619 3618 3675 
3 3618 3674 3675 
3 3672 3572 3619 
3 3675 3672 3619 
3 3573 3574 3620 
3 3620 3622 3621 
3 3517 3623 3574 
3 3520 3416 3625 
3 3579 3626 3676 
3 3677 3676 3626 
3 3518 3622 3471 
3 3622 3629 3471 
3 3624 3627 3678 
3 3678 3627 3679 
3 3626 3680 3677 
3 3628 3680 3626 
3 3680 3628 3582 
3 3681 3680 3582 
3 3629 3682 3631 
3 3627 3583 3683 
3 3627 3683 3684 
3 3627 3684 3679 
3 3685 3633 3686 
3 3633 3475 3686 
3 3582 3630 3681 
3 3632 3631 3687 
3 3632 3584 3631 
3 3583 3522 3632 
3 3583 3632 3683 
3 3688 3633 3685 
3 3688 3689 3633 
3 3689 3529 3633 
3 3690 3630 3635 
3 3529 3689 3637 
3 3689 3588 3637 
3 3636 3691 3692 
3 3587 3691 3636 
3 3636 3692 3634 
3 3638 3693 3587 
3 3639 3694 3533 
3 3533 3694 3640 
3 3586 3640 3638 
3 3540 3643 3695 
3 3642 3643 3591 
3 3641 3696 3642 
3 3696 3641 3645 
3 3540 3695 3648 
3 3695 3697 3648 
3 3697 3649 3648 
3 3646 3653 3698 
3 3653 3656 3698 
3 3658 3699 3656 
3 3699 3658 3700 
3 3700 3658 3664 
3 3701 3700 3664 
3 3659 3654 3702 
3 3660 3659 3662 
3 3664 3605 3701 
3 3703 3659 3702 
3 3703 3662 3659 
3 3703 3665 3662 
3 3605 3611 3704 
3 3704 3611 3705 
3 3665 3703 3706 
3 3666 3665 3707 
3 3665 3706 3707 
3 3667 3666 3708 
3 3666 3707 3708 
3 3708 3709 3710 
3 3710 3709 3705 
3 3710 3705 3669 
3 3669 3705 3611 
3 3668 3667 3708 
3 3710 3668 3708 
3 3669 3668 3710 
3 3671 3672 3711 
3 3673 3671 3711 
3 3673 3711 3712 
3 3712 3711 3713 
3 3711 3672 3713 
3 3673 3712 3674 
3 3675 3674 3712 
3 3713 3675 3712 
3 3672 3675 3713 
3 3620 3714 3715 
3 3622 3620 3715 
3 3623 3716 3574 
3 3574 3716 3620 
3 3717 3579 3676 
3 3623 3624 3678 
3 3676 3718 3717 
3 3718 3676 3677 
3 3719 3629 3622 
3 3720 3679 3721 
3 3720 3678 3679 
3 3720 3721 3722 
3 3686 3475 3723 
3 3629 3719 3682 
3 3719 3724 3682 
3 3679 3684 3721 
3 3685 3686 3725 
3 3681 3630 3726 
3 3680 3681 3726 
3 3682 3724 3727 
3 3631 3682 3727 
3 3727 3687 3631 
3 3728 3687 3727 
3 3684 3683 3721 
3 3688 3685 3725 
3 3690 3635 3726 
3 3635 3729 3726 
3 3630 3690 3726 
3 3730 3689 3688 
3 3730 3731 3689 
3 3731 3588 3689 
3 3729 3635 3634 
3 3692 3729 3634 
3 3588 3731 3732 
3 3639 3588 3732 
3 3694 3733 3734 
3 3694 3639 3733 
3 3639 3732 3733 
3 3733 3640 3734 
3 3734 3640 3694 
3 3640 3735 3638 
3 3643 3642 3696 
3 3643 3736 3695 
3 3695 3736 3697 
3 3696 3736 3643 
3 3737 3696 3645 
3 3697 3738 3739 
3 3649 3697 3739 
3 3738 3697 3736 
3 3740 3645 3646 
3 3649 3739 3650 
3 3740 3646 3698 
3 3698 3699 3740 
3 3698 3656 3699 
3 3741 3699 3700 
3 3651 3650 3742 
3 3654 3742 3743 
3 3654 3651 3742 
3 3700 3744 3741 
3 3744 3700 3701 
3 3745 3744 3701 
3 3702 3746 3747 
3 3702 3743 3746 
3 3702 3654 3743 
3 3704 3701 3605 
3 3704 3748 3701 
3 3748 3745 3701 
3 3702 3747 3749 
3 3702 3749 3703 
3 3705 3748 3704 
3 3750 3748 3705 
3 3703 3751 3752 
3 3703 3752 3706 
3 3708 3707 3753 
3 3707 3706 3753 
3 3750 3705 3709 
3 3750 3709 3753 
3 3753 3709 3708 
3 3754 3714 3620 
3 3716 3754 3620 
3 3625 3416 3755 
3 3755 3416 3756 
3 3579 3757 3416 
3 3416 3757 3756 
3 3715 3758 3622 
3 3716 3759 3754 
3 3716 3623 3759 
3 3760 3623 3678 
3 3475 3625 3723 
3 3718 3761 3717 
3 3761 3718 3677 
3 3762 3761 3677 
3 3622 3758 3719 
3 3678 3763 3760 
3 3720 3763 3678 
3 3722 3764 3720 
3 3720 3764 3763 
3 3764 3722 3765 
3 3725 3686 3723 
3 3725 3723 3766 
3 3677 3680 3762 
3 3762 3680 3726 
3 3719 3767 3724 
3 3765 3722 3768 
3 3768 3722 3769 
3 3768 3770 3771 
3 3765 3768 3771 
3 3766 3771 3770 
3 3766 3770 3725 
3 3724 3767 3772 
3 3727 3724 3772 
3 3772 3728 3727 
3 3773 3728 3772 
3 3721 3683 3774 
3 3721 3769 3722 
3 3721 3774 3769 
3 3774 3775 3769 
3 3768 3769 3776 
3 3776 3769 3775 
3 3770 3768 3776 
3 3725 3770 3777 
3 3777 3770 3776 
3 3725 3777 3688 
3 3632 3687 3778 
3 3687 3728 3778 
3 3774 3683 3632 
3 3774 3632 3778 
3 3779 3776 3775 
3 3777 3776 3779 
3 3780 3777 3779 
3 3688 3777 3780 
3 3688 3780 3730 
3 3730 3780 3781 
3 3781 3731 3730 
3 3731 3781 3732 
3 3732 3640 3733 
3 3587 3693 3782 
3 3693 3783 3782 
3 3692 3691 3587 
3 3782 3692 3587 
3 3640 3732 3735 
3 3735 3693 3638 
3 3784 3736 3696 
3 3737 3784 3696 
3 3738 3785 3739 
3 3736 3784 3738 
3 3784 3785 3738 
3 3645 3740 3737 
3 3740 3699 3741 
3 3786 3740 3741 
3 3650 3787 3742 
3 3788 3743 3742 
3 3744 3789 3741 
3 3789 3786 3741 
3 3743 3788 3790 
3 3746 3743 3790 
3 3747 3746 3749 
3 3746 3790 3749 
3 3748 3789 3744 
3 3791 3789 3748 
3 3744 3745 3748 
3 3749 3751 3703 
3 3792 3791 3748 
3 3748 3750 3792 
3 3706 3752 3793 
3 3752 3751 3793 
3 3706 3793 3794 
3 3791 3792 3753 
3 3791 3753 3794 
3 3794 3753 3706 
3 3750 3753 3792 
3 3579 3795 3757 
3 3717 3795 3579 
3 3715 3796 3758 
3 3754 3715 3714 
3 3754 3796 3715 
3 3623 3760 3759 
3 3797 3723 3798 
3 3723 3625 3798 
3 3798 3625 3755 
3 3717 3799 3795 
3 3761 3799 3717 
3 3764 3800 3763 
3 3764 3765 3800 
3 3771 3797 3801 
3 3765 3771 3801 
3 3723 3797 3766 
3 3761 3762 3802 
3 3802 3762 3726 
3 3766 3797 3771 
3 3729 3802 3726 
3 3767 3773 3772 
3 3802 3782 3803 
3 3802 3729 3782 
3 3728 3773 3804 
3 3778 3728 3804 
3 3774 3778 3775 
3 3779 3805 3780 
3 3775 3805 3779 
3 3805 3781 3780 
3 3729 3692 3782 
3 3806 3775 3807 
3 3805 3775 3806 
3 3781 3805 3806 
3 3808 3781 3806 
3 3781 3808 3732 
3 3735 3809 3693 
3 3693 3809 3783 
3 3785 3810 3811 
3 3739 3785 3811 
3 3784 3812 3785 
3 3785 3812 3810 
3 3737 3812 3784 
3 3739 3811 3650 
3 3811 3787 3650 
3 3740 3813 3737 
3 3740 3786 3813 
3 3742 3787 3814 
3 3814 3788 3742 
3 3790 3788 3814 
3 3815 3816 3786 
3 3789 3791 3815 
3 3786 3789 3815 
3 3749 3817 3818 
3 3751 3819 3820 
3 3751 3749 3819 
3 3749 3818 3819 
3 3819 3815 3820 
3 3793 3751 3820 
3 3815 3793 3820 
3 3794 3793 3815 
3 3791 3794 3815 
3 3755 3756 3821 
3 3756 3757 3822 
3 3821 3756 3822 
3 3822 3757 3795 
3 3823 3796 3754 
3 3823 3754 3759 
3 3797 3798 3801 
3 3822 3755 3821 
3 3795 3824 3822 
3 3825 3824 3795 
3 3795 3799 3825 
3 3825 3799 3761 
3 3826 3825 3761 
3 3758 3827 3719 
3 3828 3827 3796 
3 3827 3758 3796 
3 3823 3828 3796 
3 3760 3763 3829 
3 3829 3763 3830 
3 3763 3800 3830 
3 3765 3831 3800 
3 3800 3831 3830 
3 3831 3765 3801 
3 3832 3826 3761 
3 3761 3802 3832 
3 3719 3827 3767 
3 3767 3827 3828 
3 3802 3803 3832 
3 3767 3833 3773 
3 3809 3803 3782 
3 3804 3773 3833 
3 3804 3834 3778 
3 3807 3775 3778 
3 3778 3835 3807 
3 3835 3806 3807 
3 3806 3835 3836 
3 3808 3806 3837 
3 3806 3836 3837 
3 3808 3837 3732 
3 3735 3732 3838 
3 3732 3839 3838 
3 3838 3809 3735 
3 3782 3783 3809 
3 3840 3841 3842 
3 3842 3841 3843 
3 3810 3844 3811 
3 3810 3841 3844 
3 3841 3840 3844 
3 3812 3841 3810 
3 3843 3841 3812 
3 3843 3845 3846 
3 3843 3812 3845 
3 3812 3737 3845 
3 3737 3847 3845 
3 3787 3844 3848 
3 3849 3787 3848 
3 3844 3787 3811 
3 3737 3813 3847 
3 3787 3849 3850 
3 3787 3850 3851 
3 3852 3787 3851 
3 3847 3813 3853 
3 3787 3852 3814 
3 3814 3854 3790 
3 3814 3852 3854 
3 3790 3855 3817 
3 3854 3855 3790 
3 3817 3856 3857 
3 3855 3856 3817 
3 3853 3857 3856 
3 3853 3816 3857 
3 3813 3816 3853 
3 3813 3786 3816 
3 3817 3749 3790 
3 3818 3817 3857 
3 3858 3857 3816 
3 3816 3815 3858 
3 3857 3819 3818 
3 3815 3819 3857 
3 3858 3815 3857 
3 3759 3760 3829 
3 3823 3759 3829 
3 3801 3798 3859 
3 3755 3860 3798 
3 3822 3861 3755 
3 3862 3861 3822 
3 3822 3824 3862 
3 3825 3826 3824 
3 3830 3863 3829 
3 3859 3831 3801 
3 3859 3863 3831 
3 3863 3830 3831 
3 3826 3832 3864 
3 3824 3826 3864 
3 3828 3865 3767 
3 3864 3866 3824 
3 3866 3862 3824 
3 3832 3803 3866 
3 3864 3832 3866 
3 3767 3865 3833 
3 3865 3867 3833 
3 3809 3868 3862 
3 3869 3868 3809 
3 3803 3809 3862 
3 3866 3803 3862 
3 3867 3834 3804 
3 3867 3804 3833 
3 3867 3870 3834 
3 3834 3870 3871 
3 3834 3871 3778 
3 3778 3871 3872 
3 3778 3872 3873 
3 3778 3873 3874 
3 3778 3874 3835 
3 3875 3835 3876 
3 3876 3835 3874 
3 3877 3835 3875 
3 3877 3836 3835 
3 3732 3878 3839 
3 3879 3869 3838 
3 3879 3838 3839 
3 3809 3838 3869 
3 3875 3876 3877 
3 3880 3881 3882 
3 3880 3883 3884 
3 3881 3880 3884 
3 3884 3883 3846 
3 3880 3882 3885 
3 3880 3885 3844 
3 3880 3844 3840 
3 3842 3880 3840 
3 3883 3880 3842 
3 3883 3842 3846 
3 3842 3843 3846 
3 3886 3885 3887 
3 3844 3886 3848 
3 3885 3886 3844 
3 3845 3888 3846 
3 3888 3845 3847 
3 3889 3888 3847 
3 3890 3848 3886 
3 3890 3891 3848 
3 3891 3849 3848 
3 3892 3893 3889 
3 3892 3889 3853 
3 3853 3889 3847 
3 3849 3891 3894 
3 3850 3849 3894 
3 3851 3850 3894 
3 3852 3895 3856 
3 3852 3851 3895 
3 3851 3894 3895 
3 3892 3856 3895 
3 3892 3853 3856 
3 3852 3856 3854 
3 3855 3854 3856 
3 3798 3860 3859 
3 3860 3755 3861 
3 3828 3823 3896 
3 3896 3823 3829 
3 3829 3897 3896 
3 3863 3898 3829 
3 3829 3898 3897 
3 3859 3899 3863 
3 3899 3898 3863 
3 3900 3861 3868 
3 3861 3862 3868 
3 3828 3867 3865 
3 3870 3901 3871 
3 3901 3872 3871 
3 3876 3902 3903 
3 3876 3874 3902 
3 3903 3836 3877 
3 3903 3902 3836 
3 3837 3836 3904 
3 3836 3902 3904 
3 3732 3837 3878 
3 3837 3904 3878 
3 3905 3869 3878 
3 3839 3878 3869 
3 3879 3839 3869 
3 3876 3903 3877 
3 3906 3881 3907 
3 3906 3882 3881 
3 3884 3908 3881 
3 3881 3908 3909 
3 3908 3884 3846 
3 3910 3908 3846 
3 3911 3912 3913 
3 3907 3912 3911 
3 3906 3907 3911 
3 3906 3911 3887 
3 3906 3887 3885 
3 3882 3906 3885 
3 3910 3846 3888 
3 3914 3910 3888 
3 3911 3913 3915 
3 3915 3887 3911 
3 3915 3916 3887 
3 3916 3886 3887 
3 3893 3914 3888 
3 3888 3889 3893 
3 3886 3916 3917 
3 3890 3886 3917 
3 3891 3918 3919 
3 3891 3890 3918 
3 3890 3917 3918 
3 3918 3920 3919 
3 3891 3919 3894 
3 3919 3920 3894 
3 3892 3895 3920 
3 3920 3895 3894 
3 3899 3859 3860 
3 3896 3921 3828 
3 3921 3896 3897 
3 3897 3898 3921 
3 3861 3899 3860 
3 3922 3861 3900 
3 3828 3901 3867 
3 3905 3900 3869 
3 3868 3869 3900 
3 3867 3901 3870 
3 3901 3923 3924 
3 3901 3924 3872 
3 3924 3923 3872 
3 3872 3923 3873 
3 3874 3873 3902 
3 3873 3923 3902 
3 3925 3905 3904 
3 3925 3904 3902 
3 3878 3904 3905 
3 3926 3927 3928 
3 3929 3926 3928 
3 3928 3927 3930 
3 3926 3907 3881 
3 3909 3926 3881 
3 3927 3926 3909 
3 3927 3931 3930 
3 3927 3909 3931 
3 3909 3908 3931 
3 3931 3908 3910 
3 3932 3931 3910 
3 3913 3912 3933 
3 3934 3935 3910 
3 3935 3932 3910 
3 3910 3914 3934 
3 3913 3933 3936 
3 3915 3913 3936 
3 3936 3916 3915 
3 3937 3916 3936 
3 3938 3935 3934 
3 3939 3935 3938 
3 3914 3893 3938 
3 3934 3914 3938 
3 3916 3937 3940 
3 3917 3916 3940 
3 3918 3917 3941 
3 3917 3940 3941 
3 3920 3942 3943 
3 3920 3918 3942 
3 3918 3941 3942 
3 3939 3943 3942 
3 3938 3943 3939 
3 3938 3892 3943 
3 3893 3892 3938 
3 3892 3920 3943 
3 3921 3898 3944 
3 3898 3899 3945 
3 3944 3898 3945 
3 3945 3899 3946 
3 3899 3861 3947 
3 3946 3899 3947 
3 3947 3861 3922 
3 3921 3901 3828 
3 3901 3921 3944 
3 3946 3948 3945 
3 3947 3948 3946 
3 3947 3922 3900 
3 3944 3949 3901 
3 3949 3923 3901 
3 3949 3944 3950 
3 3900 3905 3951 
3 3952 3949 3950 
3 3952 3953 3949 
3 3953 3923 3949 
3 3953 3954 3902 
3 3952 3954 3953 
3 3951 3905 3902 
3 3902 3923 3953 
3 3905 3925 3902 
3 3955 3956 3957 
3 3955 3926 3929 
3 3955 3929 3956 
3 3956 3929 3958 
3 3928 3930 3929 
3 3929 3930 3958 
3 3907 3955 3957 
3 3907 3957 3912 
3 3912 3957 3959 
3 3926 3955 3907 
3 3930 3932 3960 
3 3931 3932 3930 
3 3912 3959 3933 
3 3959 3961 3933 
3 3932 3935 3962 
3 3962 3935 3963 
3 3933 3961 3964 
3 3936 3933 3964 
3 3937 3965 3966 
3 3937 3936 3965 
3 3936 3964 3965 
3 3965 3967 3966 
3 3968 3969 3970 
3 3968 3970 3963 
3 3968 3963 3939 
3 3939 3963 3935 
3 3937 3966 3940 
3 3966 3967 3940 
3 3940 3967 3941 
3 3969 3968 3942 
3 3969 3942 3967 
3 3967 3942 3941 
3 3939 3942 3968 
3 3945 3954 3944 
3 3954 3945 3948 
3 3948 3947 3900 
3 3944 3954 3950 
3 3971 3954 3948 
3 3951 3971 3900 
3 3900 3971 3948 
3 3950 3954 3952 
3 3971 3902 3954 
3 3951 3902 3971 
3 3972 3957 3956 
3 3972 3956 3973 
3 3956 3958 3973 
3 3930 3974 3958 
3 3974 3930 3960 
3 3957 3975 3959 
3 3972 3975 3957 
3 3962 3960 3932 
3 3975 3976 3977 
3 3977 3959 3975 
3 3977 3978 3959 
3 3978 3961 3959 
3 3979 3962 3980 
3 3962 3963 3980 
3 3961 3978 3981 
3 3964 3961 3981 
3 3965 3964 3982 
3 3964 3981 3982 
3 3967 3983 3969 
3 3967 3965 3983 
3 3965 3982 3983 
3 3979 3969 3983 
3 3980 3969 3979 
3 3980 3970 3969 
3 3963 3970 3980 
3 3958 3974 3973 
3 3960 3984 3974 
3 3975 3985 3976 
3 3986 3984 3960 
3 3960 3962 3986 
3 3978 3977 3976 
3 3978 3976 3987 
3 3987 3976 3985 
3 3988 3986 3979 
3 3986 3962 3979 
3 3978 3987 3981 
3 3982 3981 3989 
3 3981 3990 3989 
3 3988 3979 3983 
3 3988 3983 3989 
3 3989 3983 3982 
3 3991 3975 3972 
3 3991 3972 3992 
3 3972 3973 3992 
3 3974 3993 3973 
3 3993 3974 3984 
3 3994 3993 3984 
3 3995 3991 3996 
3 3997 3995 3996 
3 3975 3995 3985 
3 3991 3995 3975 
3 3984 3986 3994 
3 3994 3986 3998 
3 3995 3997 3999 
3 3999 3985 3995 
3 3999 4000 3985 
3 4000 3987 3985 
3 4001 3990 4002 
3 4001 4003 4004 
3 4002 4003 4001 
3 4004 4003 3998 
3 4004 3998 3988 
3 3988 3998 3986 
3 3987 4000 4005 
3 3981 3987 4005 
3 4005 3990 3981 
3 3989 3990 4001 
3 4004 3989 4001 
3 3988 3989 4004 
3 4006 4007 4008 
3 4007 4006 4009 
3 3996 3991 4010 
3 4008 3992 4006 
3 4008 4010 3992 
3 4010 3991 3992 
3 4006 4011 4009 
3 4006 3992 4011 
3 3992 3973 4011 
3 3994 4011 3993 
3 3993 4011 3973 
3 4012 3996 4013 
3 4014 4012 4013 
3 3996 4012 3997 
3 4015 3994 4016 
3 3994 3998 4016 
3 4012 4014 4017 
3 4000 4017 4018 
3 3999 4017 4000 
3 3999 4012 4017 
3 3999 3997 4012 
3 4002 4019 4020 
3 3990 4019 4002 
3 4015 4016 4003 
3 4015 4003 4020 
3 4020 4003 4002 
3 3998 4003 4016 
3 4000 4018 4005 
3 4019 3990 4005 
3 4008 4021 4010 
3 4008 4007 4021 
3 4021 4007 4009 
3 3996 4022 4013 
3 4022 3996 4010 
3 4009 3994 4023 
3 4011 3994 4009 
3 4020 4024 4015 
3 4017 4014 4025 
3 4018 4026 4005 
3 4018 4017 4026 
3 4017 4025 4026 
3 4005 4027 4019 
3 4026 4027 4005 
3 4024 4019 4027 
3 4020 4019 4024 
3 4021 4028 4010 
3 4021 4009 4028 
3 4029 4009 4023 
3 4013 4022 4030 
3 4031 4023 3994 
3 4031 4029 4023 
3 3994 4015 4031 
3 4013 4030 4014 
3 4030 4032 4014 
3 4015 4024 4031 
3 4014 4032 4025 
3 4026 4025 4033 
3 4026 4033 4027 
3 4034 4035 4022 
3 4034 4010 4028 
3 4034 4028 4035 
3 4009 4036 4028 
3 4036 4009 4029 
3 4010 4034 4022 
3 4029 4031 4037 
3 4030 4038 4032 
3 4024 4039 4040 
3 4024 4040 4037 
3 4024 4037 4031 
3 4032 4038 4041 
3 4025 4032 4041 
3 4033 4025 4042 
3 4025 4041 4042 
3 4039 4024 4027 
3 4039 4027 4042 
3 4042 4027 4033 
3 4043 4036 4029 
3 4022 4044 4030 
3 4029 4037 4043 
3 4043 4037 4045 
3 4030 4044 4038 
3 4045 4037 4040 
3 4042 4041 4046 
3 4046 4039 4042 
3 4035 4047 4048 
3 4022 4035 4048 
3 4035 4028 4047 
3 4036 4049 4028 
3 4049 4036 4043 
3 4022 4048 4044 
3 4045 4040 4043 
3 4047 4050 4048 
3 4028 4051 4047 
3 4047 4051 4050 
3 4052 4053 4051 
3 4052 4051 4049 
3 4049 4051 4028 
3 4049 4043 4052 
3 4054 4040 4055 
3 4054 4053 4040 
3 4043 4040 4052 
3 4052 4040 4053 
3 4055 4056 4054 
3 4044 4057 4038 
3 4055 4058 4059 
3 4055 4040 4058 
3 4040 4039 4058 
3 4056 4055 4059 
3 4038 4057 4060 
3 4041 4038 4060 
3 4041 4060 4046 
3 4058 4039 4046 
3 4051 4061 4050 
3 4061 4051 4053 
3 4062 4061 4053 
3 4063 4064 4065 
3 4063 4048 4064 
3 4063 4044 4048 
3 4066 4053 4054 
3 4066 4067 4053 
3 4067 4062 4053 
3 4054 4056 4066 
3 4068 4063 4065 
3 4069 4068 4065 
3 4044 4068 4057 
3 4063 4068 4044 
3 4059 4067 4066 
3 4059 4058 4067 
3 4058 4070 4067 
3 4056 4059 4066 
3 4068 4069 4071 
3 4057 4068 4071 
3 4057 4071 4060 
3 4060 4071 4072 
3 4046 4060 4073 
3 4060 4072 4073 
3 4070 4058 4046 
3 4073 4070 4046 
3 4050 4074 4048 
3 4074 4050 4061 
3 4064 4075 4076 
3 4065 4064 4076 
3 4074 4064 4048 
3 4074 4077 4064 
3 4077 4075 4064 
3 4061 4077 4074 
3 4062 4077 4061 
3 4078 4062 4067 
3 4065 4076 4069 
3 4067 4070 4078 
3 4078 4070 4079 
3 4079 4070 4073 
3 4075 4080 4076 
3 4081 4075 4077 
3 4077 4062 4081 
3 4082 4062 4078 
3 4080 4083 4084 
3 4080 4084 4076 
3 4076 4084 4069 
3 4075 4083 4080 
3 4078 4079 4082 
3 4082 4079 4085 
3 4069 4084 4071 
3 4086 4071 4087 
3 4086 4072 4071 
3 4088 4072 4086 
3 4088 4089 4072 
3 4089 4073 4072 
3 4085 4079 4073 
3 4089 4085 4073 
3 4086 4087 4090 
3 4088 4086 4090 
3 4062 4091 4081 
3 4091 4062 4082 
3 4083 4092 4093 
3 4084 4083 4093 
3 4092 4083 4075 
3 4094 4071 4084 
3 4094 4084 4095 
3 4095 4084 4093 
3 4071 4094 4087 
3 4089 4096 4097 
3 4088 4096 4089 
3 4097 4085 4089 
3 4094 4095 4098 
3 4087 4094 4098 
3 4087 4098 4090 
3 4090 4098 4099 
3 4096 4088 4090 
3 4099 4096 4090 
3 4081 4100 4101 
3 4075 4081 4101 
3 4102 4100 4091 
3 4091 4100 4081 
3 4091 4082 4102 
3 4092 4103 4104 
3 4093 4092 4104 
3 4101 4092 4075 
3 4103 4092 4101 
3 4102 4105 4100 
3 4105 4102 4082 
3 4105 4082 4106 
3 4106 4082 4085 
3 4093 4104 4095 
3 4104 4107 4095 
3 4085 4097 4106 
3 4095 4107 4108 
3 4098 4095 4108 
3 4098 4108 4099 
3 4100 4109 4101 
3 4103 4110 4111 
3 4104 4103 4111 
3 4109 4103 4101 
3 4109 4112 4103 
3 4112 4110 4103 
3 4100 4112 4109 
3 4100 4105 4112 
3 4104 4111 4107 
3 4111 4113 4107 
3 4106 4097 4114 
3 4107 4113 4108 
3 4099 4108 4115 
3 4096 4099 4116 
3 4099 4115 4116 
3 4114 4097 4096 
3 4116 4114 4096 
3 4110 4117 4111 
3 4118 4110 4112 
3 4105 4119 4112 
3 4112 4119 4118 
3 4119 4105 4106 
3 4120 4119 4106 
3 4117 4121 4113 
3 4111 4117 4113 
3 4122 4117 4110 
3 4121 4117 4122 
3 4106 4114 4120 
3 4120 4114 4123 
3 4113 4121 4108 
3 4121 4122 4124 
3 4121 4124 4108 
3 4108 4124 4115 
3 4116 4115 4125 
3 4115 4124 4125 
3 4123 4114 4116 
3 4125 4123 4116 
3 4118 4126 4127 
3 4110 4118 4127 
3 4119 4128 4118 
3 4118 4128 4126 
3 4128 4119 4120 
3 4129 4128 4120 
3 4110 4127 4122 
3 4127 4130 4122 
3 4131 4123 4132 
3 4131 4129 4123 
3 4129 4120 4123 
3 4131 4132 4133 
3 4122 4130 4134 
3 4124 4122 4134 
3 4125 4134 4135 
3 4125 4124 4134 
3 4123 4125 4136 
3 4123 4136 4137 
3 4123 4137 4132 
3 4133 4132 4137 
3 4125 4135 4138 
3 4136 4125 4138 
3 4126 4139 4127 
3 4140 4139 4126 
3 4140 4126 4141 
3 4141 4126 4128 
3 4141 4128 4129 
3 4142 4141 4129 
3 4139 4143 4144 
3 4139 4144 4127 
3 4127 4144 4130 
3 4140 4143 4139 
3 4129 4145 4142 
3 4131 4145 4129 
3 4145 4131 4133 
3 4146 4145 4133 
3 4147 4134 4130 
3 4147 4130 4148 
3 4148 4130 4144 
3 4134 4147 4135 
3 4137 4136 4149 
3 4137 4149 4133 
3 4133 4149 4146 
3 4147 4148 4150 
3 4135 4147 4150 
3 4135 4150 4138 
3 4138 4150 4151 
3 4136 4138 4152 
3 4152 4138 4151 
3 4149 4136 4152 
3 4141 4142 4140 
3 4143 4153 4144 
3 4140 4153 4143 
3 4140 4154 4153 
3 4142 4154 4140 
3 4142 4145 4154 
3 4155 4145 4146 
3 4144 4156 4148 
3 4157 4144 4153 
3 4156 4144 4157 
3 4146 4149 4155 
3 4155 4149 4158 
3 4148 4156 4150 
3 4156 4151 4150 
3 4156 4159 4151 
3 4156 4157 4159 
3 4159 4160 4151 
3 4151 4161 4152 
3 4160 4161 4151 
3 4152 4161 4162 
3 4152 4162 4149 
3 4149 4162 4158 
3 4163 4161 4160 
3 4162 4161 4163 
3 4154 4164 4153 
3 4165 4164 4154 
3 4165 4154 4145 
3 4165 4145 4155 
3 4166 4165 4155 
3 4164 4167 4168 
3 4164 4168 4153 
3 4153 4168 4157 
3 4165 4167 4164 
3 4169 4158 4170 
3 4169 4166 4158 
3 4166 4155 4158 
3 4169 4170 4171 
3 4157 4168 4159 
3 4168 4172 4159 
3 4170 4162 4173 
3 4158 4162 4170 
3 4174 4171 4170 
3 4173 4174 4170 
3 4159 4172 4160 
3 4175 4160 4176 
3 4175 4163 4160 
3 4163 4173 4162 
3 4163 4175 4173 
3 4175 4177 4173 
3 4167 4178 4168 
3 4167 4179 4178 
3 4165 4179 4167 
3 4165 4180 4179 
3 4166 4180 4165 
3 4166 4169 4180 
3 4169 4181 4180 
3 4181 4169 4171 
3 4182 4181 4171 
3 4178 4172 4168 
3 4183 4182 4174 
3 4182 4171 4174 
3 4172 4176 4160 
3 4184 4176 4172 
3 4174 4173 4185 
3 4186 4183 4174 
3 4185 4186 4174 
3 4187 4176 4188 
3 4187 4177 4176 
3 4177 4175 4176 
3 4177 4187 4189 
3 4173 4177 4189 
3 4173 4189 4190 
3 4173 4190 4185 
3 4186 4185 4190 
3 4187 4188 4191 
3 4189 4187 4191 
3 4180 4192 4179 
3 4193 4192 4180 
3 4193 4180 4194 
3 4194 4180 4181 
3 4194 4181 4182 
3 4195 4194 4182 
3 4178 4196 4172 
3 4178 4197 4196 
3 4179 4197 4178 
3 4179 4198 4197 
3 4179 4192 4198 
3 4193 4198 4192 
3 4182 4199 4195 
3 4183 4199 4182 
3 4200 4199 4183 
3 4196 4184 4172 
3 4196 4197 4184 
3 4197 4201 4184 
3 4183 4186 4200 
3 4200 4186 4202 
3 4203 4176 4184 
3 4203 4184 4204 
3 4204 4184 4201 
3 4176 4203 4188 
3 4190 4189 4205 
3 4190 4205 4206 
3 4190 4206 4186 
3 4186 4206 4202 
3 4207 4203 4208 
3 4191 4203 4207 
3 4191 4188 4203 
3 4191 4205 4189 
3 4191 4207 4205 
3 4207 4209 4205 
3 4210 4206 4205 
3 4209 4210 4205 
3 4207 4208 4211 
3 4209 4207 4211 
3 4212 4209 4211 
3 4210 4209 4212 
3 4194 4213 4193 
3 4194 4195 4213 
3 4198 4214 4197 
3 4193 4215 4198 
3 4193 4213 4215 
3 4216 4217 4215 
3 4199 4216 4215 
3 4199 4215 4213 
3 4199 4213 4195 
3 4199 4200 4216 
3 4214 4218 4201 
3 4214 4201 4197 
3 4198 4218 4214 
3 4216 4200 4219 
3 4219 4200 4202 
3 4220 4204 4201 
3 4221 4206 4222 
3 4221 4219 4206 
3 4219 4202 4206 
3 4221 4222 4223 
3 4204 4208 4203 
3 4204 4220 4208 
3 4220 4224 4208 
3 4222 4210 4225 
3 4206 4210 4222 
3 4226 4223 4222 
3 4225 4226 4222 
3 4208 4224 4227 
3 4211 4208 4227 
3 4228 4227 4229 
3 4228 4212 4227 
3 4212 4211 4227 
3 4212 4228 4230 
3 4210 4212 4230 
3 4210 4230 4225 
3 4215 4231 4198 
3 4215 4217 4231 
3 4218 4198 4231 
3 4216 4219 4217 
3 4201 4218 4220 
3 4232 4218 4231 
3 4232 4220 4218 
3 4232 4233 4220 
3 4217 4232 4231 
3 4234 4232 4217 
3 4219 4234 4217 
3 4219 4221 4234 
3 4221 4235 4234 
3 4235 4221 4223 
3 4236 4235 4223 
3 4220 4233 4224 
3 4233 4237 4224 
3 4223 4226 4236 
3 4236 4226 4238 
3 4224 4237 4239 
3 4227 4224 4239 
3 4239 4229 4227 
3 4240 4229 4239 
3 4225 4230 4241 
3 4242 4238 4226 
3 4242 4226 4241 
3 4242 4241 4243 
3 4241 4226 4225 
3 4242 4243 4244 
3 4228 4229 4245 
3 4245 4229 4240 
3 4228 4241 4230 
3 4228 4246 4241 
3 4243 4241 4247 
3 4247 4241 4246 
3 4248 4244 4243 
3 4247 4248 4243 
3 4228 4245 4249 
3 4246 4228 4249 
3 4250 4246 4249 
3 4247 4246 4250 
3 4232 4251 4233 
3 4232 4234 4252 
3 4251 4232 4252 
3 4234 4235 4253 
3 4252 4234 4253 
3 4235 4236 4253 
3 4251 4254 4237 
3 4233 4251 4237 
3 4255 4252 4256 
3 4255 4254 4252 
3 4254 4251 4252 
3 4253 4256 4252 
3 4253 4236 4238 
3 4237 4254 4239 
3 4254 4240 4239 
3 4254 4255 4240 
3 4255 4257 4240 
3 4238 4242 4244 
3 4258 4238 4244 
3 4240 4257 4245 
3 4257 4259 4245 
3 4260 4248 4247 
3 4260 4258 4248 
3 4258 4244 4248 
3 4260 4247 4261 
3 4245 4259 4262 
3 4249 4245 4262 
3 4263 4262 4264 
3 4263 4250 4262 
3 4250 4249 4262 
3 4265 4250 4263 
3 4247 4250 4265 
3 4256 4266 4255 
3 4256 4253 4267 
3 4266 4256 4267 
3 4266 4268 4257 
3 4255 4266 4257 
3 4269 4267 4253 
3 4269 4268 4267 
3 4268 4266 4267 
3 4238 4270 4253 
3 4270 4238 4258 
3 4268 4271 4257 
3 4257 4271 4259 
3 4258 4272 4270 
3 4260 4272 4258 
3 4272 4260 4261 
3 4259 4271 4273 
3 4262 4259 4273 
3 4273 4264 4262 
3 4274 4264 4273 
3 4275 4261 4247 
3 4275 4247 4276 
3 4264 4274 4277 
3 4263 4264 4277 
3 4278 4277 4279 
3 4278 4265 4277 
3 4265 4263 4277 
3 4265 4280 4247 
3 4278 4280 4265 
3 4280 4281 4247 
3 4282 4280 4278 
3 4281 4280 4282 
3 4253 4270 4269 
3 4268 4283 4271 
3 4268 4269 4283 
3 4283 4269 4284 
3 4284 4269 4285 
3 4272 4286 4285 
3 4272 4285 4269 
3 4272 4269 4270 
3 4272 4261 4286 
3 4271 4283 4273 
3 4274 4273 4283 
3 4274 4283 4287 
3 4287 4283 4284 
3 4288 4289 4286 
3 4275 4288 4286 
3 4275 4286 4261 
3 4275 4276 4288 
3 4274 4287 4277 
3 4287 4279 4277 
3 4287 4284 4279 
3 4284 4290 4279 
3 4288 4291 4289 
3 4291 4288 4276 
3 4291 4276 4292 
3 4292 4276 4247 
3 4293 4279 4294 
3 4293 4282 4279 
3 4282 4278 4279 
3 4282 4295 4281 
3 4293 4295 4282 
3 4281 4295 4296 
3 4281 4296 4247 
3 4247 4296 4292 
3 4293 4294 4297 
3 4295 4293 4297 
3 4298 4295 4297 
3 4296 4295 4298 
3 4285 4299 4284 
3 4285 4286 4300 
3 4285 4300 4299 
3 4286 4289 4300 
3 4299 4301 4290 
3 4284 4299 4290 
3 4300 4289 4299 
3 4289 4301 4299 
3 4291 4292 4289 
3 4290 4301 4279 
3 4294 4279 4301 
3 4294 4301 4297 
3 4297 4301 4289 
3 4298 4297 4289 
3 4292 4296 4298 
3 4289 4292 4298 

POINT_DATA 4302
SCALARS scalars float
LOOKUP_TABLE default
0.5 0.5 0.5 0.5 0.5 0.5 0.5 0.5 0.5 
0.5 0.5 0.5 0.5 0.5 0.5 0.5 0.5 0.5 
0.5 0.5 0.5 0.5 0.5 0.5 0.5 0.5 0.5 
0.5 0.5 0.5 0.5 0.5 0.5 0.5 0.5 0.5 
0.5 0.5 0.5 0.5 0.5 0.5 0.5 0.5 0.5 
0.5 0.5 0.5 0.5 0.5 0.5 0.5 0.5 0.5 
0.5 0.5 0.5 0.5 0.5 0.5 0.5 0.5 0.5 
0.5 0.5 0.5 0.5 0.5 0.5 0.5 0.5 0.5 
0.5 0.5 0.5 0.5 0.5 0.5 0.5 0.5 0.5 
0.5 0.5 0.5 0.5 0.5 0.5 0.5 0.5 0.5 
0.5 0.5 0.5 0.5 0.5 0.5 0.5 0.5 0.5 
0.5 0.5 0.5 0.5 0.5 0.5 0.5 0.5 0.5 
0.5 0.5 0.5 0.5 0.5 0.5 0.5 0.5 0.5 
0.5 0.5 0.5 0.5 0.5 0.5 0.5 0.5 0.5 
0.5 0.5 0.5 0.5 0.5 0.5 0.5 0.5 0.5 
0.5 0.5 0.5 0.5 0.5 0.5 0.5 0.5 0.5 
0.5 0.5 0.5 0.5 0.5 0.5 0.5 0.5 0.5 
0.5 0.5 0.5 0.5 0.5 0.5 0.5 0.5 0.5 
0.5 0.5 0.5 0.5 0.5 0.5 0.5 0.5 0.5 
0.5 0.5 0.5 0.5 0.5 0.5 0.5 0.5 0.5 
0.5 0.5 0.5 0.5 0.5 0.5 0.5 0.5 0.5 
0.5 0.5 0.5 0.5 0.5 0.5 0.5 0.5 0.5 
0.5 0.5 0.5 0.5 0.5 0.5 0.5 0.5 0.5 
0.5 0.5 0.5 0.5 0.5 0.5 0.5 0.5 0.5 
0.5 0.5 0.5 0.5 0.5 0.5 0.5 0.5 0.5 
0.5 0.5 0.5 0.5 0.5 0.5 0.5 0.5 0.5 
0.5 0.5 0.5 0.5 0.5 0.5 0.5 0.5 0.5 
0.5 0.5 0.5 0.5 0.5 0.5 0.5 0.5 0.5 
0.5 0.5 0.5 0.5 0.5 0.5 0.5 0.5 0.5 
0.5 0.5 0.5 0.5 0.5 0.5 0.5 0.5 0.5 
0.5 0.5 0.5 0.5 0.5 0.5 0.5 0.5 0.5 
0.5 0.5 0.5 0.5 0.5 0.5 0.5 0.5 0.5 
0.5 0.5 0.5 0.5 0.5 0.5 0.5 0.5 0.5 
0.5 0.5 0.5 0.5 0.5 0.5 0.5 0.5 0.5 
0.5 0.5 0.5 0.5 0.5 0.5 0.5 0.5 0.5 
0.5 0.5 0.5 0.5 0.5 0.5 0.5 0.5 0.5 
0.5 0.5 0.5 0.5 0.5 0.5 0.5 0.5 0.5 
0.5 0.5 0.5 0.5 0.5 0.5 0.5 0.5 0.5 
0.5 0.5 0.5 0.5 0.5 0.5 0.5 0.5 0.5 
0.5 0.5 0.5 0.5 0.5 0.5 0.5 0.5 0.5 
0.5 0.5 0.5 0.5 0.5 0.5 0.5 0.5 0.5 
0.5 0.5 0.5 0.5 0.5 0.5 0.5 0.5 0.5 
0.5 0.5 0.5 0.5 0.5 0.5 0.5 0.5 0.5 
0.5 0.5 0.5 0.5 0.5 0.5 0.5 0.5 0.5 
0.5 0.5 0.5 0.5 0.5 0.5 0.5 0.5 0.5 
0.5 0.5 0.5 0.5 0.5 0.5 0.5 0.5 0.5 
0.5 0.5 0.5 0.5 0.5 0.5 0.5 0.5 0.5 
0.5 0.5 0.5 0.5 0.5 0.5 0.5 0.5 0.5 
0.5 0.5 0.5 0.5 0.5 0.5 0.5 0.5 0.5 
0.5 0.5 0.5 0.5 0.5 0.5 0.5 0.5 0.5 
0.5 0.5 0.5 0.5 0.5 0.5 0.5 0.5 0.5 
0.5 0.5 0.5 0.5 0.5 0.5 0.5 0.5 0.5 
0.5 0.5 0.5 0.5 0.5 0.5 0.5 0.5 0.5 
0.5 0.5 0.5 0.5 0.5 0.5 0.5 0.5 0.5 
0.5 0.5 0.5 0.5 0.5 0.5 0.5 0.5 0.5 
0.5 0.5 0.5 0.5 0.5 0.5 0.5 0.5 0.5 
0.5 0.5 0.5 0.5 0.5 0.5 0.5 0.5 0.5 
0.5 0.5 0.5 0.5 0.5 0.5 0.5 0.5 0.5 
0.5 0.5 0.5 0.5 0.5 0.5 0.5 0.5 0.5 
0.5 0.5 0.5 0.5 0.5 0.5 0.5 0.5 0.5 
0.5 0.5 0.5 0.5 0.5 0.5 0.5 0.5 0.5 
0.5 0.5 0.5 0.5 0.5 0.5 0.5 0.5 0.5 
0.5 0.5 0.5 0.5 0.5 0.5 0.5 0.5 0.5 
0.5 0.5 0.5 0.5 0.5 0.5 0.5 0.5 0.5 
0.5 0.5 0.5 0.5 0.5 0.5 0.5 0.5 0.5 
0.5 0.5 0.5 0.5 0.5 0.5 0.5 0.5 0.5 
0.5 0.5 0.5 0.5 0.5 0.5 0.5 0.5 0.5 
0.5 0.5 0.5 0.5 0.5 0.5 0.5 0.5 0.5 
0.5 0.5 0.5 0.5 0.5 0.5 0.5 0.5 0.5 
0.5 0.5 0.5 0.5 0.5 0.5 0.5 0.5 0.5 
0.5 0.5 0.5 0.5 0.5 0.5 0.5 0.5 0.5 
0.5 0.5 0.5 0.5 0.5 0.5 0.5 0.5 0.5 
0.5 0.5 0.5 0.5 0.5 0.5 0.5 0.5 0.5 
0.5 0.5 0.5 0.5 0.5 0.5 0.5 0.5 0.5 
0.5 0.5 0.5 0.5 0.5 0.5 0.5 0.5 0.5 
0.5 0.5 0.5 0.5 0.5 0.5 0.5 0.5 0.5 
0.5 0.5 0.5 0.5 0.5 0.5 0.5 0.5 0.5 
0.5 0.5 0.5 0.5 0.5 0.5 0.5 0.5 0.5 
0.5 0.5 0.5 0.5 0.5 0.5 0.5 0.5 0.5 
0.5 0.5 0.5 0.5 0.5 0.5 0.5 0.5 0.5 
0.5 0.5 0.5 0.5 0.5 0.5 0.5 0.5 0.5 
0.5 0.5 0.5 0.5 0.5 0.5 0.5 0.5 0.5 
0.5 0.5 0.5 0.5 0.5 0.5 0.5 0.5 0.5 
0.5 0.5 0.5 0.5 0.5 0.5 0.5 0.5 0.5 
0.5 0.5 0.5 0.5 0.5 0.5 0.5 0.5 0.5 
0.5 0.5 0.5 0.5 0.5 0.5 0.5 0.5 0.5 
0.5 0.5 0.5 0.5 0.5 0.5 0.5 0.5 0.5 
0.5 0.5 0.5 0.5 0.5 0.5 0.5 0.5 0.5 
0.5 0.5 0.5 0.5 0.5 0.5 0.5 0.5 0.5 
0.5 0.5 0.5 0.5 0.5 0.5 0.5 0.5 0.5 
0.5 0.5 0.5 0.5 0.5 0.5 0.5 0.5 0.5 
0.5 0.5 0.5 0.5 0.5 0.5 0.5 0.5 0.5 
0.5 0.5 0.5 0.5 0.5 0.5 0.5 0.5 0.5 
0.5 0.5 0.5 0.5 0.5 0.5 0.5 0.5 0.5 
0.5 0.5 0.5 0.5 0.5 0.5 0.5 0.5 0.5 
0.5 0.5 0.5 0.5 0.5 0.5 0.5 0.5 0.5 
0.5 0.5 0.5 0.5 0.5 0.5 0.5 0.5 0.5 
0.5 0.5 0.5 0.5 0.5 0.5 0.5 0.5 0.5 
0.5 0.5 0.5 0.5 0.5 0.5 0.5 0.5 0.5 
0.5 0.5 0.5 0.5 0.5 0.5 0.5 0.5 0.5 
0.5 0.5 0.5 0.5 0.5 0.5 0.5 0.5 0.5 
0.5 0.5 0.5 0.5 0.5 0.5 0.5 0.5 0.5 
0.5 0.5 0.5 0.5 0.5 0.5 0.5 0.5 0.5 
0.5 0.5 0.5 0.5 0.5 0.5 0.5 0.5 0.5 
0.5 0.5 0.5 0.5 0.5 0.5 0.5 0.5 0.5 
0.5 0.5 0.5 0.5 0.5 0.5 0.5 0.5 0.5 
0.5 0.5 0.5 0.5 0.5 0.5 0.5 0.5 0.5 
0.5 0.5 0.5 0.5 0.5 0.5 0.5 0.5 0.5 
0.5 0.5 0.5 0.5 0.5 0.5 0.5 0.5 0.5 
0.5 0.5 0.5 0.5 0.5 0.5 0.5 0.5 0.5 
0.5 0.5 0.5 0.5 0.5 0.5 0.5 0.5 0.5 
0.5 0.5 0.5 0.5 0.5 0.5 0.5 0.5 0.5 
0.5 0.5 0.5 0.5 0.5 0.5 0.5 0.5 0.5 
0.5 0.5 0.5 0.5 0.5 0.5 0.5 0.5 0.5 
0.5 0.5 0.5 0.5 0.5 0.5 0.5 0.5 0.5 
0.5 0.5 0.5 0.5 0.5 0.5 0.5 0.5 0.5 
0.5 0.5 0.5 0.5 0.5 0.5 0.5 0.5 0.5 
0.5 0.5 0.5 0.5 0.5 0.5 0.5 0.5 0.5 
0.5 0.5 0.5 0.5 0.5 0.5 0.5 0.5 0.5 
0.5 0.5 0.5 0.5 0.5 0.5 0.5 0.5 0.5 
0.5 0.5 0.5 0.5 0.5 0.5 0.5 0.5 0.5 
0.5 0.5 0.5 0.5 0.5 0.5 0.5 0.5 0.5 
0.5 0.5 0.5 0.5 0.5 0.5 0.5 0.5 0.5 
0.5 0.5 0.5 0.5 0.5 0.5 0.5 0.5 0.5 
0.5 0.5 0.5 0.5 0.5 0.5 0.5 0.5 0.5 
0.5 0.5 0.5 0.5 0.5 0.5 0.5 0.5 0.5 
0.5 0.5 0.5 0.5 0.5 0.5 0.5 0.5 0.5 
0.5 0.5 0.5 0.5 0.5 0.5 0.5 0.5 0.5 
0.5 0.5 0.5 0.5 0.5 0.5 0.5 0.5 0.5 
0.5 0.5 0.5 0.5 0.5 0.5 0.5 0.5 0.5 
0.5 0.5 0.5 0.5 0.5 0.5 0.5 0.5 0.5 
0.5 0.5 0.5 0.5 0.5 0.5 0.5 0.5 0.5 
0.5 0.5 0.5 0.5 0.5 0.5 0.5 0.5 0.5 
0.5 0.5 0.5 0.5 0.5 0.5 0.5 0.5 0.5 
0.5 0.5 0.5 0.5 0.5 0.5 0.5 0.5 0.5 
0.5 0.5 0.5 0.5 0.5 0.5 0.5 0.5 0.5 
0.5 0.5 0.5 0.5 0.5 0.5 0.5 0.5 0.5 
0.5 0.5 0.5 0.5 0.5 0.5 0.5 0.5 0.5 
0.5 0.5 0.5 0.5 0.5 0.5 0.5 0.5 0.5 
0.5 0.5 0.5 0.5 0.5 0.5 0.5 0.5 0.5 
0.5 0.5 0.5 0.5 0.5 0.5 0.5 0.5 0.5 
0.5 0.5 0.5 0.5 0.5 0.5 0.5 0.5 0.5 
0.5 0.5 0.5 0.5 0.5 0.5 0.5 0.5 0.5 
0.5 0.5 0.5 0.5 0.5 0.5 0.5 0.5 0.5 
0.5 0.5 0.5 0.5 0.5 0.5 0.5 0.5 0.5 
0.5 0.5 0.5 0.5 0.5 0.5 0.5 0.5 0.5 
0.5 0.5 0.5 0.5 0.5 0.5 0.5 0.5 0.5 
0.5 0.5 0.5 0.5 0.5 0.5 0.5 0.5 0.5 
0.5 0.5 0.5 0.5 0.5 0.5 0.5 0.5 0.5 
0.5 0.5 0.5 0.5 0.5 0.5 0.5 0.5 0.5 
0.5 0.5 0.5 0.5 0.5 0.5 0.5 0.5 0.5 
0.5 0.5 0.5 0.5 0.5 0.5 0.5 0.5 0.5 
0.5 0.5 0.5 0.5 0.5 0.5 0.5 0.5 0.5 
0.5 0.5 0.5 0.5 0.5 0.5 0.5 0.5 0.5 
0.5 0.5 0.5 0.5 0.5 0.5 0.5 0.5 0.5 
0.5 0.5 0.5 0.5 0.5 0.5 0.5 0.5 0.5 
0.5 0.5 0.5 0.5 0.5 0.5 0.5 0.5 0.5 
0.5 0.5 0.5 0.5 0.5 0.5 0.5 0.5 0.5 
0.5 0.5 0.5 0.5 0.5 0.5 0.5 0.5 0.5 
0.5 0.5 0.5 0.5 0.5 0.5 0.5 0.5 0.5 
0.5 0.5 0.5 0.5 0.5 0.5 0.5 0.5 0.5 
0.5 0.5 0.5 0.5 0.5 0.5 0.5 0.5 0.5 
0.5 0.5 0.5 0.5 0.5 0.5 0.5 0.5 0.5 
0.5 0.5 0.5 0.5 0.5 0.5 0.5 0.5 0.5 
0.5 0.5 0.5 0.5 0.5 0.5 0.5 0.5 0.5 
0.5 0.5 0.5 0.5 0.5 0.5 0.5 0.5 0.5 
0.5 0.5 0.5 0.5 0.5 0.5 0.5 0.5 0.5 
0.5 0.5 0.5 0.5 0.5 0.5 0.5 0.5 0.5 
0.5 0.5 0.5 0.5 0.5 0.5 0.5 0.5 0.5 
0.5 0.5 0.5 0.5 0.5 0.5 0.5 0.5 0.5 
0.5 0.5 0.5 0.5 0.5 0.5 0.5 0.5 0.5 
0.5 0.5 0.5 0.5 0.5 0.5 0.5 0.5 0.5 
0.5 0.5 0.5 0.5 0.5 0.5 0.5 0.5 0.5 
0.5 0.5 0.5 0.5 0.5 0.5 0.5 0.5 0.5 
0.5 0.5 0.5 0.5 0.5 0.5 0.5 0.5 0.5 
0.5 0.5 0.5 0.5 0.5 0.5 0.5 0.5 0.5 
0.5 0.5 0.5 0.5 0.5 0.5 0.5 0.5 0.5 
0.5 0.5 0.5 0.5 0.5 0.5 0.5 0.5 0.5 
0.5 0.5 0.5 0.5 0.5 0.5 0.5 0.5 0.5 
0.5 0.5 0.5 0.5 0.5 0.5 0.5 0.5 0.5 
0.5 0.5 0.5 0.5 0.5 0.5 0.5 0.5 0.5 
0.5 0.5 0.5 0.5 0.5 0.5 0.5 0.5 0.5 
0.5 0.5 0.5 0.5 0.5 0.5 0.5 0.5 0.5 
0.5 0.5 0.5 0.5 0.5 0.5 0.5 0.5 0.5 
0.5 0.5 0.5 0.5 0.5 0.5 0.5 0.5 0.5 
0.5 0.5 0.5 0.5 0.5 0.5 0.5 0.5 0.5 
0.5 0.5 0.5 0.5 0.5 0.5 0.5 0.5 0.5 
0.5 0.5 0.5 0.5 0.5 0.5 0.5 0.5 0.5 
0.5 0.5 0.5 0.5 0.5 0.5 0.5 0.5 0.5 
0.5 0.5 0.5 0.5 0.5 0.5 0.5 0.5 0.5 
0.5 0.5 0.5 0.5 0.5 0.5 0.5 0.5 0.5 
0.5 0.5 0.5 0.5 0.5 0.5 0.5 0.5 0.5 
0.5 0.5 0.5 0.5 0.5 0.5 0.5 0.5 0.5 
0.5 0.5 0.5 0.5 0.5 0.5 0.5 0.5 0.5 
0.5 0.5 0.5 0.5 0.5 0.5 0.5 0.5 0.5 
0.5 0.5 0.5 0.5 0.5 0.5 0.5 0.5 0.5 
0.5 0.5 0.5 0.5 0.5 0.5 0.5 0.5 0.5 
0.5 0.5 0.5 0.5 0.5 0.5 0.5 0.5 0.5 
0.5 0.5 0.5 0.5 0.5 0.5 0.5 0.5 0.5 
0.5 0.5 0.5 0.5 0.5 0.5 0.5 0.5 0.5 
0.5 0.5 0.5 0.5 0.5 0.5 0.5 0.5 0.5 
0.5 0.5 0.5 0.5 0.5 0.5 0.5 0.5 0.5 
0.5 0.5 0.5 0.5 0.5 0.5 0.5 0.5 0.5 
0.5 0.5 0.5 0.5 0.5 0.5 0.5 0.5 0.5 
0.5 0.5 0.5 0.5 0.5 0.5 0.5 0.5 0.5 
0.5 0.5 0.5 0.5 0.5 0.5 0.5 0.5 0.5 
0.5 0.5 0.5 0.5 0.5 0.5 0.5 0.5 0.5 
0.5 0.5 0.5 0.5 0.5 0.5 0.5 0.5 0.5 
0.5 0.5 0.5 0.5 0.5 0.5 0.5 0.5 0.5 
0.5 0.5 0.5 0.5 0.5 0.5 0.5 0.5 0.5 
0.5 0.5 0.5 0.5 0.5 0.5 0.5 0.5 0.5 
0.5 0.5 0.5 0.5 0.5 0.5 0.5 0.5 0.5 
0.5 0.5 0.5 0.5 0.5 0.5 0.5 0.5 0.5 
0.5 0.5 0.5 0.5 0.5 0.5 0.5 0.5 0.5 
0.5 0.5 0.5 0.5 0.5 0.5 0.5 0.5 0.5 
0.5 0.5 0.5 0.5 0.5 0.5 0.5 0.5 0.5 
0.5 0.5 0.5 0.5 0.5 0.5 0.5 0.5 0.5 
0.5 0.5 0.5 0.5 0.5 0.5 0.5 0.5 0.5 
0.5 0.5 0.5 0.5 0.5 0.5 0.5 0.5 0.5 
0.5 0.5 0.5 0.5 0.5 0.5 0.5 0.5 0.5 
0.5 0.5 0.5 0.5 0.5 0.5 0.5 0.5 0.5 
0.5 0.5 0.5 0.5 0.5 0.5 0.5 0.5 0.5 
0.5 0.5 0.5 0.5 0.5 0.5 0.5 0.5 0.5 
0.5 0.5 0.5 0.5 0.5 0.5 0.5 0.5 0.5 
0.5 0.5 0.5 0.5 0.5 0.5 0.5 0.5 0.5 
0.5 0.5 0.5 0.5 0.5 0.5 0.5 0.5 0.5 
0.5 0.5 0.5 0.5 0.5 0.5 0.5 0.5 0.5 
0.5 0.5 0.5 0.5 0.5 0.5 0.5 0.5 0.5 
0.5 0.5 0.5 0.5 0.5 0.5 0.5 0.5 0.5 
0.5 0.5 0.5 0.5 0.5 0.5 0.5 0.5 0.5 
0.5 0.5 0.5 0.5 0.5 0.5 0.5 0.5 0.5 
0.5 0.5 0.5 0.5 0.5 0.5 0.5 0.5 0.5 
0.5 0.5 0.5 0.5 0.5 0.5 0.5 0.5 0.5 
0.5 0.5 0.5 0.5 0.5 0.5 0.5 0.5 0.5 
0.5 0.5 0.5 0.5 0.5 0.5 0.5 0.5 0.5 
0.5 0.5 0.5 0.5 0.5 0.5 0.5 0.5 0.5 
0.5 0.5 0.5 0.5 0.5 0.5 0.5 0.5 0.5 
0.5 0.5 0.5 0.5 0.5 0.5 0.5 0.5 0.5 
0.5 0.5 0.5 0.5 0.5 0.5 0.5 0.5 0.5 
0.5 0.5 0.5 0.5 0.5 0.5 0.5 0.5 0.5 
0.5 0.5 0.5 0.5 0.5 0.5 0.5 0.5 0.5 
0.5 0.5 0.5 0.5 0.5 0.5 0.5 0.5 0.5 
0.5 0.5 0.5 0.5 0.5 0.5 0.5 0.5 0.5 
0.5 0.5 0.5 0.5 0.5 0.5 0.5 0.5 0.5 
0.5 0.5 0.5 0.5 0.5 0.5 0.5 0.5 0.5 
0.5 0.5 0.5 0.5 0.5 0.5 0.5 0.5 0.5 
0.5 0.5 0.5 0.5 0.5 0.5 0.5 0.5 0.5 
0.5 0.5 0.5 0.5 0.5 0.5 0.5 0.5 0.5 
0.5 0.5 0.5 0.5 0.5 0.5 0.5 0.5 0.5 
0.5 0.5 0.5 0.5 0.5 0.5 0.5 0.5 0.5 
0.5 0.5 0.5 0.5 0.5 0.5 0.5 0.5 0.5 
0.5 0.5 0.5 0.5 0.5 0.5 0.5 0.5 0.5 
0.5 0.5 0.5 0.5 0.5 0.5 0.5 0.5 0.5 
0.5 0.5 0.5 0.5 0.5 0.5 0.5 0.5 0.5 
0.5 0.5 0.5 0.5 0.5 0.5 0.5 0.5 0.5 
0.5 0.5 0.5 0.5 0.5 0.5 0.5 0.5 0.5 
0.5 0.5 0.5 0.5 0.5 0.5 0.5 0.5 0.5 
0.5 0.5 0.5 0.5 0.5 0.5 0.5 0.5 0.5 
0.5 0.5 0.5 0.5 0.5 0.5 0.5 0.5 0.5 
0.5 0.5 0.5 0.5 0.5 0.5 0.5 0.5 0.5 
0.5 0.5 0.5 0.5 0.5 0.5 0.5 0.5 0.5 
0.5 0.5 0.5 0.5 0.5 0.5 0.5 0.5 0.5 
0.5 0.5 0.5 0.5 0.5 0.5 0.5 0.5 0.5 
0.5 0.5 0.5 0.5 0.5 0.5 0.5 0.5 0.5 
0.5 0.5 0.5 0.5 0.5 0.5 0.5 0.5 0.5 
0.5 0.5 0.5 0.5 0.5 0.5 0.5 0.5 0.5 
0.5 0.5 0.5 0.5 0.5 0.5 0.5 0.5 0.5 
0.5 0.5 0.5 0.5 0.5 0.5 0.5 0.5 0.5 
0.5 0.5 0.5 0.5 0.5 0.5 0.5 0.5 0.5 
0.5 0.5 0.5 0.5 0.5 0.5 0.5 0.5 0.5 
0.5 0.5 0.5 0.5 0.5 0.5 0.5 0.5 0.5 
0.5 0.5 0.5 0.5 0.5 0.5 0.5 0.5 0.5 
0.5 0.5 0.5 0.5 0.5 0.5 0.5 0.5 0.5 
0.5 0.5 0.5 0.5 0.5 0.5 0.5 0.5 0.5 
0.5 0.5 0.5 0.5 0.5 0.5 0.5 0.5 0.5 
0.5 0.5 0.5 0.5 0.5 0.5 0.5 0.5 0.5 
0.5 0.5 0.5 0.5 0.5 0.5 0.5 0.5 0.5 
0.5 0.5 0.5 0.5 0.5 0.5 0.5 0.5 0.5 
0.5 0.5 0.5 0.5 0.5 0.5 0.5 0.5 0.5 
0.5 0.5 0.5 0.5 0.5 0.5 0.5 0.5 0.5 
0.5 0.5 0.5 0.5 0.5 0.5 0.5 0.5 0.5 
0.5 0.5 0.5 0.5 0.5 0.5 0.5 0.5 0.5 
0.5 0.5 0.5 0.5 0.5 0.5 0.5 0.5 0.5 
0.5 0.5 0.5 0.5 0.5 0.5 0.5 0.5 0.5 
0.5 0.5 0.5 0.5 0.5 0.5 0.5 0.5 0.5 
0.5 0.5 0.5 0.5 0.5 0.5 0.5 0.5 0.5 
0.5 0.5 0.5 0.5 0.5 0.5 0.5 0.5 0.5 
0.5 0.5 0.5 0.5 0.5 0.5 0.5 0.5 0.5 
0.5 0.5 0.5 0.5 0.5 0.5 0.5 0.5 0.5 
0.5 0.5 0.5 0.5 0.5 0.5 0.5 0.5 0.5 
0.5 0.5 0.5 0.5 0.5 0.5 0.5 0.5 0.5 
0.5 0.5 0.5 0.5 0.5 0.5 0.5 0.5 0.5 
0.5 0.5 0.5 0.5 0.5 0.5 0.5 0.5 0.5 
0.5 0.5 0.5 0.5 0.5 0.5 0.5 0.5 0.5 
0.5 0.5 0.5 0.5 0.5 0.5 0.5 0.5 0.5 
0.5 0.5 0.5 0.5 0.5 0.5 0.5 0.5 0.5 
0.5 0.5 0.5 0.5 0.5 0.5 0.5 0.5 0.5 
0.5 0.5 0.5 0.5 0.5 0.5 0.5 0.5 0.5 
0.5 0.5 0.5 0.5 0.5 0.5 0.5 0.5 0.5 
0.5 0.5 0.5 0.5 0.5 0.5 0.5 0.5 0.5 
0.5 0.5 0.5 0.5 0.5 0.5 0.5 0.5 0.5 
0.5 0.5 0.5 0.5 0.5 0.5 0.5 0.5 0.5 
0.5 0.5 0.5 0.5 0.5 0.5 0.5 0.5 0.5 
0.5 0.5 0.5 0.5 0.5 0.5 0.5 0.5 0.5 
0.5 0.5 0.5 0.5 0.5 0.5 0.5 0.5 0.5 
0.5 0.5 0.5 0.5 0.5 0.5 0.5 0.5 0.5 
0.5 0.5 0.5 0.5 0.5 0.5 0.5 0.5 0.5 
0.5 0.5 0.5 0.5 0.5 0.5 0.5 0.5 0.5 
0.5 0.5 0.5 0.5 0.5 0.5 0.5 0.5 0.5 
0.5 0.5 0.5 0.5 0.5 0.5 0.5 0.5 0.5 
0.5 0.5 0.5 0.5 0.5 0.5 0.5 0.5 0.5 
0.5 0.5 0.5 0.5 0.5 0.5 0.5 0.5 0.5 
0.5 0.5 0.5 0.5 0.5 0.5 0.5 0.5 0.5 
0.5 0.5 0.5 0.5 0.5 0.5 0.5 0.5 0.5 
0.5 0.5 0.5 0.5 0.5 0.5 0.5 0.5 0.5 
0.5 0.5 0.5 0.5 0.5 0.5 0.5 0.5 0.5 
0.5 0.5 0.5 0.5 0.5 0.5 0.5 0.5 0.5 
0.5 0.5 0.5 0.5 0.5 0.5 0.5 0.5 0.5 
0.5 0.5 0.5 0.5 0.5 0.5 0.5 0.5 0.5 
0.5 0.5 0.5 0.5 0.5 0.5 0.5 0.5 0.5 
0.5 0.5 0.5 0.5 0.5 0.5 0.5 0.5 0.5 
0.5 0.5 0.5 0.5 0.5 0.5 0.5 0.5 0.5 
0.5 0.5 0.5 0.5 0.5 0.5 0.5 0.5 0.5 
0.5 0.5 0.5 0.5 0.5 0.5 0.5 0.5 0.5 
0.5 0.5 0.5 0.5 0.5 0.5 0.5 0.5 0.5 
0.5 0.5 0.5 0.5 0.5 0.5 0.5 0.5 0.5 
0.5 0.5 0.5 0.5 0.5 0.5 0.5 0.5 0.5 
0.5 0.5 0.5 0.5 0.5 0.5 0.5 0.5 0.5 
0.5 0.5 0.5 0.5 0.5 0.5 0.5 0.5 0.5 
0.5 0.5 0.5 0.5 0.5 0.5 0.5 0.5 0.5 
0.5 0.5 0.5 0.5 0.5 0.5 0.5 0.5 0.5 
0.5 0.5 0.5 0.5 0.5 0.5 0.5 0.5 0.5 
0.5 0.5 0.5 0.5 0.5 0.5 0.5 0.5 0.5 
0.5 0.5 0.5 0.5 0.5 0.5 0.5 0.5 0.5 
0.5 0.5 0.5 0.5 0.5 0.5 0.5 0.5 0.5 
0.5 0.5 0.5 0.5 0.5 0.5 0.5 0.5 0.5 
0.5 0.5 0.5 0.5 0.5 0.5 0.5 0.5 0.5 
0.5 0.5 0.5 0.5 0.5 0.5 0.5 0.5 0.5 
0.5 0.5 0.5 0.5 0.5 0.5 0.5 0.5 0.5 
0.5 0.5 0.5 0.5 0.5 0.5 0.5 0.5 0.5 
0.5 0.5 0.5 0.5 0.5 0.5 0.5 0.5 0.5 
0.5 0.5 0.5 0.5 0.5 0.5 0.5 0.5 0.5 
0.5 0.5 0.5 0.5 0.5 0.5 0.5 0.5 0.5 
0.5 0.5 0.5 0.5 0.5 0.5 0.5 0.5 0.5 
0.5 0.5 0.5 0.5 0.5 0.5 0.5 0.5 0.5 
0.5 0.5 0.5 0.5 0.5 0.5 0.5 0.5 0.5 
0.5 0.5 0.5 0.5 0.5 0.5 0.5 0.5 0.5 
0.5 0.5 0.5 0.5 0.5 0.5 0.5 0.5 0.5 
0.5 0.5 0.5 0.5 0.5 0.5 0.5 0.5 0.5 
0.5 0.5 0.5 0.5 0.5 0.5 0.5 0.5 0.5 
0.5 0.5 0.5 0.5 0.5 0.5 0.5 0.5 0.5 
0.5 0.5 0.5 0.5 0.5 0.5 0.5 0.5 0.5 
0.5 0.5 0.5 0.5 0.5 0.5 0.5 0.5 0.5 
0.5 0.5 0.5 0.5 0.5 0.5 0.5 0.5 0.5 
0.5 0.5 0.5 0.5 0.5 0.5 0.5 0.5 0.5 
0.5 0.5 0.5 0.5 0.5 0.5 0.5 0.5 0.5 
0.5 0.5 0.5 0.5 0.5 0.5 0.5 0.5 0.5 
0.5 0.5 0.5 0.5 0.5 0.5 0.5 0.5 0.5 
0.5 0.5 0.5 0.5 0.5 0.5 0.5 0.5 0.5 
0.5 0.5 0.5 0.5 0.5 0.5 0.5 0.5 0.5 
0.5 0.5 0.5 0.5 0.5 0.5 0.5 0.5 0.5 
0.5 0.5 0.5 0.5 0.5 0.5 0.5 0.5 0.5 
0.5 0.5 0.5 0.5 0.5 0.5 0.5 0.5 0.5 
0.5 0.5 0.5 0.5 0.5 0.5 0.5 0.5 0.5 
0.5 0.5 0.5 0.5 0.5 0.5 0.5 0.5 0.5 
0.5 0.5 0.5 0.5 0.5 0.5 0.5 0.5 0.5 
0.5 0.5 0.5 0.5 0.5 0.5 0.5 0.5 0.5 
0.5 0.5 0.5 0.5 0.5 0.5 0.5 0.5 0.5 
0.5 0.5 0.5 0.5 0.5 0.5 0.5 0.5 0.5 
0.5 0.5 0.5 0.5 0.5 0.5 0.5 0.5 0.5 
0.5 0.5 0.5 0.5 0.5 0.5 0.5 0.5 0.5 
0.5 0.5 0.5 0.5 0.5 0.5 0.5 0.5 0.5 
0.5 0.5 0.5 0.5 0.5 0.5 0.5 0.5 0.5 
0.5 0.5 0.5 0.5 0.5 0.5 0.5 0.5 0.5 
0.5 0.5 0.5 0.5 0.5 0.5 0.5 0.5 0.5 
0.5 0.5 0.5 0.5 0.5 0.5 0.5 0.5 0.5 
0.5 0.5 0.5 0.5 0.5 0.5 0.5 0.5 0.5 
0.5 0.5 0.5 0.5 0.5 0.5 0.5 0.5 0.5 
0.5 0.5 0.5 0.5 0.5 0.5 0.5 0.5 0.5 
0.5 0.5 0.5 0.5 0.5 0.5 0.5 0.5 0.5 
0.5 0.5 0.5 0.5 0.5 0.5 0.5 0.5 0.5 
0.5 0.5 0.5 0.5 0.5 0.5 0.5 0.5 0.5 
0.5 0.5 0.5 0.5 0.5 0.5 0.5 0.5 0.5 
0.5 0.5 0.5 0.5 0.5 0.5 0.5 0.5 0.5 
0.5 0.5 0.5 0.5 0.5 0.5 0.5 0.5 0.5 
0.5 0.5 0.5 0.5 0.5 0.5 0.5 0.5 0.5 
0.5 0.5 0.5 0.5 0.5 0.5 0.5 0.5 0.5 
0.5 0.5 0.5 0.5 0.5 0.5 0.5 0.5 0.5 
0.5 0.5 0.5 0.5 0.5 0.5 0.5 0.5 0.5 
0.5 0.5 0.5 0.5 0.5 0.5 0.5 0.5 0.5 
0.5 0.5 0.5 0.5 0.5 0.5 0.5 0.5 0.5 
0.5 0.5 0.5 0.5 0.5 0.5 0.5 0.5 0.5 
0.5 0.5 0.5 0.5 0.5 0.5 0.5 0.5 0.5 
0.5 0.5 0.5 0.5 0.5 0.5 0.5 0.5 0.5 
0.5 0.5 0.5 0.5 0.5 0.5 0.5 0.5 0.5 
0.5 0.5 0.5 0.5 0.5 0.5 0.5 0.5 0.5 
0.5 0.5 0.5 0.5 0.5 0.5 0.5 0.5 0.5 
0.5 0.5 0.5 0.5 0.5 0.5 0.5 0.5 0.5 
0.5 0.5 0.5 0.5 0.5 0.5 0.5 0.5 0.5 
0.5 0.5 0.5 0.5 0.5 0.5 0.5 0.5 0.5 
0.5 0.5 0.5 0.5 0.5 0.5 0.5 0.5 0.5 
0.5 0.5 0.5 0.5 0.5 0.5 0.5 0.5 0.5 
0.5 0.5 0.5 0.5 0.5 0.5 0.5 0.5 0.5 
0.5 0.5 0.5 0.5 0.5 0.5 0.5 0.5 0.5 
0.5 0.5 0.5 0.5 0.5 0.5 0.5 0.5 0.5 
0.5 0.5 0.5 0.5 0.5 0.5 0.5 0.5 0.5 
0.5 0.5 0.5 0.5 0.5 0.5 0.5 0.5 0.5 
0.5 0.5 0.5 0.5 0.5 0.5 0.5 0.5 0.5 
0.5 0.5 0.5 0.5 0.5 0.5 0.5 0.5 0.5 
0.5 0.5 0.5 0.5 0.5 0.5 0.5 0.5 0.5 
0.5 0.5 0.5 0.5 0.5 0.5 0.5 0.5 0.5 
0.5 0.5 0.5 0.5 0.5 0.5 0.5 0.5 0.5 
0.5 0.5 0.5 0.5 0.5 0.5 0.5 0.5 0.5 
0.5 0.5 0.5 0.5 0.5 0.5 0.5 0.5 0.5 
0.5 0.5 0.5 0.5 0.5 0.5 0.5 0.5 0.5 
0.5 0.5 0.5 0.5 0.5 0.5 0.5 0.5 0.5 
0.5 0.5 0.5 0.5 0.5 0.5 0.5 0.5 0.5 
0.5 0.5 0.5 0.5 0.5 0.5 0.5 0.5 0.5 
0.5 0.5 0.5 0.5 0.5 0.5 0.5 0.5 0.5 
0.5 0.5 0.5 0.5 0.5 0.5 0.5 0.5 0.5 
0.5 0.5 0.5 0.5 0.5 0.5 0.5 0.5 0.5 
0.5 0.5 0.5 0.5 0.5 0.5 0.5 0.5 0.5 
0.5 0.5 0.5 0.5 0.5 0.5 0.5 0.5 0.5 
0.5 0.5 0.5 0.5 0.5 0.5 0.5 0.5 0.5 
0.5 0.5 0.5 0.5 0.5 0.5 0.5 0.5 0.5 
0.5 0.5 0.5 0.5 0.5 0.5 0.5 0.5 0.5 
0.5 0.5 0.5 0.5 0.5 0.5 0.5 0.5 0.5 
0.5 0.5 0.5 0.5 0.5 0.5 0.5 0.5 0.5 
0.5 0.5 0.5 0.5 0.5 0.5 0.5 0.5 0.5 
0.5 0.5 0.5 0.5 0.5 0.5 0.5 0.5 0.5 
0.5 0.5 0.5 0.5 0.5 0.5 0.5 0.5 0.5 
0.5 0.5 0.5 0.5 0.5 0.5 0.5 0.5 0.5 
0.5 0.5 0.5 0.5 0.5 0.5 0.5 0.5 0.5 
0.5 0.5 0.5 0.5 0.5 0.5 0.5 0.5 0.5 
0.5 0.5 0.5 0.5 0.5 0.5 0.5 0.5 0.5 
0.5 0.5 0.5 0.5 0.5 0.5 0.5 0.5 0.5 
0.5 0.5 0.5 0.5 0.5 0.5 0.5 0.5 0.5 
0.5 0.5 0.5 0.5 0.5 0.5 0.5 0.5 0.5 
0.5 0.5 0.5 0.5 0.5 0.5 0.5 0.5 0.5 
0.5 0.5 0.5 0.5 0.5 0.5 0.5 0.5 0.5 
0.5 0.5 0.5 0.5 0.5 0.5 0.5 0.5 0.5 
0.5 0.5 0.5 0.5 0.5 0.5 0.5 0.5 0.5 
0.5 0.5 0.5 0.5 0.5 0.5 0.5 0.5 0.5 
0.5 0.5 0.5 0.5 0.5 0.5 0.5 0.5 0.5 
0.5 0.5 0.5 0.5 0.5 0.5 0.5 0.5 0.5 
0.5 0.5 0.5 0.5 0.5 0.5 0.5 0.5 0.5 
0.5 0.5 0.5 0.5 0.5 0.5 0.5 0.5 0.5 
0.5 0.5 0.5 0.5 0.5 0.5 0.5 0.5 0.5 
0.5 0.5 0.5 0.5 0.5 0.5 0.5 0.5 0.5 
0.5 0.5 0.5 0.5 0.5 0.5 0.5 0.5 0.5 
0.5 0.5 0.5 0.5 0.5 0.5 0.5 0.5 0.5 
0.5 0.5 0.5 0.5 0.5 0.5 0.5 0.5 0.5 
0.5 0.5 0.5 0.5 0.5 0.5 0.5 0.5 0.5 
0.5 0.5 0.5 0.5 0.5 0.5 0.5 0.5 0.5 
0.5 0.5 0.5 0.5 0.5 0.5 0.5 0.5 0.5 
0.5 0.5 0.5 0.5 0.5 0.5 0.5 0.5 0.5 
0.5 0.5 0.5 0.5 0.5 0.5 0.5 0.5 0.5 
0.5 0.5 0.5 0.5 0.5 0.5 0.5 0.5 0.5 
0.5 0.5 0.5 0.5 0.5 0.5 0.5 0.5 0.5 
0.5 0.5 0.5 0.5 0.5 0.5 0.5 0.5 0.5 
0.5 0.5 0.5 0.5 0.5 0.5 0.5 0.5 0.5 
0.5 0.5 0.5 0.5 0.5 0.5 0.5 0.5 0.5 
0.5 0.5 0.5 0.5 0.5 0.5 0.5 0.5 0.5 
0.5 0.5 0.5 0.5 0.5 0.5 0.5 0.5 0.5 
0.5 0.5 0.5 0.5 0.5 0.5 0.5 0.5 0.5 
0.5 0.5 0.5 0.5 0.5 0.5 0.5 0.5 0.5 
0.5 0.5 0.5 0.5 0.5 0.5 0.5 0.5 0.5 
0.5 0.5 0.5 0.5 0.5 0.5 0.5 0.5 0.5 
0.5 0.5 0.5 0.5 0.5 0.5 0.5 0.5 0.5 
0.5 0.5 0.5 0.5 0.5 0.5 0.5 0.5 0.5 
0.5 0.5 0.5 0.5 0.5 0.5 0.5 0.5 0.5 
0.5 0.5 0.5 0.5 0.5 0.5 0.5 0.5 0.5 
0.5 0.5 0.5 0.5 0.5 0.5 0.5 0.5 0.5 
0.5 0.5 0.5 0.5 0.5 0.5 0.5 0.5 0.5 
0.5 0.5 0.5 0.5 0.5 0.5 0.5 0.5 0.5 
0.5 0.5 0.5 0.5 0.5 0.5 0.5 0.5 0.5 
0.5 0.5 0.5 0.5 0.5 0.5 0.5 0.5 0.5 
0.5 0.5 0.5 0.5 0.5 0.5 0.5 0.5 0.5 

NORMALS Normals float
0.126089 0.0302601 -0.991557 0.279318 0.272986 -0.920576 0.368343 -0.240959 -0.897921 
-0.159632 0.276559 -0.947646 -0.0497912 -0.205859 -0.977314 0.178423 0.0170217 -0.983807 
-0.178757 0.248303 -0.952046 0.26654 0.426164 -0.864489 -0.31845 0.614007 -0.722208 
0.34973 0.0706609 -0.934182 0.341264 -0.191927 -0.920164 -0.0084922 0.30948 -0.950868 
-0.458062 0.42634 -0.780009 -0.638785 0.542434 -0.545637 0.61732 -0.653243 -0.438395 
0.351017 -0.1096 -0.929933 -0.163706 0.0690035 -0.984093 -0.540964 0.419646 -0.728873 
0.424099 -0.348265 -0.835974 0.573713 -0.526116 -0.627738 0.217689 -0.294048 -0.93067 
0.161655 -0.337075 -0.927496 -0.192087 0.0014352 -0.981377 -0.060998 -0.21954 -0.973695 
-0.227608 -0.137141 -0.964047 -0.600777 -0.176317 -0.77973 -0.701017 0.225515 -0.676548 
0.451842 -0.616235 -0.645053 0.240428 -0.532377 -0.811646 0.153266 -0.688753 -0.70861 
-0.166069 -0.396958 -0.902688 0.544043 0.121568 -0.830204 -0.297287 0.711699 -0.636478 
0.0368487 0.93276 -0.358609 -0.389132 0.819915 -0.419899 -0.555135 0.668482 -0.494931 
-0.60973 0.757995 -0.231676 0.587622 -0.151985 -0.794733 0.612918 -0.434612 -0.659882 
0.521035 -0.484822 -0.702474 0.614406 -0.562849 -0.552907 -0.680142 0.422845 -0.59884 
0.572242 -0.752568 -0.325854 -0.786701 -0.0118048 -0.617222 -0.536962 -0.448075 -0.714773 
-0.593055 -0.549699 -0.588317 0.26185 0.732564 -0.628319 0.407016 0.357569 -0.840525 
0.302944 0.429693 -0.85064 -0.140977 0.852608 -0.503175 0.56587 0.261198 -0.782027 
0.613389 -0.0617026 -0.787367 -0.427983 0.795409 -0.429132 -0.494944 0.826208 -0.269093 
-0.599102 0.800026 -0.0321666 0.585395 -0.549567 -0.596061 -0.47649 0.840619 0.257521 
0.595132 -0.631895 -0.496514 0.635772 -0.658644 -0.402469 0.456834 -0.88952 -0.00754921 
-0.794327 0.419264 -0.439617 -0.804738 0.582912 -0.112296 -0.827914 0.291887 -0.478916 
0.65423 -0.744301 0.134157 -0.873941 -0.103979 -0.474779 -0.849884 -0.281346 -0.445581 
0.345469 -0.852962 -0.391289 0.0970769 -0.854318 -0.510604 -0.0718823 -0.906611 -0.415799 
0.148691 0.868625 -0.472632 -0.19013 0.938819 -0.287174 0.473784 0.515373 -0.714086 
-0.670284 0.700755 0.244259 0.593671 -0.222751 -0.773263 0.649464 0.0745372 -0.75673 
-0.6643 0.74745 -0.00482651 -0.797394 0.461571 -0.388736 -0.917752 0.323784 -0.229991 
0.635018 -0.692127 0.343092 0.342162 -0.921569 -0.183401 -0.326993 -0.816767 -0.47536 
0.0516387 0.884065 -0.464502 0.0381715 0.942185 -0.332913 -0.133426 0.98648 -0.0951526 
-0.279717 0.960019 0.0110487 -0.480823 0.864687 0.145344 -0.554785 0.676603 0.48417 
0.459451 -0.415872 -0.784828 0.354691 -0.798419 -0.48654 -0.211169 0.791765 0.573162 
0.351999 -0.90858 -0.224898 0.0384198 -0.832203 0.553139 -0.939986 0.340986 -0.0124414 
0.764225 -0.578411 0.285311 0.881241 -0.427852 0.200892 -0.312979 -0.800458 -0.511186 
-0.716099 -0.48849 -0.498577 0.366714 -0.9081 -0.202175 0.398607 0.463042 -0.791647 
0.222541 0.830878 -0.510017 -0.261584 0.962053 -0.0776374 -0.515098 0.663479 0.542651 
0.397633 0.684993 -0.61047 0.505972 0.0743701 -0.859338 -0.555533 0.65363 0.513957 
0.499117 -0.190625 -0.845307 -0.360237 0.559145 0.746717 0.0448974 -0.996669 -0.0680875 
0.227784 -0.950287 0.212295 0.24467 -0.647426 0.721787 0.580897 -0.521283 0.625158 
-0.90119 0.386765 -0.195627 0.739148 -0.36156 0.568273 0.879861 -0.400065 0.256503 
-0.212483 -0.959171 -0.18666 -0.0247483 0.985954 -0.165175 -0.135584 0.933876 -0.330897 
-0.304731 0.925058 0.226731 0.496356 0.273162 -0.824023 0.466562 0.42273 -0.77693 
-0.438671 0.853201 0.282162 -0.617683 0.430952 0.657836 -0.573089 0.263463 0.775987 
-0.361305 0.206932 0.909196 0.368695 -0.624655 -0.688382 0.191994 0.102444 0.976035 
-0.256757 -0.2083 0.943762 -0.19161 0.341602 0.920105 0.0958081 -0.969763 -0.224455 
0.198748 -0.937793 -0.28468 -0.136047 -0.974352 0.179246 -0.113897 -0.620696 0.775735 
0.0405447 0.566058 0.823367 0.0247552 0.842253 0.538514 0.3931 -0.306208 0.867012 
0.615597 0.0276555 0.787576 0.450488 0.441879 0.775761 0.422701 0.732441 0.533717 
-0.663866 0.747777 -0.0105668 0.896702 -0.0672388 0.437498 -0.982745 0.0587144 -0.175397 
-0.927181 -0.0577302 -0.37014 0.721542 -0.689782 0.059809 -0.499893 -0.769051 -0.398331 
0.141548 0.947058 -0.288177 -0.116231 0.990985 0.0666275 0.275332 0.907325 -0.317733 
0.143116 0.974205 -0.174478 -0.52571 0.717402 0.457126 0.357371 0.441368 -0.823092 
0.392856 0.603414 -0.693942 0.449937 -0.207445 -0.868633 -0.528059 -0.0716786 0.846178 
0.329606 -0.72423 -0.605682 -0.454543 -0.446597 0.770676 -0.125709 -0.951389 0.281168 
-0.239543 -0.729681 0.640456 0.764844 0.277689 0.581294 0.660761 0.509101 0.551554 
-0.23178 0.949493 0.211522 0.900651 0.151481 0.407286 0.930117 -0.174794 0.323 
-0.822721 -0.564854 0.0637944 0.513373 -0.839316 0.178878 -0.722835 -0.671289 -0.163955 
-0.46219 -0.884062 -0.0693907 -0.164403 0.839434 0.517999 0.225615 0.758436 -0.611451 
0.0643756 0.984898 0.160725 -0.387345 0.820624 0.420168 -0.574719 0.503905 0.644808 
0.44126 0.119655 -0.889366 -0.660995 -0.0480637 0.74885 -0.517047 -0.633617 0.575492 
-0.362594 -0.6929 0.62323 -0.423641 -0.513005 0.746562 -0.596848 -0.321674 0.73505 
0.0416655 -0.998239 -0.0422278 -0.226956 -0.869472 0.438758 0.474199 0.86948 0.138348 
0.871515 0.478853 0.105642 0.975854 0.0466232 0.213389 -0.963617 -0.267288 0.000573428 
0.0173572 -0.988084 0.152936 0.278555 -0.921501 0.270635 0.442696 0.247063 -0.861963 
0.384263 0.493447 -0.780289 0.144922 0.964846 -0.219249 -0.267126 0.645268 0.715732 
-0.529437 0.28671 0.798432 -0.527789 -0.00457908 0.849363 0.505213 -0.213476 -0.836174 
0.326834 -0.722209 -0.609585 0.0186453 -0.994017 -0.107622 0.202749 -0.934616 -0.292208 
0.0811113 -0.993255 -0.0828612 0.308251 0.950327 0.0431387 -0.0351597 0.996592 -0.0746156 
-0.819809 0.569462 -0.0602211 0.831692 -0.553913 0.0383092 -0.906841 -0.413234 0.0829336 
-0.624507 -0.655627 0.424435 -0.0959922 0.985295 -0.141347 -0.0443869 0.988659 0.143467 
0.0264966 0.887682 0.459693 -0.373156 0.423177 0.825637 0.497654 -0.00931183 -0.867325 
0.414671 0.477955 -0.774343 -0.412703 -0.414232 0.811226 -0.482682 -0.301029 0.822435 
0.433827 -0.514284 -0.739801 -0.233583 -0.95196 0.198018 -0.0837336 -0.975494 0.203469 
-0.188695 -0.896079 0.401793 -0.261438 -0.669008 0.695758 0.148905 0.869662 -0.470655 
0.391919 0.871458 -0.29489 -0.167406 0.883693 -0.437106 -0.380699 0.911669 -0.154686 
0.911426 0.393317 -0.120848 -0.984916 0.0715334 0.157557 0.990838 -0.124366 -0.0526673 
-0.952384 -0.129872 0.275859 -0.15969 -0.866016 0.473831 0.502965 0.595651 -0.626279 
0.527206 0.301119 -0.794595 0.209422 0.929435 -0.303797 0.0353541 0.999301 -0.0121227 
-0.320642 0.922291 -0.215795 -0.270489 0.950463 0.153151 -0.263814 0.778557 0.569431 
-0.287985 0.437591 0.851809 -0.361 0.410534 0.837341 0.57117 0.0143873 -0.820705 
-0.379174 0.120559 0.917438 -0.406595 -0.122606 0.905344 0.415011 -0.442731 -0.79483 
-0.326001 -0.186591 0.926773 0.390468 -0.598697 -0.699355 -0.358192 -0.704607 0.612558 
-0.473897 -0.0822823 0.876727 0.323507 -0.664188 -0.673942 0.227868 -0.773458 -0.591471 
-0.0414615 0.73611 -0.67559 0.446915 0.747533 -0.491387 -0.753158 0.647154 -0.118091 
0.680377 0.513016 -0.523356 0.937518 0.0847521 -0.337457 0.915536 -0.392253 -0.0890527 
-0.962564 0.160834 0.218182 0.7232 -0.683495 0.0990764 -0.780838 -0.435248 0.448164 
0.459245 -0.869994 0.179455 0.34698 -0.858786 0.376951 -0.2624 0.873097 0.410912 
-0.483187 0.874003 -0.0514677 -0.507984 0.74664 0.429512 0.545694 0.421487 -0.72427 
-0.506465 0.337556 0.793441 0.614682 -0.17312 -0.769543 0.532922 0.181225 -0.82653 
0.502741 -0.447899 -0.73935 0.270272 -0.830156 -0.487641 0.154803 -0.931014 -0.330528 
0.368116 0.506702 -0.779579 -0.62223 0.649539 -0.436954 0.559372 0.365866 -0.743804 
-0.640791 0.721172 -0.263246 0.907169 -0.19966 -0.370379 0.903365 -0.341355 -0.259632 
0.791834 -0.606992 -0.067532 0.173153 -0.917131 0.359012 0.0451171 -0.853894 0.518488 
0.421789 0.639689 -0.642567 -0.58813 0.384002 0.71179 -0.628692 0.270345 0.72915 
0.561756 -0.0809345 -0.823335 -0.558303 -0.295278 0.775312 -0.521773 -0.499003 0.691917 
0.0411888 -0.998252 -0.0423864 -0.473325 -0.649763 0.594787 -0.386591 -0.834502 0.392624 
0.126636 0.493909 -0.860243 0.514094 0.233976 -0.825204 -0.908989 0.416351 -0.0197745 
-0.848754 -0.206873 0.486642 -0.823929 -0.42944 0.369759 0.808722 -0.58734 -0.0316247 
0.583656 -0.754182 0.300924 0.392615 -0.849602 0.352179 -0.512154 -0.701172 0.496041 
-0.00975963 0.990015 -0.140622 -0.0468579 0.985981 0.160144 0.408245 0.441826 -0.798827 
0.380321 0.497025 -0.77995 0.463172 0.296297 -0.835272 0.156182 0.86833 -0.470754 
-0.475205 0.565209 0.674329 -0.353531 0.4899 -0.796877 0.000325685 0.370993 -0.928636 
0.0790415 0.240379 -0.967456 0.520482 0.023615 -0.853546 -0.526767 -0.437641 0.728689 
-0.609695 -0.301978 0.732858 0.236561 0.14939 -0.960063 0.583292 -0.0739019 -0.808894 
-0.19902 0.622576 -0.756829 -0.432115 0.646646 -0.628591 0.521313 -0.654083 -0.548095 
0.208875 0.311535 -0.926994 -0.694685 0.580168 -0.425226 0.295123 -0.856999 -0.42244 
0.132231 -0.979571 -0.151508 -0.47424 -0.666516 0.575198 0.799818 -0.13469 -0.584936 
0.898981 -0.426025 -0.101663 -0.970518 0.20219 0.1312 -0.959252 -0.0996953 0.264379 
0.680434 -0.671709 0.292944 -0.300174 0.875004 0.379821 0.126656 0.273756 -0.953423 
-0.435385 0.452336 -0.778352 -0.35057 0.392072 0.850518 0.572321 -0.240984 -0.783821 
0.698535 -0.117672 -0.705834 0.693805 -0.644263 -0.321808 -0.538976 0.636753 -0.551408 
-0.630707 0.638208 -0.441474 -0.418162 -0.649196 0.635362 -0.742401 0.596902 -0.304218 
-0.930311 0.359619 0.0720864 0.636708 -0.733241 -0.238664 0.310977 -0.913795 -0.261291 
0.113715 -0.991944 -0.0558216 0.0183793 -0.997213 0.0723105 -0.161612 -0.695131 0.700481 
-0.105958 -0.862774 0.494362 -0.874329 -0.148032 0.462207 -0.712313 -0.417088 0.564489 
-0.698244 -0.524812 0.486856 0.188126 -0.80378 0.564399 -0.0960554 -0.806345 0.583594 
0.57738 -0.140835 -0.804237 -0.0693261 0.267737 -0.960995 0.134641 0.168835 -0.976405 
-0.250063 0.363549 -0.897385 -0.0291856 0.243463 -0.969471 -0.632923 0.443851 -0.634354 
0.620432 0.525124 -0.582502 0.780832 -0.104382 -0.615959 0.265911 0.883642 -0.385315 
-0.54045 0.645686 -0.539447 0.809418 -0.346462 -0.474137 -0.457735 0.261264 0.849835 
-0.493764 0.195034 0.847443 -0.46189 -0.0272294 0.886519 -0.6062 0.690088 -0.395348 
-0.834019 0.535714 -0.132 0.744266 -0.606107 -0.28054 -0.389913 -0.296465 0.871824 
-0.228772 -0.515361 0.825873 0.451889 -0.890716 0.0492179 0.179332 -0.983038 0.0384289 
0.024926 -0.980316 0.195855 -0.182603 -0.853911 0.487331 -0.160617 -0.728474 0.665979 
-0.937566 0.0778919 0.338975 0.733503 -0.642423 0.221962 0.428627 -0.745538 0.510345 
0.358026 -0.829465 0.428725 -0.082563 -0.794502 0.601623 -0.533192 -0.587636 0.608597 
0.126491 0.372072 -0.919545 0.299626 0.632482 -0.714276 0.3682 0.321133 -0.872526 
0.403885 0.011826 -0.914733 0.504796 0.125332 -0.854092 0.803327 -0.214815 -0.555446 
-0.275394 0.620981 -0.733853 -0.444656 0.416875 -0.792778 -0.621554 0.432473 -0.653175 
0.574398 -0.276568 -0.77044 0.720685 -0.393624 -0.570678 0.46367 -0.159638 -0.871508 
-0.741908 0.487085 -0.460783 0.840881 -0.537924 -0.0596379 -0.752021 0.545547 -0.369924 
0.111993 0.991855 -0.0606796 -0.00370813 0.998756 0.049736 -0.0917553 0.993357 0.0694528 
-0.808448 0.587957 -0.0268169 0.740604 0.102434 -0.664088 0.821128 0.324877 -0.469259 
-0.400309 0.45745 0.794035 0.806335 -0.50382 -0.30982 0.713101 -0.701061 -0.000436707 
0.83961 -0.511659 -0.182376 -0.369959 -0.454312 0.810389 0.370209 -0.837456 0.402012 
0.151278 -0.94413 0.292803 0.0121019 -0.839155 0.543757 -0.309383 -0.682173 0.662512 
-0.721941 -0.153401 0.674737 0.479866 -0.699091 0.530095 0.272744 -0.697089 0.663082 
-0.366821 -0.686146 0.628208 -0.531122 0.650681 -0.542701 -0.628992 0.675014 -0.385649 
0.728889 -0.0105128 -0.684552 -0.846912 0.483964 -0.220271 -0.820187 0.561475 -0.109721 
-0.767745 0.605196 -0.210489 0.206185 0.892526 0.401106 0.631165 0.73511 -0.247475 
0.0184122 0.972008 0.234224 -0.137521 0.937899 0.318487 -0.300735 0.783764 0.54339 
0.958417 0.284978 -0.0149773 0.947871 0.00482952 -0.318619 -0.428778 0.575298 0.69655 
0.790624 -0.550684 -0.267695 0.894385 -0.372595 -0.247483 0.77493 -0.631325 0.0301932 
-0.860133 0.434617 0.266984 0.543386 -0.757106 0.362661 -0.491905 -0.0312648 0.870088 
0.768699 -0.635004 0.076629 0.795637 -0.600285 -0.0813596 -0.869721 0.461388 0.175232 
-0.848769 0.275147 0.451537 0.35869 -0.796278 0.487117 0.534044 -0.807905 0.24917 
0.179449 -0.738343 0.650113 -0.279658 -0.626614 0.727424 -0.414999 -0.557587 0.718938 
-0.177756 -0.732745 0.656877 0.357602 -0.690061 0.629235 -0.825088 0.00989904 0.564918 
0.643065 -0.656588 0.394157 -0.0810355 -0.555623 0.827476 0.120836 0.718223 -0.68524 
0.586824 0.537132 -0.605909 -0.479178 0.737877 -0.475316 -0.909171 0.411425 -0.064321 
0.952763 -0.243638 -0.181338 -0.887905 0.429354 0.165165 -0.736897 0.506656 0.44753 
0.902835 -0.419005 -0.0965615 0.48589 0.855201 0.180396 -0.0203989 0.703835 0.71007 
0.796147 -0.592869 0.121068 -0.799883 0.594376 0.0830927 -0.782675 0.574574 0.239341 
0.469323 0.755527 0.457071 -0.26429 0.240001 0.934104 -0.792828 0.479793 0.375795 
-0.823684 0.482708 0.297554 0.853193 -0.521419 0.0135822 0.617573 -0.67333 0.406486 
-0.792187 0.348099 0.501265 -0.856484 0.279006 0.43427 0.44778 -0.72974 0.516694 
-0.143467 -0.510317 0.847935 0.595621 -0.653754 0.466734 0.735919 -0.656792 0.164459 
-0.787816 0.104499 0.60698 0.239629 -0.710294 0.661861 -0.110364 -0.667763 0.736147 
0.1004 -0.592113 0.799576 -0.391493 -0.314221 0.864869 -0.453447 -0.337208 0.825031 
0.0736874 -0.644309 0.761207 -0.139373 0.790493 -0.596402 0.490541 0.667164 -0.560591 
0.676425 0.553811 -0.485533 0.952341 -0.297224 -0.0685862 0.88973 -0.455754 0.0258686 
-0.898185 0.27774 0.34077 0.224735 0.727679 0.648057 0.0212391 0.612653 0.790067 
-0.585145 0.38888 0.711602 0.188094 0.400517 0.896776 0.703833 0.410128 0.580012 
0.0537239 0.408995 0.910954 -0.0395198 -0.0463677 0.998142 -0.0691336 -0.130564 0.989027 
0.854846 -0.363748 0.370035 0.400774 -0.681233 0.612619 0.154917 -0.45771 0.875501 
0.631202 -0.486912 0.60374 -0.554647 0.00438078 0.832074 -0.0383791 -0.361988 0.931392 
0.45041 -0.58245 0.67667 -0.582787 -0.199746 0.787693 -0.449243 -0.405018 0.79633 
-0.11812 -0.614607 0.77994 -0.231594 -0.489373 0.840761 0.0991179 0.886724 -0.451549 
0.0292233 0.787971 -0.615019 -0.152349 0.916097 -0.370885 -0.358652 0.809413 -0.464995 
0.934932 -0.113072 -0.336327 0.673639 -0.676007 0.298705 0.7191 -0.652531 0.238953 
0.388379 -0.219533 0.894968 -0.627218 0.189787 0.755367 0.222586 -0.604885 0.764572 
-0.235983 -0.470834 0.850075 0.0254784 -0.568611 0.822212 -0.373461 0.826682 -0.42086 
-0.492371 0.796808 -0.35024 0.811369 -0.509111 0.287204 -0.945237 0.297085 0.135155 
-0.880749 -0.0456897 0.471373 -0.711093 -0.0497886 0.701333 0.712115 -0.576175 0.401142 
-0.676423 0.137382 0.723587 -0.24966 -0.149288 0.956757 0.336854 -0.61476 0.713162 
-0.442847 0.0925618 0.891806 0.390623 -0.43571 0.810907 0.118135 -0.250369 0.960916 
0.114368 -0.216467 0.969568 -0.482051 0.224995 0.846761 -0.271864 -0.135364 0.952768 
-0.0567788 0.873715 -0.483113 -0.415912 0.867944 -0.271461 -0.631925 0.774544 -0.0274204 
-0.824481 0.537019 0.178444 -0.886719 0.376544 0.268225 0.858847 -0.231812 -0.456777 
0.79584 -0.593413 -0.120414 0.83567 -0.546068 -0.058864 0.64973 -0.735934 0.1904 
-0.287607 -0.35182 0.890789 -0.48777 -0.468485 0.736615 0.325887 -0.69144 0.644755 
0.247022 -0.739897 0.625725 0.104926 -0.451766 0.885945 -0.196346 -0.623112 0.757086 
0.63968 0.57182 -0.513645 0.832834 0.230905 -0.503061 -0.84485 0.270213 0.46175 
-0.869083 0.119464 0.480024 0.919493 -0.0167521 -0.392749 0.899243 -0.300938 -0.317487 
0.36282 -0.848876 0.38441 0.316143 -0.706613 0.633049 0.0491796 -0.690244 0.721903 
-0.215328 0.899895 -0.379239 0.418355 0.778059 -0.468618 -0.476031 0.825896 -0.302141 
-0.802176 0.593647 0.0640107 -0.878608 0.333721 0.341581 0.890704 -0.452455 0.0439282 
-0.720883 -0.157867 0.674838 -0.659156 -0.367745 0.655955 -0.239157 -0.737403 0.631696 
-0.882788 0.468189 0.0385266 0.942992 0.223688 -0.246436 0.989717 -0.110218 -0.0911665 
-0.932574 0.220567 0.285756 0.943964 -0.329511 0.0188037 -0.744714 -0.457379 0.48601 
0.461629 -0.819604 0.339335 0.222831 -0.880037 0.419383 -0.399555 -0.739803 0.541338 
0.00421714 -0.871252 0.490817 0.196866 0.94882 -0.24695 -0.53426 0.806228 -0.254092 
-0.641082 0.764565 -0.0667487 0.781586 0.493354 -0.381739 -0.956421 -0.000503377 0.291992 
0.754952 -0.652193 0.068492 -0.669352 -0.575738 0.469567 0.377791 -0.840681 0.387981 
0.33465 -0.885291 0.322906 0.166349 -0.853395 0.494009 0.935679 -0.29305 -0.196537 
-0.954491 0.0249141 0.297198 -0.889826 -0.27091 0.367175 -0.647397 -0.556372 0.520892 
0.279803 -0.888828 0.362898 -0.0964104 -0.862982 0.495951 0.123474 0.991696 -0.0359574 
0.805103 0.527966 -0.270297 0.901025 0.192246 -0.388838 0.922761 -0.121389 -0.365754 
0.953858 0.0458206 -0.29674 0.956096 -0.240123 -0.167995 0.818892 -0.559044 -0.129944 
-0.713541 -0.649861 0.261799 0.38809 -0.921105 0.0308469 -0.186003 0.978658 0.0873574 
-0.492954 0.870048 0.00354505 0.901998 0.278066 -0.33027 -0.955979 0.100851 0.275559 
0.259218 0.956931 -0.130727 0.660016 0.718192 -0.220405 -0.771018 0.581074 0.260548 
0.395346 -0.912016 -0.109216 0.294919 -0.955518 0.00285388 -0.302323 -0.934604 0.187391 
0.569324 0.780184 -0.259198 -0.124556 0.988791 0.0823298 -0.276043 0.947892 0.159064 
-0.561042 0.789412 0.24912 0.670579 0.653906 -0.350329 -0.904633 -0.392968 0.164971 
0.565705 -0.806055 -0.173936 -0.704041 -0.69741 0.133959 -0.751502 -0.632827 0.186481 
0.763323 0.434568 -0.478004 -0.874563 -0.413963 0.252536 -0.512063 -0.828014 0.228437 
0.111377 -0.993721 0.0106669 0.529564 0.763193 -0.370268 0.73165 0.580047 -0.358098 
0.982731 -0.0998344 -0.155799 0.730532 -0.6819 -0.036542 -0.501273 -0.819714 0.277118 
0.510697 0.842871 -0.169582 -0.368743 0.929314 0.0200956 0.94336 0.257119 -0.209672 
0.503797 -0.85878 0.0932004 -0.340233 -0.921581 0.186899 -0.815252 0.562918 0.135967 
0.179155 -0.937006 0.299871 -0.895696 -0.292106 0.335266 -0.633619 -0.73884 0.229439 
0.233987 0.970286 -0.0616112 -0.785356 -0.559848 0.264171 0.867866 -0.493647 -0.0558644 
0.387533 -0.898115 0.207867 0.977692 0.21003 -0.00235291 -0.930386 -0.185096 0.316419 
0.270101 -0.95687 0.106983 -0.0186384 -0.957223 0.28875 -0.208062 0.977741 -0.0270575 
-0.725955 0.686067 0.047974 -0.90384 0.382644 0.191458 0.657507 -0.744603 -0.115113 
-0.91494 0.35906 0.184284 0.99607 -0.0746477 -0.0476595 -0.756837 -0.616624 0.21673 
-0.266029 -0.949718 -0.165117 0.240985 0.970241 0.023641 -0.789067 0.608253 0.0860353 
0.198556 -0.929053 -0.312148 0.828526 0.559898 0.00768566 -0.578693 -0.81456 -0.0400732 
-0.557328 0.829897 0.0256258 -0.856289 -0.51621 -0.0172239 0.331338 -0.892249 -0.306768 
-0.28383 -0.903946 -0.319878 -0.443323 -0.792763 -0.41832 0.0960825 -0.979834 -0.175196 
0.626656 0.718933 0.30073 -0.988097 -0.153784 0.00380921 -0.555267 -0.777586 -0.295021 
-0.752874 -0.60202 -0.265995 -0.91186 0.321208 -0.255612 -0.94561 0.000460133 -0.325301 
0.923253 -0.376497 -0.0765049 -0.875082 -0.293935 -0.384491 -0.626156 -0.760006 -0.174124 
-0.328612 0.944415 -0.00972334 -0.717314 0.662289 -0.216413 0.960914 0.276713 -0.00865623 
0.999846 -0.0167468 -0.00526599 0.957571 -0.282493 -0.0570626 -0.460015 -0.820324 -0.339788 
0.109148 -0.944101 -0.311062 0.859168 -0.511519 0.0133412 0.646224 -0.75845 0.0845415 
0.967457 0.211187 0.13938 -0.831282 0.436808 -0.343757 -0.55807 -0.557295 -0.614801 
-0.767929 -0.0288175 -0.639886 0.80604 0.555812 0.2034 -0.0618486 0.995278 0.0748106 
-0.526793 0.839418 -0.133666 0.86409 0.285772 0.414347 -0.774783 0.280694 -0.5665 
0.792204 -0.583145 0.179871 -0.422576 -0.702688 -0.572415 0.872216 -0.405156 0.274021 
0.195686 -0.913785 -0.355956 -0.0280085 -0.893309 -0.448569 0.365511 0.802304 0.471921 
0.480379 0.794693 0.371079 -0.186846 0.923448 0.335161 -0.542726 0.83882 -0.0427729 
-0.741051 0.374089 -0.557584 0.863374 -0.325479 0.385551 -0.420454 -0.155289 -0.893926 
-0.140598 -0.900467 -0.411572 0.101218 -0.964982 -0.242001 -0.657688 0.591523 -0.46642 
0.842371 -0.196939 0.501624 0.429198 -0.902547 -0.0346247 -0.269255 -0.847754 -0.456963 
-0.437219 -0.682087 -0.586171 -0.368412 0.913164 0.174367 0.294103 0.774362 0.560238 
0.799586 0.191462 0.569214 0.856527 0.0266566 0.515414 -0.566266 0.638227 -0.521544 
-0.336404 -0.823012 -0.457693 -0.164528 -0.945878 -0.279724 0.552059 0.672022 0.493577 
0.0327446 0.908616 0.416348 0.823162 0.22557 0.521079 0.830031 0.15206 0.536587 
-0.399536 0.908568 -0.121965 -0.565285 0.738598 -0.367322 0.814828 -0.357123 0.456638 
0.591691 -0.783932 0.188023 -0.238264 -0.708501 -0.664271 0.474931 -0.841143 0.258686 
0.189621 -0.981827 -0.00766918 -0.20952 -0.888906 -0.407367 0.0457293 0.405024 -0.913162 
0.0688986 0.26476 -0.96185 -0.0300189 -0.0407858 -0.998717 -0.0610896 0.203491 -0.977169 
-0.168257 0.0642347 -0.983648 -0.113411 0.315722 -0.94205 0.122454 0.110134 -0.986345 
0.100256 -0.0990498 -0.990019 -0.0499695 -0.2187 -0.974512 -0.231436 -0.312138 -0.921416 
-0.12988 -0.430858 -0.893024 -0.230189 -0.564034 -0.793019 0.266992 0.878166 0.396914 
-0.487259 0.619414 -0.615553 -0.314453 0.0756874 -0.946251 -0.347219 0.218071 -0.912077 
0.0230329 -0.325067 -0.945411 -0.0815349 -0.106755 -0.990937 -0.24262 0.0048027 -0.97011 
-0.45656 0.396636 -0.796387 0.277048 -0.960795 -0.010855 0.00268908 -0.955017 -0.296539 
0.230944 -0.673436 -0.702245 0.0369912 0.665672 -0.745327 0.0941615 0.842282 -0.530749 
-0.023407 0.489222 -0.871845 0.053999 0.526034 -0.848747 -0.0558401 0.361786 -0.930587 
0.224704 0.90464 -0.362125 0.202683 0.376524 -0.903963 0.145346 0.187232 -0.971503 
0.0886066 0.819747 -0.56583 0.0777049 0.392464 -0.916479 -0.14238 0.336167 -0.930978 
-0.121417 -0.130327 -0.984009 0.245714 -0.240461 -0.939044 0.137224 -0.181934 -0.973689 
-0.129701 -0.393123 -0.910292 -0.220488 -0.362764 -0.905421 0.287777 -0.566174 -0.772419 
0.185708 -0.369579 -0.910452 0.138641 -0.517541 -0.844352 -0.081849 -0.619852 -0.780439 
-0.114863 -0.740952 -0.661662 -0.20343 -0.559397 -0.803549 -0.157619 -0.83589 -0.525779 
0.349077 0.770053 0.534008 0.713003 0.40559 0.571947 0.729564 -0.549422 0.407273 
0.533194 -0.761938 0.367633 0.286863 -0.871336 -0.398099 -0.435216 0.411688 -0.800687 
-0.441247 0.282283 -0.851832 0.361686 -0.651011 -0.667359 -0.0471775 -0.262448 -0.963792 
-0.285557 0.0881383 -0.9543 0.489604 -0.649722 -0.581506 -0.243531 -0.119962 -0.962446 
0.155624 0.799384 -0.580315 0.00767707 0.509473 -0.860452 0.0827679 0.695761 -0.713489 
0.0303338 0.831121 -0.555264 0.0714422 0.956787 -0.281877 0.341551 0.938708 0.046573 
-0.312891 0.190779 -0.930431 0.482089 -0.531645 -0.69638 0.487617 -0.227469 -0.842904 
-0.177488 -0.866461 -0.46663 -0.174948 -0.735482 -0.654568 0.171477 -0.696229 -0.697038 
0.0635354 -0.902114 -0.426794 -0.195884 -0.842844 -0.501241 -0.22062 -0.932184 -0.286985 
-0.397206 0.900278 -0.178121 -0.295175 0.945358 0.138454 0.660253 -0.360234 0.659012 
0.661451 -0.00984116 0.749924 -0.72498 0.585101 -0.363402 0.394554 -0.912815 0.105336 
-0.70257 0.431193 -0.566099 -0.540762 0.303726 -0.784428 0.148782 -0.395562 -0.906308 
-0.0754151 -0.0408555 -0.996315 -0.394757 0.261026 -0.880927 0.313001 -0.318313 -0.894822 
-0.318741 0.182461 -0.930114 -0.219748 0.0574501 -0.973864 0.454421 -0.402911 -0.794458 
0.611514 -0.399226 -0.683132 0.246016 -0.213028 -0.945566 -0.320446 0.0948715 -0.942504 
0.329742 -0.162823 -0.929924 -0.0488516 -0.0216784 -0.998571 0.172776 -0.0869755 -0.981114 
-0.299089 0.0509129 -0.952866 -0.555002 0.173975 -0.813453 -0.109632 -0.00441714 -0.993962 
0.20065 -0.218644 -0.954953 0.398701 0.681417 -0.613765 -0.175226 0.185588 -0.966878 
0.219114 0.28612 -0.932805 -0.187535 0.458643 -0.868606 0.371515 0.925305 0.0760771 
-0.423267 -0.384891 -0.820185 -0.477411 -0.494412 -0.726385 0.423434 -0.811514 -0.402678 
-0.117884 -0.934753 -0.335171 -0.297957 -0.833325 -0.465609 0.571562 0.299472 0.763959 
0.420416 0.581296 0.696667 0.14505 0.66854 0.729394 -0.242621 0.945284 0.218111 
-0.534049 0.775018 -0.337845 -0.532389 0.832854 -0.151381 -0.475771 0.797172 -0.371696 
-0.554377 0.76491 -0.327993 0.40289 -0.887558 -0.223427 0.521749 -0.852183 0.0395273 
0.494335 -0.816266 -0.298904 0.647885 -0.718655 -0.252548 -0.725594 0.587258 -0.358666 
-0.676376 0.536762 -0.504382 0.698011 -0.521136 -0.491118 0.513881 -0.344725 -0.785551 
0.677342 -0.216303 -0.703151 -0.593411 0.110637 -0.797259 -0.715405 0.16873 -0.678031 
0.654569 -0.173528 -0.735818 0.462264 -0.128035 -0.87745 -0.354282 -0.0461345 -0.934 
-0.793501 0.126763 -0.59522 -0.893324 0.176625 -0.413251 0.257752 0.0167883 -0.966065 
0.702452 -0.0894154 -0.706092 -0.543733 -0.048586 -0.83785 0.689359 0.104107 -0.7169 
-0.43994 -0.11816 -0.89022 0.282497 0.200747 -0.938028 -0.215172 -0.0639841 -0.974478 
-0.429119 -0.068931 -0.900614 0.592116 0.515991 -0.618993 0.0769139 0.355199 -0.931621 
-0.277201 -0.190053 -0.941828 -0.66268 -0.0926512 -0.743149 -0.208785 0.443024 -0.871859 
0.223884 0.120631 -0.967122 -0.643153 0.684842 -0.342556 -0.443139 -0.596034 -0.669605 
0.666414 -0.203907 -0.717157 -0.126245 0.984483 0.121887 -0.283891 0.945997 0.15651 
0.113707 0.913621 0.390344 0.217599 0.935384 0.27876 -0.472912 -0.731647 -0.490965 
0.646603 -0.383762 -0.659266 0.514475 -0.791784 -0.329232 0.476371 -0.698802 -0.533617 
-0.38475 -0.885629 -0.260056 -0.138951 -0.987514 0.0742206 -0.10576 -0.858981 0.500965 
-0.0714484 -0.986455 0.147654 0.00506438 -0.997973 0.0634307 0.406758 0.25353 0.87765 
0.0604726 0.772121 0.632591 0.315315 0.365908 0.875607 -0.336948 0.939898 0.0552934 
-0.512279 0.858465 -0.0246574 0.478285 -0.61192 0.629918 0.461777 -0.822004 0.333275 
0.486645 -0.784928 0.38349 0.689551 -0.711837 0.133444 -0.764633 0.547636 -0.339753 
-0.733278 0.399111 -0.550467 -0.827363 0.558937 -0.0553142 0.817661 -0.476226 -0.323479 
-0.709506 0.245546 -0.660537 -0.849111 0.290876 -0.44091 -0.860135 0.186069 -0.474917 
0.851843 -0.256879 -0.456483 0.929132 -0.265711 -0.257122 0.844753 -0.209469 -0.492458 
-0.782242 -0.0342022 -0.622035 -0.9824 0.0615531 -0.176357 -0.936396 0.000250004 -0.350945 
-0.897221 -0.102934 -0.429418 -0.79223 -0.169978 -0.58607 -0.605506 -0.138272 -0.783736 
-0.395121 -0.0960457 -0.913594 0.0980936 0.239778 -0.965859 -0.0494961 0.330583 -0.942478 
-0.249258 0.438348 -0.863552 0.377703 0.273734 -0.884539 -0.390527 0.572805 -0.720682 
-0.904539 -0.22988 -0.359116 0.492309 0.0624026 -0.868181 -0.548551 0.637181 -0.541379 
0.670399 0.728805 -0.139312 -0.723613 -0.222773 -0.653266 0.42689 0.858646 -0.283712 
0.634689 -0.137869 -0.76037 -0.848598 -0.434934 -0.301188 0.733439 -0.335344 -0.591279 
-0.27736 0.431087 0.858624 0.0698336 0.359109 0.930679 0.286377 0.584981 0.758805 
-0.665549 -0.663794 -0.341207 0.643296 -0.376926 -0.666406 0.693346 -0.49806 -0.520776 
-0.530894 -0.718967 -0.448595 0.731443 -0.645593 -0.219547 0.441346 -0.881305 -0.168864 
-0.110966 -0.991866 -0.0623609 -0.36709 -0.930182 -0.00243404 0.325963 -0.945261 0.0151747 
0.381798 -0.921375 0.0727891 -0.0993214 -0.931015 0.351208 -0.0788061 -0.953015 0.292492 
0.0203612 -0.890557 0.454416 0.236491 -0.932405 0.273299 0.0277239 -0.972819 0.2299 
-0.0459574 -0.941537 0.33376 -0.126937 -0.801066 0.584962 -0.0942274 -0.945959 0.310295 
-0.0801524 0.859322 0.505115 -0.100806 0.679097 0.727094 -0.365716 0.892392 0.264364 
0.500042 -0.0166794 0.86584 -0.54836 0.836103 0.0153025 -0.743808 0.6644 0.0729476 
0.637074 -0.717207 0.2824 -0.771738 0.622989 0.127688 0.83873 -0.511564 0.186638 
-0.857122 0.448219 -0.253852 -0.923035 0.261966 -0.281746 -0.964764 0.204895 -0.16507 
0.958211 -0.193865 -0.210353 -0.975908 0.113353 -0.186428 -0.960461 -0.217553 -0.173737 
0.971291 0.202174 0.125381 0.88927 0.416429 -0.189173 -0.167963 0.468579 -0.867307 
-0.959891 -0.271404 0.0703476 0.82954 -0.100433 -0.549342 -0.68751 0.638231 -0.346398 
0.404554 0.886993 0.222666 -0.948506 -0.288207 -0.13143 0.761258 -0.199748 -0.616917 
0.86997 -0.40117 -0.286732 -0.678244 0.73452 -0.0215933 -0.644743 0.702407 0.301548 
0.524298 0.671292 0.523907 -0.613517 -0.770307 -0.173854 0.613376 -0.782696 0.105627 
-0.484496 -0.873468 0.0481495 0.297985 -0.929049 0.219255 -0.189307 -0.916793 0.351645 
0.15906 -0.847101 0.50707 0.110784 -0.373544 0.920973 0.0286806 -0.703966 0.709654 
-0.117168 -0.589083 0.799533 0.198587 0.465407 0.862531 0.0988848 0.642127 0.760194 
-0.188259 0.761248 0.620532 -0.426849 0.741674 0.517417 0.424318 -0.164248 0.890492 
-0.517311 0.731551 0.444097 -0.40452 0.672534 0.619727 0.381957 -0.289825 0.877559 
0.501017 -0.666661 0.551856 0.6263 -0.552662 0.54983 0.726964 -0.598335 0.336925 
0.70383 -0.450773 0.549023 -0.727404 0.605818 0.322287 -0.836702 0.50864 0.203012 
-0.919041 0.305026 0.249645 -0.970503 0.192897 0.144618 -0.981014 -0.175697 0.082104 
0.247063 0.302804 -0.920472 -0.339085 0.495092 -0.799941 -0.529557 0.515526 -0.673649 
0.830618 0.516733 0.207513 0.71972 0.694205 0.00907111 0.884982 0.464873 -0.0264574 
-0.799647 0.587046 -0.126256 -0.928987 -0.368746 -0.0317863 0.366127 0.746816 0.555173 
-0.869488 -0.444449 0.215538 0.85957 -0.283735 -0.425011 0.91983 -0.326065 -0.218161 
-0.808773 0.408687 0.42292 -0.722457 0.520661 0.454937 0.41351 0.53182 0.739038 
0.454643 0.293721 0.84085 0.516143 0.467164 0.717882 -0.744523 -0.580225 0.330188 
0.611753 -0.739764 0.280192 0.230773 0.284422 0.93051 -0.685533 -0.727232 -0.0343299 
-0.555182 -0.764679 0.327167 0.1037 -0.0819237 0.991229 0.417568 0.0701976 0.90593 
-0.261642 -0.262306 0.928837 -0.499328 -0.696501 0.515323 0.196268 -0.874113 0.444303 
0.027554 -0.812846 0.581827 -0.0170575 -0.750447 0.660711 -0.10726 -0.656468 0.746689 
-0.191114 -0.469791 0.861842 0.254243 -0.648154 0.717814 0.132508 -0.812146 0.568209 
0.144218 0.414697 0.898459 -0.0720236 0.640574 0.764512 -0.0927008 0.486335 0.868841 
0.32169 0.103211 0.941203 -0.197986 0.514503 0.834319 -0.47392 0.653199 0.590535 
-0.514669 0.480512 0.710087 -0.648441 0.585912 0.486037 0.617252 -0.367669 0.695572 
-0.591283 0.517135 0.618834 0.906689 -0.00930087 0.421698 -0.0199291 0.395588 -0.918212 
-0.251247 0.481118 -0.839881 -0.379159 0.549237 -0.744699 0.334114 0.331184 -0.882431 
0.541964 0.0603657 -0.838231 -0.548922 0.563433 -0.617436 -0.623799 0.526344 -0.577786 
0.710482 -0.0593564 -0.701207 -0.916535 -0.140386 0.374508 -0.788896 0.48635 -0.375641 
-0.833086 0.491704 -0.253365 0.885499 0.374206 0.275429 0.957088 -0.241013 -0.160919 
0.754162 0.621046 0.213404 -0.848121 0.52571 0.0657204 -0.82826 0.330672 0.452374 
0.556837 0.738338 0.380512 0.946962 -0.307198 -0.0943019 0.933007 -0.164471 -0.320075 
0.458337 0.550543 0.697732 0.912279 -0.409375 -0.0126372 -0.537763 0.315502 0.781837 
0.455666 -0.797937 0.394544 -0.413088 -0.855355 0.312611 0.357282 -0.7293 0.583499 
0.219964 -0.359248 0.906949 0.111497 -0.548276 0.828832 -0.0835274 -0.736965 0.67075 
0.0620977 0.289363 0.955203 0.0151266 0.314689 0.949074 0.20226 0.116614 0.972364 
-0.122009 0.306251 0.944099 0.337805 -0.132288 0.931873 -0.115918 0.290376 0.949866 
0.510062 -0.242962 0.82511 -0.551601 0.538324 0.637137 0.541217 -0.200413 0.816651 
0.675073 -0.208054 0.707807 0.755923 -0.129565 0.641711 -0.731886 0.220483 0.644771 
-0.908785 0.135303 0.394719 0.935695 0.105273 0.336737 -0.16595 0.515314 -0.84078 
-0.12558 0.635453 -0.761859 -0.461429 0.691864 -0.555344 0.848534 -0.209072 -0.486085 
0.92722 0.306669 0.21498 -0.829984 0.485477 -0.274662 0.867164 0.319102 0.382361 
-0.840261 -0.20234 0.503011 0.880259 -0.449567 -0.151766 -0.890102 0.43798 0.126067 
-0.888302 -0.35467 0.291769 0.588142 0.371233 0.718523 0.936438 -0.339778 0.0873749 
-0.864183 0.430584 0.260358 -0.582038 -0.439575 0.68411 0.537431 0.434435 0.722796 
-0.789995 -0.508227 0.342947 0.862011 -0.479985 0.162948 0.443817 0.17001 0.879843 
-0.654316 -0.528639 0.54075 0.298535 0.314821 -0.90098 -0.398052 0.0830474 -0.913596 
-0.0463485 0.326484 -0.944066 0.155767 0.34762 -0.924606 -0.251579 0.230966 -0.939874 
0.284607 -0.211847 0.934944 0.269366 -0.25782 0.927885 -0.0209305 -0.520837 0.8534 
0.301222 0.21712 -0.928507 0.515832 -0.608406 0.603125 -0.327387 -0.448856 0.831472 
0.19397 -0.420033 0.886537 0.109422 -0.518486 0.848056 0.156975 -0.275771 0.948319 
0.530519 0.325225 -0.782802 0.253921 0.0748394 -0.964325 -0.0310394 0.00621455 -0.999499 
-0.696085 -0.409366 -0.589818 -0.596029 -0.0304906 -0.802384 0.321092 -0.247221 -0.914211 
0.576845 -0.0192543 -0.816627 -0.244542 -0.152711 -0.957538 0.567051 -0.344129 -0.748351 
-0.161284 -0.36132 -0.918387 -0.459578 -0.358676 -0.81249 0.370977 -0.539991 -0.755504 
-0.151101 -0.564161 -0.811721 -0.43241 -0.570546 -0.698211 0.0473557 0.156314 0.986571 
0.388142 -0.0759792 0.918462 0.0499816 0.228629 0.97223 0.349403 -0.0645659 0.934745 
-0.124191 0.330046 0.93576 -0.295599 0.409887 0.86291 -0.201926 0.317607 0.926473 
-0.423716 0.468094 0.775469 -0.592529 0.330806 0.734491 0.607448 0.0840223 0.789903 
0.803857 0.132296 0.579924 0.346069 0.51043 -0.787209 0.495581 0.313701 -0.809933 
0.350219 0.586137 -0.730609 0.719027 0.170707 -0.673691 -0.753618 0.559507 -0.344981 
0.808023 0.333414 0.48573 -0.817303 -0.364676 0.446125 0.884911 -0.424111 0.192515 
0.678314 -0.557784 0.478297 0.358168 0.305271 0.882341 0.28776 0.449983 -0.845405 
-0.361024 0.129918 -0.923462 -0.0403851 0.388478 -0.920573 0.296388 0.104654 0.949316 
0.714885 0.572301 -0.401761 0.247134 0.414802 -0.875708 0.0646813 -0.312026 0.947869 
0.732773 0.379459 -0.564849 -0.719042 -0.158969 -0.676541 -0.428574 -0.0911807 0.898894 
-0.279233 -0.275829 0.919754 -0.138371 -0.507204 0.850645 0.714819 0.268698 -0.645628 
-0.811622 -0.322389 -0.487171 0.880579 0.0877851 -0.465699 0.722895 -0.396393 -0.565947 
0.90546 -0.252726 -0.340988 0.841188 -0.500391 -0.204965 0.516292 -0.687432 -0.510765 
0.105946 -0.69388 -0.712254 -0.382507 -0.706413 -0.595541 -0.60591 -0.671174 -0.427082 
0.677036 -0.729861 -0.0944747 0.308848 -0.917566 -0.250371 -0.157763 -0.928319 -0.336651 
0.576806 -0.0453621 0.815621 0.211986 0.142925 0.966765 -0.19384 0.144824 0.970285 
0.329365 0.0453904 0.943111 -0.470235 0.246674 0.847367 -0.126184 0.0936159 0.98758 
-0.582703 0.228902 0.779783 -0.417807 0.173969 0.891724 -0.626978 0.119761 0.769776 
-0.589155 0.703078 -0.398219 -0.692214 0.0700607 0.718283 0.65138 0.140368 0.745655 
0.783324 -0.0783159 -0.61666 -0.874182 0.484506 -0.0325634 0.7639 0.236644 0.60038 
0.515803 0.172226 0.839217 0.682302 0.241915 0.689885 0.412841 0.026133 0.910428 
-0.602739 -0.353158 0.715532 0.798385 -0.470115 0.376261 0.574033 -0.505427 0.644229 
-0.328843 -0.20883 0.921006 -0.400698 -0.454386 0.795597 -0.259564 0.244444 -0.934277 
0.371757 0.514563 -0.772671 0.336263 0.0692388 0.93922 -0.28018 -0.461849 0.841543 
-0.701477 -0.27039 -0.659409 0.35526 -0.123687 0.926548 0.290878 -0.220314 0.931049 
0.121717 -0.322948 0.938557 0.207491 -0.493295 0.844753 -0.326333 -0.198879 0.924096 
0.136779 -0.516058 0.845562 0.0215426 -0.479926 0.877044 0.903737 0.428088 0.00027971 
0.903128 0.350308 -0.248281 0.830015 0.524235 -0.190401 -0.74461 -0.276137 -0.607705 
-0.0671378 -0.403364 0.912573 0.935511 0.338823 -0.100093 0.908067 0.316355 -0.274471 
0.955565 0.232818 0.180805 -0.830236 -0.339888 -0.441797 -0.888094 -0.45456 0.0682874 
0.885161 -0.447352 0.127927 -0.728393 -0.678419 -0.0958717 -0.794519 -0.607091 -0.0134326 
-0.887423 -0.433185 -0.157578 0.765256 -0.614019 0.193298 0.6731 -0.685449 0.27766 
-0.664428 -0.747074 0.0203976 0.409352 -0.773733 0.483496 -0.133135 -0.982775 0.128174 
0.223192 0.604066 -0.765042 -0.176066 0.757497 -0.628648 0.307474 0.454716 -0.835879 
-0.340457 0.729642 -0.593053 0.486219 0.333168 -0.807831 -0.538393 0.709016 -0.455444 
0.257477 0.104281 0.960641 -0.178195 0.0381843 0.983254 0.610084 0.135014 -0.780749 
-0.737783 0.619687 -0.267704 0.403238 0.103497 0.909223 -0.487267 0.163486 0.857813 
0.822905 -0.188914 -0.535853 0.738662 -0.0775175 -0.669604 -0.569975 0.0746846 0.818261 
-0.888394 0.45739 0.0393644 -0.714249 -0.130167 0.687681 0.854227 -0.466536 0.229435 
-0.490018 -0.112333 0.864444 -0.555053 -0.252723 0.792494 0.0129703 0.399479 -0.916651 
-0.389987 0.0789697 -0.917428 -0.126143 0.354367 -0.926559 -0.242924 0.0554131 -0.968461 
0.628459 -0.522295 0.576409 -0.157171 -0.301718 0.940353 -0.34252 -0.187416 0.920628 
0.351419 0.439739 -0.82652 -0.614463 -0.304281 -0.727907 0.0455496 -0.297313 0.953693 
0.10511 -0.135322 0.985211 -0.572695 -0.157637 -0.804469 0.762604 0.599317 -0.243421 
0.875505 0.471188 0.10711 0.58577 0.609583 -0.534119 -0.759312 -0.395762 -0.516544 
0.257513 -0.446809 0.856766 -0.204915 -0.348626 0.914587 0.16656 -0.149165 0.974683 
-0.253882 -0.25316 0.933517 -0.010949 -0.42229 0.906395 0.774074 0.422606 0.471395 
0.885727 0.13839 0.443098 -0.82125 -0.537619 -0.191085 -0.770437 -0.53243 0.350635 
0.927218 -0.00578662 0.374478 0.871029 -0.206107 0.445902 -0.833923 -0.525496 0.168598 
-0.729899 -0.553809 0.400679 0.774267 -0.467189 0.426901 0.73649 -0.357582 0.57421 
-0.558803 -0.741324 0.371722 0.572516 -0.277101 0.771648 0.204349 -0.69471 0.689652 
-0.0260726 -0.889597 0.456001 0.129632 0.592822 -0.794832 0.278168 0.502546 -0.818578 
0.426788 0.326009 -0.843546 -0.265061 0.735045 -0.62406 -0.644877 0.701 -0.304522 
0.68225 0.18063 -0.708455 0.553676 0.193912 -0.80984 -0.820832 0.562868 -0.0970252 
-0.921833 0.304551 0.239735 0.139293 0.0960311 0.985584 0.798632 -0.509136 -0.320886 
0.00889594 0.0681238 0.997637 -0.795426 0.164173 0.583391 -0.0423446 0.0446578 0.998105 
-0.270422 -0.05213 0.961329 -0.189348 0.189002 -0.963548 -0.0523218 0.42854 -0.902006 
0.0512883 0.582588 -0.811148 -0.186877 0.249993 -0.950042 -0.0911266 -0.0373162 0.99514 
0.296939 0.54228 -0.785976 0.46389 0.632176 -0.620612 -0.38957 0.255217 -0.884929 
-0.553537 -0.0655472 -0.830241 0.710585 -0.55381 0.434008 -0.451444 -0.175919 0.874786 
0.799804 0.591789 -0.100494 0.77386 0.554328 -0.306368 -0.663462 -0.283394 -0.692464 
0.494439 -0.430185 0.755296 0.698747 -0.480428 0.530039 0.848859 0.528118 -0.0230325 
0.861771 0.493136 0.119032 -0.868194 -0.489496 -0.081442 0.786432 0.0919133 0.6108 
-0.516366 -0.574572 0.635007 0.167816 -0.572243 0.80273 0.0453217 -0.4447 0.894532 
0.319298 -0.471969 0.821763 0.142105 0.643527 -0.752116 -0.305716 0.762168 -0.570647 
0.364357 0.476706 -0.799997 -0.452554 0.739702 -0.498031 -0.58107 0.735304 -0.348834 
0.786661 -0.338284 -0.516458 0.803848 -0.350018 -0.480953 0.38078 0.639665 -0.667709 
0.227936 0.708745 -0.667627 0.415654 0.63729 -0.648917 0.698762 0.669803 -0.251189 
0.607413 0.678332 -0.41342 0.626545 -0.554759 0.547433 -0.327685 -0.259209 0.908533 
-0.403759 -0.156637 0.901357 0.816347 0.529491 0.23069 -0.784079 -0.323535 -0.529665 
-0.749805 -0.169109 -0.639683 -0.754088 -0.263852 -0.601443 0.13661 -0.402869 0.905005 
0.888687 0.430066 0.158991 -0.81653 -0.554292 -0.161368 -0.773085 -0.358371 -0.523363 
-0.0790879 -0.31945 0.944297 0.807789 0.259797 0.529133 0.818472 0.179562 0.545767 
0.760825 0.137532 0.634216 -0.770747 -0.589191 -0.242494 -0.681479 -0.708963 0.181541 
0.62351 0.00310478 0.781809 0.59233 0.17869 0.78563 -0.454004 -0.505945 0.733417 
-0.382437 -0.706688 0.595261 0.299561 -0.26091 0.917709 -0.268238 -0.388676 0.881464 
-0.372085 0.76444 -0.526483 -0.502079 0.794408 -0.341808 -0.505608 0.771382 -0.386433 
-0.80797 0.513655 0.288693 -0.849444 0.524279 0.0598018 0.7873 -0.478567 -0.388757 
-0.911699 0.337664 0.23407 -0.885352 0.133689 0.445286 0.766429 -0.523442 -0.372284 
-0.62625 -0.0416717 0.778508 -0.00990183 0.450785 -0.892578 -0.223225 0.313358 -0.923026 
-0.09533 0.490386 -0.866276 0.688967 0.657748 -0.304454 -0.423972 0.170377 -0.889505 
-0.289981 -0.262507 0.920326 0.799492 0.537102 0.268949 0.710916 0.681759 0.172636 
-0.766768 -0.366316 -0.527143 0.131583 -0.506618 0.85207 -0.840647 -0.448049 -0.304245 
0.730504 0.20364 0.651839 0.845127 0.287196 0.450864 0.623329 0.0380904 0.781032 
-0.782935 -0.621295 -0.0316986 0.554646 0.102399 0.825761 0.26747 -0.10949 0.957325 
0.11499 -0.264587 0.957481 -0.087465 -0.310768 0.946453 -0.0331427 0.83437 -0.550207 
-0.22753 0.816445 -0.530705 -0.245682 0.84257 -0.479287 -0.471017 0.816464 -0.33396 
-0.728869 0.672746 0.127133 0.280184 0.534549 -0.797342 0.825574 -0.505717 -0.250356 
0.790103 -0.143134 -0.596029 0.760898 -0.626162 -0.170166 0.685551 -0.728009 0.00480141 
0.331079 0.812472 -0.479871 0.511273 0.783022 -0.354227 0.237132 0.627769 -0.7414 
-0.407996 0.101829 -0.907287 0.033718 0.444394 -0.895197 0.508598 -0.739516 0.440958 
0.584815 0.623953 -0.518338 -0.556039 -0.132555 -0.820518 -0.539839 -0.0759808 -0.838332 
0.870038 0.433114 0.235471 -0.427658 -0.253674 0.867616 -0.130013 -0.393894 0.909914 
0.691022 0.48211 0.53857 0.637213 0.34808 0.687604 0.745297 0.361596 0.560161 
-0.735152 -0.677857 -0.00783411 -0.712054 -0.658316 0.244129 -0.739641 -0.591847 0.320386 
0.481044 -0.039817 0.875792 -0.463878 -0.640784 0.61173 -0.464487 -0.628538 0.623853 
0.415946 -0.125994 0.900619 -0.0534284 -0.311342 0.948795 -0.348687 -0.62235 0.700784 
0.09343 -0.371109 0.923877 -0.218152 -0.619805 0.753825 -0.164155 0.845873 -0.507496 
-0.580965 0.808151 -0.0968074 0.693958 -0.0231756 -0.719642 0.50366 0.412316 -0.759159 
0.595641 0.209824 -0.775361 -0.724179 0.253677 0.641259 -0.122015 0.291286 -0.948823 
-0.0331453 0.499213 -0.865845 0.15744 0.525767 -0.835932 0.476137 0.756976 -0.447528 
0.594771 0.752146 -0.283768 0.622622 0.716064 -0.315584 -0.177137 0.377966 -0.908716 
0.553114 -0.763435 0.333514 0.588087 0.793338 -0.157383 -0.690676 -0.137923 -0.709891 
0.737221 0.67315 0.0580846 -0.781995 -0.403763 -0.474826 -0.722589 -0.27313 -0.635032 
-0.766442 -0.41218 -0.492619 -0.280436 -0.459751 0.842606 0.828596 0.277315 0.486339 
0.738038 0.264201 0.620885 -0.682441 -0.730543 -0.0241013 0.574876 0.207368 0.791528 
-0.588863 -0.702525 0.399622 0.256386 -0.059304 0.964753 -0.610594 -0.617374 0.496008 
0.24067 -0.229944 0.942976 0.0187794 -0.237325 0.971249 -0.257016 -0.503615 0.824812 
0.256019 -0.234629 0.937765 -0.137767 0.882919 -0.44886 -0.019804 0.764105 -0.644788 
-0.364319 0.854159 -0.371058 -0.475156 0.867437 -0.147581 0.409631 0.535112 -0.738822 
0.454204 0.429665 -0.78044 0.64578 0.288964 -0.70673 -0.511009 0.837596 -0.19314 
0.725458 -0.161806 -0.668977 0.686812 0.0681102 -0.723637 0.796368 -0.349708 -0.493459 
-0.788436 0.519022 0.330129 -0.772946 0.501263 0.388961 0.191513 0.739833 -0.644957 
0.273834 0.686152 -0.673951 0.100578 0.602955 -0.79141 -0.324366 0.258656 -0.909881 
-0.50093 0.108863 -0.858614 0.725869 0.680552 0.0998167 0.533791 0.679429 -0.503431 
-0.727935 -0.182074 -0.661029 0.217061 -0.730751 0.647215 0.680146 0.331836 0.653671 
-0.724233 -0.686443 -0.0654497 0.811938 0.286102 0.508825 0.766491 0.114027 0.632052 
0.563042 -0.17537 0.807607 0.699226 -0.0264452 0.714411 0.485324 -0.118346 0.866288 
-0.415691 -0.733789 0.537359 -0.5309 -0.775674 0.341284 -0.239867 -0.679079 0.693769 
0.237374 -0.441831 0.865124 -0.325417 0.79155 -0.517255 0.14514 0.645218 -0.750085 
0.466952 0.237857 -0.851692 0.448957 0.40143 -0.798305 -0.155676 0.845349 -0.511029 
-0.309624 0.87657 -0.368454 0.605235 0.0983665 -0.789946 -0.622153 0.769987 0.141584 
0.701299 -0.0892347 -0.70726 0.724369 -0.260217 -0.638418 -0.746523 0.25352 0.615167 
-0.799498 0.337259 0.49705 -0.742525 0.408338 0.530958 0.774242 -0.519947 -0.360839 
0.763048 -0.620612 -0.180548 0.439042 0.774322 -0.455707 0.584302 0.789516 -0.187763 
0.241681 0.718889 -0.651758 -0.446316 0.201071 -0.871993 -0.658355 -0.101776 -0.745795 
0.62065 -0.759397 0.195218 -0.592034 -0.0327286 0.805248 -0.406434 -0.280407 0.869588 
0.829368 0.521718 0.199896 0.387304 -0.78668 0.48076 0.680577 0.475043 0.557808 
0.733842 0.593689 0.330165 0.67677 0.345823 0.649914 0.74757 0.465512 0.47375 
-0.794854 -0.598892 0.0976509 -0.564423 -0.784294 0.257508 -0.563703 -0.735692 0.375495 
-0.214237 -0.632896 0.744006 0.107952 0.805159 -0.583151 0.296344 0.528615 -0.795454 
0.401328 0.380639 -0.833097 -0.265396 0.874843 -0.405235 -0.455655 0.876419 -0.155783 
0.745245 -0.435895 -0.504585 -0.685327 0.407273 0.603702 0.14046 0.591451 -0.794013 
0.63327 -0.741365 -0.222142 -0.67392 0.127577 0.727706 0.421863 -0.78324 0.456692 
0.694035 0.716452 -0.0707915 -0.55063 -0.126511 0.825107 0.477321 -0.822432 0.309468 
-0.403358 -0.267979 0.874923 -0.460358 -0.13475 0.877447 0.649127 0.219568 0.728302 
-0.0811081 -0.555864 0.827307 -0.278626 -0.468096 0.838602 -0.745812 -0.641067 0.181101 
0.579661 0.207116 0.788097 0.358505 -0.252858 0.898631 0.167127 -0.378718 0.910297 
-0.421998 -0.722854 0.547174 0.0460927 -0.382095 0.922973 0.612577 0.0605643 -0.788087 
0.523571 0.269854 -0.808116 0.370811 0.461953 -0.805667 -0.628245 0.774865 -0.0699455 
-0.666534 0.614185 0.422503 0.801197 0.152055 -0.57876 0.161567 0.612753 -0.773583 
-0.283159 0.288999 -0.914495 -0.0303931 0.519083 -0.854183 -0.406097 0.114328 -0.90665 
0.639152 0.760487 -0.114649 -0.54677 0.051774 -0.835681 -0.588943 -0.12275 0.798798 
0.709704 0.248676 0.659152 0.745639 0.662935 0.0673742 -0.79091 -0.408155 -0.455929 
-0.763877 -0.2359 -0.600702 -0.448338 -0.301274 0.841562 -0.447156 -0.26255 0.855055 
-0.467775 -0.126213 0.87479 -0.0987672 -0.604683 0.790318 0.175795 -0.249901 0.952179 
-0.68758 -0.611372 0.391738 -0.348117 -0.638036 0.686822 -0.518222 -0.653269 0.551983 
-0.0798046 -0.466566 0.880879 -0.0866274 0.816814 -0.57036 -0.235029 0.885635 -0.400514 
-0.47211 0.835448 -0.281317 0.501788 0.422954 -0.754532 0.133566 0.464597 -0.875391 
-0.355691 0.0368594 -0.933876 -0.205415 0.251925 -0.945695 -0.800994 0.542478 0.253231 
0.480981 0.653829 -0.584093 0.776577 -0.486614 -0.400169 0.712158 0.687475 -0.14216 
-0.54534 -0.142633 -0.82599 0.773708 -0.538419 -0.333888 0.756102 -0.614782 -0.224394 
0.718863 -0.68346 -0.126962 0.646424 -0.741697 -0.178946 0.608212 -0.793749 -0.00636964 
0.690518 0.601506 0.401714 -0.848063 -0.330752 -0.413996 -0.675997 -0.537888 -0.50369 
0.444527 -0.883738 0.146294 0.0643193 -0.68323 0.727365 -0.315231 -0.45815 0.8311 
-0.816869 -0.558143 0.145607 0.253434 -0.212344 0.943759 -0.422576 -0.690726 0.586794 
-0.293784 -0.579523 0.760161 0.638382 0.490971 -0.592803 -0.291957 0.921022 -0.257838 
-0.554669 0.825861 -0.101464 0.0108465 0.437395 -0.899204 0.329928 0.731984 -0.596109 
0.0781845 0.525425 -0.84724 -0.0951508 0.524777 -0.845905 -0.431396 0.163149 -0.887288 
-0.313958 0.483212 -0.817274 -0.603229 0.12822 -0.787194 0.80377 0.476955 0.355623 
-0.760905 -0.511967 -0.398638 -0.75273 -0.352133 -0.556237 0.387818 -0.864473 0.319818 
-0.439293 -0.23722 0.866458 0.658908 0.438764 0.611005 0.187635 -0.801621 0.567624 
0.687869 0.390005 0.612153 0.541163 0.238422 0.80641 -0.86474 -0.494099 -0.0899466 
-0.740801 -0.658 0.135093 0.0974773 -0.388081 0.916456 0.06043 -0.5215 0.851109 
-0.206171 -0.66459 0.718201 -0.0938954 0.63695 -0.765165 -0.406309 0.299237 -0.863348 
-0.340561 0.559333 -0.755754 -0.513931 0.42194 -0.746888 -0.653707 0.755346 0.0460317 
-0.437404 0.349116 -0.828731 -0.841748 -0.121273 -0.526074 0.90304 0.0120641 -0.429386 
0.702913 0.669729 -0.239535 0.805624 0.528704 0.267287 -0.811896 0.309349 0.495104 
0.812695 0.561251 0.156605 0.84103 0.348099 0.414121 -0.620017 -0.204608 0.757439 
0.794058 0.197868 0.574734 -0.767122 -0.615052 -0.182306 0.635785 0.171222 0.752636 
-0.531667 -0.776681 0.337783 0.2692 -0.814632 0.513718 0.476773 0.0356109 0.878305 
-0.69926 -0.586853 0.408214 -0.465716 -0.608541 0.642485 0.354983 -0.078629 0.93156 
-0.215898 -0.592152 0.776366 -0.0028584 -0.51844 0.85511 -0.140813 0.800267 -0.582876 
-0.690335 0.1617 -0.705188 -0.792617 0.0376613 -0.608556 -0.819479 0.182166 0.543386 
-0.773013 0.0528952 0.632181 0.807499 0.440729 0.392051 0.763637 0.248523 0.595898 
0.643526 -0.0401922 0.764368 0.286113 -0.865045 0.412113 0.261219 -0.882734 0.39057 
0.163233 -0.794822 0.584476 -0.209421 -0.631229 0.746789 0.444667 -0.201012 0.872849 
-0.0316587 -0.369481 0.928699 -0.212847 -0.426484 0.879095 0.475272 0.558433 -0.679904 
-0.19592 0.842702 -0.501466 -0.335142 0.802727 -0.493264 -0.290933 0.845502 -0.447755 
-0.203421 0.619769 -0.757962 -0.532809 0.276859 -0.799664 -0.384245 0.470474 -0.794362 
0.522572 0.441599 -0.729321 -0.473821 0.828209 -0.299272 -0.68194 0.7314 -0.00346769 
-0.808362 -0.0795655 -0.583284 0.843249 0.0218273 -0.537079 0.840354 -0.416718 -0.346628 
-0.873853 -0.309357 -0.375072 -0.846065 0.234254 0.478851 0.669991 -0.741722 -0.0310031 
-0.71164 -0.619448 0.331441 -0.591651 -0.683478 0.427559 -0.886278 -0.418473 -0.198473 
-0.449219 -0.43386 0.781004 -0.527716 -0.626401 0.573705 0.125018 -0.858158 0.497931 
-0.0270239 -0.792754 0.608943 -0.12979 -0.612939 0.779398 0.163438 -0.452642 0.876586 
-0.382879 0.859648 -0.338244 -0.602666 0.786971 -0.132177 -0.807802 -0.00564837 -0.589427 
-0.851154 0.0652586 0.520844 -0.758435 -0.0560178 0.649337 0.528621 0.0161131 0.848705 
0.340095 -0.881316 0.328052 -0.166305 -0.536262 0.827506 -0.280814 -0.600647 0.748577 
-0.382897 -0.690343 0.613854 -0.58335 -0.715561 0.384286 0.363371 0.776079 -0.515425 
-0.112041 0.749545 -0.652402 0.417999 0.652683 -0.631887 0.531608 0.670237 -0.517856 
0.747298 0.605009 -0.27479 -0.563067 0.440211 -0.699407 0.657537 0.44441 -0.608396 
-0.394647 0.829925 -0.394306 -0.929116 0.314332 0.194781 -0.881421 0.274148 0.384629 
-0.894872 -0.19279 -0.402537 0.927869 0.367838 0.0612643 0.849288 -0.0151947 0.527711 
0.882872 -0.310228 -0.352555 0.532468 -0.405193 0.743166 0.676221 -0.732476 -0.0787612 
0.58283 -0.811 0.0508768 -0.518521 -0.408631 0.751103 0.202805 -0.397911 0.894727 
0.050945 -0.634551 0.7712 -0.234121 -0.722738 0.650259 -0.378135 -0.798918 0.467701 
-0.644156 -0.723907 0.247028 -0.188929 -0.755177 0.627705 -0.687492 0.350156 -0.636196 
0.357542 0.875275 -0.325665 -0.581145 0.793984 -0.178493 -0.921209 0.0536348 -0.385355 
-0.769545 0.637589 -0.0357851 0.81494 -0.0862206 0.573095 0.759434 -0.613058 -0.217762 
-0.11892 -0.655279 0.745968 -0.26989 -0.750211 0.603608 -0.317432 -0.708494 0.630296 
0.53028 -0.819217 0.218374 -0.359342 -0.554469 0.750625 0.476118 0.833508 -0.280314 
-0.14699 0.851409 -0.503484 -0.275975 0.870799 -0.406874 0.797876 0.59668 0.0858334 
-0.818313 0.297948 -0.491518 0.463272 0.753434 -0.466601 0.799377 0.362444 -0.479197 
0.83541 0.542807 -0.0863168 0.802391 0.23292 -0.549469 0.913952 0.132776 -0.383487 
0.955495 -0.0988916 -0.277939 0.917711 0.135949 0.373262 -0.949095 -0.289535 -0.12405 
-0.659441 -0.717436 0.22455 0.739554 -0.672583 -0.0263243 0.672604 -0.262182 0.692 
0.574667 -0.816948 0.0485239 -0.6246 -0.325527 0.709864 0.3514 -0.91495 0.198457 
0.406819 -0.824318 0.393697 0.206794 -0.830222 0.517656 0.675952 0.55516 -0.48465 
0.856768 0.452292 0.247749 -0.724976 0.503996 -0.469466 -0.633695 0.760981 -0.139067 
-0.462484 0.859661 -0.217004 0.963272 0.104201 -0.247485 -0.906765 0.410949 0.0943303 
0.790681 -0.160117 0.590919 0.853916 -0.507035 -0.117236 -0.941668 -0.0421277 0.333895 
-0.428035 -0.746264 0.509781 0.199343 -0.685263 0.700483 -0.110671 -0.716297 0.688963 
0.402943 -0.829103 0.387589 0.106302 -0.917246 0.383874 -0.0177194 -0.836872 0.547111 
0.121736 0.886102 -0.447218 0.849046 0.45304 -0.271801 -0.302919 0.893725 -0.330901 
-0.917855 0.0229435 -0.396253 0.795915 -0.583731 0.160556 -0.76375 -0.408155 0.500095 
0.346043 -0.602408 0.719277 0.602363 -0.770176 0.209732 0.313493 -0.879611 0.357779 
0.351273 0.85545 -0.380542 0.677274 0.715605 -0.170909 -0.123074 0.913765 -0.387152 
-0.548547 0.806333 -0.221187 -0.953317 0.300072 -0.0338064 0.908301 0.3041 0.287251 
-0.972287 -0.128231 -0.195484 -0.923584 -0.233297 -0.304245 -0.901691 -0.420063 -0.102474 
-0.949545 0.284961 0.131 0.648234 -0.434373 0.625391 0.00517751 -0.722231 0.691632 
-0.224122 -0.792582 0.567083 0.7663 -0.632208 0.114445 0.4155 -0.851098 0.320925 
0.189793 -0.916134 0.353097 0.636265 0.718724 -0.280362 -0.130465 0.785486 -0.604971 
0.16585 0.803014 -0.572418 -0.761631 0.456819 -0.459604 -0.270824 0.750676 -0.602611 
-0.855558 0.324553 -0.403343 -0.0976303 0.881988 -0.461048 -0.823421 0.308783 -0.476058 
-0.899253 0.147914 -0.411661 -0.528327 0.778277 -0.339347 -0.788835 -0.601684 0.125365 
-0.978625 -0.101321 0.178962 0.460987 -0.572984 0.677628 0.196977 -0.752103 0.62892 
-0.11909 -0.737397 0.664878 -0.629956 -0.602233 0.490378 0.347713 -0.836878 0.422765 
-0.0886871 -0.844351 0.5284 -0.133751 0.801383 -0.583006 0.0970422 0.876049 -0.472357 
-0.320116 0.766591 -0.556655 0.837439 0.545516 -0.0332833 0.923082 0.329355 0.198608 
0.674662 0.71375 -0.188131 -0.996336 -0.0367807 -0.0772066 0.792461 0.555014 -0.252913 
-0.74123 0.550844 -0.383599 -0.887222 -0.414475 0.202604 0.950592 0.294237 0.0989911 
0.845144 0.0306123 0.533662 0.805624 -0.547153 0.227139 0.34805 -0.576735 0.739079 
0.320931 -0.837561 0.442147 0.131432 -0.896306 0.42351 0.0368597 -0.859662 0.509531 
0.370598 0.821983 -0.432436 0.912443 0.393134 -0.113554 -0.48726 0.638382 -0.595857 
-0.98537 -0.16513 0.0421646 -0.307948 0.848634 -0.430102 -0.9645 -0.0381705 -0.261309 
-0.498145 -0.745095 0.443492 -0.948384 -0.297478 0.109881 -0.721253 -0.669168 0.178911 
0.566996 0.718068 -0.403602 -0.935595 0.129703 -0.328389 0.930159 0.122194 0.346226 
0.982819 0.184519 -0.00445911 0.630968 0.756372 -0.172569 0.94415 -0.135129 0.300533 
0.648541 -0.366285 0.667255 -0.718629 -0.599258 0.352792 -0.654731 -0.577361 0.487833 
-0.221054 -0.722975 0.654555 0.914547 -0.181469 0.361487 0.0974139 -0.686104 0.720952 
0.82092 0.510877 -0.255138 0.275972 0.703853 -0.654546 -0.269371 0.822903 -0.50027 
-0.964679 -0.236818 0.115377 0.519264 -0.552331 0.652147 0.446601 -0.5573 0.699974 
0.604553 -0.754322 0.255957 -0.445256 -0.870457 0.209886 0.738153 0.558847 -0.377916 
-0.924146 0.0575937 -0.377672 -0.989812 -0.125869 -0.0665523 0.56362 -0.454942 0.689464 
0.142092 -0.662553 0.735413 -0.108241 -0.688566 0.71705 0.367901 -0.883948 0.288592 
0.133387 -0.968645 0.209604 -0.264035 0.594633 -0.759406 0.291646 0.903287 -0.314666 
0.854102 -0.250479 0.455818 0.70469 0.707622 -0.0517956 0.758271 0.651898 0.00739309 
-0.774706 0.429621 -0.463957 -0.943188 -0.322418 0.0802696 -0.548738 -0.600801 0.581313 
-0.930467 0.139953 -0.338593 0.17178 -0.69209 0.701072 -0.333959 -0.716625 0.612308 
0.631011 0.700936 -0.332436 0.564749 0.75319 -0.337288 -0.0518566 0.517274 -0.854247 
-0.42055 0.526921 -0.738574 0.816912 0.555358 -0.155668 0.874677 0.445561 -0.190828 
-0.910034 -0.059974 -0.410172 -0.631391 0.404187 -0.661799 -0.956695 -0.158817 -0.243951 
0.133606 0.956449 -0.259527 -0.128245 0.918185 -0.37482 -0.899532 0.269426 -0.343877 
-0.854257 0.307873 -0.418879 -0.690116 0.593154 -0.414618 -0.725098 -0.582051 0.368035 
0.918204 0.140928 0.37019 -0.757508 -0.634936 0.151779 -0.340578 -0.826579 0.448077 
-0.447926 -0.82684 0.340144 0.221756 -0.84555 0.485664 -0.752044 0.302048 -0.58583 
0.892865 0.440378 0.0941218 -0.901603 -0.431397 -0.0317408 0.410577 0.898209 -0.156996 
-0.106377 0.957135 -0.2694 0.635908 0.770819 -0.0381953 -0.0616552 -0.73265 0.677808 
-0.303087 -0.758968 0.576285 0.854078 0.444334 0.270404 0.316889 -0.59371 0.739656 
-0.224033 -0.749141 0.623376 -0.877314 0.178394 -0.445528 0.735088 -0.432612 0.522008 
0.257139 0.734728 -0.627738 0.868696 0.495271 -0.00861312 -0.446935 0.402063 -0.799121 
0.928766 0.297272 0.221414 0.559042 0.82885 0.0218792 -0.622098 -0.676046 0.394912 
0.73975 0.65919 0.135051 0.688133 -0.304952 0.65839 0.905532 0.140182 0.400451 
0.231117 -0.71993 0.654435 0.726084 0.635823 -0.261787 0.434305 0.595293 -0.676022 
-0.0884617 0.626034 -0.774762 0.881906 0.437962 0.174446 -0.736551 0.0445838 -0.674911 
-0.92203 -0.22851 -0.312481 -0.893902 -0.440242 -0.0844165 0.893351 0.0201777 0.448905 
0.469438 -0.555404 0.686407 -0.0267026 0.941651 -0.335529 -0.62423 0.596933 -0.503992 
0.168775 -0.705461 0.68836 -0.178511 -0.695873 0.695625 -0.583598 -0.686531 0.433693 
-0.83547 0.293025 -0.464893 -0.921636 0.0959736 -0.376001 -0.93697 -0.266989 -0.225397 
-0.0507071 0.62943 -0.775401 -0.435069 0.297725 -0.84975 0.0988502 0.629962 -0.77031 
0.217694 0.780502 -0.586026 -0.174513 0.496401 -0.850371 -0.44785 0.334734 -0.829086 
0.51696 0.600479 -0.610063 0.804682 0.544537 -0.236571 -0.505329 0.167577 -0.846499 
0.915637 0.388882 0.101879 -0.877212 -0.0765815 -0.473956 0.901254 0.212608 0.377542 
0.663656 -0.220011 0.714952 -0.77766 -0.621939 0.0918523 0.292744 -0.558616 0.776047 
-0.332319 0.764132 -0.55287 -0.755031 0.445848 -0.480779 0.873774 0.321623 0.364798 
-0.94674 0.00868178 -0.321882 0.761097 -0.197917 0.617705 -0.689897 -0.723086 0.034476 
-0.209788 -0.799464 0.562891 -0.363217 -0.900067 0.240735 0.243653 0.687448 -0.684141 
-0.0346613 0.606527 -0.794307 -0.255853 0.412649 -0.87422 0.423691 0.776322 -0.4667 
0.530962 0.800682 -0.277467 0.68152 0.654675 -0.327004 0.453416 0.74094 -0.4954 
0.800246 0.5559 -0.224902 0.849377 0.51866 0.0977265 -0.838223 -0.216641 -0.50045 
-0.683407 -0.159617 -0.712375 0.779541 -0.0164542 0.626135 0.830838 -0.126716 0.541896 
0.503596 -0.318285 0.803172 -0.312699 -0.806659 0.501518 -0.698397 -0.676331 0.234134 
-0.0399512 -0.672725 0.738813 0.204303 0.939535 -0.274834 -0.731189 0.507249 -0.456138 
0.855446 -0.112842 0.505449 -0.758882 -0.613505 -0.218426 0.74457 -0.395245 0.537957 
-0.133082 -0.838023 0.529157 -0.360293 0.20995 -0.908906 0.159922 0.560339 -0.812678 
0.469139 0.711045 -0.523759 0.621982 0.744899 -0.241381 -0.490493 -0.228988 -0.840822 
-0.085277 -0.0216024 -0.996123 0.693271 0.713702 -0.100023 -0.630421 -0.31352 -0.710123 
-0.763164 -0.53931 -0.355986 0.904108 0.348938 0.246641 0.912918 -0.199186 0.356237 
-0.832558 -0.521355 -0.187179 0.774986 -0.217304 0.593444 0.457299 -0.549783 0.699011 
0.228496 -0.670869 0.705496 -0.369059 -0.765136 0.527601 -0.627575 -0.698044 0.344796 
-0.671455 -0.728477 0.135901 0.252347 0.962456 -0.0999945 0.071421 0.848519 -0.524323 
0.783221 0.557463 0.275319 0.554589 0.826433 0.0971572 0.844813 0.218454 0.488435 
0.775304 -0.307483 0.551686 0.506115 -0.672151 0.540427 0.266094 -0.839655 0.473469 
-0.202608 0.15696 -0.966599 0.422488 0.734709 -0.53076 0.437911 0.617342 -0.653547 
0.339501 0.738652 -0.582351 -0.0338026 0.0798111 -0.996237 -0.214565 0.0674467 -0.974378 
0.499542 0.755887 -0.423192 -0.384825 -0.156824 -0.909569 -0.502182 -0.568665 -0.651485 
0.640432 0.767938 0.010839 0.706859 0.703409 0.0745972 -0.599239 -0.697835 -0.392349 
0.749591 0.630597 0.201151 -0.644666 -0.598593 -0.475492 0.809755 0.352958 0.46874 
0.786633 0.20181 0.583507 0.915543 0.0575515 0.398081 -0.550363 -0.781433 0.294046 
0.367575 -0.531545 0.763117 -0.809362 0.0838956 -0.581288 -0.440545 0.598622 -0.669008 
0.851622 0.0828128 0.517573 0.69902 -0.389485 0.599728 -0.713092 -0.681464 -0.164642 
-0.464139 -0.873135 0.149032 -0.240315 -0.947764 0.209743 -0.0723667 0.44537 -0.892417 
-0.15239 0.149939 -0.976881 -0.395018 0.0164718 -0.918526 0.189597 0.487754 -0.852144 
-0.540147 -0.439132 -0.717917 0.451791 0.617222 -0.644144 0.482783 0.845402 -0.228506 
-0.531796 -0.532655 -0.658386 -0.541225 -0.518694 -0.66184 0.578392 0.791028 -0.199341 
0.630443 0.770809 0.0916276 -0.504561 -0.767631 -0.395172 -0.615651 -0.776308 0.135354 
0.649851 0.453693 0.6098 0.62908 0.679699 0.377183 -0.634206 -0.748199 0.194886 
0.790539 0.437275 0.428764 0.794879 0.227648 0.562444 -0.718847 -0.623659 0.307096 
0.693573 -0.0715096 0.716828 0.277993 -0.473939 0.835525 -0.546777 -0.658432 0.517206 
-0.173136 -0.644785 0.744498 0.493614 0.853045 -0.16929 -0.312186 0.70491 -0.6369 
0.807175 0.316088 0.498555 -0.796576 -0.279037 -0.536288 0.79005 -0.0926984 0.605993 
-0.617216 -0.774462 -0.138755 0.463368 -0.622169 0.631027 -0.273092 -0.950903 0.145617 
-0.395513 0.272874 -0.876989 -0.457809 0.318631 -0.829991 0.011379 0.644744 -0.764314 
0.492716 0.79149 -0.361627 0.266528 0.743749 -0.613026 -0.66228 -0.169993 -0.729717 
0.515092 0.832694 -0.203224 0.639737 0.611605 0.465485 0.650213 0.738221 0.179593 
0.500513 0.864831 0.0394165 -0.598967 -0.659485 -0.454222 -0.584428 -0.717243 -0.379482 
-0.600081 -0.616792 -0.509383 0.637935 0.489273 0.594686 0.694085 0.624456 0.358191 
-0.527068 -0.743683 -0.411259 -0.654096 -0.753029 -0.0714538 0.537665 0.575752 0.615976 
-0.502298 -0.86457 0.0146499 -0.507947 -0.829266 0.233042 0.405611 0.474791 0.781059 
0.366734 0.0867369 0.926274 0.0428004 -0.47513 0.878874 -0.363944 -0.376992 0.851717 
-0.463317 -0.456585 0.759518 0.227737 -0.229005 0.94641 0.313512 -0.38153 0.869566 
0.250884 0.899844 -0.356844 -0.130986 0.782325 -0.608941 -0.737684 0.11287 -0.665645 
0.624224 -0.404577 0.668328 -0.734908 -0.639816 -0.224826 -0.0233741 -0.946605 0.321547 
-0.511818 -0.85909 0.00251717 0.340512 0.938233 -0.0614008 0.417015 0.871376 -0.258461 
0.108631 0.940511 -0.321929 -0.0234419 0.857435 -0.514059 0.539387 0.841027 0.0416453 
0.634031 0.734305 0.242488 -0.55999 0.163713 -0.812164 0.662972 0.648524 0.374012 
-0.618884 -0.439055 -0.651316 -0.698223 -0.396758 -0.595876 -0.575285 -0.781956 -0.239985 
0.449392 0.661749 0.600112 -0.534482 -0.833505 0.139991 0.561213 0.363231 0.743709 
-0.481727 -0.811118 0.331702 0.499446 0.310711 0.80871 0.492152 0.370757 0.787607 
-0.27704 -0.650577 0.707105 -0.323949 -0.806233 0.495021 0.170402 -0.184675 0.967914 
0.26145 0.00213327 0.965215 -0.0831301 -0.385563 0.918929 0.0916266 0.0623293 0.993841 
0.101755 -0.0285415 0.9944 -0.123558 -0.201596 0.971644 0.594047 0.803116 -0.0459669 
0.729634 0.678066 0.0886606 -0.231062 0.736806 -0.635396 0.332978 -0.730527 0.596201 
-0.555002 -0.831812 -0.00779937 0.123114 -0.877601 0.463313 0.409176 0.852013 0.326571 
0.290907 0.956127 0.0345568 0.308776 0.929903 -0.199844 -0.336798 0.319791 -0.885608 
-0.6226 -0.233838 -0.746786 0.510116 0.742375 0.434352 0.436747 0.539197 0.720082 
-0.572044 -0.463459 -0.676736 0.387791 0.221997 0.894615 -0.616702 -0.660051 -0.428964 
0.610442 0.406676 0.679688 0.676797 0.440149 0.590097 -0.407295 -0.878783 0.2487 
0.356677 0.226533 0.906347 0.540389 0.223741 0.811123 -0.180618 -0.686939 0.703912 
0.273429 0.151412 0.949901 -0.0377471 -0.229552 0.972564 -0.284988 -0.524964 0.801994 
0.0889917 -0.00232994 0.99603 0.097086 -0.27975 0.955151 -0.103534 -0.556677 0.824252 
0.343585 0.891842 -0.294221 0.116222 0.860449 -0.496104 -0.0946198 0.802905 -0.588549 
-0.291728 0.678309 -0.674382 0.668242 0.0440895 0.742637 -0.771162 -0.0197431 -0.636333 
0.586889 -0.431852 0.684883 0.415341 -0.624047 0.66186 -0.115637 -0.925288 0.361206 
0.571247 0.662841 0.484065 0.51482 0.802917 0.300475 -0.151844 0.519 -0.841179 
-0.632204 -0.0669629 -0.771903 0.433439 0.63989 0.634564 -0.579431 -0.499802 -0.643784 
-0.583571 -0.444737 -0.679451 0.366525 0.382502 0.848146 -0.469168 -0.862715 -0.188691 
0.314498 -0.0558763 0.947612 0.106821 -0.227619 0.967873 0.368453 0.929334 -0.0241138 
-0.735443 0.0686224 -0.674102 -0.789628 -0.524776 -0.317958 -0.692164 -0.694374 -0.196858 
-0.0799633 0.506152 -0.858729 0.0823076 0.861757 -0.5006 0.188746 0.725031 -0.662348 
-0.206213 0.685316 -0.69844 0.63257 0.766362 0.112007 0.348562 0.79259 -0.500305 
-0.400998 0.345857 -0.848283 -0.692793 -0.112256 -0.712345 -0.693175 -0.508925 -0.510396 
0.425528 0.199586 0.882661 0.573853 0.454421 0.681319 0.298151 0.238604 0.924215 
0.344957 0.0224451 0.93835 -0.64654 -0.696527 -0.311184 -0.711008 -0.675901 -0.19397 
0.319623 -0.240954 0.916397 0.0933874 -0.452403 0.886911 0.227602 -0.536361 0.81272 
-0.0898495 -0.875173 0.475394 -0.216186 -0.958003 0.1884 -0.463277 -0.884341 -0.0575882 
-0.58186 0.207366 -0.786408 -0.423393 0.441391 -0.791146 -0.625003 0.229576 -0.7461 
0.265113 -0.726146 0.634372 -0.275109 -0.869109 0.411054 -0.558974 -0.828933 -0.020441 
0.0384519 -0.860834 0.507431 0.433388 0.842312 -0.320445 0.465607 0.868192 -0.171621 
-0.702479 0.110263 -0.703111 0.729129 0.61801 0.293998 0.746877 0.2363 0.62156 
0.561503 0.0336732 0.826789 -0.729653 -0.609471 -0.310083 0.344093 -0.0788541 0.935619 
-0.530748 -0.812626 0.24072 0.0259016 -0.758484 0.651177 -0.260038 -0.857262 0.444389 
0.166852 0.959514 -0.226922 -0.320806 0.735389 -0.596898 -0.423843 0.538447 -0.728307 
-0.540219 0.479491 -0.691557 0.616558 0.72157 0.314951 -0.751169 0.156698 -0.641241 
-0.760952 -0.245896 -0.600406 -0.549071 -0.835513 0.020953 0.307905 0.930512 -0.198346 
0.776489 0.606914 0.169473 -0.451685 0.505505 -0.735149 -0.772514 -0.00432997 -0.634983 
0.755589 0.492325 0.43209 0.768904 0.51327 0.381235 -0.683392 -0.242489 -0.688604 
-0.698265 -0.487942 -0.523774 -0.48835 -0.869176 -0.0777696 0.396491 -0.0929264 0.913323 
0.0968313 -0.560431 0.822521 -0.0236262 -0.67138 0.740737 -0.292793 -0.772121 0.564006 
-0.279195 -0.860856 0.425414 0.485317 0.843301 0.230892 0.569327 0.811862 0.129409 
-0.0679293 0.864469 -0.498075 -0.452622 0.629339 -0.631717 -0.803322 -0.214127 -0.555719 
-0.729688 -0.590363 -0.345002 0.426441 -0.391592 0.815355 0.119891 -0.716496 0.687212 
-0.0983082 -0.833162 0.544221 0.419527 0.867153 -0.268409 0.0207276 0.780389 -0.62495 
0.233423 0.844207 -0.482523 0.685779 0.717137 -0.124183 -0.222644 0.653158 -0.72375 
0.796334 0.363632 0.483347 -0.887798 -0.190773 -0.418833 0.773801 -0.00449393 0.633412 
0.589109 -0.158602 0.792336 -0.41456 -0.907958 0.061258 -0.746356 -0.58176 -0.323276 
0.502342 -0.509331 0.698738 0.173428 -0.622517 0.763149 0.0158294 -0.897779 0.440161 
0.354439 0.919278 -0.171176 0.229142 0.894527 -0.383817 0.0390875 0.853034 -0.520389 
-0.292668 0.785019 -0.545977 -0.748566 0.261817 -0.60918 0.643345 0.618338 0.451404 
-0.844094 -0.411349 -0.343944 -0.816554 -0.362045 -0.449625 0.288934 -0.621539 0.728153 
0.172799 -0.788482 0.590285 0.483742 0.774413 -0.407772 0.895813 0.437674 0.0772104 
0.40939 0.850939 -0.329094 0.865469 0.378922 0.32769 0.827115 0.165541 0.5371 
-0.831004 -0.505418 -0.232346 -0.931041 -0.2922 -0.218592 -0.851638 0.108561 -0.512764 
0.665657 -0.266082 0.69721 0.662297 -0.30936 0.682392 -0.695505 -0.704746 -0.140021 
0.43869 -0.654575 0.615696 0.0472515 -0.947254 0.31698 0.576705 0.747071 -0.3306 
-0.428346 0.680221 -0.594827 0.664034 0.510893 0.545937 0.642955 0.765574 0.0224586 
0.629633 -0.154395 0.761396 0.429889 -0.560871 0.707545 -0.65418 -0.742873 -0.142086 
-0.419446 -0.900084 0.117961 0.258813 -0.730901 0.631506 0.143224 -0.854583 0.499175 
-0.212276 -0.92316 0.320491 0.573174 0.749622 -0.330967 0.751307 0.566363 -0.33878 
-0.297539 0.701661 -0.647412 0.37095 0.834248 -0.407955 -0.956216 -0.229269 -0.181899 
0.548404 -0.395811 0.736605 0.142567 -0.838359 0.526146 -0.395284 -0.738757 0.545883 
-0.568167 -0.715492 0.406519 -0.0820049 -0.722673 0.686308 -0.264043 -0.921415 0.28509 
0.756212 0.65371 0.028399 0.835141 0.466786 0.290948 -0.871205 0.10681 -0.47916 
-0.920013 -0.303595 -0.247801 -0.957515 -0.116389 -0.263852 -0.666965 -0.733851 0.128924 
0.319661 -0.594802 0.737582 -0.0751289 -0.875164 0.477957 -0.114828 -0.80729 0.578876 
-0.554103 -0.822857 0.125998 -0.192754 0.859946 -0.472588 0.156629 0.925508 -0.344823 
-0.909651 0.246525 -0.334305 -0.921994 -0.210325 -0.325101 -0.992648 -0.0918925 -0.0787798 
0.828363 -0.0921655 0.552558 -0.901574 -0.430552 -0.0423002 -0.824702 -0.500848 0.262712 
-0.0798292 -0.616403 0.783374 -0.394383 -0.698214 0.597461 0.408009 0.740416 -0.534148 
-0.3529 0.524614 -0.774753 0.762088 0.628327 -0.156289 -0.583738 0.374791 -0.720266 
-0.777697 0.1023 -0.62026 -0.976977 -0.213342 -0.00141865 -0.838367 -0.526719 -0.140383 
-0.777762 -0.594678 0.203578 0.459674 -0.410052 0.787754 0.118688 -0.749096 0.651743 
-0.396973 -0.808555 0.43434 0.332147 0.894544 -0.299113 -0.21279 0.892951 -0.396684 
-0.541148 0.694501 -0.474159 0.803798 0.594896 -0.00267893 0.954161 0.223724 0.198807 
-0.800391 0.474157 -0.366809 0.957459 -0.119322 0.262745 0.643598 -0.495417 0.58339 
0.429867 -0.485245 0.761414 0.123228 -0.676135 0.7264 -0.257138 -0.717262 0.647623 
-0.43532 0.477957 -0.762924 0.357431 0.658072 -0.66271 0.900326 0.391146 -0.190834 
0.859148 0.412793 0.302435 0.764369 0.307106 0.566944 0.757043 0.0821694 0.648177 
-0.533695 -0.518344 0.668199 0.246262 -0.513346 0.822089 -0.174293 -0.633417 0.753926 
0.756615 0.653804 0.00863324 0.0010338 0.859678 -0.510835 -0.791811 0.569336 -0.221116 
-0.94625 -0.296246 0.129807 0.881309 -0.13826 0.451862 0.801011 -0.400925 0.444567 
-0.190609 -0.801325 0.56705 -0.721689 -0.612065 0.323329 0.280852 -0.723813 0.630252 
-0.433197 -0.741936 0.511733 0.601587 0.594245 -0.533822 -0.0432439 0.591526 -0.805125 
-0.847979 0.20909 -0.487046 0.876886 -0.00783336 0.480635 -0.899805 -0.200487 -0.387499 
-0.969751 -0.095267 -0.224737 -0.949347 -0.303189 -0.082558 0.677873 0.039779 0.734102 
-0.778153 -0.468337 0.418496 0.381939 -0.339995 0.859375 -0.27393 -0.567783 0.776264 
0.475238 0.847607 -0.236033 0.793268 0.422227 -0.438692 0.188461 0.861766 -0.471002 
-0.234653 0.835445 -0.49696 -0.592279 0.685419 -0.423564 -0.93549 0.29709 -0.1913 
0.941993 0.0728723 0.327627 0.725934 -0.575005 0.377345 0.443561 -0.796834 0.410255 
0.483966 0.572128 -0.662153 -0.695992 0.368005 -0.616577 0.956949 -0.0208028 0.289511 
0.930602 -0.142102 0.337324 -0.972751 -0.22466 0.0573069 0.798414 -0.317677 0.511484 
0.628516 -0.214793 0.74755 -0.849499 -0.394432 0.350392 0.289092 -0.402285 0.868673 
-0.569915 -0.557735 0.60343 0.0141113 -0.587528 0.809081 -0.208147 -0.639073 0.740446 
0.398463 0.888626 -0.227091 -0.0469602 0.937466 -0.344895 -0.581448 0.791194 -0.189552 
-0.786212 0.531041 -0.316016 0.982804 0.182161 -0.0302123 0.875421 -0.460131 0.148046 
-0.141314 -0.886976 0.439664 -0.490633 0.443748 -0.749911 -0.276206 0.541593 -0.793969 
-0.652274 0.437939 -0.618667 0.412597 0.540509 -0.733221 0.532623 0.502928 -0.680717 
-0.835748 0.26615 -0.480301 0.769534 0.402394 -0.495879 -0.994476 0.0853114 0.0611474 
-0.735918 -0.426075 0.526199 0.50778 -0.514954 0.690638 0.428815 0.766315 -0.478413 
-0.581674 0.804531 -0.119937 -0.952095 0.289631 -0.0981299 0.955138 -0.21599 -0.202631 
-0.972736 -0.164394 0.163585 0.741707 -0.66924 0.0445909 -0.514406 -0.748426 0.418623 
-0.796428 -0.422122 0.433031 0.341493 -0.917204 0.205232 -0.333714 0.716491 -0.612598 
-0.130483 0.676897 -0.72442 0.406715 0.541433 -0.735821 -0.404041 0.596885 -0.693166 
-0.6957 0.571815 -0.434774 -0.92306 0.273277 -0.270701 0.891506 -0.244902 0.381104 
0.565199 -0.340625 0.751348 -0.593694 -0.572784 0.565196 0.59655 -0.457369 0.659501 
0.318012 -0.484281 0.815071 0.0865114 -0.485238 0.870092 0.224427 0.644695 -0.730753 
0.168108 0.5489 -0.818809 0.673259 0.263865 -0.690722 -0.391306 0.776305 -0.494196 
-0.218619 0.584061 -0.781715 -0.586995 0.557703 -0.58686 -0.915865 0.380466 -0.128209 
-0.824766 0.557051 -0.0972388 0.893477 -0.409151 -0.185185 -0.969928 0.19136 0.1504 
0.312331 -0.895184 0.317955 0.0192405 -0.826426 0.562716 0.562982 0.478102 -0.674144 
0.849147 0.29858 -0.435659 0.219226 0.573235 -0.78952 -0.530469 0.687853 -0.49544 
-0.362156 0.634097 -0.683202 -0.883745 0.434678 -0.173347 0.998695 0.0242805 0.0449301 
0.673228 -0.443727 0.591499 0.479605 -0.49205 0.726544 0.160071 -0.500246 0.850959 
-0.817791 -0.308382 0.485919 0.236941 0.480943 -0.844128 -0.000544346 0.55258 -0.83346 
-0.343055 0.68977 -0.637598 -0.370795 0.565818 -0.736452 0.458046 0.42513 -0.780678 
-0.801304 0.504861 -0.320978 0.746724 0.0663404 -0.661818 0.904107 -0.228289 -0.361214 
-0.897875 0.390137 -0.203995 -0.963355 -0.0421229 -0.2649 -0.999668 0.0158615 0.0203065 
0.832872 -0.551397 -0.0478118 -0.831618 -0.385189 0.400052 -0.920048 -0.391603 0.0125522 
0.75397 -0.636048 0.164235 0.518126 -0.750882 0.409539 -0.418639 -0.757912 0.500312 
0.182638 0.480367 -0.857841 0.418772 0.507367 -0.753132 0.5878 0.449873 -0.672387 
-0.644128 0.579184 -0.499646 -0.971791 0.213654 0.0998725 -0.919185 -0.138963 0.368494 
0.76002 -0.337127 0.55562 -0.569358 -0.42364 0.704529 0.0999207 0.730205 -0.675882 
0.331394 0.421718 -0.843997 -0.746974 0.455929 -0.483899 0.6555 -0.310039 -0.688618 
-0.975631 0.164311 -0.145415 0.840823 -0.42346 -0.337192 0.693152 -0.714658 0.0938302 
-0.691479 -0.598703 0.404243 -0.822062 -0.424832 0.379119 -0.941202 -0.164026 0.295354 
0.474075 -0.808626 0.348391 0.281531 -0.813725 0.508519 -0.288367 -0.782241 0.552217 
-0.168538 0.611459 -0.773119 -0.472356 0.586163 -0.65825 0.370012 0.491192 -0.788557 
0.566462 0.285962 -0.772882 0.822851 0.261581 -0.504471 0.99196 -0.125821 0.0136117 
0.875768 -0.254743 0.410045 0.614514 -0.455829 0.643889 -0.979717 0.133797 0.149171 
-0.765429 -0.273158 0.582669 -0.919534 0.0303994 0.391833 -0.315897 -0.435401 0.842992 
-0.557248 -0.370858 0.742926 -0.0895924 -0.492023 0.86596 0.233874 0.681599 -0.693344 
-0.156843 0.784214 -0.60034 0.50091 -0.308152 -0.808784 0.410078 0.288226 -0.86531 
-0.590494 0.571309 -0.57002 -0.735445 0.134405 -0.66412 0.565873 -0.105925 -0.81766 
-0.783226 -0.0149331 -0.621558 0.510143 -0.574065 -0.640471 0.602183 -0.754767 -0.260196 
0.365864 -0.929298 -0.0504778 -0.886909 -0.0637137 0.457529 -0.884441 -0.367854 0.287136 
-0.925348 -0.187191 -0.329683 0.431019 -0.870622 0.237149 -0.596621 -0.74037 0.309671 
-0.135686 -0.875393 0.463979 0.0509759 0.596201 -0.801215 0.358787 0.403608 -0.841649 
-0.187689 0.658859 -0.728476 0.649252 0.266547 -0.712337 0.907902 -0.169909 -0.383203 
0.817232 -0.549263 0.174478 -0.901836 0.346049 0.258732 -0.930501 -0.13578 0.340194 
0.662516 -0.528834 0.530478 0.337621 -0.564475 0.753246 -0.744814 -0.0784778 0.662642 
-0.677344 -0.368515 0.636711 -0.201909 -0.539118 0.817671 -0.012235 0.627945 -0.778162 
0.173786 0.443998 -0.879013 -0.0582863 0.912553 -0.404783 -0.300981 0.838579 -0.454088 
-0.446945 0.799767 -0.400766 0.343611 -0.177526 -0.92218 -0.802495 -0.57413 -0.162406 
-0.655538 -0.284986 -0.699323 0.111229 -0.950325 0.290707 -0.369909 -0.922712 0.108485 
-0.520431 -0.617375 -0.589915 0.151643 0.318738 -0.935633 -0.295633 0.590168 -0.751201 
-0.439808 0.679403 -0.58735 0.397272 0.381356 -0.834711 -0.4458 0.640585 -0.625231 
-0.840994 0.523515 -0.136605 0.817668 -0.0430245 -0.574081 0.944173 -0.231443 -0.234461 
0.886178 -0.461623 0.0399002 0.58476 -0.718392 0.376788 0.404729 -0.780041 0.477211 
0.202883 -0.714216 0.669876 -0.253333 -0.670569 0.697251 -0.678409 -0.423955 0.600019 
0.0849534 0.562914 -0.822138 -0.192442 0.878398 -0.437474 0.188286 0.43493 -0.880559 
0.301281 0.163831 -0.939356 -0.351768 0.112585 -0.929292 -0.243778 0.666188 -0.704816 
-0.263535 0.506731 -0.820836 0.42618 -0.361555 -0.829246 0.401296 -0.660084 -0.63502 
-0.395901 -0.386819 -0.832847 -0.0988182 -0.230917 -0.967942 -0.39244 0.569883 -0.721959 
-0.309248 0.227824 -0.923289 0.38291 -0.833936 -0.397406 0.0648553 -0.963549 0.25955 
0.174233 -0.936135 0.305442 -0.0321924 -0.998853 -0.0354527 -0.243546 -0.878823 -0.410312 
-0.261234 -0.595513 -0.759685 0.0539523 -0.733772 -0.67725 0.149641 0.0956105 -0.984107 
-0.0603998 0.276751 -0.959042 -0.096845 0.437277 -0.894097 0.488409 -0.166464 -0.85659 
-0.309319 0.582708 -0.751514 0.533992 -0.349754 -0.769756 -0.660755 0.528278 -0.533221 
-0.487063 0.431268 -0.759459 -0.808373 0.524288 -0.267684 0.732003 -0.471814 -0.491491 
0.395306 -0.050701 -0.917149 -0.723067 0.600767 -0.34096 -0.860288 0.491423 0.135674 
-0.876104 0.213662 0.432193 0.847791 -0.448402 -0.283173 -0.753358 0.0491967 0.655767 
0.321998 -0.685731 0.652756 0.571343 -0.654956 0.494571 -0.583533 -0.544619 0.602394 
-0.00915817 -0.637726 0.770208 0.091975 0.567225 -0.818411 0.418307 -0.117485 -0.900676 
0.392137 -0.543804 -0.741961 -0.2552 0.965685 -0.0482118 -0.405227 0.880183 -0.247119 
-0.29728 0.734995 -0.609432 0.361208 -0.833384 -0.41833 -0.390606 0.559229 -0.731224 
-0.445112 0.677025 -0.5861 0.273362 -0.961863 -0.0095919 0.183282 -0.935597 0.30177 
-0.161723 0.186605 -0.969033 -0.0579738 -0.0802315 -0.995089 -0.434456 0.610465 -0.662254 
-0.287932 0.388841 -0.875156 0.100018 -0.994936 -0.00990334 -0.0268248 -0.813275 -0.58126 
0.102596 -0.444934 -0.889667 -0.474878 0.480475 -0.737316 -0.357263 0.388532 -0.849356 
-0.585495 0.657058 -0.474838 0.297545 -0.863864 -0.406456 0.170413 -0.839351 -0.516187 
0.437152 -0.51561 -0.736916 0.094599 -0.0492656 -0.994296 -0.117565 0.18806 -0.975096 
-0.527788 0.611276 -0.58973 -0.618197 0.61599 -0.488251 0.519592 -0.721524 -0.457631 
0.689004 -0.472478 -0.54958 0.322646 -0.198605 -0.925449 -0.516225 0.618928 -0.59198 
-0.587557 0.649755 -0.482281 -0.796886 0.59969 -0.0731057 -0.927915 0.358846 0.101014 
-0.815853 0.549633 0.179684 -0.85377 0.246324 0.458696 0.551537 -0.803397 0.224411 
-0.768766 0.156361 0.620121 -0.659873 -0.0708846 0.748026 -0.378496 -0.376438 0.845597 
-0.17173 -0.499547 0.849095 -0.3975 -0.238298 0.886119 -0.517601 -0.154207 0.841611 
0.104863 -0.61391 0.78238 0.191303 0.388977 -0.901166 -0.108782 0.725297 -0.679787 
-0.233396 0.892642 0.385638 0.489369 -0.657966 -0.572363 -0.416498 0.906777 -0.0654628 
0.340849 -0.899877 -0.27211 -0.504326 0.804014 -0.314987 0.180008 -0.982035 0.0566095 
-0.596341 0.793473 -0.121568 -0.639492 0.739255 -0.211074 0.267478 -0.921446 0.281768 
0.195447 -0.957024 -0.214258 -0.740984 0.670903 -0.0288355 0.271421 -0.961401 0.0451465 
-0.731691 0.620056 -0.283123 0.597504 -0.763866 -0.243921 0.643573 -0.752599 -0.139315 
-0.831648 0.509744 0.220278 -0.79328 0.380438 0.475367 0.599254 -0.779604 0.181967 
-0.858179 0.43439 0.273557 -0.822542 0.177869 0.540173 -0.691154 -0.0399736 0.721601 
0.463878 -0.654653 0.596864 -0.570521 -0.165551 0.804425 -0.114559 -0.407499 0.905991 
0.0333282 0.777154 -0.628428 0.032561 0.683289 -0.729422 -0.0857046 0.894103 -0.439584 
0.513961 -0.0705783 -0.854905 0.510955 -0.376624 -0.772709 -0.248175 0.956835 0.151247 
-0.246097 0.907759 0.33972 0.44737 -0.80751 -0.38443 -0.367172 0.920327 0.134842 
0.435439 -0.860831 -0.263368 -0.553294 0.80057 0.230117 -0.036579 -0.792331 0.608994 
-0.640286 0.721464 0.263671 0.0959162 -0.744008 0.661251 -0.690218 0.71609 0.103992 
-0.689292 0.545828 0.476391 0.337929 -0.939417 -0.0574511 -0.816542 0.477645 0.324214 
0.527521 -0.8349 0.157045 -0.704762 0.222686 0.673589 -0.725803 0.188878 0.661464 
-0.523488 0.00478635 0.852019 0.18068 -0.694255 0.696681 0.303231 -0.660402 0.686964 
-0.478422 -0.101514 0.872243 -0.0278014 -0.399392 0.916359 -0.346959 -0.245799 0.905098 
0.32142 0.568719 -0.757132 -0.0487674 0.817735 -0.573525 -0.179182 0.950774 -0.252828 
0.404272 0.386958 -0.82875 -0.353601 0.926047 0.131922 -0.409204 0.673241 0.615872 
-0.189113 0.815441 0.547076 -0.290907 0.762434 0.577985 0.374666 -0.926948 0.0198333 
0.2601 -0.905038 0.336534 0.0839799 -0.855775 0.510487 0.00828357 -0.722216 0.691618 
0.215134 -0.587168 0.780353 0.420914 -0.772993 0.474671 -0.753697 0.45565 0.473629 
-0.687284 0.158066 0.708982 0.3964 -0.654046 0.644276 0.454131 -0.76409 0.458184 
-0.560008 -0.0452418 0.827251 0.353838 -0.683274 0.638698 0.273148 -0.740235 0.614364 
0.104172 -0.601479 0.792068 -0.324301 -0.342972 0.881589 0.229638 0.658611 -0.716587 
0.388956 0.455372 -0.800843 -0.138688 0.98028 -0.140775 0.559327 -0.604896 -0.566793 
-0.2019 0.395315 0.896082 0.411904 -0.908493 -0.0705402 -0.0594495 0.542738 0.837795 
0.0331736 0.0580203 0.997764 -0.104645 0.682125 0.723709 -0.149423 0.656066 0.739763 
-0.402852 0.592181 0.697877 0.184095 -0.810121 0.556609 0.0859171 -0.200164 0.975988 
-0.48455 0.521533 0.702292 -0.577025 0.653519 0.489851 -0.597955 0.507476 0.620417 
0.191058 -0.557869 0.807638 -0.436413 0.188954 0.879682 -0.561672 -0.0178189 0.827168 
-0.363727 -0.134632 0.921725 -0.263579 -0.327854 0.907214 0.218085 0.774679 -0.593559 
0.391041 0.577109 -0.716961 -0.114822 0.974811 -0.191205 -0.456541 0.835284 0.306384 
-0.446942 0.76271 0.467458 -0.474051 0.70624 0.525833 -0.0791872 -0.553097 0.829345 
0.0618606 0.327135 0.942951 0.15429 -0.183716 0.970795 -0.0377278 0.420672 0.906428 
-0.167692 0.432891 0.885711 -0.0369347 0.194916 0.980124 -0.279214 0.380636 0.881565 
-0.262764 0.0647941 0.962682 -0.202374 0.203981 0.957829 0.164526 -0.429842 0.887788 
0.250308 -0.545398 0.79993 0.0935731 -0.363416 0.926916 -0.281341 0.0891029 0.955462 
0.0261515 0.854272 -0.519169 0.519912 -0.207405 -0.828659 -0.363768 0.907434 0.210326 
0.471676 -0.753103 -0.458648 -0.34919 0.212751 0.912581 -0.303052 -0.073579 0.950129 
-0.313842 0.0841891 0.945735 -0.173673 -0.353162 0.919301 0.0550269 -0.944174 0.32482 
0.158238 -0.873802 0.459816 -0.30484 -0.469031 0.828904 -0.0353277 0.0886241 0.995438 
-0.0274758 -0.107498 0.993826 -0.109335 0.908761 -0.40274 -0.0112378 0.957715 -0.287497 
-0.236718 0.954489 -0.181427 0.468246 0.457209 -0.756113 -0.451249 0.47257 0.757002 
-0.4206 0.765745 0.48655 -0.39626 0.140032 0.907397 -0.0615293 0.906534 -0.417625 
0.331545 0.620633 -0.710558 -0.0755047 0.988208 -0.13321 -0.14917 0.988222 -0.034139 
-0.310456 0.949676 0.0416337 -0.417043 0.62658 0.658387 -0.441016 0.312846 0.841209 
-0.417102 -0.0436333 0.907812 0.153109 -0.950634 0.269912 -0.219049 -0.583987 0.78165 
-0.418806 0.864034 0.27937 -0.626014 0.618311 0.475182 0.616905 0.246232 -0.747528 
0.787545 -0.200147 -0.58285 -0.508159 0.0276542 0.860819 0.673133 -0.549644 -0.494755 
0.179464 -0.98 -0.0859823 0.121133 -0.988673 0.0886108 -0.35393 -0.516728 0.779568 
-0.236164 -0.611639 0.755066 -0.324528 -0.456641 0.828348 -0.112127 -0.797722 0.592509 
0.134234 0.847573 -0.513421 0.724403 0.0318116 -0.688643 -0.627372 0.0211427 0.778433 
0.643441 -0.708125 -0.290764 -0.403402 -0.2987 0.864896 -0.0467752 -0.937898 0.343743 
-0.425598 -0.472886 0.771522 0.602399 0.499793 -0.622352 0.788831 -0.236452 -0.567306 
-0.570409 0.552629 0.607647 0.761457 -0.380968 -0.524449 -0.569759 0.109685 0.814459 
-0.592982 0.324967 0.736729 -0.535974 -0.190775 0.822397 -0.0807054 -0.945844 0.31443 
0.0591012 -0.991705 0.114143 0.19487 0.809742 -0.553483 -0.55161 0.311149 0.773895 
-0.549196 0.00538906 0.835676 0.351051 -0.936356 -0.00129794 -0.466591 -0.400594 0.788554 
0.180988 -0.931198 0.316407 -0.070125 0.950568 -0.302495 0.107185 0.89223 -0.438677 
-0.587955 0.799169 0.125055 -0.687209 0.338488 0.642782 0.910693 -0.16932 -0.376787 
0.875109 -0.400542 -0.271569 0.536661 -0.807949 -0.243337 0.0237599 -0.920518 0.389976 
-0.36232 -0.559051 0.745779 0.87155 0.0929654 -0.481413 -0.509706 -0.191537 0.838757 
0.776884 -0.629624 -0.00499284 0.791242 -0.597864 -0.128432 0.495381 -0.774589 0.393203 
0.353947 -0.935247 -0.00588663 0.0378299 -0.932581 0.358972 -0.159664 -0.768603 0.619481 
0.415588 0.707217 -0.571953 0.0312538 0.842939 -0.5371 -0.711759 0.581793 0.393593 
0.877122 -0.416655 -0.238864 -0.490396 -0.388643 0.780044 0.697166 -0.702461 0.143207 
0.316669 -0.917644 0.240104 0.793064 0.397661 -0.461427 0.617917 0.604617 -0.502611 
0.253496 0.896716 -0.362823 0.0969502 0.851856 -0.514726 -0.180261 0.975741 -0.124243 
-0.631095 0.772332 -0.072267 0.776698 0.293065 -0.557542 -0.730059 0.648894 0.214362 
-0.797904 0.364341 0.480214 -0.715136 0.160503 0.680308 0.928624 -0.341349 -0.145388 
0.661089 -0.746431 0.0761659 0.493876 -0.787096 0.369549 0.310424 -0.777534 0.54688 
0.890983 0.186616 -0.413913 -0.861649 0.461787 0.21051 -0.858684 0.225721 0.460121 
-0.754386 0.0371346 0.65538 0.692538 -0.682544 0.233507 0.548678 -0.758177 0.352307 
-0.0322897 -0.767746 0.639941 0.121114 0.904217 -0.40954 0.394132 0.77994 -0.486162 
-0.714452 0.697547 0.0546485 -0.550282 0.833796 0.0444249 -0.897107 -0.0194167 0.441386 
-0.612074 -0.295888 0.733359 -0.625368 -0.532631 0.57028 0.572412 -0.804555 0.158225 
0.320418 -0.882604 0.34401 -0.556618 -0.649695 0.517758 -0.354739 -0.634569 0.686645 
-0.467354 0.880345 -0.0810741 -0.892922 0.29506 0.340044 0.919174 -0.125862 -0.3732 
0.762345 -0.642836 -0.0747761 0.145476 -0.885019 0.442241 -0.549539 -0.551156 0.62788 
-0.029791 -0.836399 0.547311 -0.201947 0.900473 -0.385184 -0.0324809 0.836438 -0.547099 
-0.8022 0.584418 0.122189 0.743118 0.353291 -0.568296 -0.818633 -0.193169 0.540856 
-0.528844 -0.498488 0.686902 0.0617872 -0.946548 0.31659 0.271079 -0.919069 0.286057 
0.125409 -0.852727 0.507079 -0.120438 -0.895057 0.429381 0.898113 0.355646 -0.258669 
-0.603537 0.759574 -0.242466 0.836646 0.0784037 -0.542103 0.958887 0.115612 -0.259171 
0.884602 -0.453391 -0.109155 -0.955486 0.167481 0.242893 0.814727 -0.574678 -0.0772339 
-0.874708 -0.271871 0.401214 -0.666177 -0.619413 0.415373 0.19081 0.895362 -0.40239 
-0.102215 0.846169 -0.523021 0.667001 0.630506 -0.396953 -0.266048 0.888146 -0.37472 
0.96878 -0.227408 -0.0987443 -0.965433 -0.050479 0.255716 -0.829563 -0.38944 0.400203 
0.730816 0.603961 -0.318022 0.99377 0.0248672 -0.108642 -0.883141 0.467637 -0.037124 
0.554543 -0.806883 0.203521 -0.931956 -0.258385 0.254352 0.297288 -0.941229 0.160337 
0.0622057 -0.941218 0.332024 0.560672 0.789691 -0.249069 0.460458 0.826094 -0.324881 
-0.939648 0.34108 0.026946 -0.909 -0.327574 0.257712 0.903597 -0.418695 0.0905924 
0.784095 -0.603496 0.144868 -0.0837775 -0.942715 0.322909 -0.184572 0.925195 -0.331583 
-0.950322 0.289607 0.11409 0.97547 0.191644 -0.108309 -0.97371 0.20477 0.099791 
-0.967957 -0.117635 0.221859 -0.709605 -0.599214 0.370678 -0.557453 -0.760184 0.333718 
0.474433 -0.812891 0.337818 0.220186 -0.892798 0.392976 0.467475 0.853005 -0.232054 
-0.522847 0.807625 -0.272713 -0.432438 0.852096 -0.294838 0.959452 -0.22797 0.165774 
0.700806 -0.641768 0.311455 0.363284 -0.823824 0.435131 -0.370555 -0.858083 0.355503 
-0.741682 0.635441 -0.214763 0.934167 0.348935 -0.0746774 -0.904071 -0.37134 0.211571 
-0.0689118 -0.873767 0.481437 -0.236128 -0.870592 0.431639 0.0253477 0.863103 -0.504392 
-0.305117 0.821417 -0.481848 0.888904 -0.411088 0.20213 0.146347 0.952849 -0.265821 
-0.175898 0.906557 -0.383685 -0.982846 -0.150724 -0.106283 -0.965224 -0.233023 0.118503 
0.709683 -0.595712 0.376134 -0.44547 -0.826753 0.343564 -0.435366 0.832778 -0.34196 
-0.731477 0.638026 -0.24055 0.152524 0.97683 -0.150132 -0.533529 0.815335 -0.22489 
0.991284 -0.0982176 0.0877979 -0.487864 0.846189 -0.214367 0.865503 -0.463056 0.191005 
-0.489075 -0.855795 0.168586 0.422113 0.868182 -0.260923 -0.0129917 0.918727 -0.394679 
0.999942 0.000103965 -0.0108175 0.622867 -0.77027 0.136825 -0.854482 -0.519048 -0.0212188 
0.600833 -0.769415 0.216794 -0.756012 0.531422 -0.382148 -0.932806 0.0995231 -0.346365 
0.957056 -0.280772 0.0721855 0.112941 0.921732 -0.371019 -0.399715 0.845569 -0.353895 
-0.126366 0.949448 -0.287368 -0.727666 0.488135 -0.481898 -0.87133 0.336151 -0.357471 
-0.944902 -0.114384 -0.306719 -0.981275 0.0224233 -0.191305 -0.922728 -0.363128 -0.129274 
0.312011 -0.945751 0.0905767 0.817775 0.574447 0.0354171 -0.767539 0.550555 -0.328288 
-0.797836 0.570324 -0.19542 -0.626106 -0.779702 -0.00746093 0.0356858 -0.995499 0.0877993 
0.575759 0.817615 -0.00271164 0.977478 -0.130108 0.16616 0.809774 -0.526487 0.258993 
-0.388017 -0.920769 0.0403325 0.173698 0.272302 -0.946404 0.298011 0.255523 -0.919727 
-0.113201 -0.0138928 -0.993475 -0.20185 0.267403 -0.942206 0.510971 0.302852 -0.804481 
0.0651094 0.0467857 -0.996781 0.576676 0.215234 -0.788111 0.146581 0.0410842 -0.988345 
-0.391224 -0.158771 -0.906496 -0.516918 -0.225392 -0.825829 0.564574 0.0548468 -0.823558 
0.335252 -0.0909965 -0.937724 -0.233706 -0.193509 -0.952857 -0.0689973 -0.25722 -0.963887 
-0.215129 -0.279705 -0.935673 -0.526459 0.849833 -0.0249806 0.856844 0.489812 0.160945 
0.962858 0.260735 0.070161 -0.840097 0.519675 -0.155482 -0.9765 -0.120679 -0.178564 
0.56469 -0.815481 0.126948 0.243202 0.539535 -0.806073 -0.499765 0.273704 -0.821779 
0.280011 0.655601 -0.701271 0.302423 -0.948214 0.0971099 0.35983 0.489489 -0.794307 
0.611122 0.496415 -0.616524 0.624214 0.436921 -0.647655 -0.553635 -0.0436071 -0.831617 
0.647899 0.437054 -0.623867 -0.65637 -0.160312 -0.73721 0.736037 0.448359 -0.507172 
0.69211 0.378196 -0.614777 0.850932 0.448212 -0.2739 0.802227 0.259956 -0.537452 
-0.752635 -0.366687 -0.546883 0.717309 0.145328 -0.681431 0.880885 0.280521 -0.381248 
0.81638 0.0851698 -0.571201 -0.425972 -0.373375 -0.824099 -0.799191 -0.407467 -0.441887 
-0.562427 -0.507271 -0.652956 0.759341 -0.0445549 -0.649165 -0.85447 -0.48055 -0.197363 
0.401189 -0.202884 -0.893244 0.114523 -0.337949 -0.934171 0.0778221 0.996948 0.00620331 
0.142373 -0.989442 -0.0271092 -0.0361012 0.680032 -0.732293 0.777897 0.593989 -0.205069 
-0.626204 0.0401024 -0.778628 -0.75485 0.0277763 -0.655309 -0.705419 -0.103295 -0.701223 
-0.951107 -0.24433 -0.18894 0.875526 0.476914 0.0775065 -0.871212 -0.447857 -0.201032 
-0.857788 -0.258897 -0.444041 -0.759115 -0.332757 -0.559479 -0.809498 -0.426501 -0.403496 
0.883392 0.433876 0.177117 0.937878 0.342545 -0.0552092 -0.876804 -0.465643 -0.119967 
-0.897026 -0.432994 0.0886623 -0.737585 -0.555878 -0.383365 0.79104 0.106129 -0.602488 
0.520735 -0.0173321 -0.853542 -0.504654 -0.500314 -0.703569 -0.836727 -0.510556 -0.198042 
-0.0592336 -0.330334 -0.942003 0.133855 -0.228563 -0.964283 0.279644 -0.277436 -0.919146 
-0.208132 -0.422022 -0.882371 0.567937 0.798647 0.199023 -0.190891 0.981585 -0.00716047 
0.896661 0.0913523 0.433191 -0.948139 0.225297 -0.224217 0.282592 0.779812 -0.5586 
0.884022 0.454798 -0.108001 0.932651 0.296166 0.206026 -0.644751 0.503629 -0.575025 
-0.922115 -0.0718734 -0.380182 0.749755 0.396808 0.529538 -0.89434 -0.443052 -0.0621364 
-0.755932 -0.592873 0.277611 -0.843745 -0.505193 0.181313 -0.833125 -0.492957 0.250793 
-0.847847 -0.431155 0.308644 -0.801576 -0.273891 0.53147 -0.844672 -0.377772 0.379234 
0.879248 0.475188 0.0334404 -0.915247 -0.383986 0.121974 -0.908195 -0.338169 0.246624 
0.73565 0.105826 -0.669044 0.879203 0.432948 0.198891 0.873634 0.0374484 -0.485141 
0.214516 -0.251865 -0.943688 -0.685996 -0.474201 -0.551855 -0.429243 -0.415117 -0.80214 
0.376675 -0.283036 -0.882047 0.0832365 -0.367134 -0.926436 0.72545 0.686262 0.052602 
-0.784976 0.594315 -0.174934 -0.306623 0.647035 -0.698089 0.783616 -0.58527 0.208336 
0.863985 0.0856606 0.496178 0.962217 0.269673 0.0376137 0.719999 0.093372 0.687665 
-0.805236 -0.530285 0.265315 -0.698456 -0.496724 0.515194 -0.344862 -0.30792 0.886711 
-0.392989 -0.51846 0.759446 -0.609722 -0.526887 0.592139 -0.584954 -0.433793 0.685312 
0.615308 0.454195 0.644285 -0.771721 -0.23464 0.591093 0.753175 0.412568 0.512362 
0.538713 0.515866 0.666086 -0.688939 -0.178629 0.702463 -0.770564 -0.118674 0.626217 
-0.900348 -0.269164 0.341943 0.810076 0.262178 -0.524441 0.906187 0.372385 -0.200385 
0.955299 0.29357 -0.0349244 -0.94337 -0.301657 -0.138048 0.343772 -0.226521 -0.911323 
0.598759 -0.165907 -0.783557 -0.817795 -0.451234 -0.357211 0.243797 -0.333406 -0.910716 
-0.388492 -0.451188 -0.803432 -0.804281 -0.4395 -0.399966 -0.00387865 0.999885 -0.014632 
-0.566815 0.808975 -0.155821 -0.910186 0.192137 -0.36694 0.910977 0.364574 0.192889 
0.326435 0.7786 -0.535932 0.418405 0.830054 -0.368711 0.57745 0.705727 -0.410489 
-0.202739 0.693782 -0.691059 0.105231 0.753221 -0.649296 0.926427 -0.0370353 0.374647 
-0.834589 -0.424911 -0.350587 -0.934068 -0.0692771 -0.350312 0.884468 -0.389142 0.257459 
0.9421 0.0774796 0.326259 0.694327 -0.204222 0.690075 -0.968311 -0.244008 0.0532262 
-0.78822 -0.336271 0.515394 0.350119 -0.420747 0.836892 0.484795 -0.0823184 0.870745 
0.162786 -0.208008 0.964486 0.27095 0.300934 0.914344 0.0750377 0.0641343 0.995116 
-0.0604217 -0.396228 0.916162 -0.313267 -0.521017 0.79398 0.14746 0.310473 0.939075 
-0.0834495 0.133785 0.987491 -0.264217 0.122925 0.956598 -0.476715 0.0345544 0.878379 
0.587247 0.34195 0.733629 0.446902 0.348263 0.824009 -0.586241 -0.100447 0.803885 
0.921047 0.353654 0.1631 0.678169 0.00698557 -0.734873 -0.590186 -0.461916 -0.662054 
0.590372 -0.0980248 -0.801157 -0.0442947 -0.459882 -0.886874 0.228757 0.799643 -0.555195 
-0.0298639 0.784348 -0.619601 -0.153327 0.843884 -0.514151 0.965148 -0.178769 0.191133 
0.87701 0.480355 -0.0105962 -0.883454 0.182945 -0.431324 -0.954943 -0.174695 -0.239929 
-0.711118 -0.545809 0.443175 -0.774302 -0.610038 0.168259 0.620893 -0.439946 0.648798 
-0.344373 -0.612742 0.711305 0.00327919 0.155188 0.98788 -0.156415 0.0885727 0.983712 
-0.124014 0.215367 0.968627 0.150703 0.344594 0.926576 0.298694 0.438266 0.847765 
0.397681 0.470222 0.787871 -0.876886 -0.00632411 0.480656 0.82569 0.41998 0.376633 
-0.97652 -0.187976 0.105231 0.965274 -0.000608648 -0.261238 0.912005 0.410093 -0.0084442 
-0.843307 -0.361715 -0.397487 -0.946165 -0.187665 0.263731 -0.599534 -0.420445 -0.681018 
0.291267 -0.363285 -0.884979 0.484693 -0.376867 -0.789331 -0.00784599 -0.409009 -0.912496 
0.49149 0.841673 -0.223662 0.84847 0.527369 -0.044489 -0.535461 0.711675 -0.454753 
-0.903952 -0.193113 -0.381548 0.927698 0.304394 0.216149 0.809409 -0.21865 0.545022 
0.428103 -0.903427 0.0233832 -0.464849 -0.876079 -0.128066 -0.501112 -0.739943 0.448744 
-0.581113 -0.782751 0.22273 -0.834211 -0.550297 -0.0355677 -0.128789 -0.809519 0.572793 
-0.481487 0.148223 0.863829 0.833261 0.47863 0.276747 -0.7863 -0.00669149 0.617808 
0.801998 0.493477 0.33657 -0.923541 -0.123283 0.363144 -0.852892 -0.204027 0.480571 
-0.957551 -0.20729 -0.200315 -0.873195 0.0510172 0.484694 0.763592 -0.208004 -0.611279 
0.820588 -0.220713 -0.527182 0.677459 -0.336631 -0.65401 0.476213 -0.342928 -0.809705 
-0.438915 -0.498813 -0.747355 0.250977 -0.403689 -0.879799 -0.0320395 0.924863 -0.378949 
0.880095 0.384597 0.27842 -0.958938 0.210628 -0.189934 -0.884218 0.0125867 -0.466905 
0.957635 -0.172875 0.230327 -0.971854 -0.0658958 -0.22618 0.950823 0.111877 0.288824 
0.894735 0.0270818 0.445776 -0.89366 -0.380343 -0.238143 -0.94311 -0.21399 -0.254464 
0.765369 -0.349953 0.540132 0.412022 -0.687611 0.597854 0.134027 -0.718412 0.682584 
0.0424756 -0.881582 0.470116 -0.353124 -0.815302 0.458895 -0.277948 -0.929527 0.242329 
0.463042 0.406835 0.78745 -0.639604 0.0762706 0.764912 -0.407647 0.218421 0.886632 
0.640764 0.434882 0.632692 0.821712 0.445628 0.355254 0.938979 0.305794 0.157508 
0.858159 0.337002 0.387288 0.993258 0.112602 0.0275451 -0.94267 -0.32644 -0.0693545 
-0.858249 -0.131971 0.495976 -0.926746 -0.375106 0.0209333 -0.904501 -0.315932 0.28647 
0.679632 -0.294318 -0.671921 0.953919 -0.161566 -0.252854 0.683013 -0.308915 -0.661865 
0.539321 -0.454018 -0.709225 -0.0555664 -0.467633 -0.882174 0.30025 -0.470651 -0.829661 
0.430542 0.899033 0.0798287 -0.430907 0.899674 -0.0700454 -0.736846 0.644315 -0.204733 
0.245099 0.913783 -0.323926 -0.206831 0.859688 -0.467074 -0.792112 0.49628 -0.355338 
0.97458 0.132522 0.180644 -0.8848 0.43255 -0.173293 0.913975 -0.235562 0.330395 
-0.97107 -0.229939 -0.0644253 0.904262 -0.401201 -0.146113 -0.944784 -0.295528 -0.141588 
0.691296 -0.603599 0.397214 0.267617 -0.861531 0.431446 0.563107 -0.730077 -0.387166 
-0.0444392 0.301368 0.952472 -0.301108 0.278458 0.912028 -0.58724 0.221522 0.77851 
0.796243 0.368405 0.479869 0.978837 0.139598 0.149637 -0.814787 -0.197949 0.54492 
-0.942753 -0.146529 0.299576 -0.822227 -0.432352 -0.370155 0.709412 -0.407611 -0.574968 
0.871745 -0.252049 -0.420157 0.36855 -0.478607 -0.796935 -0.669473 -0.473708 -0.572195 
0.100309 -0.527379 -0.843688 -0.213809 -0.522527 -0.82538 0.744347 0.658758 -0.10948 
-0.637172 0.669151 -0.382426 -0.741545 0.585784 -0.327059 -0.883018 0.405668 -0.236037 
-0.666152 0.732386 -0.1409 -0.834308 0.541432 -0.103831 -0.996432 0.000748314 -0.0843932 
0.97347 -0.10795 0.201748 0.776331 -0.53588 0.331877 -0.865589 -0.490523 -0.100717 
-0.876703 -0.464291 -0.125797 -0.000171164 -0.92306 -0.384655 0.126839 0.329345 0.935652 
-0.0232463 0.377636 0.925662 -0.190883 0.35848 0.913814 0.359918 0.457995 0.812834 
-0.33498 0.242016 0.910613 -0.180186 0.367717 0.912314 -0.624497 0.0331158 0.780325 
0.578012 0.459309 0.674491 -0.862261 0.089472 0.498499 0.999756 -0.00528407 -0.021456 
0.988467 0.140425 0.0566921 -0.839339 -0.424144 -0.340017 -0.94079 -0.0593227 0.333758 
0.965578 -0.198897 -0.167626 -0.419787 -0.536094 -0.732381 0.686923 -0.445894 -0.573859 
-0.461995 0.188041 -0.866718 -0.121572 0.39244 -0.911708 0.0699986 0.14015 -0.987653 
0.471454 -0.251949 -0.845135 0.636782 0.0564449 -0.768975 0.783795 -0.1395 -0.605149 
-0.238965 -0.0348385 -0.970403 -0.688593 0.132984 -0.71285 -0.983939 0.0606464 -0.167888 
0.79242 -0.408831 -0.452689 -0.0379115 -0.205179 -0.97799 0.326091 -0.474165 -0.817822 
-0.0791651 -0.3858 -0.91918 0.600483 0.789215 -0.128684 0.244851 0.960402 -0.132953 
0.671221 0.729341 0.132378 0.904057 0.37634 0.202605 0.972126 0.182998 0.14657 
0.891356 0.369237 0.262962 -0.915245 0.365788 -0.168898 -0.987664 -0.142884 -0.0640611 
0.974744 -0.115436 0.191175 -0.97784 0.106398 -0.180303 0.84242 -0.3916 0.370105 
0.410233 -0.761825 0.50133 -0.404897 -0.878913 0.25213 0.321012 -0.902001 -0.288695 
-0.385983 -0.904519 -0.181279 -0.315106 0.363837 0.876545 -0.508746 0.334861 0.793124 
-0.957605 -0.238163 0.162085 -0.888758 -0.156709 0.430758 -0.993562 -0.00430119 0.113212 
0.4355 -0.495504 -0.751542 0.24371 -0.578505 -0.77842 0.0185035 0.489487 -0.871814 
0.542219 0.288703 -0.789081 0.845136 0.0190395 -0.534213 -0.650441 0.546752 -0.527246 
-0.876349 0.310003 -0.36866 -0.731987 0.000726339 -0.681318 -0.971276 0.233584 0.0454141 
-0.97183 0.161584 -0.171574 0.945519 -0.314834 -0.0829099 -0.527563 -0.143259 -0.837349 
0.520808 -0.526634 -0.671875 0.15723 -0.469204 -0.86898 -0.32108 -0.450884 -0.832834 
-0.82509 -0.191592 -0.531526 -0.173262 0.856248 -0.486641 -0.211544 0.973339 -0.0886555 
-0.604991 0.788913 -0.107715 0.794857 0.595831 0.114843 -0.972846 0.0877646 -0.214167 
0.95601 0.29116 0.0356618 0.944687 -0.12057 0.305007 0.723241 -0.569976 0.389936 
0.844872 -0.00978368 -0.534879 -0.796231 -0.267135 -0.542822 -0.509512 -0.857985 -0.0652645 
0.726199 -0.432788 -0.534162 0.18767 -0.788641 -0.585513 -0.0246534 0.385756 0.922271 
-0.115591 0.478539 0.870425 -0.297804 0.44011 0.847122 -0.718255 0.227891 0.6574 
-0.80596 0.125184 0.578583 -0.960895 0.139641 0.239126 -0.950965 -0.224477 -0.212781 
0.598979 -0.492446 -0.631443 0.447311 -0.652598 -0.611579 -0.0841376 -0.629584 -0.772363 
0.0753006 -0.598423 -0.797634 -0.28581 0.640394 -0.712887 -0.162556 0.780548 -0.60359 
0.140989 0.440728 -0.886499 0.307487 0.311244 -0.89921 0.694429 0.0937487 -0.713428 
0.133243 0.438907 -0.888599 -0.401344 0.44423 -0.800988 0.922434 -0.282398 -0.263377 
0.817749 -0.437401 0.374122 0.952743 -0.225946 -0.203052 0.925275 -0.311581 0.216295 
-0.704426 -0.074575 0.705848 -0.549807 0.325207 0.769385 0.81947 -0.56981 -0.06153 
-0.945587 0.183019 0.269015 -0.7863 0.181555 0.590568 0.806272 -0.466529 -0.363698 
-0.992047 -0.0250724 0.123342 0.840816 -0.528329 -0.117887 -0.687576 -0.586893 -0.427546 
0.23855 -0.699809 -0.673321 -0.0482464 0.942342 -0.331156 -0.565768 0.722006 -0.398263 
0.192235 0.98128 0.0115996 0.672814 0.720015 -0.170002 -0.0258533 0.999457 -0.0204206 
0.915273 0.281792 0.287871 -0.849747 0.317863 -0.420586 -0.853385 0.0172343 -0.520996 
0.815342 -0.464245 0.345968 0.654391 -0.710653 0.25835 -0.150987 -0.988287 -0.022184 
-0.782362 -0.47387 -0.404175 0.486021 -0.596635 -0.6386 -0.12829 -0.93148 -0.34042 
0.361161 0.535819 0.763191 -0.106648 0.591406 0.799291 0.729769 0.430645 0.53102 
0.0490195 0.628941 0.775906 -0.459012 0.464076 0.757589 -0.528559 0.452419 0.718291 
-0.624658 0.393165 0.674703 0.999287 0.0367787 -0.00848774 -0.997959 -0.0638496 -0.00123256 
-0.920725 -0.248117 -0.301171 0.844176 -0.366949 -0.390789 -0.129018 -0.639533 -0.75786 
0.151449 0.581521 -0.79931 0.140617 0.731951 -0.666689 0.545558 0.444517 -0.710472 
0.757097 0.073823 -0.649119 -0.526522 0.753566 -0.393591 -0.44938 0.771998 -0.449529 
-0.889793 0.430931 -0.150224 -0.998425 0.0560967 -0.000724701 -0.884686 -0.239013 0.400255 
0.658326 -0.630944 0.410508 0.47264 -0.493312 0.730243 -0.322571 -0.270384 0.907105 
0.0286384 -0.293149 0.955638 -0.280004 -0.278572 0.918692 0.336368 -0.223732 0.914768 
-0.0621997 0.0348802 0.997454 0.577281 -0.114342 0.8085 0.174877 0.11344 0.978033 
-0.0762904 0.252796 0.964507 0.646749 -0.120513 0.753121 -0.35734 0.282403 0.890257 
0.969511 -0.230503 0.0831716 -0.915034 0.0206795 0.402847 0.532422 -0.508754 -0.676533 
-0.404383 -0.593111 -0.696199 -0.944525 -0.312178 -0.10206 0.771989 -0.388403 -0.503166 
0.743455 -0.49359 -0.45127 -0.11717 -0.511582 -0.851208 0.518381 -0.544365 -0.659506 
-0.425308 -0.579131 -0.6955 -0.338011 0.922613 -0.185833 -0.869329 0.326473 -0.371055 
0.96282 -0.0393956 0.267254 -0.870448 -0.235952 -0.432027 -0.411181 0.878685 -0.242577 
-0.612747 -0.271109 -0.742322 0.837559 0.472394 -0.27448 0.670093 -0.172293 -0.722005 
0.297434 -0.629254 -0.718034 -0.513413 -0.766487 -0.385882 -0.0141239 -0.860434 -0.509366 
-0.264095 0.495026 0.82777 0.368762 0.397029 0.840465 -0.452644 0.403054 0.7954 
0.648169 0.421776 0.634021 0.905388 0.25254 0.341315 -0.608256 0.369655 0.70241 
-0.397087 0.366135 0.841586 0.975098 0.0872472 0.203894 0.996587 -0.0791427 -0.0234598 
-0.995511 -0.0769415 -0.055114 0.964055 -0.185112 -0.190606 0.614034 -0.518809 -0.594811 
-0.771535 -0.357774 -0.526052 0.397186 0.644813 -0.653038 0.806662 0.247909 -0.536504 
-0.126532 0.786931 -0.603928 -0.364293 0.821265 -0.439107 -0.751761 0.657211 -0.0541246 
0.931449 -0.16695 -0.32331 -0.932879 0.204308 0.296638 -0.876983 -0.156337 0.454377 
0.877655 -0.476663 -0.0501347 0.694394 -0.718367 0.0420209 -0.543005 -0.438233 0.716308 
-0.234364 -0.44831 0.862608 -0.57023 -0.322634 0.755477 0.139943 -0.589701 0.795404 
0.046397 -0.401857 0.914526 -0.389277 -0.312974 0.86632 -0.0841414 0.327351 0.941149 
0.658542 0.0789649 0.74839 -0.402049 0.315375 0.85959 0.922944 0.0512523 0.381508 
0.350897 -0.750125 -0.56052 -0.714223 -0.558792 -0.421471 -0.325445 0.944567 -0.0433377 
0.563096 0.783174 0.263744 -0.500923 0.862838 0.0677203 0.88896 0.29147 0.353262 
-0.764405 0.593242 -0.252485 0.573297 0.808754 -0.131331 -0.885332 0.107399 -0.452385 
-0.40486 -0.877713 -0.256336 -0.792006 0.00045207 -0.610514 -0.893378 -0.221123 -0.391128 
0.15039 -0.981149 -0.121361 0.759883 -0.0831889 -0.644715 -0.502275 -0.740602 -0.446351 
0.471372 -0.468613 -0.747135 0.908614 -0.283722 -0.306467 0.409142 -0.646771 -0.643654 
0.538123 -0.689546 -0.484716 0.204044 -0.772875 -0.600858 0.0080643 -0.981622 -0.190663 
-0.216845 0.422305 0.880135 0.509762 0.275662 0.814956 -0.853768 0.158101 0.496069 
0.881004 0.263938 0.392644 0.989231 0.0394278 0.140951 0.996553 -0.0623857 -0.05468 
0.884528 0.341862 0.317396 -0.945076 -0.0711956 -0.319003 0.790896 -0.0650093 -0.608487 
0.465107 -0.428714 -0.774519 0.0599658 -0.504303 -0.861442 -0.45934 -0.441786 -0.770605 
-0.216613 -0.463634 -0.85914 0.161403 0.767684 -0.62017 0.598007 0.399388 -0.694894 
-0.285822 0.827871 -0.482634 -0.140374 0.914201 -0.380172 -0.523937 0.838986 -0.146945 
0.901353 -0.208965 -0.379337 -0.582524 0.753891 -0.303833 -0.864522 0.498324 0.0653805 
0.867972 -0.485229 0.105726 -0.870436 0.324523 0.370171 -0.885225 0.102398 0.453752 
0.645272 -0.729473 0.226922 -0.665189 -0.170674 0.726908 -0.558644 -0.434393 0.706555 
0.288331 -0.779806 0.555669 0.329704 -0.81722 0.472701 -0.141271 -0.690959 0.708955 
-0.256597 -0.574516 0.777232 0.377655 0.349014 0.857651 0.599711 0.382183 0.703052 
-0.502724 0.372299 0.780168 0.075103 0.560457 0.824771 0.973028 0.120961 0.196428 
-0.710705 0.434788 0.553044 0.582814 -0.725065 -0.366892 0.107655 -0.915882 -0.386743 
0.129076 0.941403 0.311609 -0.188527 0.963882 0.188118 -0.735519 0.673792 -0.0708182 
-0.817123 0.542525 -0.194873 -0.867448 0.319036 -0.381772 -0.847928 0.00386633 -0.530097 
-0.310604 0.94954 -0.0435756 -0.761315 -0.300602 -0.57449 -0.871491 -0.0777864 -0.484204 
-0.889536 0.194005 -0.413627 -0.562933 -0.553249 -0.614021 0.378304 -0.9248 0.0403914 
-0.604891 -0.762916 -0.22818 -0.269973 -0.945947 -0.17972 -0.437964 -0.88509 -0.15749 
0.7476 -0.663706 -0.0242689 0.469726 -0.846964 -0.249014 -0.131659 0.446414 0.885088 
-0.0061523 0.484136 0.874971 0.674573 0.416933 0.609195 -0.299316 0.490252 0.818574 
-0.587057 0.401677 0.702865 -0.499699 0.37869 0.779035 -0.733171 0.286571 0.616715 
-0.953848 0.184031 0.237291 -0.70982 -0.223252 -0.668068 -0.231098 -0.37204 -0.898988 
0.484227 0.371688 -0.792068 0.287818 0.530978 -0.797009 0.604826 0.0401775 -0.795344 
-0.167079 0.805262 -0.568891 -0.332659 0.911344 -0.242467 -0.722636 0.673748 0.154468 
0.703316 -0.103468 -0.703308 0.703274 -0.393819 -0.591872 0.732501 -0.577503 -0.360461 
0.682137 -0.72872 0.0604584 -0.827709 0.318823 0.461789 -0.837692 0.0911654 0.538481 
0.451309 -0.781915 0.430034 0.156252 -0.760515 0.63024 -0.335707 -0.56932 0.750451 
0.565871 0.508596 0.648938 -0.10282 0.668457 0.736609 -0.944555 0.198806 0.261327 
0.857828 -0.502391 -0.108321 -0.438502 -0.883244 -0.166121 0.186822 0.855765 0.482456 
0.642224 0.579671 0.501528 0.76206 0.363065 0.536142 -0.684009 0.72486 0.0819089 
-0.859235 0.492331 -0.139015 0.343789 0.93471 -0.0901421 -0.746883 0.647442 -0.151608 
-0.934038 0.0511603 -0.35349 -0.829626 0.486594 -0.273764 0.823516 -0.390372 0.41162 
-0.916712 -0.397663 0.0387609 0.5618 -0.824301 0.0700668 0.0946463 -0.959217 -0.266356 
0.931545 0.0977932 -0.350228 -0.657923 -0.750518 0.0621319 -0.7834 -0.608824 -0.124972 
-0.550318 -0.829331 -0.0967463 0.910448 -0.397742 -0.113519 -0.322186 -0.946374 -0.0239195 
0.502435 -0.863775 0.0381023 0.0858257 -0.979323 0.183194 -0.346952 0.542125 0.765327 
0.193227 0.53689 0.821226 0.495251 0.548701 0.673538 -0.664593 0.383268 0.641422 
-0.678777 0.620428 0.39285 -0.883946 0.451744 0.120693 0.870594 0.177128 -0.459013 
0.922239 0.346542 -0.171416 0.964362 0.0590417 -0.257914 0.884275 -0.219145 -0.412351 
0.83666 -0.383457 -0.391102 -0.508973 -0.0352793 -0.860059 -0.873239 0.283557 -0.396294 
0.694472 -0.49927 -0.51811 -0.129347 -0.216252 -0.967732 -0.597336 0.482325 -0.640743 
-0.314533 0.293858 -0.902617 -0.443951 0.757667 -0.478382 0.308658 -0.540714 -0.782533 
0.14649 -0.290769 -0.945513 -0.112703 0.515181 -0.849639 0.403557 -0.572079 -0.71405 
0.317037 -0.0682968 -0.945951 -0.584543 0.796766 -0.153211 0.554097 -0.769111 -0.318503 
0.519173 -0.851262 0.076238 0.280678 -0.882782 0.376716 -0.101162 -0.811205 0.575945 
-0.564124 -0.481473 0.670782 0.856772 0.329915 0.396355 -0.418995 0.529021 0.737956 
-0.949707 -0.30513 0.070378 0.469767 0.218183 0.855404 0.967311 -0.247516 0.0551781 
0.269814 -0.932342 0.240706 -0.506537 0.862215 0.00244624 -0.836452 0.539983 0.0936288 
-0.696368 0.661791 -0.277676 -0.815738 0.306649 -0.490446 -0.950375 0.22919 0.210379 
-0.999835 -0.00946495 0.0154893 0.799687 -0.467418 0.376857 -0.481578 -0.479437 -0.733637 
-0.706229 -0.168407 -0.687662 0.764512 0.0694799 -0.640854 0.716912 0.376292 -0.586891 
0.331101 -0.900089 -0.283216 0.643331 -0.190382 -0.741539 0.912276 -0.276767 -0.301914 
-0.816339 -0.542741 0.197539 -0.492236 -0.861814 0.122397 -0.512503 -0.779909 0.35928 
-0.259579 -0.936566 0.235506 0.407358 -0.893152 0.190628 0.710195 0.613392 0.345505 
-0.173918 0.755985 0.631062 0.848459 0.502999 0.16465 -0.771883 0.631265 -0.0754991 
-0.644793 0.716602 -0.26594 -0.694637 0.715738 0.072094 -0.749391 0.55981 0.353589 
0.48635 -0.753003 -0.443228 0.377787 -0.896796 -0.230293 -0.765473 0.275926 0.581305 
-0.672878 -0.207953 0.709924 0.0700125 -0.969652 0.234249 0.216224 -0.966024 0.141577 
0.127763 -0.876556 0.464032 -0.337797 -0.638898 0.69116 -0.372153 -0.662501 0.650073 
-0.865502 0.0679209 0.496279 0.503305 -0.431023 0.748935 -0.833399 -0.328127 0.444723 
0.294142 0.748456 0.594385 0.595329 0.590185 0.545221 -0.32948 0.855881 0.398636 
-0.477491 0.838035 0.264008 -0.701441 0.707072 0.089608 0.878424 -0.0557483 0.474619 
-0.639609 0.500096 -0.583785 -0.627416 -0.00911488 -0.778631 -0.33574 0.361803 -0.869699 
0.58932 0.497056 -0.636897 0.92676 -0.303815 0.220933 0.457431 0.145657 -0.877235 
-0.852978 -0.395915 0.340117 0.780153 -0.622098 0.0659947 0.525554 -0.840207 -0.133586 
-0.7419 -0.586116 0.325658 0.705466 -0.4571 -0.541643 0.669205 -0.714687 -0.203439 
0.353364 -0.93545 -0.00815596 0.431039 -0.848322 0.307498 0.238685 -0.945447 0.221718 
-0.102711 -0.90777 0.406698 0.479888 0.772457 0.415955 -0.144745 0.867918 0.475149 
0.712276 0.665808 0.222176 0.945921 0.32364 0.0221644 -0.631525 0.717039 0.29501 
-0.710595 0.550127 0.438652 0.79431 -0.598843 -0.102265 0.686316 -0.70854 -0.164136 
-0.656486 0.409813 0.633308 -0.755695 0.362075 0.545736 0.621908 -0.752036 -0.218339 
0.562321 -0.820463 -0.10313 -0.711071 0.0559374 0.700891 0.457906 -0.881097 0.118282 
-0.510455 -0.424627 0.747748 0.183172 -0.906378 0.380693 0.235232 -0.971864 0.0120981 
-0.236264 -0.798962 0.553026 0.163874 0.773983 0.611634 0.10997 0.971746 0.208846 
0.0953395 0.986699 0.131667 0.0155207 0.940655 0.339008 0.721276 0.307379 0.620709 
-0.364231 0.87393 0.321841 -0.372166 0.917406 -0.140921 -0.803944 0.0675959 0.590851 
-0.890694 0.207671 0.404397 -0.41189 0.868976 -0.274278 -0.41634 0.614986 -0.669666 
-0.180148 0.590052 -0.78701 0.475248 0.565751 -0.673844 0.866117 -0.156344 0.47476 
-0.0914216 0.164141 -0.982191 -0.3628 -0.12416 -0.923559 0.233966 0.220417 -0.94693 
0.107376 0.483091 -0.868961 0.857396 -0.505651 0.0958622 0.828396 -0.50668 0.23882 
-0.368253 -0.46292 -0.806285 -0.0644587 -0.475218 -0.877504 -0.167699 -0.275003 -0.946705 
0.366255 -0.138293 -0.920181 -0.00827343 -0.914883 -0.403633 0.128198 -0.474686 -0.870769 
0.436931 -0.537773 -0.721035 0.314171 -0.817841 -0.482112 -0.429666 -0.821743 0.374335 
-0.33378 -0.761583 0.555501 0.341582 0.860232 0.378581 0.622185 0.778091 -0.0863781 
-0.578655 0.117454 0.80707 0.876277 -0.322459 -0.357992 0.676935 -0.724035 0.132408 
-0.608324 0.196091 0.769084 0.486571 -0.774755 0.403737 -0.405484 -0.555232 0.726154 
-0.554738 -0.346649 0.756373 0.00516256 -0.859 0.51195 -0.158285 -0.788046 0.594919 
-0.263317 0.808627 0.526105 0.513638 0.538158 0.668253 0.372151 0.740643 -0.559421 
0.139794 0.98801 0.0655328 -0.524388 0.644836 0.556061 -0.301143 0.833219 -0.463745 
0.155687 0.880205 -0.44833 -0.593117 -0.330325 0.734232 -0.415155 -0.304561 0.857256 
0.724 -0.684495 0.0853841 0.135096 -0.730445 -0.669477 0.0792454 -0.900534 -0.427503 
-0.0727137 -0.766777 -0.637782 0.189951 -0.963876 -0.186715 -0.27467 -0.491841 0.826225 
0.496583 0.691012 -0.52527 0.877814 0.348552 -0.328564 0.0979943 0.976758 -0.190633 
-0.569249 0.415008 0.709735 0.641548 -0.715305 0.277047 -0.275043 -0.31779 0.907392 
-0.402319 -0.066119 0.913109 0.285203 -0.646311 0.707772 0.242624 -0.741993 0.624964 
0.166328 -0.646784 0.744315 0.0466184 -0.690358 0.721964 0.0818751 0.891183 0.446193 
-0.00777184 0.757281 0.653043 0.251964 0.800621 0.543618 -0.227042 0.261749 0.938051 
-0.467744 0.436421 0.768604 -0.433229 0.0213739 0.90103 0.80632 0.0821835 0.585742 
0.694389 0.252534 0.673833 -0.0974344 0.964716 0.244601 -0.205483 0.965668 -0.158943 
0.0474605 0.918553 -0.392438 -0.633167 -0.156685 0.75799 0.868034 -0.313854 0.384724 
0.705629 -0.647455 0.287905 -0.101106 -0.894907 -0.434648 -0.238265 -0.971068 0.0160223 
-0.160378 -0.98421 0.0748995 -0.149731 -0.812628 0.56322 -0.152307 -0.801285 0.578572 
0.221108 0.383864 -0.896526 0.131654 0.678139 -0.723045 -0.0756055 0.666013 -0.742099 
-0.247711 0.873177 -0.419764 0.601468 0.278083 -0.748936 -0.46486 0.856592 0.223955 
-0.514072 0.777542 -0.362157 -0.590695 0.440947 0.675755 0.750328 -0.245471 -0.613801 
0.770012 -0.600572 -0.215395 0.531941 -0.842497 -0.0850719 0.493182 -0.810737 0.315401 
0.552395 -0.745853 0.372239 -0.379696 -0.0417148 0.92417 0.331432 -0.613597 0.716695 
0.128655 -0.521482 0.843507 -0.0272766 -0.38341 0.923175 -0.0146372 -0.40453 0.914407 
-0.195896 -0.238944 0.951068 0.251408 0.959954 0.123619 -0.0327313 0.91113 0.410817 
-0.106737 0.642599 0.758732 -0.108917 0.319486 0.941311 0.120103 0.992184 0.0338449 
-0.232813 -0.0534514 0.971052 0.822759 -0.0272616 0.567736 -0.287892 -0.178227 0.940932 
0.737501 -0.23424 0.633423 -0.429438 0.0537329 0.901496 -0.310697 -0.447707 0.838466 
0.671473 -0.56286 0.481988 0.498131 -0.834227 0.236497 0.334076 -0.852454 0.402139 
0.108242 -0.932615 0.344256 0.0864471 -0.995959 0.0243444 0.0896047 -0.91644 -0.390011 
0.321237 -0.940583 0.110048 -0.0105707 -0.999508 0.0295454 -0.195184 -0.884852 0.423013 
-0.229702 -0.674515 0.701617 0.138744 0.53707 -0.832049 0.0583523 0.730345 -0.680581 
0.281049 0.469028 -0.837272 -0.230137 0.722679 -0.651745 -0.159898 0.785594 -0.597725 
0.597467 0.20319 -0.775724 0.77125 -0.463737 -0.43603 0.748513 -0.125774 -0.651083 
-0.834057 0.487053 0.259089 -0.555221 0.09109 0.826699 0.698966 -0.632607 -0.333549 
0.709199 -0.704915 -0.0114367 -0.49705 -0.482386 0.72128 -0.793218 -0.0757897 0.604203 
0.388871 -0.892966 0.226695 -0.0848588 -0.739468 0.667822 0.243111 0.754501 0.609611 
0.0989901 0.860887 0.499074 0.121511 0.741655 0.659684 0.13609 0.801826 0.581855 
-0.36554 0.18629 0.911963 0.54037 -0.529467 0.65396 -0.0308437 -0.814721 0.579032 
-0.10116 -0.938374 0.330485 -0.203808 -0.911691 0.356766 -0.256429 -0.531455 0.807341 
0.516011 0.445493 -0.731621 0.563615 0.537754 -0.627023 -0.356735 0.849983 -0.387645 
-0.165109 0.826383 -0.538359 -0.751582 0.658611 0.0368171 0.720379 0.0894868 -0.687784 
0.767616 0.252646 -0.589013 0.892552 -0.161121 -0.421178 -0.866978 0.224715 0.444806 
0.824836 -0.32074 -0.465588 0.765221 -0.596158 -0.242965 0.579615 -0.813819 -0.0417651 
0.369283 -0.87808 0.304312 0.265594 -0.889385 0.372093 -0.0311616 -0.831613 0.554481 
0.251252 0.523528 0.81412 -0.238516 0.335443 0.911366 0.28914 -0.406641 0.866626 
0.373896 -0.60531 0.70271 -0.167118 -0.757666 0.630884 0.356762 0.769649 -0.529492 
-0.278705 0.862643 -0.422101 -0.165859 0.93446 -0.315081 0.104652 0.944714 -0.310748 
-0.333975 0.941312 -0.0489176 -0.580251 0.784202 -0.219856 -0.853619 0.497751 0.153554 
0.865822 -0.382089 -0.323048 -0.853819 0.304442 0.422266 -0.908786 0.0947704 0.406358 
0.795654 -0.596086 -0.107778 0.629505 -0.764205 0.140409 -0.680165 -0.256727 0.686634 
-0.700236 -0.515704 0.493679 0.411854 -0.894641 0.173185 0.169968 -0.930961 0.323143 
-0.21026 -0.832482 0.512606 -0.404972 -0.693399 0.595982 0.267461 0.249788 0.930629 
0.125579 0.397966 0.908764 -0.0313422 0.629734 0.776178 -0.13332 0.4571 0.879366 
-0.0639397 0.245963 0.967168 0.334642 -0.202632 0.920302 0.315637 -0.0374127 0.948142 
-0.209437 -0.14728 0.966667 0.250113 -0.354907 0.900824 0.132422 -0.572216 0.809341 
0.14371 -0.193931 0.970432 0.508114 0.806154 -0.303208 0.36223 0.889119 -0.279744 
0.762232 0.480986 -0.433191 -0.0554085 0.991387 -0.118664 0.855071 -0.137198 -0.500031 
-0.573903 0.652932 0.494283 0.751569 -0.61659 -0.234437 -0.832303 0.185583 0.522332 
-0.815388 -0.205879 0.541069 0.591427 -0.806353 -0.00286969 0.399354 -0.821223 0.407564 
0.275441 -0.868218 0.412711 -0.0371989 -0.854917 0.517429 -0.573495 -0.649259 0.499566 
-0.239047 -0.642218 0.728294 -0.508415 -0.41536 0.754315 -0.0706228 -0.104265 0.992039 
0.340756 0.78466 -0.517875 -0.0916349 0.970749 -0.221921 -0.443461 0.880559 0.167205 
0.6467 0.355305 -0.674935 0.836525 -0.0750257 -0.542767 0.82048 -0.237461 -0.520023 
0.766683 -0.520076 -0.376456 -0.62658 -0.304213 0.717532 -0.547564 -0.200812 0.812311 
0.378787 -0.924413 0.0445034 0.15861 -0.928534 0.33566 -0.221105 -0.723575 0.653875 
-0.612803 0.506414 0.606644 0.666019 -0.294887 -0.685172 -0.729638 -0.0366874 0.682848 
0.638238 -0.654994 -0.404518 -0.611021 -0.536185 0.582373 -0.211611 -0.911102 0.353714 
-0.0856142 -0.940025 0.330187 0.53225 0.4657 -0.706989 0.0877494 0.813186 -0.57535 
-0.478882 0.840423 0.253696 -0.744357 0.305654 0.593724 0.601781 0.00231395 -0.798657 
0.690804 0.286703 -0.66377 0.72659 -0.126136 -0.675394 -0.742672 -0.220261 0.632395 
0.65481 -0.482362 -0.581851 0.517811 -0.787166 -0.335025 -0.373559 -0.850209 0.370943 
-0.402482 -0.737799 0.541905 -0.657462 -0.440101 0.6116 -0.58643 -0.639936 0.49657 
0.185426 -0.98217 -0.0309645 -0.260114 0.842485 -0.471762 -0.166269 0.950396 -0.262873 
0.258685 0.87062 -0.418452 -0.422353 0.905094 0.0492259 0.498245 0.780545 -0.377494 
-0.543495 0.839114 -0.0223784 0.844074 -0.206872 -0.494716 0.913328 0.121098 -0.388803 
0.904316 -0.357303 -0.233552 -0.715509 -0.156866 0.680764 -0.769885 0.045892 0.63653 
0.675895 -0.7144 -0.181102 0.355858 -0.930902 0.0823845 -0.229782 -0.814623 0.532531 
-0.494338 -0.4994 0.711498 0.0964285 0.988433 -0.117053 0.794979 0.543447 -0.26958 
-0.759162 0.568579 0.316844 -0.735399 -0.539676 0.409802 0.568261 -0.810744 0.140619 
0.14977 -0.956106 0.251855 -0.383708 -0.872004 0.303936 0.0397555 0.971279 0.2346 
-0.87833 0.431181 0.206445 0.964729 0.173874 -0.197649 -0.872274 0.00565703 0.488985 
0.920829 -0.389022 -0.0271248 0.147341 -0.962965 0.225806 0.595566 0.79583 -0.109345 
0.505304 0.862871 -0.010998 -0.48054 0.871794 0.0951626 -0.978892 -0.134594 0.153804 
0.812679 -0.546183 -0.203069 -0.543997 -0.821185 0.172402 -0.947089 -0.293776 0.1293 
0.300135 -0.953867 -0.00755558 -0.0742868 -0.955046 0.286998 -0.874181 0.221606 0.432086 
0.940365 0.128525 -0.314951 -0.992947 -0.0526518 0.106226 -0.334884 -0.942164 0.0133955 
0.422886 0.895044 0.141648 0.690091 0.716827 -0.0996606 -0.504732 0.830945 0.234042 
0.214109 0.970906 0.107237 -0.253382 0.921273 0.29505 -0.706934 0.563749 0.427119 
-0.669069 0.685302 0.287589 -0.79919 0.51091 -0.316647 -0.783484 -0.57914 -0.225277 
-0.962222 -0.109881 0.249107 0.734714 -0.527596 -0.426424 -0.55785 -0.805428 0.200222 
-0.434192 -0.62224 0.651379 0.169881 -0.935398 -0.310114 -0.150505 0.913875 0.377067 
-0.450029 0.757711 0.472597 0.886988 0.385593 -0.254108 0.74485 0.663029 0.0747699 
0.964241 0.20706 -0.165425 -0.615017 0.397796 0.680817 -0.686108 -0.0886688 0.722076 
0.883329 -0.196685 -0.425494 0.917611 -0.337212 -0.210425 -0.77781 -0.589976 0.216657 
0.639672 -0.652116 -0.406895 -0.0871868 -0.793573 -0.602196 -0.539894 -0.814845 -0.21105 
0.416254 0.879305 0.231419 0.655387 0.748588 0.100415 0.970698 0.224504 -0.0856996 
0.172218 0.92695 0.333323 -0.881751 0.236076 0.408391 -0.94498 -0.326157 -0.0251891 
0.922029 0.384896 -0.0414322 0.116723 0.977345 0.17656 -0.927074 0.363759 0.0906315 
0.90701 0.401186 0.12799 0.984275 -0.150133 -0.0930799 -0.971087 -0.0660395 -0.229409 
0.136521 -0.825946 -0.546969 0.481324 -0.852275 -0.204827 -0.356765 -0.753062 -0.552826 
-0.722763 -0.477706 -0.499411 0.000182817 -0.986722 -0.162417 -0.471031 0.880133 0.05913 
0.780622 0.521291 0.344796 0.991204 0.0960886 0.0910047 0.798335 -0.592969 -0.105118 
0.902876 -0.427504 -0.0453237 -0.646533 -0.762885 0.00113879 -0.857053 -0.431449 -0.281625 
0.429065 -0.9024 0.0397164 -0.155864 -0.986397 0.052229 -0.257587 0.814165 0.520369 
0.433066 0.799363 0.4165 -0.595159 0.792005 0.136062 0.585724 0.634516 0.504299 
0.955096 0.218415 0.200218 -0.685098 0.642894 0.342533 -0.960084 0.248058 0.129251 
0.954253 -0.29422 -0.0532591 0.635773 -0.771847 -0.00669163 0.237529 0.782052 0.576173 
0.685456 0.503276 0.526177 0.873158 0.399764 0.278898 -0.00514629 0.812396 0.583083 
0.971355 -0.146991 0.186719 -0.918298 -0.393031 -0.0474858 0.1408 -0.988546 -0.0543341 
-0.41053 -0.908781 -0.0747094 0.822383 0.278316 0.496211 0.294623 0.870281 0.394726 
-0.468335 0.825476 0.315041 -0.90362 0.427826 -0.0208585 0.808995 -0.445751 0.383188 
0.855194 -0.210791 0.473508 -0.787085 -0.244011 -0.56653 0.46906 -0.877521 0.099702 
-0.128472 -0.913432 -0.386182 0.364908 0.882958 0.295341 0.793826 0.459781 0.398048 
-0.256407 0.959928 0.113107 -0.651705 0.730917 -0.202585 0.939107 -0.248444 0.237389 
-0.743981 0.506248 -0.436126 -0.817225 0.0245465 -0.575795 -0.937062 0.163173 -0.30869 
0.570352 -0.793698 -0.211524 0.320227 -0.881754 -0.346359 -0.520109 -0.582485 -0.624659 
-0.705791 -0.394158 -0.588641 -0.0792117 -0.827611 -0.555685 0.665202 0.597929 0.4472 
0.00575262 0.878093 0.478455 -0.0602558 0.98484 0.162665 -0.441947 0.868546 0.224299 
0.682593 0.371296 0.629449 0.900849 0.115936 0.418366 -0.671984 0.740061 0.0273356 
-0.919061 0.379494 -0.106353 0.749253 -0.6622 -0.0105689 0.868676 -0.401838 0.289702 
-0.863465 -0.202659 -0.461906 0.536909 -0.836681 -0.108141 0.333239 -0.790821 -0.513375 
-0.367478 -0.60555 -0.705882 0.6438 0.409182 0.646599 -0.013103 0.826247 0.563156 
-0.890065 0.454215 -0.0383911 0.811817 -0.569406 0.129345 0.907218 -0.177618 0.381322 
-0.887081 0.222456 -0.404475 0.810196 -0.569311 -0.139523 0.550241 -0.667626 -0.501508 
-0.101969 -0.633261 -0.767192 -0.577276 -0.3086 -0.755988 -0.0841177 -0.605663 -0.791263 
0.564436 0.625689 0.538446 -0.286999 0.85244 0.43701 -0.72764 0.675899 0.117046 
0.625538 0.57857 0.523411 0.963287 0.0894723 0.253127 -0.724508 0.649381 -0.23107 
-0.734422 0.142987 -0.66346 -0.74995 0.477078 -0.458225 0.97758 -0.153811 0.143805 
-0.468644 -0.186892 -0.863391 -0.721151 0.179752 -0.669052 0.217142 -0.558127 -0.800839 
0.529216 -0.607504 -0.592342 -0.104712 -0.507136 -0.855481 0.82289 0.323562 0.467075 
0.461879 0.604676 0.648872 -0.184213 0.907744 0.376917 -0.553711 0.824069 -0.119644 
-0.731715 0.626895 -0.267573 -0.894904 0.395052 -0.20756 0.863532 -0.50423 -0.00806364 
-0.700134 -0.0958193 -0.707553 -0.922568 0.0823173 -0.376951 0.0431788 -0.654034 -0.755232 
0.430272 -0.783499 -0.448325 -0.324883 -0.529288 -0.783776 -0.6487 -0.31447 -0.693034 
0.145833 -0.848415 -0.508846 0.241151 0.800964 0.547999 0.0101689 0.784225 0.620393 
-0.344765 0.921349 0.179591 -0.607032 0.781883 0.142026 0.890329 -0.310708 0.332828 
0.822989 0.0654198 0.564277 0.459213 0.556122 0.692713 -0.736926 0.635759 0.229676 
-0.882432 0.426541 0.198436 0.914109 -0.256052 0.31439 -0.979321 0.199007 0.0364204 
0.693508 -0.694364 -0.19211 0.793035 -0.556482 0.24784 -0.328844 -0.46462 -0.822186 
-0.886843 0.0421208 -0.460147 0.305629 -0.702785 -0.642405 0.733569 -0.667056 -0.130049 
-0.0367025 -0.530489 -0.846897 -0.420447 -0.206264 -0.88356 0.385559 -0.704174 -0.596224 
0.0760697 -0.606005 -0.791815 -0.345628 0.753967 0.558638 0.594398 0.301833 0.745378 
-0.217857 0.660657 0.71838 -0.571643 0.624414 0.53229 -0.287532 0.489586 0.823183 
0.377531 0.22104 0.899229 -0.809313 0.371417 0.455041 0.775126 -0.253844 0.578569 
-0.78134 0.620379 0.0680929 -0.8174 0.284968 -0.50065 -0.872024 0.488588 0.029268 
0.894568 -0.438201 0.0879056 -0.736123 0.00863337 -0.676792 -0.922931 0.193013 -0.333082 
0.612478 -0.689167 -0.387195 0.252383 -0.561814 -0.787824 0.603041 -0.678005 -0.420297 
-0.20728 -0.490965 -0.846161 0.0496065 0.387509 0.92053 0.315999 0.265236 0.910931 
0.830309 0.0113383 0.557188 -0.270459 0.623728 0.733359 -0.538983 0.719989 0.437165 
-0.653053 0.661677 0.368382 0.847697 -0.242159 0.471984 -0.67716 0.711671 0.187025 
0.838915 -0.537898 0.0829866 0.917687 -0.36812 0.149459 -0.450506 -0.294295 -0.842873 
-0.802981 0.346181 -0.48516 -0.651263 0.0474548 -0.757367 -0.833456 0.392034 -0.389436 
0.780406 -0.492466 -0.385284 -0.0368973 -0.45255 -0.890975 -0.749145 -0.263882 -0.607576 
-0.747963 0.0215335 -0.663391 0.367551 -0.589361 -0.719416 0.00524151 -0.57446 -0.818516 
0.592672 0.132271 0.794509 0.333677 0.452329 0.827078 -0.219811 0.593916 0.773916 
0.752712 -0.101201 0.650525 0.770642 0.192802 0.607403 0.297938 0.593053 0.748012 
0.955658 -0.0853805 0.281828 -0.811485 0.57615 -0.0976877 0.915909 -0.396169 -0.0645071 
-0.840842 0.290641 -0.456632 -0.876606 0.361159 -0.318002 0.608456 -0.621395 -0.493609 
0.259906 -0.665433 -0.699749 0.605901 -0.768649 -0.205093 0.00125424 -0.688333 -0.725394 
0.614401 0.359407 0.70238 0.0800573 0.56736 0.819569 0.404241 0.0436483 0.913611 
0.137467 0.391047 0.910047 -0.443352 0.746278 0.496497 0.811765 -0.192886 0.55121 
-0.742703 0.638178 0.202784 0.807467 -0.542111 0.232621 0.630923 -0.597989 0.494313 
-0.866983 0.23811 -0.437772 -0.855365 -0.0605303 -0.514477 0.519364 -0.853485 0.0427244 
0.461424 -0.830614 -0.311717 0.643752 -0.671852 0.36633 -0.108887 -0.571206 -0.813552 
-0.494691 -0.51157 -0.70255 0.108495 -0.713376 -0.692332 0.463266 -0.230159 0.855811 
0.326459 -0.0825989 0.941595 -0.276592 0.437182 0.855785 -0.675121 0.521666 0.52161 
0.475343 -0.378286 0.794323 -0.950813 0.309549 -0.0116031 -0.531434 0.229746 0.815349 
0.445502 -0.247901 0.860275 -0.930375 -0.0227008 0.365905 -0.94381 -0.242148 0.224916 
0.378466 -0.918456 -0.114902 0.392565 -0.459931 0.796465 -0.424567 -0.823324 -0.37667 
-0.88504 -0.464982 -0.0222718 -0.0789675 -0.784959 0.614495 -0.602798 -0.516484 0.608176 
0.151508 -0.0138797 0.988358 -0.123256 0.148824 0.981152 0.275129 -0.188932 0.94266 

